temperature_2m,relative_humidity_2m,dew_point_2m,surface_pressure,pressure_msl,cloud_cover,cloud_cover_low,cloud_cover_mid,cloud_cover_high,wind_speed_10m,wind_direction_10m,wind_gusts_10m,precipitation,cape,lifted_index,convective_inhibition,temperature_850hPa,temperature_500hPa,wind_speed_850hPa,wind_direction_850hPa,wind_speed_500hPa,wind_direction_500hPa,relative_humidity_700hPa,time
26.2,75,21.5,1007.1,1008.2,18,18,1,0,5.0,199,10.1,0.0,300.0,1.1,0.0,17.6,-3.5,16.6,127,21.0,121,62,2025-04-01 00:00:00+00:00
25.0,90,23.2,1007.7,1008.9,21,8,14,0,8.3,268,16.6,0.2,270.0,1.0,0.0,17.5,-3.7,16.7,125,23.7,120,53,2025-04-01 01:00:00+00:00
27.2,70,21.2,1008.6,1009.7,35,11,31,0,3.1,257,15.8,0.0,290.0,0.4,-2.0,17.3,-3.7,18.0,126,25.8,118,38,2025-04-01 02:00:00+00:00
29.2,59,20.4,1009.5,1010.6,23,18,10,0,5.3,172,17.6,0.0,230.0,0.2,0.0,17.3,-3.7,18.2,127,26.3,114,50,2025-04-01 03:00:00+00:00
30.8,53,20.0,1009.8,1010.9,11,7,4,0,8.1,152,25.2,0.0,30.0,0.2,-1.0,17.3,-3.7,16.5,132,27.4,113,34,2025-04-01 04:00:00+00:00
32.0,47,19.3,1009.7,1010.8,17,3,3,12,10.6,136,31.0,0.0,30.0,0.2,-37.0,17.5,-4.0,14.8,137,29.0,114,29,2025-04-01 05:00:00+00:00
32.7,44,18.9,1009.4,1010.5,20,3,3,17,13.6,129,37.8,0.0,270.0,0.1,-23.0,17.9,-4.0,12.8,153,28.4,118,21,2025-04-01 06:00:00+00:00
32.8,42,18.3,1008.5,1009.6,26,2,4,23,15.0,130,41.0,0.0,300.0,-0.1,-19.0,18.3,-4.2,11.3,159,28.4,118,24,2025-04-01 07:00:00+00:00
32.8,43,18.7,1007.3,1008.4,17,0,1,17,15.5,128,42.1,0.0,200.0,-0.4,-9.0,18.9,-4.2,9.8,167,27.0,122,17,2025-04-01 08:00:00+00:00
32.4,45,19.1,1006.4,1007.5,28,0,0,28,15.4,127,42.5,0.0,130.0,-0.8,-43.0,19.4,-4.4,7.9,170,25.0,125,12,2025-04-01 09:00:00+00:00
31.8,48,19.3,1005.8,1006.9,29,0,0,29,15.1,130,41.8,0.0,230.0,-0.4,-31.0,19.7,-4.4,8.1,164,24.7,129,10,2025-04-01 10:00:00+00:00
30.9,51,19.6,1005.4,1006.5,19,0,0,19,15.4,133,40.0,0.0,420.0,0.1,0.0,19.7,-4.7,9.0,150,23.8,131,21,2025-04-01 11:00:00+00:00
29.8,57,20.5,1005.7,1006.8,35,0,0,35,15.1,135,39.2,0.0,730.0,-0.1,0.0,20.2,-4.7,9.6,149,23.8,131,13,2025-04-01 12:00:00+00:00
29.0,66,22.0,1006.4,1007.5,14,0,2,12,13.5,135,33.8,0.0,920.0,-0.6,-76.0,20.2,-4.7,12.6,136,23.8,131,12,2025-04-01 13:00:00+00:00
28.9,66,21.8,1007.2,1008.3,15,0,0,15,13.1,134,31.7,0.0,1090.0,-0.9,-66.0,20.0,-4.7,15.1,136,23.8,135,12,2025-04-01 14:00:00+00:00
28.7,68,22.2,1007.9,1009.0,20,0,0,20,12.7,136,30.2,0.0,1210.0,-1.3,-70.0,19.7,-4.7,18.0,135,23.8,135,27,2025-04-01 15:00:00+00:00
28.5,70,22.5,1008.6,1009.7,17,0,0,17,11.5,135,28.4,0.0,1200.0,-1.8,-53.0,19.3,-4.9,21.0,138,22.9,137,34,2025-04-01 16:00:00+00:00
28.4,72,22.8,1008.8,1009.9,2,1,0,0,11.6,133,24.5,0.0,1150.0,-2.1,-44.0,18.9,-4.9,23.6,140,23.8,139,36,2025-04-01 17:00:00+00:00
28.2,72,22.7,1008.6,1009.7,5,5,0,0,11.1,137,24.5,0.0,1240.0,-2.3,-23.0,18.8,-4.4,22.3,149,21.6,146,38,2025-04-01 18:00:00+00:00
28.1,73,22.8,1008.3,1009.4,19,19,0,0,10.6,146,23.4,0.0,1190.0,-2.1,-9.0,18.7,-4.4,22.9,149,22.0,151,34,2025-04-01 19:00:00+00:00
28.1,72,22.6,1007.6,1008.7,19,19,0,0,11.2,148,23.4,0.0,1130.0,-2.1,-3.0,18.6,-4.4,23.3,149,21.5,153,32,2025-04-01 20:00:00+00:00
28.0,71,22.4,1007.1,1008.2,19,19,0,0,10.5,153,23.8,0.0,1110.0,-2.3,-2.0,18.5,-4.4,22.7,150,21.5,153,31,2025-04-01 21:00:00+00:00
27.8,72,22.3,1006.7,1007.8,31,31,0,0,8.5,156,22.0,0.0,1140.0,-2.7,-2.0,18.5,-4.4,21.6,150,21.5,153,31,2025-04-01 22:00:00+00:00
27.6,73,22.3,1006.6,1007.7,27,27,0,0,6.7,164,17.6,0.0,1180.0,-2.6,-3.0,18.9,-4.7,21.4,146,21.0,156,34,2025-04-01 23:00:00+00:00
27.2,74,22.3,1007.1,1008.2,32,32,0,0,4.6,191,13.7,0.0,870.0,-2.0,-34.0,19.3,-4.4,20.0,156,24.1,153,50,2025-04-02 00:00:00+00:00
27.8,78,23.7,1008.1,1009.2,31,30,1,1,5.5,191,11.2,0.2,750.0,-1.8,-35.0,19.2,-4.4,20.6,155,25.8,152,59,2025-04-02 01:00:00+00:00
28.8,73,23.6,1009.0,1010.1,31,19,27,0,4.9,172,14.4,0.1,700.0,-2.3,-13.0,19.3,-4.7,20.0,156,27.4,151,63,2025-04-02 02:00:00+00:00
30.0,67,23.1,1009.9,1011.0,34,16,21,0,9.0,160,24.8,0.2,470.0,-2.4,-10.0,18.8,-4.7,18.4,157,29.6,148,58,2025-04-02 03:00:00+00:00
31.3,60,22.6,1010.3,1011.4,19,14,14,0,10.3,147,28.8,0.2,320.0,-2.3,-27.0,18.3,-4.7,15.3,163,30.3,146,58,2025-04-02 04:00:00+00:00
32.3,55,22.2,1010.0,1011.1,16,16,2,0,12.7,137,34.9,0.1,290.0,-2.4,-30.0,18.5,-4.9,13.7,176,31.3,148,57,2025-04-02 05:00:00+00:00
32.7,52,21.7,1009.6,1010.7,13,10,5,0,15.2,133,40.7,0.0,580.0,-2.6,-16.0,18.0,-4.9,11.4,175,27.6,146,61,2025-04-02 06:00:00+00:00
32.9,51,21.5,1008.7,1009.8,15,1,2,13,15.5,132,42.8,0.0,690.0,-2.5,-34.0,18.8,-5.1,12.3,184,28.0,149,62,2025-04-02 07:00:00+00:00
32.8,53,22.0,1007.4,1008.5,12,2,2,9,14.3,126,42.5,0.0,630.0,-2.8,-36.0,20.0,-5.1,13.9,191,25.8,152,63,2025-04-02 08:00:00+00:00
32.7,54,22.1,1006.6,1007.7,3,0,0,3,14.0,123,39.6,0.0,520.0,-2.8,-30.0,20.5,-4.9,13.0,190,23.6,156,62,2025-04-02 09:00:00+00:00
32.3,54,22.0,1006.2,1007.3,10,0,0,10,14.3,119,38.5,0.0,1010.0,-3.0,-53.0,20.6,-4.9,11.5,187,21.0,156,61,2025-04-02 10:00:00+00:00
31.3,61,22.7,1006.1,1007.2,17,0,0,17,14.7,116,38.5,0.0,1370.0,-2.5,-62.0,20.6,-4.9,11.0,173,19.4,158,59,2025-04-02 11:00:00+00:00
30.4,64,22.9,1006.5,1007.6,1,1,0,0,14.8,114,38.2,0.0,1790.0,-2.8,-52.0,20.5,-5.1,11.0,173,22.1,158,51,2025-04-02 12:00:00+00:00
29.7,73,24.4,1007.4,1008.5,55,10,8,46,14.1,107,33.8,0.0,2030.0,-3.9,-37.0,20.3,-5.1,11.3,159,20.5,159,49,2025-04-02 13:00:00+00:00
29.5,74,24.3,1008.4,1009.5,99,11,97,64,14.5,112,34.2,0.0,2100.0,-5.2,-16.0,20.0,-5.1,11.4,151,20.5,159,46,2025-04-02 14:00:00+00:00
29.4,74,24.3,1009.1,1010.2,92,8,81,54,13.0,117,33.8,0.0,2040.0,-5.4,-4.0,20.0,-5.1,12.1,146,19.0,162,46,2025-04-02 15:00:00+00:00
29.3,75,24.3,1009.9,1011.0,95,14,80,71,13.4,123,31.0,0.0,2240.0,-5.7,-3.0,20.0,-5.1,13.7,143,17.8,160,44,2025-04-02 16:00:00+00:00
29.2,74,24.2,1010.2,1011.3,100,14,9,100,12.5,126,31.0,0.0,2180.0,-5.8,-2.0,19.9,-5.1,13.9,142,18.3,157,43,2025-04-02 17:00:00+00:00
29.0,74,24.0,1010.0,1011.1,76,15,28,61,10.5,129,28.4,0.0,2030.0,-5.3,0.0,19.8,-5.1,11.6,149,19.5,169,44,2025-04-02 18:00:00+00:00
28.9,74,23.9,1009.6,1010.7,17,8,4,6,9.6,124,22.7,0.0,1860.0,-5.0,-1.0,19.6,-5.1,10.7,140,21.0,167,51,2025-04-02 19:00:00+00:00
28.7,75,23.8,1009.1,1010.2,94,14,17,91,9.4,132,20.5,0.0,1840.0,-4.6,-1.0,19.4,-5.1,9.4,137,20.5,173,57,2025-04-02 20:00:00+00:00
28.5,74,23.5,1008.8,1009.9,98,12,7,97,10.4,144,22.0,0.0,1840.0,-4.3,-4.0,19.3,-5.4,9.2,123,20.4,177,64,2025-04-02 21:00:00+00:00
27.7,79,23.8,1008.8,1009.9,100,36,26,100,10.8,165,25.9,0.0,1740.0,-4.5,-9.0,19.2,-5.6,9.8,112,19.2,176,64,2025-04-02 22:00:00+00:00
26.7,84,23.8,1008.6,1009.7,100,9,12,100,10.3,187,24.5,0.0,1690.0,-4.0,-18.0,18.9,-5.8,10.6,97,20.7,170,64,2025-04-02 23:00:00+00:00
26.2,86,23.6,1009.3,1010.5,100,3,6,100,8.4,200,23.8,0.0,1680.0,-4.2,-6.0,18.7,-5.8,11.0,120,18.2,172,63,2025-04-03 00:00:00+00:00
26.1,86,23.5,1010.2,1011.4,99,3,5,99,9.7,176,25.2,0.0,1520.0,-4.3,-4.0,18.7,-6.1,10.6,115,19.5,169,63,2025-04-03 01:00:00+00:00
26.7,81,23.3,1011.2,1012.4,100,0,29,100,9.1,195,23.4,0.0,1540.0,-4.7,0.0,18.7,-6.1,11.3,111,20.1,163,64,2025-04-03 02:00:00+00:00
28.2,74,23.1,1012.1,1013.2,100,0,40,100,7.9,184,23.0,0.0,1530.0,-4.6,0.0,18.8,-5.8,11.4,106,22.8,162,64,2025-04-03 03:00:00+00:00
29.6,68,23.1,1012.7,1013.8,100,3,22,100,8.8,182,25.9,0.0,1580.0,-4.5,-1.0,19.2,-5.8,12.0,99,23.2,159,64,2025-04-03 04:00:00+00:00
31.3,61,22.9,1012.3,1013.4,100,6,2,100,8.9,174,28.4,0.0,1550.0,-4.4,-1.0,19.3,-5.6,12.4,98,23.2,159,64,2025-04-03 05:00:00+00:00
32.0,59,22.9,1011.7,1012.8,100,5,0,100,10.1,153,31.0,0.0,1960.0,-4.2,0.0,19.2,-5.4,14.7,83,14.0,160,68,2025-04-03 06:00:00+00:00
32.4,58,22.9,1010.5,1011.6,100,7,4,100,12.7,136,35.6,0.0,1780.0,-3.7,-1.0,19.2,-5.4,12.8,84,13.7,165,67,2025-04-03 07:00:00+00:00
31.9,59,23.0,1009.5,1010.6,100,4,2,100,14.9,135,40.7,0.0,1820.0,-3.8,-2.0,19.2,-5.4,12.0,81,11.1,167,67,2025-04-03 08:00:00+00:00
31.6,61,23.2,1008.6,1009.7,100,0,2,100,14.1,129,40.3,0.0,1690.0,-3.9,-7.0,19.6,-5.1,12.6,77,9.6,180,69,2025-04-03 09:00:00+00:00
31.1,64,23.5,1007.8,1008.9,33,0,1,32,14.6,130,39.2,0.0,1940.0,-3.8,-23.0,19.7,-5.1,14.8,72,8.5,188,69,2025-04-03 10:00:00+00:00
30.3,68,23.7,1007.3,1008.4,100,0,0,100,14.0,128,39.6,0.0,1990.0,-3.7,-40.0,19.7,-4.9,17.0,74,7.6,198,68,2025-04-03 11:00:00+00:00
29.3,73,24.0,1007.9,1009.0,100,0,0,100,13.5,132,36.4,0.0,1950.0,-3.6,-40.0,19.6,-4.9,16.5,95,6.1,191,68,2025-04-03 12:00:00+00:00
28.9,78,24.8,1008.6,1009.7,100,4,68,100,10.0,163,26.3,0.0,1880.0,-3.5,-44.0,19.4,-4.7,19.0,100,4.9,194,66,2025-04-03 13:00:00+00:00
28.8,80,25.0,1009.8,1010.9,100,1,70,100,8.7,166,24.5,0.0,1720.0,-3.7,-45.0,19.3,-4.9,18.3,104,3.8,198,64,2025-04-03 14:00:00+00:00
28.6,81,25.1,1010.7,1011.8,100,1,100,100,7.7,171,21.2,0.0,1740.0,-3.3,-44.0,19.3,-5.1,18.5,106,3.4,225,63,2025-04-03 15:00:00+00:00
28.4,82,25.1,1011.1,1012.2,100,4,99,100,6.6,167,18.7,0.0,1780.0,-4.0,-29.0,19.2,-5.4,17.7,108,3.8,198,64,2025-04-03 16:00:00+00:00
28.1,83,25.0,1011.2,1012.3,100,2,94,99,6.3,175,16.2,0.0,1760.0,-4.2,-13.0,19.1,-5.4,16.9,109,4.8,180,64,2025-04-03 17:00:00+00:00
27.8,85,25.1,1010.9,1012.0,100,0,100,100,6.5,185,15.8,0.0,1830.0,-4.2,-11.0,19.2,-5.8,13.7,96,5.4,153,62,2025-04-03 18:00:00+00:00
27.7,86,25.1,1010.5,1011.6,100,0,99,100,5.2,192,15.1,0.0,1770.0,-4.4,-19.0,19.1,-6.1,12.1,101,4.3,146,63,2025-04-03 19:00:00+00:00
27.5,88,25.2,1010.0,1011.1,100,3,92,100,3.9,227,11.9,0.0,1690.0,-3.9,-13.0,18.8,-6.1,9.8,103,5.1,135,64,2025-04-03 20:00:00+00:00
27.2,89,25.2,1009.6,1010.7,100,4,97,100,5.6,245,12.2,0.0,1520.0,-3.6,-26.0,18.7,-5.8,8.6,108,6.0,127,66,2025-04-03 21:00:00+00:00
27.0,89,25.1,1009.1,1010.2,100,4,99,100,5.3,246,13.0,0.0,1350.0,-3.6,-30.0,18.7,-5.4,8.1,106,6.0,127,64,2025-04-03 22:00:00+00:00
26.9,90,25.0,1009.2,1010.3,99,2,25,99,4.8,241,11.9,0.0,1230.0,-3.4,-53.0,18.6,-4.9,6.9,98,6.8,135,63,2025-04-03 23:00:00+00:00
26.7,91,25.1,1009.8,1011.0,8,1,7,1,3.9,254,10.4,0.0,820.0,-2.8,-81.0,18.5,-6.3,6.3,60,4.8,180,64,2025-04-04 00:00:00+00:00
27.7,87,25.2,1011.0,1012.1,83,29,55,47,2.8,333,9.0,0.4,780.0,-2.1,-96.0,18.3,-5.8,7.8,40,7.2,180,64,2025-04-04 01:00:00+00:00
27.3,87,24.9,1011.6,1012.8,94,17,55,84,6.9,70,17.6,0.5,730.0,-1.7,-92.0,18.2,-5.6,9.6,31,9.6,180,64,2025-04-04 02:00:00+00:00
26.4,85,23.7,1012.9,1014.1,100,2,52,100,9.4,35,25.2,6.1,780.0,-1.9,-51.0,18.2,-5.1,11.0,30,9.7,187,67,2025-04-04 03:00:00+00:00
27.6,78,23.5,1012.9,1014.1,87,53,10,69,10.0,23,30.6,0.1,610.0,-2.0,-36.0,18.2,-4.9,10.9,33,10.3,201,69,2025-04-04 04:00:00+00:00
29.4,72,23.9,1012.3,1013.4,43,3,9,35,9.1,36,28.1,0.1,690.0,-2.1,-8.0,18.3,-4.9,10.4,38,10.7,207,70,2025-04-04 05:00:00+00:00
30.3,68,23.8,1011.5,1012.6,79,6,3,77,10.9,66,30.6,0.0,840.0,-2.1,-10.0,18.8,-4.9,10.6,10,7.7,219,72,2025-04-04 06:00:00+00:00
30.3,68,23.9,1010.8,1011.9,66,4,7,62,12.8,75,34.6,0.1,910.0,-2.2,-12.0,18.9,-4.7,11.5,7,9.7,240,74,2025-04-04 07:00:00+00:00
29.5,72,24.0,1009.6,1010.7,98,0,9,98,13.2,80,36.4,0.0,1230.0,-2.4,-4.0,19.1,-4.7,11.6,11,10.3,249,74,2025-04-04 08:00:00+00:00
29.8,71,24.1,1008.4,1009.5,92,0,6,91,12.9,78,35.3,0.0,900.0,-2.4,-22.0,19.3,-4.9,11.6,31,12.2,259,71,2025-04-04 09:00:00+00:00
29.4,73,24.0,1007.3,1008.4,99,0,14,99,12.3,80,34.2,0.0,1030.0,-2.9,-41.0,19.7,-4.9,13.3,38,13.3,265,68,2025-04-04 10:00:00+00:00
28.9,74,23.9,1007.3,1008.4,55,0,22,49,10.8,91,32.0,0.0,1190.0,-3.1,-46.0,19.8,-4.9,14.8,45,12.0,270,67,2025-04-04 11:00:00+00:00
28.5,77,24.0,1007.9,1009.0,74,0,31,64,9.0,95,27.4,0.0,1830.0,-3.8,-47.0,20.5,-4.4,14.4,35,12.0,270,66,2025-04-04 12:00:00+00:00
29.7,72,24.0,1007.8,1008.9,12,4,7,1,11.1,81,30.2,0.0,2160.0,-4.2,-35.0,20.5,-4.7,15.5,40,10.9,276,63,2025-04-04 13:00:00+00:00
29.4,74,24.2,1008.9,1010.0,26,17,8,3,10.8,87,26.6,0.0,1920.0,-4.4,-23.0,20.6,-4.4,16.1,43,9.6,270,61,2025-04-04 14:00:00+00:00
29.3,74,24.2,1010.0,1011.1,15,5,10,1,10.6,94,26.3,0.0,2000.0,-4.5,-19.0,20.6,-4.7,15.5,45,8.4,270,60,2025-04-04 15:00:00+00:00
29.2,74,24.0,1010.9,1012.0,15,11,5,0,8.1,107,24.5,0.0,2020.0,-4.6,-15.0,20.5,-4.7,14.5,46,7.2,270,58,2025-04-04 16:00:00+00:00
28.9,75,24.0,1010.9,1012.0,11,9,1,1,7.1,114,18.7,0.0,2030.0,-4.8,-21.0,20.3,-4.9,13.9,49,7.3,279,57,2025-04-04 17:00:00+00:00
28.6,77,24.2,1010.0,1011.1,12,5,6,3,6.2,107,16.6,0.0,1950.0,-4.7,-17.0,19.8,-5.1,13.5,42,9.7,300,59,2025-04-04 18:00:00+00:00
28.5,77,24.1,1009.6,1010.7,25,15,4,8,4.8,127,13.0,0.0,2020.0,-4.7,-11.0,19.4,-5.1,11.6,48,9.7,300,61,2025-04-04 19:00:00+00:00
28.3,77,23.9,1009.3,1010.4,14,8,4,3,3.9,146,10.1,0.0,1990.0,-4.8,-9.0,19.2,-4.9,11.3,50,10.3,306,63,2025-04-04 20:00:00+00:00
28.0,78,23.8,1008.8,1009.9,89,20,0,87,3.1,167,8.3,0.1,1930.0,-4.5,-9.0,19.2,-4.9,11.4,53,11.1,311,61,2025-04-04 21:00:00+00:00
27.5,80,23.7,1008.4,1009.5,100,17,15,100,3.4,174,6.8,0.1,1810.0,-4.2,-10.0,19.1,-4.4,11.3,58,10.2,315,62,2025-04-04 22:00:00+00:00
27.2,81,23.7,1008.5,1009.6,54,21,16,31,2.4,189,7.9,0.1,1690.0,-4.2,-11.0,19.1,-4.4,12.0,61,10.3,324,66,2025-04-04 23:00:00+00:00
26.5,85,23.8,1008.9,1010.1,55,41,25,0,3.2,128,6.5,0.2,1400.0,-4.1,-2.0,18.3,-4.7,10.6,80,10.3,324,66,2025-04-05 00:00:00+00:00
24.8,94,23.8,1010.3,1011.5,99,79,71,92,6.6,167,19.4,2.0,1490.0,-4.1,-3.0,18.5,-4.4,11.7,77,8.7,326,63,2025-04-05 01:00:00+00:00
25.5,90,23.7,1010.4,1011.6,99,14,11,99,3.6,174,14.8,0.3,1520.0,-4.4,-7.0,18.6,-4.4,12.6,77,8.7,326,67,2025-04-05 02:00:00+00:00
26.0,82,22.7,1011.5,1012.7,98,65,58,86,5.8,286,18.4,0.1,1360.0,-3.7,-15.0,18.7,-4.4,12.8,73,7.0,329,66,2025-04-05 03:00:00+00:00
28.4,70,22.3,1011.5,1012.6,29,10,11,15,1.7,257,19.4,0.0,890.0,-2.8,-20.0,18.5,-4.4,10.5,72,7.0,329,68,2025-04-05 04:00:00+00:00
31.3,59,22.4,1010.9,1012.0,18,10,7,6,0.5,225,15.1,0.0,920.0,-2.5,-13.0,18.7,-4.7,9.2,63,6.0,323,71,2025-04-05 05:00:00+00:00
32.7,53,21.9,1009.9,1011.0,17,3,2,14,4.0,90,19.4,0.0,1460.0,-3.0,-4.0,19.1,-4.2,6.4,45,8.5,315,73,2025-04-05 06:00:00+00:00
33.2,52,22.0,1008.9,1010.0,38,5,4,33,10.3,96,30.6,0.0,1710.0,-3.1,-7.0,19.2,-4.2,6.1,27,10.3,306,73,2025-04-05 07:00:00+00:00
32.3,56,22.5,1008.0,1009.1,94,0,4,94,12.5,101,36.4,0.0,1660.0,-3.0,-15.0,19.6,-4.4,7.3,360,10.3,306,71,2025-04-05 08:00:00+00:00
32.3,55,22.2,1006.8,1007.9,95,0,4,95,12.3,102,36.0,0.0,1340.0,-3.1,-38.0,19.7,-4.4,8.2,360,10.3,306,71,2025-04-05 09:00:00+00:00
31.2,61,22.8,1006.1,1007.2,86,0,9,85,13.5,99,36.0,0.0,1280.0,-3.0,-57.0,19.8,-4.4,9.2,6,10.3,306,71,2025-04-05 10:00:00+00:00
30.6,64,22.9,1005.7,1006.8,46,1,7,45,12.0,102,36.4,0.0,1400.0,-2.7,-79.0,20.0,-4.4,10.2,10,10.3,306,69,2025-04-05 11:00:00+00:00
29.8,68,23.3,1006.4,1007.5,45,0,12,39,11.2,108,32.0,0.0,1900.0,-3.1,-72.0,20.5,-4.7,11.4,358,10.3,324,61,2025-04-05 12:00:00+00:00
29.6,71,23.7,1007.0,1008.1,88,0,6,87,9.5,112,27.7,0.0,1910.0,-3.5,-70.0,20.6,-4.9,11.1,9,8.7,326,58,2025-04-05 13:00:00+00:00
29.4,72,23.7,1008.0,1009.1,29,0,23,8,8.6,119,23.0,0.0,1970.0,-4.2,-76.0,20.8,-5.1,11.2,12,8.0,333,56,2025-04-05 14:00:00+00:00
29.2,72,23.7,1008.9,1010.0,31,0,30,1,7.8,130,20.9,0.0,2310.0,-4.9,-85.0,20.8,-5.4,11.5,18,7.6,342,54,2025-04-05 15:00:00+00:00
29.0,73,23.7,1009.3,1010.4,7,0,7,0,7.3,132,18.7,0.0,2340.0,-5.7,-83.0,20.8,-5.4,12.3,22,7.6,342,56,2025-04-05 16:00:00+00:00
28.9,75,23.9,1009.4,1010.5,28,0,28,0,5.5,128,16.6,0.0,2240.0,-5.9,-69.0,20.8,-5.4,12.0,18,7.6,342,57,2025-04-05 17:00:00+00:00
28.6,76,24.0,1009.0,1010.1,0,0,0,0,4.2,126,11.5,0.0,1970.0,-5.5,-64.0,20.5,-5.6,15.6,5,7.7,309,57,2025-04-05 18:00:00+00:00
28.1,79,24.2,1008.3,1009.4,0,0,0,0,2.4,126,8.6,0.0,1980.0,-5.7,-59.0,20.5,-5.6,15.1,7,9.7,300,57,2025-04-05 19:00:00+00:00
27.7,83,24.6,1007.8,1008.9,0,0,0,0,2.1,142,5.4,0.0,1970.0,-5.4,-51.0,20.3,-5.6,14.6,4,10.3,291,59,2025-04-05 20:00:00+00:00
27.4,83,24.3,1007.5,1008.6,0,0,0,0,2.2,194,5.0,0.0,1920.0,-4.5,-45.0,20.2,-5.4,15.1,7,12.2,281,60,2025-04-05 21:00:00+00:00
27.2,84,24.2,1007.2,1008.3,0,0,0,0,3.0,237,6.5,0.0,1800.0,-4.4,-43.0,20.0,-5.4,15.2,9,13.3,275,59,2025-04-05 22:00:00+00:00
26.9,85,24.2,1007.0,1008.1,0,0,0,0,4.2,250,8.6,0.0,1710.0,-4.4,-53.0,20.2,-5.1,16.0,15,15.6,270,57,2025-04-05 23:00:00+00:00
26.5,87,24.1,1007.2,1008.3,1,0,0,1,5.5,259,11.2,0.0,1670.0,-3.8,-98.0,20.2,-5.6,12.8,17,20.5,263,56,2025-04-06 00:00:00+00:00
27.4,84,24.4,1008.0,1009.1,1,0,1,0,5.2,258,11.2,0.0,1540.0,-3.5,-124.0,20.3,-5.6,14.3,22,21.7,264,56,2025-04-06 01:00:00+00:00
29.0,75,24.1,1008.9,1010.0,10,0,10,6,5.2,258,15.8,0.0,1550.0,-3.6,-100.0,20.4,-5.6,14.7,26,21.6,267,56,2025-04-06 02:00:00+00:00
30.9,63,23.0,1009.1,1010.2,100,0,98,100,3.7,235,17.6,0.0,1700.0,-3.7,-70.0,20.6,-6.1,15.7,30,21.0,283,54,2025-04-06 03:00:00+00:00
31.8,57,22.1,1009.3,1010.4,97,0,24,96,1.9,202,16.9,0.0,1410.0,-4.0,-64.0,20.6,-6.1,15.3,30,21.0,294,53,2025-04-06 04:00:00+00:00
33.8,48,21.2,1008.8,1009.9,55,0,55,0,3.2,106,17.3,0.0,1150.0,-4.6,-38.0,20.5,-6.1,14.3,31,17.2,295,53,2025-04-06 05:00:00+00:00
34.3,49,22.1,1008.2,1009.3,30,0,24,26,8.8,101,30.6,0.0,1360.0,-5.1,-28.0,20.2,-6.1,13.4,10,18.8,297,53,2025-04-06 06:00:00+00:00
33.9,53,23.0,1007.2,1008.3,82,8,25,74,13.1,105,38.5,0.0,1110.0,-5.0,-35.0,19.8,-6.1,11.4,358,18.8,297,53,2025-04-06 07:00:00+00:00
33.4,52,22.1,1006.3,1007.4,87,5,67,67,13.4,108,39.6,0.1,1740.0,-4.8,-46.0,20.0,-6.1,13.7,345,18.3,293,52,2025-04-06 08:00:00+00:00
33.2,52,21.9,1005.3,1006.4,68,0,28,58,13.8,98,37.4,0.0,2380.0,-4.1,-59.0,21.0,-6.1,20.5,348,19.0,288,53,2025-04-06 09:00:00+00:00
32.0,57,22.4,1004.8,1005.9,31,0,25,14,13.7,93,37.4,0.0,1760.0,-4.2,-71.0,21.6,-5.8,20.6,4,21.3,286,50,2025-04-06 10:00:00+00:00
31.7,58,22.6,1004.5,1005.6,28,0,9,22,12.2,99,36.0,0.0,1860.0,-4.2,-80.0,22.7,-5.6,25.8,8,23.9,288,57,2025-04-06 11:00:00+00:00
30.8,65,23.3,1005.2,1006.3,16,0,8,8,11.4,103,32.4,0.0,2400.0,-4.6,-101.0,22.8,-5.8,28.5,7,23.3,282,58,2025-04-06 12:00:00+00:00
29.9,72,24.4,1005.9,1007.0,50,0,6,47,9.6,98,26.6,0.0,2380.0,-5.5,-107.0,22.7,-5.8,29.1,17,23.9,288,58,2025-04-06 13:00:00+00:00
29.6,75,24.6,1007.0,1008.1,42,0,2,41,10.0,105,24.5,0.0,2520.0,-6.0,-95.0,22.7,-6.3,27.8,30,24.3,290,60,2025-04-06 14:00:00+00:00
29.3,76,24.7,1007.7,1008.8,82,0,12,79,9.6,111,21.2,0.0,2290.0,-6.4,-72.0,22.7,-6.5,27.4,42,24.1,297,58,2025-04-06 15:00:00+00:00
29.1,78,24.9,1008.7,1009.8,96,0,94,41,9.4,113,19.8,0.0,2250.0,-6.9,-58.0,22.4,-6.3,26.1,47,23.1,298,59,2025-04-06 16:00:00+00:00
29.0,78,24.8,1009.3,1010.4,72,0,19,66,7.4,104,19.1,0.0,2180.0,-7.5,-63.0,22.1,-6.3,24.0,51,24.0,307,56,2025-04-06 17:00:00+00:00
28.8,80,25.0,1009.2,1010.3,74,0,1,74,6.1,102,14.8,0.0,2360.0,-6.8,-57.0,21.2,-7.0,14.8,56,24.6,317,59,2025-04-06 18:00:00+00:00
28.4,83,25.2,1009.0,1010.1,98,11,0,98,5.2,110,12.2,0.0,2240.0,-6.6,-44.0,21.0,-7.2,12.9,58,23.8,315,54,2025-04-06 19:00:00+00:00
28.0,86,25.4,1008.2,1009.3,88,20,0,85,3.5,118,10.4,0.0,2060.0,-6.7,-42.0,20.8,-7.0,11.3,58,23.1,309,51,2025-04-06 20:00:00+00:00
27.6,88,25.4,1007.4,1008.5,93,19,0,92,3.2,142,6.8,0.0,1930.0,-6.6,-26.0,20.8,-7.0,11.6,59,23.3,305,49,2025-04-06 21:00:00+00:00
27.4,89,25.4,1007.2,1008.3,65,29,0,51,3.8,169,7.6,0.0,1870.0,-6.4,-30.0,20.6,-6.8,12.2,63,26.3,300,46,2025-04-06 22:00:00+00:00
27.0,91,25.4,1007.1,1008.2,83,17,0,80,3.0,194,7.9,0.0,1850.0,-6.4,-43.0,20.6,-6.5,12.8,63,29.6,302,40,2025-04-06 23:00:00+00:00
26.6,93,25.3,1007.5,1008.6,53,28,0,35,3.1,249,6.5,0.0,1780.0,-5.9,-40.0,20.0,-6.3,10.7,70,36.0,307,31,2025-04-07 00:00:00+00:00
27.7,87,25.3,1008.3,1009.4,23,23,0,1,3.9,208,9.7,0.1,1720.0,-5.6,-38.0,20.4,-6.3,13.2,63,33.4,308,29,2025-04-07 01:00:00+00:00
28.8,80,25.0,1009.0,1010.1,20,20,0,0,3.5,246,13.7,0.1,1780.0,-5.9,-23.0,20.8,-6.3,15.7,60,31.7,307,27,2025-04-07 02:00:00+00:00
30.6,70,24.5,1009.4,1010.5,8,8,0,0,1.3,214,13.7,0.0,1530.0,-6.0,-27.0,21.1,-6.3,18.1,56,32.0,304,27,2025-04-07 03:00:00+00:00
32.6,59,23.4,1009.5,1010.6,8,7,1,0,2.5,94,15.8,0.0,1520.0,-5.4,-27.0,21.2,-6.3,19.6,54,30.7,301,26,2025-04-07 04:00:00+00:00
33.7,53,22.8,1009.0,1010.1,8,8,1,0,7.3,79,24.8,0.0,1420.0,-5.4,-29.0,21.1,-6.1,18.6,54,31.1,298,26,2025-04-07 05:00:00+00:00
33.9,54,23.3,1008.4,1009.5,2,1,1,0,12.6,88,36.0,0.0,1580.0,-5.2,-38.0,21.4,-6.1,17.7,44,23.6,294,32,2025-04-07 06:00:00+00:00
33.5,55,23.3,1007.5,1008.6,2,0,1,1,15.6,98,42.5,0.0,1740.0,-4.8,-49.0,21.6,-6.1,19.5,33,24.3,290,34,2025-04-07 07:00:00+00:00
33.3,53,22.6,1006.5,1007.6,11,0,10,1,15.6,96,42.8,0.0,1940.0,-4.7,-70.0,22.0,-6.3,23.4,27,22.1,283,47,2025-04-07 08:00:00+00:00
32.8,56,22.9,1005.8,1006.9,83,0,8,81,15.7,93,42.5,0.0,1360.0,-4.5,-85.0,22.0,-6.3,26.3,26,24.1,276,59,2025-04-07 09:00:00+00:00
32.0,60,23.3,1005.4,1006.5,85,0,8,83,15.4,95,42.1,0.0,1280.0,-4.5,-97.0,22.8,-6.3,29.8,34,28.8,272,60,2025-04-07 10:00:00+00:00
31.3,64,23.6,1005.4,1006.5,79,0,7,77,13.3,93,40.0,0.0,1640.0,-4.8,-100.0,23.2,-6.3,33.5,45,30.0,272,56,2025-04-07 11:00:00+00:00
30.3,70,24.2,1005.8,1006.9,84,1,7,83,12.1,94,34.6,0.0,2360.0,-5.4,-83.0,23.5,-6.3,34.5,44,31.2,270,52,2025-04-07 12:00:00+00:00
30.0,74,24.7,1006.6,1007.7,90,1,7,89,11.6,95,31.7,0.0,2230.0,-6.0,-59.0,23.8,-6.3,36.3,51,31.2,268,49,2025-04-07 13:00:00+00:00
29.8,75,24.8,1007.5,1008.6,94,1,4,93,10.8,101,27.4,0.0,2950.0,-6.7,-33.0,23.7,-6.3,35.8,56,32.4,270,44,2025-04-07 14:00:00+00:00
29.6,75,24.8,1008.6,1009.7,71,7,4,68,10.6,104,25.6,0.0,3060.0,-7.7,-31.0,23.5,-6.3,36.5,61,31.2,272,38,2025-04-07 15:00:00+00:00
29.4,76,24.8,1009.7,1010.8,76,8,2,73,10.4,107,24.1,0.0,2760.0,-8.4,-55.0,23.2,-6.3,35.3,65,30.0,272,46,2025-04-07 16:00:00+00:00
29.2,78,24.9,1010.1,1011.2,91,8,0,90,9.7,102,23.8,0.0,2830.0,-8.6,-60.0,22.7,-6.8,32.2,69,26.5,275,48,2025-04-07 17:00:00+00:00
29.0,78,24.8,1009.7,1010.8,93,10,1,92,7.9,91,20.2,0.0,2890.0,-8.4,-30.0,22.4,-6.5,24.1,71,36.1,266,44,2025-04-07 18:00:00+00:00
28.7,80,24.8,1009.0,1010.1,86,11,0,84,6.0,81,16.2,0.0,2990.0,-8.4,-39.0,22.0,-6.8,22.6,71,37.7,261,43,2025-04-07 19:00:00+00:00
28.2,82,24.9,1008.4,1009.5,81,15,1,78,4.8,61,11.9,0.0,2950.0,-8.3,-29.0,21.8,-6.8,22.1,68,40.2,260,38,2025-04-07 20:00:00+00:00
27.6,85,24.9,1007.9,1009.0,96,21,1,95,3.2,52,9.4,0.0,2830.0,-8.2,-15.0,21.7,-6.5,22.2,64,41.2,262,32,2025-04-07 21:00:00+00:00
27.2,88,25.0,1007.6,1008.7,90,30,0,86,0.6,56,6.1,0.0,2530.0,-8.2,-14.0,21.7,-6.8,22.0,60,39.8,265,27,2025-04-07 22:00:00+00:00
26.9,90,25.0,1007.7,1008.8,86,28,0,80,0.5,315,2.2,0.0,2240.0,-8.1,-27.0,22.0,-7.0,24.0,57,38.6,265,24,2025-04-07 23:00:00+00:00
26.5,92,25.1,1008.1,1009.2,79,31,0,69,2.1,285,4.7,0.0,2290.0,-7.4,-15.0,20.3,-6.8,19.4,49,41.9,246,17,2025-04-08 00:00:00+00:00
27.7,87,25.4,1009.1,1010.2,73,10,0,70,4.8,315,11.2,0.0,2140.0,-6.9,-14.0,20.8,-6.8,23.3,51,44.8,250,11,2025-04-08 01:00:00+00:00
29.1,79,25.1,1010.0,1011.1,49,15,0,40,4.3,338,14.8,0.0,2150.0,-7.3,-3.0,20.4,-6.8,25.8,54,47.1,251,9,2025-04-08 02:00:00+00:00
30.8,68,24.3,1010.3,1011.4,44,15,0,35,5.3,38,18.7,0.0,1820.0,-6.7,-3.0,20.0,-6.5,25.3,60,47.8,252,16,2025-04-08 03:00:00+00:00
32.3,60,23.5,1010.8,1011.9,67,17,1,60,7.1,54,23.4,0.0,1500.0,-4.9,-19.0,19.8,-6.5,23.0,63,48.3,256,36,2025-04-08 04:00:00+00:00
33.3,54,22.8,1010.4,1011.5,94,10,0,94,11.1,63,32.4,0.0,1340.0,-4.3,-32.0,19.8,-6.5,20.4,63,49.5,256,39,2025-04-08 05:00:00+00:00
33.6,52,22.3,1009.6,1010.7,87,1,0,87,14.2,66,39.6,0.0,890.0,-3.8,-37.0,19.9,-6.1,21.4,61,52.8,253,36,2025-04-08 06:00:00+00:00
33.3,53,22.4,1008.9,1010.0,20,0,0,20,14.9,65,41.4,0.0,760.0,-3.9,-31.0,19.9,-5.8,15.5,50,53.6,254,30,2025-04-08 07:00:00+00:00
33.6,51,22.1,1007.8,1008.9,53,0,0,53,14.4,60,41.4,0.0,760.0,-4.2,-18.0,20.0,-5.8,14.0,36,54.4,256,34,2025-04-08 08:00:00+00:00
33.3,51,21.9,1006.9,1008.0,81,0,8,79,15.3,56,41.0,0.0,970.0,-4.4,-13.0,20.0,-6.1,14.3,22,55.3,257,39,2025-04-08 09:00:00+00:00
32.7,54,22.2,1006.5,1007.6,63,0,16,56,16.3,55,42.5,0.0,1200.0,-4.9,-9.0,20.4,-6.1,13.9,23,54.8,260,42,2025-04-08 10:00:00+00:00
31.7,59,22.7,1006.4,1007.5,7,0,6,0,14.5,54,42.1,0.0,1280.0,-5.1,-4.0,20.5,-6.1,15.1,25,55.8,261,41,2025-04-08 11:00:00+00:00
30.8,63,23.0,1007.0,1008.1,2,0,2,0,14.2,54,37.4,0.0,1400.0,-5.2,-1.0,20.9,-6.1,18.0,24,53.3,262,38,2025-04-08 12:00:00+00:00
30.0,69,23.7,1007.8,1008.9,3,1,2,0,13.0,48,34.2,0.0,1490.0,-4.9,0.0,20.8,-5.8,17.7,29,53.3,262,31,2025-04-08 13:00:00+00:00
29.9,70,23.8,1008.7,1009.8,29,1,3,27,12.4,41,30.6,0.0,1630.0,-4.7,-5.0,20.4,-6.3,20.2,36,51.6,270,23,2025-04-08 14:00:00+00:00
29.8,70,23.8,1009.7,1010.8,97,8,1,97,12.2,34,29.5,0.0,1830.0,-4.7,-8.0,20.6,-6.3,24.3,34,43.1,283,21,2025-04-08 15:00:00+00:00
29.6,71,23.8,1010.4,1011.5,87,12,3,84,11.1,27,28.1,0.0,1950.0,-4.4,-11.0,21.1,-6.5,27.2,35,39.1,288,21,2025-04-08 16:00:00+00:00
29.3,73,23.9,1010.8,1011.9,88,20,1,84,10.1,25,25.9,0.0,1940.0,-4.4,-30.0,20.6,-6.8,29.3,36,38.7,286,20,2025-04-08 17:00:00+00:00
28.9,74,23.9,1010.4,1011.5,96,28,0,94,7.9,16,21.2,0.0,1940.0,-4.6,-56.0,19.8,-6.1,27.8,30,34.6,284,28,2025-04-08 18:00:00+00:00
28.7,76,24.0,1009.2,1010.3,12,12,0,0,7.8,356,17.3,0.0,2090.0,-4.4,-27.0,19.8,-6.1,28.7,27,31.9,290,32,2025-04-08 19:00:00+00:00
28.2,78,24.1,1008.3,1009.4,11,11,0,0,8.4,345,17.3,0.0,1990.0,-3.6,-25.0,19.9,-5.8,29.0,24,27.4,293,33,2025-04-08 20:00:00+00:00
27.8,80,24.1,1007.4,1008.5,9,9,0,0,8.8,343,18.7,0.0,1810.0,-2.9,-18.0,19.9,-5.6,29.6,27,24.3,290,31,2025-04-08 21:00:00+00:00
27.4,82,24.1,1007.1,1008.2,23,23,0,0,8.8,334,18.7,0.0,1740.0,-3.0,-53.0,19.9,-5.4,29.6,27,24.7,284,29,2025-04-08 22:00:00+00:00
27.1,84,24.1,1007.3,1008.4,14,14,0,0,8.7,326,18.0,0.0,1720.0,-3.5,-66.0,19.9,-5.1,29.4,30,24.3,279,27,2025-04-08 23:00:00+00:00
26.9,85,24.1,1007.6,1008.7,22,22,4,0,8.6,334,18.0,0.0,1420.0,-3.5,-38.0,19.2,-4.7,33.4,35,27.7,265,26,2025-04-09 00:00:00+00:00
28.0,78,23.9,1008.3,1009.4,100,17,0,100,10.7,353,25.9,0.0,1310.0,-3.5,-54.0,19.2,-4.7,31.5,37,27.6,268,26,2025-04-09 01:00:00+00:00
29.3,72,23.7,1009.0,1010.1,98,22,0,98,11.6,6,27.0,0.0,1310.0,-4.1,-22.0,19.2,-4.9,31.0,41,28.8,268,21,2025-04-09 02:00:00+00:00
31.0,63,23.1,1009.4,1010.5,94,8,0,93,11.2,18,30.2,0.0,1230.0,-5.0,-1.0,19.1,-4.9,28.0,44,32.4,270,20,2025-04-09 03:00:00+00:00
32.6,55,22.4,1009.7,1010.8,12,6,3,4,11.9,31,32.8,0.0,1130.0,-5.0,-3.0,19.1,-4.9,22.9,44,33.6,268,19,2025-04-09 04:00:00+00:00
33.5,50,21.6,1009.4,1010.5,14,6,8,1,13.5,44,37.1,0.0,1040.0,-4.5,-7.0,19.2,-4.9,18.7,41,33.7,266,18,2025-04-09 05:00:00+00:00
33.9,50,22.0,1008.9,1010.0,35,0,8,29,15.4,53,41.8,0.0,1200.0,-4.3,-10.0,19.6,-5.4,16.3,30,38.9,261,17,2025-04-09 06:00:00+00:00
33.7,51,22.2,1008.0,1009.1,92,0,5,92,16.6,56,44.6,0.0,1390.0,-3.5,-19.0,20.0,-5.4,14.7,16,39.1,259,21,2025-04-09 07:00:00+00:00
33.4,53,22.5,1006.9,1008.0,93,0,0,93,16.3,57,45.0,0.0,1590.0,-3.2,-29.0,20.5,-5.4,15.1,3,39.3,258,21,2025-04-09 08:00:00+00:00
33.2,54,22.5,1005.8,1006.9,1,0,0,1,15.0,63,43.6,0.0,1550.0,-3.1,-35.0,21.1,-5.1,17.4,354,38.4,256,22,2025-04-09 09:00:00+00:00
32.4,57,22.7,1005.0,1006.1,2,0,1,0,15.1,70,40.7,0.0,1340.0,-3.2,-47.0,22.1,-5.1,23.1,351,37.3,255,22,2025-04-09 10:00:00+00:00
31.4,61,23.0,1005.0,1006.1,13,0,7,6,13.6,70,40.0,0.0,1100.0,-3.6,-48.0,22.7,-4.9,30.1,358,37.3,255,24,2025-04-09 11:00:00+00:00
30.5,66,23.3,1005.2,1006.3,7,0,7,0,11.0,71,35.3,0.0,1750.0,-3.2,-43.0,22.4,-4.7,31.1,356,35.8,256,24,2025-04-09 12:00:00+00:00
29.6,73,24.4,1006.0,1007.1,12,0,12,0,11.5,67,32.8,0.0,1340.0,-2.9,-68.0,22.2,-4.7,29.7,4,34.4,258,23,2025-04-09 13:00:00+00:00
29.4,75,24.4,1006.8,1007.9,11,5,7,0,8.8,75,27.0,0.0,1440.0,-2.1,-100.0,22.3,-4.7,28.5,7,34.1,260,22,2025-04-09 14:00:00+00:00
29.2,76,24.5,1007.4,1008.5,11,9,2,0,6.3,75,20.9,0.0,1380.0,-1.9,-113.0,22.1,-4.4,28.0,7,32.8,262,22,2025-04-09 15:00:00+00:00
29.0,77,24.5,1008.3,1009.4,14,13,1,0,3.5,81,15.5,0.0,1330.0,-2.1,-118.0,22.0,-4.4,27.4,5,30.0,268,24,2025-04-09 16:00:00+00:00
28.7,78,24.5,1008.6,1009.7,0,0,0,0,2.4,126,7.9,0.0,1360.0,-1.8,-117.0,21.7,-4.2,26.4,359,27.6,268,27,2025-04-09 17:00:00+00:00
28.4,80,24.5,1008.1,1009.2,0,0,0,0,2.7,176,6.5,0.0,1460.0,-2.2,-105.0,21.2,-4.7,27.8,359,30.0,272,24,2025-04-09 18:00:00+00:00
27.9,82,24.5,1007.5,1008.6,6,2,0,4,4.4,218,9.0,0.0,1440.0,-2.7,-106.0,21.0,-4.7,26.0,356,28.8,270,23,2025-04-09 19:00:00+00:00
27.3,85,24.6,1006.8,1007.9,10,10,0,0,6.6,237,13.7,0.0,1380.0,-3.4,-97.0,21.1,-4.4,26.0,358,28.8,270,23,2025-04-09 20:00:00+00:00
26.7,89,24.7,1006.2,1007.3,6,6,0,1,6.9,237,14.4,0.0,1310.0,-3.5,-100.0,20.8,-4.0,25.6,4,28.8,270,22,2025-04-09 21:00:00+00:00
26.4,90,24.7,1005.8,1006.9,11,0,0,11,7.2,233,14.8,0.0,1120.0,-2.8,-119.0,20.5,-3.7,24.9,9,26.4,267,21,2025-04-09 22:00:00+00:00
26.2,91,24.7,1005.7,1006.8,7,0,0,7,6.7,239,14.4,0.0,880.0,-2.2,-149.0,20.4,-3.5,24.2,12,24.1,264,21,2025-04-09 23:00:00+00:00
25.9,93,24.6,1006.2,1007.4,100,0,0,100,7.4,238,15.1,0.0,840.0,-2.1,-137.0,19.8,-3.7,20.1,4,21.6,267,21,2025-04-10 00:00:00+00:00
27.7,86,25.1,1006.8,1007.9,83,15,13,77,10.0,253,23.4,0.0,890.0,-2.2,-125.0,19.6,-4.0,20.1,4,23.3,258,21,2025-04-10 01:00:00+00:00
28.9,78,24.7,1007.2,1008.3,71,9,2,67,9.9,254,25.6,0.0,1090.0,-2.8,-85.0,19.6,-4.0,19.1,1,23.9,252,23,2025-04-10 02:00:00+00:00
31.1,65,23.7,1007.8,1008.9,78,1,0,78,10.1,259,28.1,0.0,1640.0,-2.3,-87.0,19.7,-4.2,18.8,354,27.0,249,22,2025-04-10 03:00:00+00:00
33.5,52,22.2,1007.6,1008.7,85,2,6,83,8.9,257,28.1,0.0,1850.0,-2.2,-75.0,19.9,-4.4,17.9,341,28.5,248,23,2025-04-10 04:00:00+00:00
35.7,41,20.4,1006.8,1007.9,100,0,2,100,6.9,261,27.7,0.0,1480.0,-2.4,-58.0,20.3,-4.9,16.8,327,29.6,249,27,2025-04-10 05:00:00+00:00
37.4,34,18.7,1006.0,1007.1,100,0,14,100,1.5,339,24.8,0.0,1200.0,-2.8,-41.0,20.5,-5.1,20.5,323,32.4,231,30,2025-04-10 06:00:00+00:00
37.3,34,18.7,1004.6,1005.7,100,0,19,100,7.4,113,23.8,0.0,1030.0,-2.4,-23.0,20.4,-4.9,12.2,297,35.0,232,31,2025-04-10 07:00:00+00:00
35.1,50,23.1,1003.3,1004.4,99,1,33,99,13.9,126,40.3,0.5,900.0,-3.7,-35.0,21.1,-4.7,11.6,301,38.3,229,42,2025-04-10 08:00:00+00:00
34.2,52,22.9,1002.6,1003.7,76,0,35,63,14.7,123,40.7,0.0,1130.0,-5.0,-84.0,21.6,-4.7,12.4,306,40.1,231,42,2025-04-10 09:00:00+00:00
33.7,53,22.9,1001.6,1002.7,43,0,33,16,15.3,121,39.6,0.0,1910.0,-5.6,-109.0,22.2,-4.4,14.7,300,41.0,238,52,2025-04-10 10:00:00+00:00
32.5,56,22.7,1001.2,1002.3,100,0,31,100,14.6,117,40.3,0.0,2200.0,-5.8,-102.0,22.7,-4.9,16.7,299,41.0,249,59,2025-04-10 11:00:00+00:00
32.3,57,22.7,1001.6,1002.7,100,0,14,100,12.4,111,36.4,0.0,2550.0,-6.3,-86.0,22.4,-4.9,13.3,292,37.7,248,51,2025-04-10 12:00:00+00:00
31.0,69,24.6,1002.2,1003.3,42,0,17,30,12.7,129,31.7,0.0,2980.0,-5.7,-75.0,22.7,-4.7,12.7,285,37.9,252,42,2025-04-10 13:00:00+00:00
30.7,71,24.9,1003.3,1004.4,95,0,10,94,10.6,125,28.8,0.0,3290.0,-6.5,-63.0,22.7,-4.9,11.9,268,42.1,250,52,2025-04-10 14:00:00+00:00
30.4,76,25.6,1004.3,1005.4,98,0,21,98,10.2,134,23.8,0.0,3410.0,-6.8,-72.0,22.7,-5.1,11.2,258,40.7,256,54,2025-04-10 15:00:00+00:00
30.2,76,25.5,1005.1,1006.2,100,0,12,100,9.6,131,22.7,0.0,3570.0,-7.5,-48.0,22.6,-5.4,10.1,252,42.2,255,58,2025-04-10 16:00:00+00:00
29.9,80,26.0,1005.6,1006.7,85,0,2,84,9.3,130,20.5,0.0,3960.0,-7.6,-51.0,22.6,-5.1,9.1,252,43.7,254,61,2025-04-10 17:00:00+00:00
29.6,83,26.5,1005.4,1006.5,96,0,1,96,7.6,137,19.1,0.0,3790.0,-7.6,-74.0,22.7,-4.9,16.1,286,51.5,245,60,2025-04-10 18:00:00+00:00
29.3,85,26.6,1005.0,1006.1,95,0,0,95,7.8,138,15.8,0.0,4390.0,-7.7,-51.0,22.0,-5.4,13.2,266,44.8,250,64,2025-04-10 19:00:00+00:00
29.1,86,26.6,1004.5,1005.6,72,0,1,72,8.8,168,17.6,0.0,4490.0,-8.0,-34.0,21.4,-5.4,14.3,243,43.3,251,67,2025-04-10 20:00:00+00:00
29.1,86,26.5,1003.8,1004.9,98,0,2,98,10.4,165,21.2,0.0,4120.0,-8.9,-33.0,21.4,-5.1,15.2,237,44.8,250,67,2025-04-10 21:00:00+00:00
29.0,89,27.0,1003.6,1004.7,94,8,7,93,12.5,174,25.2,0.0,3700.0,-9.6,-30.0,21.2,-5.8,13.0,234,44.0,253,69,2025-04-10 22:00:00+00:00
28.8,90,27.0,1003.7,1004.8,78,4,0,77,12.5,187,28.1,0.0,3150.0,-8.4,-44.0,20.8,-5.4,12.6,221,41.7,258,72,2025-04-10 23:00:00+00:00
28.5,89,26.6,1004.1,1005.2,49,0,1,48,9.9,205,25.9,0.0,2520.0,-7.6,-85.0,22.0,-5.8,16.5,275,38.4,272,66,2025-04-11 00:00:00+00:00
28.6,85,25.8,1004.3,1005.4,94,0,6,93,4.0,172,10.1,0.0,2590.0,-7.8,-76.0,21.8,-5.8,14.1,272,40.8,268,57,2025-04-11 01:00:00+00:00
30.0,78,25.8,1005.4,1006.5,87,0,10,86,5.5,171,16.6,0.0,2410.0,-7.8,-61.0,21.0,-6.3,21.6,288,39.6,270,66,2025-04-11 02:00:00+00:00
32.3,62,24.2,1006.2,1007.3,6,0,0,6,3.2,227,17.3,0.0,2550.0,-6.7,-54.0,21.1,-6.8,21.9,312,36.0,268,77,2025-04-11 03:00:00+00:00
34.5,50,22.5,1006.3,1007.4,22,0,0,22,1.5,45,15.8,0.0,2780.0,-5.2,-32.0,21.7,-6.8,15.5,313,36.7,259,69,2025-04-11 04:00:00+00:00
35.5,45,21.9,1005.9,1007.0,36,0,3,34,5.3,98,24.8,0.0,2600.0,-4.7,-16.0,21.5,-7.0,12.3,309,38.6,265,63,2025-04-11 05:00:00+00:00
36.0,45,22.4,1005.2,1006.3,24,0,2,22,8.9,98,32.4,0.0,2260.0,-5.4,-19.0,20.9,-7.2,12.3,338,40.9,267,46,2025-04-11 06:00:00+00:00
35.7,51,24.1,1004.3,1005.4,14,9,9,4,13.1,81,37.4,0.0,2220.0,-6.1,-33.0,21.1,-7.0,14.5,336,41.0,265,51,2025-04-11 07:00:00+00:00
34.7,53,23.7,1003.4,1004.5,31,0,7,28,10.8,80,40.7,0.0,3010.0,-6.0,-48.0,21.0,-6.8,15.7,330,42.1,267,48,2025-04-11 08:00:00+00:00
35.4,47,22.3,1002.2,1003.3,24,4,10,17,11.4,79,32.4,0.0,3510.0,-5.9,-45.0,21.5,-6.5,15.6,328,42.0,270,47,2025-04-11 09:00:00+00:00
35.1,47,22.2,1001.8,1002.9,37,0,18,33,12.5,95,33.1,0.0,3620.0,-5.8,-65.0,21.8,-6.5,15.7,324,41.0,275,44,2025-04-11 10:00:00+00:00
33.4,51,22.0,1001.5,1002.6,32,0,19,17,14.6,129,40.0,0.0,2500.0,-5.7,-84.0,22.2,-6.3,15.9,321,41.0,275,42,2025-04-11 11:00:00+00:00
32.6,56,22.7,1002.1,1003.2,55,0,50,21,13.4,141,37.1,0.0,2470.0,-6.4,-74.0,22.3,-6.3,14.5,311,40.5,282,38,2025-04-11 12:00:00+00:00
29.9,77,25.4,1003.7,1004.8,30,0,22,17,10.5,142,27.7,0.0,1900.0,-7.0,-60.0,22.4,-6.3,13.3,301,39.1,288,36,2025-04-11 13:00:00+00:00
29.6,81,26.0,1004.5,1005.6,17,0,17,3,9.4,150,24.1,0.0,2530.0,-7.0,-18.0,22.2,-6.3,10.5,288,36.4,287,38,2025-04-11 14:00:00+00:00
29.4,82,26.1,1005.3,1006.4,20,0,15,7,8.7,158,21.6,0.0,2770.0,-6.9,-11.0,22.0,-6.3,8.5,286,33.8,276,36,2025-04-11 15:00:00+00:00
29.2,81,25.7,1006.2,1007.3,6,0,2,4,9.2,160,19.4,0.0,2620.0,-3.6,-119.0,21.6,-6.5,7.3,263,27.8,277,38,2025-04-11 16:00:00+00:00
29.1,80,25.4,1006.7,1007.8,2,0,1,1,9.7,179,19.4,0.0,2530.0,-4.2,-167.0,21.2,-6.8,9.4,247,22.8,273,40,2025-04-11 17:00:00+00:00
29.0,80,25.2,1006.3,1007.4,10,0,0,10,10.2,190,20.2,0.0,2830.0,-3.8,-145.0,20.6,-7.0,6.5,258,22.1,283,43,2025-04-11 18:00:00+00:00
28.7,83,25.5,1005.7,1006.8,39,0,0,39,9.3,198,20.9,0.0,3650.0,-2.1,-219.0,20.4,-7.0,7.0,238,20.7,280,47,2025-04-11 19:00:00+00:00
28.8,80,25.1,1005.3,1006.4,27,2,0,26,10.3,195,19.8,0.0,3290.0,-1.8,-258.0,20.3,-7.0,6.8,250,20.4,273,53,2025-04-11 20:00:00+00:00
28.6,85,25.8,1004.6,1005.7,20,0,0,20,10.7,207,23.4,0.0,2780.0,-3.6,-194.0,20.4,-7.2,7.6,253,21.6,273,51,2025-04-11 21:00:00+00:00
28.2,85,25.3,1004.6,1005.7,28,0,0,28,11.4,219,23.4,0.0,2310.0,-4.3,-179.0,20.3,-7.5,8.1,254,24.1,264,50,2025-04-11 22:00:00+00:00
27.7,83,24.5,1004.8,1005.9,0,0,0,0,11.1,216,23.8,0.0,1970.0,-4.5,-178.0,20.8,-7.9,5.9,293,19.8,256,47,2025-04-11 23:00:00+00:00
27.3,80,23.6,1005.2,1006.3,1,0,0,1,10.7,216,23.0,0.0,1180.0,-3.7,-195.0,21.0,-7.7,5.5,275,21.3,254,47,2025-04-12 00:00:00+00:00
28.0,83,24.9,1005.5,1006.6,44,0,44,1,8.2,230,16.6,0.0,930.0,-4.2,-246.0,21.1,-7.7,5.2,315,17.8,250,47,2025-04-12 01:00:00+00:00
29.4,76,24.7,1006.4,1007.5,68,0,68,0,7.5,230,18.4,0.0,740.0,-4.1,-217.0,21.2,-7.7,4.7,331,16.7,249,43,2025-04-12 02:00:00+00:00
31.4,61,23.0,1007.1,1008.2,7,0,6,0,8.7,238,23.0,0.0,740.0,-4.2,-155.0,21.4,-7.9,6.8,360,14.5,246,39,2025-04-12 03:00:00+00:00
34.1,44,20.1,1007.2,1008.3,4,0,3,0,10.4,250,28.4,0.0,910.0,-4.2,-84.0,21.5,-7.7,9.6,3,12.8,229,37,2025-04-12 04:00:00+00:00
36.6,32,17.3,1006.8,1007.9,11,0,11,1,8.8,258,29.2,0.0,1090.0,-3.8,-48.0,21.4,-7.5,10.6,350,16.7,210,38,2025-04-12 05:00:00+00:00
38.1,28,16.6,1006.1,1007.2,33,0,32,0,2.7,247,26.3,0.0,1020.0,-4.1,-22.0,21.5,-6.8,9.0,330,23.3,215,40,2025-04-12 06:00:00+00:00
38.8,27,16.6,1004.9,1006.0,69,0,69,1,4.8,138,21.2,0.0,1030.0,-4.7,-23.0,21.5,-6.5,14.5,319,26.6,216,43,2025-04-12 07:00:00+00:00
38.2,34,19.7,1003.5,1004.6,87,0,87,1,12.1,113,34.2,0.0,940.0,-5.4,-40.0,21.4,-6.5,10.3,315,27.4,218,50,2025-04-12 08:00:00+00:00
36.2,42,21.3,1003.0,1004.1,37,0,26,16,14.8,106,40.0,0.0,1550.0,-5.7,-72.0,22.0,-6.8,9.4,313,28.9,222,42,2025-04-12 09:00:00+00:00
35.4,43,21.1,1002.4,1003.5,21,0,20,3,14.3,124,39.2,0.0,2980.0,-5.4,-83.0,22.3,-7.0,11.3,302,29.7,227,41,2025-04-12 10:00:00+00:00
34.2,49,21.8,1002.6,1003.7,28,0,24,10,12.7,119,36.0,0.0,2020.0,-5.9,-111.0,22.4,-6.8,9.4,317,32.6,234,41,2025-04-12 11:00:00+00:00
32.9,56,23.0,1003.2,1004.3,39,0,30,20,12.4,132,32.4,0.0,2240.0,-6.8,-115.0,23.3,-6.3,9.1,342,37.0,234,41,2025-04-12 12:00:00+00:00
31.4,68,24.8,1004.0,1005.1,17,0,13,7,7.3,128,22.0,0.0,3080.0,-5.1,-94.0,23.3,-6.3,9.1,3,40.6,236,40,2025-04-12 13:00:00+00:00
30.7,75,25.8,1004.9,1006.0,18,0,17,2,8.7,133,18.7,0.0,2790.0,-3.6,-180.0,23.2,-6.3,9.5,17,43.3,236,41,2025-04-12 14:00:00+00:00
30.4,76,25.7,1006.0,1007.1,15,0,15,0,10.2,150,21.2,0.0,2880.0,-3.5,-199.0,22.9,-6.3,9.4,29,41.6,237,41,2025-04-12 15:00:00+00:00
30.2,76,25.5,1007.1,1008.2,24,0,23,1,10.8,159,22.0,0.0,3070.0,-6.6,-196.0,22.8,-6.8,9.0,30,38.3,238,44,2025-04-12 16:00:00+00:00
29.9,78,25.6,1007.5,1008.6,35,0,30,7,9.2,168,22.3,0.0,3150.0,-9.0,-154.0,22.6,-6.8,8.6,32,35.0,239,48,2025-04-12 17:00:00+00:00
29.4,82,26.1,1007.3,1008.4,30,0,12,20,8.2,188,18.7,0.0,3410.0,-8.8,-95.0,22.6,-7.2,8.8,35,31.0,234,44,2025-04-12 18:00:00+00:00
28.9,89,27.0,1006.8,1007.9,0,0,0,0,10.4,188,20.9,0.0,3890.0,-9.2,-73.0,22.1,-7.2,11.7,77,27.4,241,59,2025-04-12 19:00:00+00:00
28.7,91,27.1,1006.0,1007.1,3,3,0,0,10.6,191,22.0,0.0,3370.0,-9.6,-54.0,21.5,-7.9,11.8,90,23.6,255,54,2025-04-12 20:00:00+00:00
28.3,94,27.2,1005.4,1006.5,9,1,8,0,9.0,209,22.3,0.0,3260.0,-9.9,-34.0,21.6,-7.9,11.1,81,22.4,254,47,2025-04-12 21:00:00+00:00
28.0,95,27.1,1005.0,1006.1,7,0,7,0,6.7,216,18.0,0.0,2660.0,-10.0,-23.0,21.5,-7.9,12.4,84,31.5,252,50,2025-04-12 22:00:00+00:00
27.6,97,27.0,1005.3,1006.4,2,0,2,0,3.8,245,13.3,0.0,1460.0,-9.7,-14.0,21.6,-7.9,14.6,70,29.0,246,56,2025-04-12 23:00:00+00:00
27.2,98,26.8,1006.2,1007.3,81,4,80,0,0.4,207,7.6,0.0,1480.0,-8.8,-47.0,21.6,-8.2,8.2,63,25.0,235,54,2025-04-13 00:00:00+00:00
29.6,75,24.6,1006.9,1008.0,98,0,96,54,2.2,175,6.1,0.0,1050.0,-8.3,-51.0,21.7,-8.4,10.3,45,24.6,227,54,2025-04-13 01:00:00+00:00
30.8,66,23.6,1007.6,1008.7,23,0,23,0,4.1,165,13.0,0.0,940.0,-8.1,-56.0,21.8,-8.2,13.3,38,25.0,235,52,2025-04-13 02:00:00+00:00
32.6,56,22.8,1008.3,1009.4,86,0,86,0,5.9,166,19.8,0.0,880.0,-7.7,-54.0,21.7,-7.9,15.8,33,22.8,252,52,2025-04-13 03:00:00+00:00
35.0,45,21.3,1008.6,1009.7,34,0,34,0,3.6,147,19.8,0.0,1120.0,-7.1,-49.0,21.7,-7.9,16.2,32,20.7,260,48,2025-04-13 04:00:00+00:00
36.2,40,20.7,1008.4,1009.5,5,0,4,1,6.8,119,25.2,0.0,1230.0,-7.0,-21.0,21.6,-7.5,14.7,26,20.7,260,40,2025-04-13 05:00:00+00:00
36.2,46,22.9,1007.8,1008.9,15,0,14,1,12.5,118,36.0,0.0,1470.0,-8.0,-17.0,21.4,-7.5,12.2,27,23.1,261,34,2025-04-13 06:00:00+00:00
33.1,58,23.7,1007.6,1008.7,41,1,9,36,7.6,121,38.9,2.3,1480.0,-7.6,-19.0,21.2,-7.5,8.3,9,24.1,264,28,2025-04-13 07:00:00+00:00
34.4,51,22.9,1006.1,1007.2,43,0,16,32,9.1,120,26.3,0.0,2120.0,-7.5,-30.0,21.8,-7.2,11.6,11,26.4,270,26,2025-04-13 08:00:00+00:00
34.5,53,23.7,1005.3,1006.4,52,0,44,15,7.7,123,28.4,0.0,2780.0,-7.1,-40.0,22.3,-7.2,15.2,9,28.8,272,27,2025-04-13 09:00:00+00:00
33.4,59,24.3,1004.6,1005.7,24,0,9,17,10.1,119,28.4,0.0,2350.0,-7.7,-56.0,22.3,-7.0,14.8,11,30.1,275,29,2025-04-13 10:00:00+00:00
33.2,57,23.4,1004.1,1005.2,22,0,1,22,11.3,110,31.0,0.0,2520.0,-8.2,-68.0,22.9,-7.0,13.5,28,30.0,272,28,2025-04-13 11:00:00+00:00
32.1,62,24.0,1004.8,1005.9,25,0,3,23,8.4,106,29.9,0.0,3240.0,-7.6,-79.0,22.9,-6.5,12.1,11,38.5,266,28,2025-04-13 12:00:00+00:00
30.8,76,26.1,1005.4,1006.5,10,0,9,2,9.7,112,23.0,0.0,3360.0,-8.6,-94.0,22.9,-6.5,13.0,18,42.0,268,28,2025-04-13 13:00:00+00:00
30.2,81,26.6,1006.6,1007.7,3,0,2,1,6.8,107,22.7,0.0,3390.0,-8.4,-93.0,22.8,-6.5,12.7,15,44.5,265,29,2025-04-13 14:00:00+00:00
29.8,84,26.7,1007.3,1008.4,4,0,4,0,6.4,108,14.8,0.0,3560.0,-9.0,-99.0,22.8,-6.8,13.9,11,39.8,265,30,2025-04-13 15:00:00+00:00
29.5,87,27.1,1008.0,1009.1,3,0,3,0,7.5,114,15.1,0.0,3730.0,-9.7,-75.0,22.8,-7.0,13.5,12,38.6,265,30,2025-04-13 16:00:00+00:00
29.2,89,27.1,1008.4,1009.5,1,0,1,0,7.8,127,15.8,0.0,3810.0,-10.1,-49.0,22.8,-7.7,12.2,13,34.8,272,30,2025-04-13 17:00:00+00:00
28.9,90,27.0,1007.8,1008.9,0,0,0,0,7.6,128,16.2,0.0,3290.0,-10.2,-28.0,22.4,-7.5,14.6,358,36.2,264,32,2025-04-13 18:00:00+00:00
28.6,91,27.1,1007.4,1008.5,3,2,0,0,7.1,137,15.5,0.0,3150.0,-10.2,-15.0,22.3,-7.7,15.0,358,33.9,262,33,2025-04-13 19:00:00+00:00
28.3,93,27.1,1006.9,1008.0,7,7,0,0,5.9,169,14.4,0.0,2990.0,-10.1,-3.0,22.2,-7.7,16.9,358,32.8,262,34,2025-04-13 20:00:00+00:00
28.0,94,27.0,1006.2,1007.3,7,6,0,0,6.0,187,11.5,0.0,2870.0,-9.8,-10.0,22.1,-7.7,17.8,3,32.5,266,37,2025-04-13 21:00:00+00:00
27.7,96,27.0,1006.1,1007.2,9,9,0,0,6.2,195,12.6,0.0,2680.0,-9.4,-29.0,22.1,-7.9,18.1,10,32.4,270,37,2025-04-13 22:00:00+00:00
27.5,97,26.9,1006.6,1007.7,32,29,0,4,4.8,209,12.2,0.0,2510.0,-8.7,-29.0,22.0,-8.2,18.3,14,30.0,272,37,2025-04-13 23:00:00+00:00
27.3,98,27.0,1007.2,1008.3,56,56,0,0,5.9,203,11.5,0.0,2290.0,-8.5,-22.0,22.0,-8.6,14.7,30,24.0,267,36,2025-04-14 00:00:00+00:00
26.7,91,25.1,1008.3,1009.4,58,55,7,5,6.8,209,17.6,0.0,2350.0,-8.5,-23.0,21.8,-8.4,17.4,30,24.5,259,34,2025-04-14 01:00:00+00:00
27.6,85,24.8,1008.9,1010.0,65,62,8,2,5.0,215,16.2,0.0,2360.0,-8.5,-37.0,22.0,-8.4,17.3,35,22.4,254,33,2025-04-14 02:00:00+00:00
29.9,75,24.9,1009.5,1010.6,3,0,3,0,5.5,193,18.7,0.0,2270.0,-7.6,-51.0,22.1,-8.2,17.5,39,20.5,249,32,2025-04-14 03:00:00+00:00
31.8,64,24.3,1009.4,1010.5,10,5,3,2,8.6,164,27.0,0.1,2080.0,-7.4,-54.0,22.3,-8.2,17.1,44,20.4,242,34,2025-04-14 04:00:00+00:00
33.4,55,23.0,1008.7,1009.8,7,1,4,3,10.4,152,31.0,0.0,2090.0,-7.1,-30.0,22.4,-8.2,16.2,50,22.0,241,34,2025-04-14 05:00:00+00:00
34.2,51,22.5,1008.0,1009.1,10,0,6,5,12.3,143,35.6,0.0,2080.0,-7.5,-38.0,22.4,-8.4,13.9,52,21.6,236,44,2025-04-14 06:00:00+00:00
34.5,49,22.3,1007.1,1008.2,11,0,5,7,13.2,140,37.4,0.0,2150.0,-8.0,-49.0,22.6,-8.4,11.7,51,23.7,240,48,2025-04-14 07:00:00+00:00
34.2,51,22.7,1005.9,1007.0,48,3,8,44,14.3,132,39.6,0.0,2350.0,-8.4,-48.0,22.7,-8.2,8.8,35,25.2,245,43,2025-04-14 08:00:00+00:00
33.2,57,23.5,1005.2,1006.3,28,3,6,22,13.8,130,39.2,0.0,2420.0,-8.7,-62.0,22.8,-7.7,8.2,34,27.7,252,42,2025-04-14 09:00:00+00:00
32.6,61,24.1,1004.5,1005.6,29,2,4,26,12.4,123,39.2,0.0,2310.0,-8.2,-83.0,23.1,-7.2,8.5,36,29.2,261,51,2025-04-14 10:00:00+00:00
31.7,64,23.9,1004.9,1006.0,50,0,12,48,10.2,124,34.2,0.0,2340.0,-7.8,-102.0,23.1,-7.0,9.1,37,28.8,268,53,2025-04-14 11:00:00+00:00
30.9,68,24.2,1005.3,1006.4,100,0,42,99,9.7,141,28.8,0.0,2770.0,-7.6,-71.0,22.8,-7.2,12.9,8,26.6,262,47,2025-04-14 12:00:00+00:00
30.5,70,24.4,1005.6,1006.7,62,0,1,61,11.7,127,35.3,0.0,2610.0,-7.9,-39.0,22.7,-7.5,12.4,8,24.0,267,43,2025-04-14 13:00:00+00:00
30.2,71,24.4,1006.9,1008.0,3,0,1,2,10.6,134,27.4,0.0,2640.0,-7.2,-43.0,22.4,-7.2,10.9,360,24.3,279,46,2025-04-14 14:00:00+00:00
30.0,71,24.2,1007.6,1008.7,10,0,10,1,10.2,138,24.8,0.0,2640.0,-7.3,-19.0,22.4,-7.7,9.1,3,22.1,283,44,2025-04-14 15:00:00+00:00
29.8,72,24.3,1008.3,1009.4,9,0,1,8,8.4,145,23.8,0.0,2640.0,-7.8,-54.0,22.4,-7.7,7.4,11,19.0,288,42,2025-04-14 16:00:00+00:00
29.6,74,24.6,1008.6,1009.7,17,0,17,0,9.4,148,20.9,0.0,2650.0,-7.1,-40.0,22.3,-7.5,7.4,11,19.0,288,46,2025-04-14 17:00:00+00:00
29.4,76,24.7,1008.4,1009.5,1,0,1,0,8.9,153,20.9,0.0,2570.0,-7.5,-52.0,22.6,-7.7,10.5,18,18.8,297,51,2025-04-14 18:00:00+00:00
29.0,79,24.9,1007.8,1008.9,2,2,0,0,7.5,163,19.1,0.0,2490.0,-7.9,-62.0,22.6,-7.5,10.8,22,18.3,293,54,2025-04-14 19:00:00+00:00
28.7,80,25.0,1007.4,1008.5,8,8,0,0,7.0,176,15.8,0.0,2390.0,-6.7,-70.0,22.6,-7.5,10.8,28,17.2,295,56,2025-04-14 20:00:00+00:00
28.4,82,25.0,1006.8,1007.9,14,14,0,0,8.0,189,16.9,0.0,2390.0,-6.5,-109.0,22.4,-7.2,10.8,36,16.7,291,57,2025-04-14 21:00:00+00:00
28.0,84,25.1,1006.8,1007.9,18,18,0,0,7.8,206,16.6,0.0,2340.0,-6.3,-95.0,22.4,-7.2,11.3,43,16.3,287,53,2025-04-14 22:00:00+00:00
27.6,87,25.2,1006.8,1007.9,19,19,0,0,6.8,222,15.8,0.0,2400.0,-6.2,-101.0,22.4,-7.2,11.8,54,14.8,284,49,2025-04-14 23:00:00+00:00
27.3,89,25.2,1007.3,1008.4,17,17,0,0,6.6,225,13.7,0.0,2480.0,-6.8,-80.0,22.1,-7.0,9.2,70,9.4,310,42,2025-04-15 00:00:00+00:00
28.9,80,25.0,1007.9,1009.0,100,93,0,99,8.7,218,21.2,0.0,2270.0,-6.3,-59.0,22.2,-7.0,9.8,77,7.7,309,40,2025-04-15 01:00:00+00:00
29.6,75,24.6,1008.6,1009.7,100,19,0,100,8.1,201,21.6,0.0,2130.0,-6.5,-33.0,22.1,-6.8,9.4,76,6.1,281,38,2025-04-15 02:00:00+00:00
30.6,68,24.1,1009.3,1010.4,90,16,2,87,8.7,193,24.1,0.0,1860.0,-5.8,-34.0,21.7,-6.5,9.6,85,5.4,243,40,2025-04-15 03:00:00+00:00
32.2,60,23.5,1009.3,1010.4,89,17,21,85,7.7,177,24.8,0.0,1690.0,-5.0,-29.0,19.9,-6.5,6.5,129,8.0,207,40,2025-04-15 04:00:00+00:00
33.3,55,23.0,1008.7,1009.8,52,20,39,23,8.4,155,26.6,0.0,1560.0,-5.2,-29.0,19.6,-6.3,6.3,159,14.5,204,37,2025-04-15 05:00:00+00:00
34.4,51,22.8,1008.3,1009.4,30,19,15,0,11.4,141,33.1,0.0,1590.0,-5.4,-38.0,20.3,-5.6,4.9,158,18.3,212,39,2025-04-15 06:00:00+00:00
33.6,55,23.2,1007.7,1008.8,37,24,23,6,14.6,135,40.7,1.7,1660.0,-5.6,-33.0,20.6,-5.6,3.7,173,21.4,218,39,2025-04-15 07:00:00+00:00
33.0,60,24.1,1006.7,1007.8,38,12,24,9,16.5,135,45.0,1.2,1810.0,-5.7,-46.0,21.1,-5.6,3.3,254,23.8,229,39,2025-04-15 08:00:00+00:00
33.0,59,24.1,1005.7,1006.8,29,0,29,1,16.4,135,43.9,0.0,2040.0,-5.3,-63.0,21.4,-5.1,3.3,326,25.3,239,34,2025-04-15 09:00:00+00:00
31.7,63,23.9,1005.3,1006.4,17,6,11,3,16.9,142,44.3,0.0,2170.0,-4.6,-86.0,21.5,-5.1,3.9,21,27.0,249,42,2025-04-15 10:00:00+00:00
31.7,62,23.6,1004.7,1005.8,23,5,10,11,16.9,141,42.5,0.0,1960.0,-4.2,-115.0,21.8,-4.9,4.8,49,25.1,253,43,2025-04-15 11:00:00+00:00
30.5,67,23.7,1005.0,1006.1,7,2,5,1,16.6,148,41.8,0.0,2780.0,-4.4,-124.0,22.0,-4.9,3.2,98,27.4,241,42,2025-04-15 12:00:00+00:00
30.0,74,24.8,1005.9,1007.0,13,10,3,1,14.9,139,40.0,0.0,2770.0,-5.0,-115.0,22.3,-4.9,6.0,99,25.2,245,46,2025-04-15 13:00:00+00:00
29.9,73,24.6,1007.2,1008.3,10,4,7,0,12.8,138,34.2,0.0,2770.0,-5.0,-117.0,22.6,-5.1,6.6,106,24.7,247,46,2025-04-15 14:00:00+00:00
29.7,74,24.6,1008.0,1009.1,9,4,5,0,12.1,136,29.5,0.0,2740.0,-5.1,-124.0,22.6,-5.4,7.4,112,24.3,250,46,2025-04-15 15:00:00+00:00
29.5,75,24.7,1008.6,1009.7,9,4,6,0,11.5,132,27.7,0.0,2450.0,-5.6,-119.0,22.6,-5.8,6.1,117,23.2,249,44,2025-04-15 16:00:00+00:00
29.3,77,24.8,1008.9,1010.0,5,1,4,0,10.4,134,25.2,0.0,2150.0,-5.3,-98.0,22.6,-5.8,4.8,131,21.6,251,44,2025-04-15 17:00:00+00:00
29.1,77,24.6,1008.6,1009.7,5,4,2,0,9.4,137,22.3,0.0,2080.0,-5.2,-104.0,21.8,-5.8,2.3,349,22.8,252,47,2025-04-15 18:00:00+00:00
28.9,78,24.6,1008.3,1009.4,7,5,2,0,9.5,141,20.5,0.0,1900.0,-5.4,-73.0,21.8,-6.1,1.0,333,21.3,254,44,2025-04-15 19:00:00+00:00
28.7,79,24.7,1007.8,1008.9,14,13,1,0,9.9,143,20.9,0.0,1740.0,-5.5,-45.0,21.6,-6.5,1.0,243,21.0,257,42,2025-04-15 20:00:00+00:00
28.5,80,24.7,1007.5,1008.6,24,24,0,0,9.0,149,20.9,0.0,1600.0,-5.5,-39.0,21.4,-7.0,2.7,180,19.3,263,41,2025-04-15 21:00:00+00:00
28.3,80,24.6,1007.2,1008.3,27,27,0,0,8.7,156,19.1,0.0,1460.0,-5.6,-55.0,21.1,-7.0,4.6,186,18.0,270,41,2025-04-15 22:00:00+00:00
28.1,81,24.6,1007.5,1008.6,17,17,0,0,8.9,162,18.4,0.0,1370.0,-5.6,-74.0,21.0,-7.2,6.0,189,15.6,270,44,2025-04-15 23:00:00+00:00
27.9,83,24.7,1008.0,1009.1,23,23,0,0,8.4,171,18.4,0.0,1350.0,-5.3,-65.0,20.6,-6.8,10.0,196,13.7,255,43,2025-04-16 00:00:00+00:00
29.0,75,24.1,1008.4,1009.5,27,7,9,14,8.6,170,20.5,0.1,1330.0,-5.3,-73.0,20.5,-6.8,10.6,205,12.5,253,43,2025-04-16 01:00:00+00:00
29.8,70,23.9,1009.2,1010.3,31,17,16,3,9.6,172,23.8,0.1,1440.0,-5.6,-68.0,20.2,-6.8,12.7,210,9.1,247,40,2025-04-16 02:00:00+00:00
31.3,63,23.5,1009.7,1010.8,24,18,11,1,10.9,171,29.5,0.1,1530.0,-5.6,-59.0,19.9,-6.5,12.4,204,9.4,230,40,2025-04-16 03:00:00+00:00
32.7,57,23.0,1009.7,1010.8,28,21,9,1,10.0,165,29.5,0.0,1420.0,-4.8,-72.0,19.4,-6.3,13.0,190,13.0,214,42,2025-04-16 04:00:00+00:00
33.7,53,22.9,1009.2,1010.3,36,22,19,2,12.0,152,34.2,0.1,1170.0,-4.5,-77.0,19.4,-6.3,11.4,185,15.0,209,43,2025-04-16 05:00:00+00:00
34.1,52,23.0,1008.7,1009.8,42,36,8,2,14.7,147,39.6,0.0,1270.0,-4.6,-62.0,19.8,-5.6,8.5,196,20.1,197,49,2025-04-16 06:00:00+00:00
33.2,54,22.5,1008.2,1009.3,61,41,51,9,15.8,143,43.6,0.5,1360.0,-4.5,-57.0,19.6,-5.6,8.1,232,19.4,202,53,2025-04-16 07:00:00+00:00
33.2,56,23.1,1007.2,1008.3,38,5,20,22,15.9,162,42.8,0.6,1980.0,-3.7,-48.0,19.8,-5.4,8.3,261,16.1,207,68,2025-04-16 08:00:00+00:00
32.2,59,23.1,1006.1,1007.2,55,14,36,34,17.1,151,45.0,0.5,2160.0,-3.3,-57.0,19.9,-5.4,10.6,277,17.0,225,54,2025-04-16 09:00:00+00:00
31.7,61,23.2,1005.6,1006.7,33,4,11,24,17.8,153,46.1,0.0,2170.0,-3.3,-72.0,20.3,-5.4,8.7,273,19.0,235,57,2025-04-16 10:00:00+00:00
31.9,60,23.1,1005.1,1006.2,28,4,11,15,15.1,148,44.3,0.0,2080.0,-2.5,-113.0,20.8,-5.4,8.1,286,20.0,237,56,2025-04-16 11:00:00+00:00
31.0,63,23.1,1005.6,1006.7,22,1,6,15,14.2,156,37.8,0.0,2500.0,-2.5,-147.0,21.6,-4.7,11.3,320,19.3,240,57,2025-04-16 12:00:00+00:00
30.1,67,23.3,1006.1,1007.2,14,0,14,1,12.9,152,34.2,0.0,2940.0,-2.3,-147.0,21.6,-4.4,11.8,324,19.9,245,61,2025-04-16 13:00:00+00:00
29.9,70,23.9,1007.1,1008.2,7,0,7,0,13.4,153,29.9,0.0,2710.0,-3.3,-115.0,21.7,-4.4,12.4,324,21.6,251,61,2025-04-16 14:00:00+00:00
29.9,70,23.9,1007.8,1008.9,1,0,1,0,12.6,153,29.2,0.0,2640.0,-4.0,-118.0,21.7,-4.7,12.7,322,23.6,255,62,2025-04-16 15:00:00+00:00
29.6,73,24.2,1008.5,1009.6,2,0,0,2,11.8,152,26.6,0.0,2600.0,-4.2,-124.0,21.6,-4.7,11.0,315,24.3,261,63,2025-04-16 16:00:00+00:00
29.4,75,24.4,1008.8,1009.9,0,0,0,0,10.5,156,25.2,0.0,2370.0,-3.5,-121.0,21.4,-4.7,8.8,298,22.8,273,63,2025-04-16 17:00:00+00:00
29.2,76,24.5,1008.5,1009.6,0,0,0,0,9.6,159,22.3,0.0,2250.0,-3.1,-70.0,21.1,-4.9,9.1,307,20.5,277,62,2025-04-16 18:00:00+00:00
28.9,77,24.6,1008.1,1009.2,4,4,0,0,9.1,163,20.2,0.0,2180.0,-2.5,-66.0,21.0,-4.9,7.2,288,19.0,288,61,2025-04-16 19:00:00+00:00
28.7,79,24.6,1007.7,1008.8,13,13,0,0,8.5,168,18.7,0.0,2250.0,-2.3,-91.0,20.8,-4.7,6.8,270,18.3,293,60,2025-04-16 20:00:00+00:00
28.5,79,24.6,1007.2,1008.3,16,16,0,0,8.5,173,18.0,0.0,2290.0,-2.4,-117.0,20.4,-4.7,7.6,253,16.7,300,60,2025-04-16 21:00:00+00:00
28.3,81,24.7,1007.1,1008.2,13,13,0,0,8.8,184,18.7,0.0,2300.0,-2.2,-117.0,20.2,-4.7,7.2,252,16.1,297,62,2025-04-16 22:00:00+00:00
28.0,82,24.6,1007.2,1008.3,24,23,0,0,8.8,197,18.4,0.0,2080.0,-1.5,-119.0,19.9,-4.7,6.3,249,15.2,288,67,2025-04-16 23:00:00+00:00
27.7,83,24.6,1007.5,1008.6,10,10,0,0,8.5,198,18.4,0.0,2070.0,-1.3,-120.0,19.9,-4.7,3.1,207,20.4,270,71,2025-04-17 00:00:00+00:00
28.3,81,24.7,1007.6,1008.7,1,1,0,0,2.7,184,11.9,0.0,1860.0,-1.4,-109.0,19.9,-4.9,3.2,225,19.2,270,68,2025-04-17 01:00:00+00:00
29.6,73,24.4,1008.2,1009.3,0,0,0,0,1.9,146,10.8,0.0,1850.0,-1.9,-95.0,19.9,-4.9,2.9,219,20.4,267,59,2025-04-17 02:00:00+00:00
31.3,65,23.9,1009.0,1010.1,1,0,1,0,4.8,155,18.0,0.0,1860.0,-1.3,-111.0,19.9,-4.7,3.3,214,20.4,270,50,2025-04-17 03:00:00+00:00
33.0,56,23.1,1009.1,1010.2,19,18,1,0,8.0,160,25.9,0.0,1730.0,-1.0,-101.0,19.8,-4.4,3.1,207,18.0,274,46,2025-04-17 04:00:00+00:00
34.3,52,23.0,1008.6,1009.7,12,6,6,0,10.4,144,31.0,0.0,1670.0,-1.2,-72.0,20.0,-4.4,3.3,254,18.0,274,46,2025-04-17 05:00:00+00:00
32.8,61,24.3,1008.1,1009.2,57,18,50,0,14.5,143,39.6,1.2,1980.0,-2.3,-31.0,19.9,-3.7,5.3,239,14.8,284,46,2025-04-17 06:00:00+00:00
32.0,65,24.6,1007.1,1008.2,66,38,52,0,15.9,147,43.2,2.9,2010.0,-2.9,-30.0,20.6,-3.7,6.5,258,16.0,283,46,2025-04-17 07:00:00+00:00
31.7,68,25.0,1005.8,1006.9,10,4,8,0,17.1,148,42.8,0.1,2450.0,-3.5,-35.0,21.0,-3.7,7.3,277,14.6,279,34,2025-04-17 08:00:00+00:00
31.7,68,25.0,1004.7,1005.8,36,16,24,0,17.5,148,44.3,0.0,2630.0,-4.1,-41.0,21.6,-3.7,8.6,288,14.6,279,38,2025-04-17 09:00:00+00:00
31.4,66,24.3,1004.0,1005.1,21,3,17,3,18.0,151,44.6,0.0,2920.0,-4.0,-69.0,21.8,-3.7,8.0,294,15.8,279,31,2025-04-17 10:00:00+00:00
31.0,69,24.5,1003.7,1004.8,10,0,10,0,18.2,146,43.6,0.0,2210.0,-3.4,-101.0,22.0,-3.5,7.2,305,15.6,274,38,2025-04-17 11:00:00+00:00
30.1,71,24.3,1004.0,1005.1,5,1,4,0,15.9,145,43.2,0.0,2380.0,-3.4,-112.0,22.0,-3.3,6.5,295,16.3,253,39,2025-04-17 12:00:00+00:00
30.1,76,25.3,1004.4,1005.5,12,1,12,0,15.2,136,36.7,0.0,2290.0,-2.8,-110.0,21.8,-3.5,4.3,302,15.8,261,44,2025-04-17 13:00:00+00:00
29.7,78,25.4,1005.0,1006.1,1,0,1,0,14.0,139,34.9,0.0,2420.0,-3.1,-95.0,21.8,-3.5,3.9,291,14.4,265,44,2025-04-17 14:00:00+00:00
29.6,79,25.5,1005.9,1007.0,0,0,0,0,13.1,143,31.7,0.0,2450.0,-3.3,-91.0,21.7,-3.5,4.3,302,15.6,274,43,2025-04-17 15:00:00+00:00
29.5,79,25.5,1006.7,1007.8,0,0,0,0,12.2,143,28.1,0.0,2540.0,-3.1,-93.0,21.7,-3.5,5.1,297,14.8,284,47,2025-04-17 16:00:00+00:00
29.4,79,25.4,1007.3,1008.4,1,0,0,0,11.7,151,26.3,0.0,2710.0,-2.8,-85.0,21.7,-3.3,5.3,290,16.1,297,47,2025-04-17 17:00:00+00:00
29.2,80,25.3,1007.1,1008.2,0,0,0,0,10.9,156,24.5,0.0,2950.0,-3.1,-64.0,21.5,-2.8,6.1,297,16.7,300,51,2025-04-17 18:00:00+00:00
28.9,81,25.3,1006.4,1007.5,0,0,0,0,10.3,164,22.7,0.0,2970.0,-3.3,-59.0,21.5,-2.8,5.3,290,14.6,305,57,2025-04-17 19:00:00+00:00
28.7,82,25.4,1006.0,1007.1,26,0,0,25,9.4,183,21.2,0.0,2920.0,-2.8,-50.0,21.5,-2.8,5.1,280,13.7,308,52,2025-04-17 20:00:00+00:00
28.2,86,25.6,1005.7,1006.8,5,5,0,0,8.3,202,19.1,0.0,2990.0,-2.5,-67.0,21.4,-3.0,4.8,253,13.0,304,56,2025-04-17 21:00:00+00:00
27.9,88,25.6,1005.7,1006.8,11,11,0,0,9.5,212,19.4,0.0,3090.0,-2.5,-81.0,21.0,-3.0,5.8,231,14.5,294,56,2025-04-17 22:00:00+00:00
27.7,89,25.6,1005.9,1007.0,18,17,1,0,9.9,212,20.5,0.0,2940.0,-2.7,-97.0,20.8,-3.0,7.2,215,15.2,288,52,2025-04-17 23:00:00+00:00
27.6,89,25.7,1006.4,1007.5,2,1,0,0,10.2,212,21.6,0.0,2390.0,-2.9,-91.0,20.3,-2.8,7.2,198,9.4,320,46,2025-04-18 00:00:00+00:00
28.7,85,25.9,1006.9,1008.0,6,5,1,0,9.2,206,20.5,0.0,2450.0,-2.8,-65.0,20.4,-3.0,5.9,184,8.5,315,47,2025-04-18 01:00:00+00:00
30.2,74,25.1,1007.8,1008.9,11,7,4,0,12.0,202,29.2,0.0,2480.0,-2.4,-68.0,20.5,-3.3,6.1,167,7.0,329,48,2025-04-18 02:00:00+00:00
31.9,64,24.2,1008.4,1009.5,6,3,3,0,12.0,196,31.7,0.0,2420.0,-2.2,-70.0,20.5,-3.3,7.2,162,5.4,333,47,2025-04-18 03:00:00+00:00
33.7,53,22.9,1008.3,1009.4,11,4,7,0,11.2,190,32.4,0.0,2280.0,-3.0,-28.0,20.0,-3.3,7.9,170,6.0,307,47,2025-04-18 04:00:00+00:00
35.3,46,22.1,1007.9,1009.0,11,3,8,0,9.8,172,31.7,0.0,2130.0,-3.8,-4.0,20.8,-3.3,5.5,171,7.0,301,46,2025-04-18 05:00:00+00:00
36.2,44,22.0,1007.3,1008.4,36,13,26,0,11.7,151,34.6,0.0,2930.0,-4.8,-13.0,20.6,-3.3,7.1,207,16.0,283,48,2025-04-18 06:00:00+00:00
35.4,54,24.7,1006.1,1007.2,41,3,40,0,16.6,143,44.3,0.0,2830.0,-5.3,-20.0,20.9,-3.3,8.4,229,17.2,282,47,2025-04-18 07:00:00+00:00
34.7,56,24.5,1004.9,1006.0,9,1,9,0,20.2,146,51.1,0.0,3180.0,-5.5,-30.0,20.6,-3.5,11.2,243,20.1,287,46,2025-04-18 08:00:00+00:00
33.8,55,23.7,1004.3,1005.4,43,13,16,24,19.0,165,52.2,0.0,3470.0,-6.0,-59.0,20.8,-4.0,10.7,258,23.2,291,46,2025-04-18 09:00:00+00:00
33.4,60,24.6,1003.2,1004.3,19,0,16,3,19.4,151,47.9,0.0,3370.0,-5.5,-89.0,21.5,-4.2,10.6,277,23.6,294,48,2025-04-18 10:00:00+00:00
32.5,62,24.3,1002.8,1003.9,13,1,13,0,18.8,153,48.6,0.0,3010.0,-5.7,-98.0,21.7,-4.2,9.8,298,21.5,297,40,2025-04-18 11:00:00+00:00
31.6,64,24.0,1003.0,1004.1,22,0,17,10,17.6,155,45.4,0.0,3570.0,-5.6,-103.0,22.1,-4.0,8.1,308,21.0,294,40,2025-04-18 12:00:00+00:00
30.3,74,25.2,1003.8,1004.9,11,0,10,1,14.5,160,36.4,0.0,3360.0,-6.2,-92.0,22.3,-4.2,7.7,315,23.6,294,39,2025-04-18 13:00:00+00:00
30.0,78,25.7,1004.8,1005.9,9,0,9,0,13.3,164,33.1,0.0,3280.0,-7.0,-98.0,22.4,-4.2,6.8,318,24.3,303,38,2025-04-18 14:00:00+00:00
30.0,77,25.5,1005.7,1006.8,8,0,8,1,13.7,169,30.6,0.0,3440.0,-7.0,-77.0,22.3,-4.4,7.5,308,22.9,313,34,2025-04-18 15:00:00+00:00
29.6,82,26.1,1006.6,1007.7,7,0,7,0,12.6,169,30.6,0.0,3550.0,-7.1,-46.0,22.1,-4.4,8.4,299,22.3,324,32,2025-04-18 16:00:00+00:00
29.5,83,26.3,1007.0,1008.1,5,0,5,0,13.1,168,27.7,0.0,3640.0,-7.7,-44.0,21.8,-4.7,8.6,288,22.0,331,31,2025-04-18 17:00:00+00:00
29.2,84,26.3,1006.5,1007.6,3,0,3,0,11.9,170,27.4,0.0,3390.0,-7.0,-39.0,21.7,-4.9,8.7,276,25.3,329,32,2025-04-18 18:00:00+00:00
29.0,87,26.6,1006.5,1007.6,3,1,3,0,11.2,182,24.5,0.0,3370.0,-7.1,-32.0,21.5,-4.9,9.6,267,24.7,337,36,2025-04-18 19:00:00+00:00
28.8,87,26.5,1005.8,1006.9,5,2,3,0,11.7,190,24.1,0.0,3540.0,-7.2,-22.0,21.1,-5.1,12.0,261,25.1,343,38,2025-04-18 20:00:00+00:00
28.7,88,26.4,1005.3,1006.4,3,1,2,0,11.3,200,24.5,0.0,3500.0,-6.4,-6.0,20.9,-5.1,11.6,259,24.1,354,36,2025-04-18 21:00:00+00:00
28.4,88,26.2,1005.1,1006.2,7,7,0,0,10.5,205,23.4,0.0,3350.0,-6.3,-3.0,20.6,-5.1,11.4,254,24.0,3,36,2025-04-18 22:00:00+00:00
28.1,90,26.3,1005.4,1006.5,12,12,0,0,10.3,209,22.3,0.0,2980.0,-6.1,-6.0,20.6,-5.1,7.8,263,21.7,6,32,2025-04-18 23:00:00+00:00
28.0,88,25.8,1005.9,1007.0,6,6,0,0,10.5,219,22.3,0.0,2730.0,-5.8,-22.0,20.5,-5.1,8.8,235,20.5,7,36,2025-04-19 00:00:00+00:00
28.9,83,25.8,1006.4,1007.5,87,2,2,86,9.0,217,24.5,0.0,2380.0,-6.0,-37.0,20.6,-4.9,5.3,250,20.7,10,32,2025-04-19 01:00:00+00:00
30.1,76,25.3,1007.0,1008.1,85,0,11,83,8.7,214,22.7,0.0,2220.0,-6.5,-46.0,20.8,-4.9,3.9,249,18.6,15,31,2025-04-19 02:00:00+00:00
32.2,63,24.3,1007.6,1008.7,100,0,2,100,8.4,208,24.1,0.0,2360.0,-6.0,-44.0,20.8,-4.7,2.8,279,16.7,21,32,2025-04-19 03:00:00+00:00
34.4,50,22.6,1007.8,1008.9,100,5,18,100,8.6,200,26.6,0.0,2770.0,-5.2,-15.0,20.9,-4.4,2.9,321,14.0,31,33,2025-04-19 04:00:00+00:00
36.0,42,21.1,1007.1,1008.2,99,0,17,99,7.2,174,26.3,0.0,2430.0,-5.7,-3.0,21.4,-4.2,4.1,354,11.1,41,34,2025-04-19 05:00:00+00:00
36.7,40,20.8,1006.3,1007.4,100,0,16,100,10.2,144,29.9,0.0,2560.0,-5.9,-14.0,21.8,-4.0,5.6,325,6.0,37,37,2025-04-19 06:00:00+00:00
36.7,44,22.5,1005.1,1006.2,100,2,27,100,13.8,139,38.2,0.0,2140.0,-5.7,-34.0,21.5,-4.0,7.0,302,6.0,37,51,2025-04-19 07:00:00+00:00
36.0,52,24.6,1004.1,1005.2,35,1,23,15,16.9,136,44.6,0.0,1980.0,-5.8,-39.0,21.2,-3.7,8.4,283,4.9,14,48,2025-04-19 08:00:00+00:00
35.4,50,23.3,1003.2,1004.3,31,1,19,14,17.0,144,45.4,0.0,2470.0,-6.6,-54.0,21.4,-3.7,9.8,283,7.3,351,43,2025-04-19 09:00:00+00:00
34.7,51,23.2,1002.4,1003.5,59,0,0,59,16.3,148,44.3,0.0,3200.0,-7.0,-85.0,22.2,-3.7,10.4,299,8.7,344,34,2025-04-19 10:00:00+00:00
34.0,55,23.6,1002.0,1003.1,100,0,0,100,16.0,146,41.8,0.0,3670.0,-6.3,-120.0,22.2,-4.2,9.4,321,11.4,342,33,2025-04-19 11:00:00+00:00
32.4,63,24.4,1002.4,1003.5,99,0,0,99,15.9,146,39.6,0.0,4780.0,-5.6,-122.0,22.9,-3.7,7.8,310,11.1,347,29,2025-04-19 12:00:00+00:00
30.9,76,26.2,1003.6,1004.7,77,0,0,76,14.0,145,36.0,0.0,4130.0,-5.9,-123.0,22.8,-4.0,6.6,326,13.3,355,28,2025-04-19 13:00:00+00:00
30.4,80,26.6,1004.6,1005.7,72,0,0,72,13.5,143,32.0,0.0,3940.0,-6.2,-101.0,22.8,-4.0,5.7,331,15.6,360,29,2025-04-19 14:00:00+00:00
30.2,82,26.8,1005.4,1006.5,3,0,0,3,15.0,150,33.1,0.0,3760.0,-6.6,-102.0,22.9,-4.2,4.3,342,18.2,8,29,2025-04-19 15:00:00+00:00
30.0,83,26.7,1006.4,1007.5,0,0,0,0,16.0,151,35.6,0.0,3830.0,-7.1,-92.0,22.9,-4.4,2.7,329,21.0,13,30,2025-04-19 16:00:00+00:00
29.8,84,26.8,1006.7,1007.8,0,0,0,0,15.6,154,35.6,0.0,3880.0,-7.4,-68.0,22.8,-4.7,1.6,304,22.4,16,31,2025-04-19 17:00:00+00:00
29.6,85,26.8,1006.3,1007.4,0,0,0,0,14.2,156,34.6,0.0,4090.0,-7.9,-46.0,23.1,-4.7,5.1,297,23.3,12,39,2025-04-19 18:00:00+00:00
29.3,87,27.0,1006.0,1007.1,3,3,0,0,12.9,167,30.6,0.0,4180.0,-7.8,-18.0,22.9,-4.7,3.3,286,25.1,17,46,2025-04-19 19:00:00+00:00
29.1,89,27.1,1005.6,1006.7,10,10,0,0,11.9,181,27.0,0.0,4520.0,-8.0,-21.0,22.7,-4.7,3.5,247,26.6,18,47,2025-04-19 20:00:00+00:00
28.9,90,27.1,1005.1,1006.2,11,11,0,0,12.2,194,25.2,0.0,4330.0,-7.5,-13.0,22.3,-4.9,4.1,207,28.5,22,49,2025-04-19 21:00:00+00:00
28.7,90,26.9,1004.8,1005.9,19,19,0,0,12.2,204,25.6,0.0,4380.0,-7.0,-8.0,22.0,-4.9,7.3,173,27.0,21,58,2025-04-19 22:00:00+00:00
28.5,91,26.8,1004.9,1006.0,22,9,0,14,11.6,215,25.6,0.0,3590.0,-7.4,-2.0,21.7,-4.9,7.3,173,23.6,24,60,2025-04-19 23:00:00+00:00
28.2,91,26.6,1005.4,1006.5,47,3,0,45,10.3,220,24.5,0.0,3680.0,-7.0,-4.0,21.4,-4.4,2.6,225,20.0,33,63,2025-04-20 00:00:00+00:00
28.9,85,26.1,1006.1,1007.2,12,7,0,6,9.2,211,23.0,0.0,3240.0,-6.6,-6.0,21.4,-4.7,2.3,270,18.0,37,66,2025-04-20 01:00:00+00:00
30.3,76,25.5,1007.1,1008.2,4,2,0,2,10.9,204,27.4,0.0,3130.0,-7.0,-4.0,21.4,-4.4,2.5,292,17.8,48,59,2025-04-20 02:00:00+00:00
32.3,64,24.5,1007.7,1008.8,1,1,0,0,11.5,200,31.0,0.0,3150.0,-6.6,-13.0,21.4,-4.4,2.3,307,18.3,58,43,2025-04-20 03:00:00+00:00
34.3,52,23.1,1007.9,1009.0,10,3,8,0,11.3,187,32.0,0.0,2980.0,-6.2,-19.0,21.2,-4.4,1.4,342,18.3,67,33,2025-04-20 04:00:00+00:00
35.8,45,22.1,1007.3,1008.4,11,1,10,0,11.3,171,32.8,0.0,2340.0,-5.9,-17.0,21.5,-4.7,3.3,34,19.8,76,29,2025-04-20 05:00:00+00:00
36.7,42,21.8,1006.7,1007.8,9,0,8,0,13.0,152,36.4,0.0,2420.0,-5.5,-21.0,21.8,-4.0,1.9,315,19.2,86,33,2025-04-20 06:00:00+00:00
36.2,50,24.1,1005.6,1006.7,13,0,13,0,18.0,143,46.4,0.0,2350.0,-4.9,-36.0,22.0,-3.7,5.1,333,20.4,90,34,2025-04-20 07:00:00+00:00
35.6,50,23.7,1004.5,1005.6,9,0,4,6,20.6,144,51.8,0.0,2510.0,-4.7,-36.0,21.8,-3.5,5.5,279,19.2,90,32,2025-04-20 08:00:00+00:00
35.1,48,22.6,1003.9,1005.0,0,0,0,0,20.0,148,51.8,0.0,3480.0,-5.3,-53.0,22.2,-3.5,7.1,285,16.8,90,31,2025-04-20 09:00:00+00:00
34.4,53,23.4,1003.1,1004.2,0,0,0,0,18.6,149,49.3,0.0,3610.0,-5.0,-91.0,23.3,-3.7,8.7,313,16.8,90,28,2025-04-20 10:00:00+00:00
33.7,54,23.2,1002.9,1004.0,0,0,0,0,18.4,149,46.1,0.0,2620.0,-3.6,-125.0,23.8,-4.0,9.1,342,15.6,86,27,2025-04-20 11:00:00+00:00
32.3,61,23.8,1003.3,1004.4,90,0,0,90,16.1,146,44.6,0.0,3630.0,-3.3,-130.0,24.7,-3.5,8.4,22,16.8,86,26,2025-04-20 12:00:00+00:00
31.2,73,25.8,1004.3,1005.4,76,0,0,76,11.9,142,33.8,0.0,3280.0,-4.6,-157.0,24.5,-3.7,10.6,25,17.0,82,24,2025-04-20 13:00:00+00:00
30.7,78,26.5,1005.4,1006.5,0,0,0,0,11.2,143,27.7,0.0,3130.0,-5.6,-157.0,24.3,-4.0,11.4,23,17.5,74,28,2025-04-20 14:00:00+00:00
30.2,83,27.0,1006.3,1007.4,0,0,0,0,11.1,141,25.9,0.0,3220.0,-5.9,-148.0,23.9,-4.2,11.8,23,18.3,67,32,2025-04-20 15:00:00+00:00
29.9,86,27.2,1007.2,1008.3,71,0,0,71,11.7,139,26.3,0.0,3450.0,-6.1,-141.0,23.5,-4.4,12.1,20,19.0,55,33,2025-04-20 16:00:00+00:00
29.7,87,27.2,1007.8,1008.9,67,0,0,67,12.2,142,27.7,0.0,3880.0,-6.6,-128.0,23.1,-4.9,11.2,12,20.4,50,34,2025-04-20 17:00:00+00:00
29.3,89,27.3,1007.7,1008.8,44,9,0,39,11.2,148,26.6,0.0,4540.0,-7.5,-85.0,23.5,-5.6,12.6,41,27.4,38,38,2025-04-20 18:00:00+00:00
29.1,90,27.3,1007.5,1008.6,80,18,0,75,10.3,155,23.8,0.0,4320.0,-7.7,-75.0,23.4,-5.4,11.3,43,29.8,40,39,2025-04-20 19:00:00+00:00
28.9,91,27.2,1007.0,1008.1,32,32,0,0,10.3,164,22.3,0.0,4080.0,-7.3,-59.0,23.4,-5.4,9.7,49,32.2,45,38,2025-04-20 20:00:00+00:00
28.6,92,27.1,1006.5,1007.6,40,40,0,0,9.5,178,22.0,0.0,3590.0,-6.7,-41.0,23.4,-5.4,9.4,51,35.0,52,38,2025-04-20 21:00:00+00:00
28.4,91,26.8,1006.4,1007.5,46,46,0,0,8.4,189,19.8,0.0,3400.0,-6.4,-28.0,23.2,-4.9,9.4,51,36.6,58,38,2025-04-20 22:00:00+00:00
28.2,91,26.6,1006.6,1007.7,44,44,0,0,7.3,197,17.3,0.0,3260.0,-6.3,-27.0,23.1,-4.7,10.0,60,37.6,63,38,2025-04-20 23:00:00+00:00
28.1,92,26.7,1007.1,1008.2,37,37,0,0,7.3,196,15.1,0.0,3220.0,-5.7,-41.0,22.9,-4.4,11.4,90,31.2,67,36,2025-04-21 00:00:00+00:00
29.2,88,27.0,1007.8,1008.9,23,23,0,0,10.1,175,23.4,0.1,3060.0,-5.6,-43.0,22.8,-4.4,12.3,90,32.3,68,34,2025-04-21 01:00:00+00:00
30.3,80,26.5,1008.5,1009.6,16,16,0,0,12.1,180,29.5,0.1,3110.0,-5.3,-56.0,22.8,-4.4,14.3,99,32.3,68,33,2025-04-21 02:00:00+00:00
31.8,70,25.7,1009.1,1010.2,6,6,0,0,10.8,184,30.2,0.0,2490.0,-4.8,-58.0,22.7,-4.4,15.1,106,33.0,71,33,2025-04-21 03:00:00+00:00
33.6,59,24.5,1009.0,1010.1,11,11,0,0,9.9,170,29.2,0.0,2470.0,-4.3,-51.0,22.6,-4.4,15.4,109,34.9,74,31,2025-04-21 04:00:00+00:00
34.8,52,23.6,1008.8,1009.9,9,9,0,0,12.0,147,33.5,0.0,2510.0,-4.1,-32.0,22.7,-4.7,15.0,110,33.5,75,29,2025-04-21 05:00:00+00:00
35.1,51,23.5,1008.2,1009.3,12,12,1,0,15.3,141,41.0,0.0,2800.0,-4.9,-20.0,22.8,-4.7,15.6,122,37.5,83,30,2025-04-21 06:00:00+00:00
34.9,53,24.0,1007.5,1008.6,0,0,0,0,17.6,140,46.1,0.0,3110.0,-4.7,-28.0,22.9,-4.7,10.8,112,35.0,84,28,2025-04-21 07:00:00+00:00
34.6,54,23.8,1006.8,1007.9,0,0,0,0,18.0,142,47.2,0.0,2940.0,-3.7,-44.0,23.2,-4.7,9.2,96,34.8,88,26,2025-04-21 08:00:00+00:00
34.3,56,24.1,1005.9,1007.0,0,0,0,0,17.4,139,46.1,0.0,3160.0,-2.9,-58.0,23.3,-4.4,9.2,84,33.6,90,26,2025-04-21 09:00:00+00:00
33.5,59,24.3,1005.6,1006.7,0,0,0,0,16.7,142,44.6,0.0,3210.0,-2.8,-67.0,23.5,-4.2,11.5,72,32.4,92,26,2025-04-21 10:00:00+00:00
32.5,62,24.3,1005.6,1006.7,0,0,0,0,15.3,144,42.5,0.0,2940.0,-2.9,-74.0,23.8,-4.0,14.8,72,32.4,92,23,2025-04-21 11:00:00+00:00
31.2,70,25.0,1006.2,1007.3,0,0,0,0,14.8,142,38.9,0.0,3660.0,-2.8,-82.0,23.9,-3.5,14.5,77,34.9,94,22,2025-04-21 12:00:00+00:00
30.6,73,25.2,1006.4,1007.5,0,0,0,0,12.8,141,34.2,0.0,3620.0,-3.4,-92.0,24.0,-3.5,16.5,76,36.0,92,21,2025-04-21 13:00:00+00:00
30.1,78,25.8,1007.8,1008.9,0,0,0,0,12.2,146,30.2,0.0,3620.0,-3.8,-97.0,24.0,-3.7,18.9,82,37.2,92,22,2025-04-21 14:00:00+00:00
29.8,79,25.8,1009.0,1010.1,0,0,0,0,12.4,141,28.4,0.0,3790.0,-3.6,-99.0,23.9,-4.0,19.9,81,38.4,92,22,2025-04-21 15:00:00+00:00
29.6,80,25.9,1009.8,1010.9,0,0,0,0,11.9,138,28.4,0.0,3840.0,-3.7,-98.0,23.8,-4.2,19.5,79,39.6,90,21,2025-04-21 16:00:00+00:00
29.4,81,25.8,1010.2,1011.3,0,0,0,0,10.4,136,25.6,0.0,3680.0,-3.6,-105.0,23.7,-4.4,18.6,79,40.8,90,21,2025-04-21 17:00:00+00:00
29.2,82,25.8,1009.5,1010.6,1,1,0,0,9.7,141,22.7,0.0,3580.0,-3.7,-108.0,23.4,-4.7,15.3,73,44.4,88,27,2025-04-21 18:00:00+00:00
28.9,82,25.6,1008.8,1009.9,0,0,0,0,8.6,147,20.9,0.0,3520.0,-3.5,-107.0,23.3,-4.4,15.0,76,43.3,87,27,2025-04-21 19:00:00+00:00
28.6,84,25.5,1008.5,1009.6,0,0,0,0,8.7,159,18.0,0.0,3200.0,-3.5,-99.0,23.2,-4.4,13.6,76,43.3,85,27,2025-04-21 20:00:00+00:00
28.2,85,25.5,1007.8,1008.9,3,3,0,0,7.6,177,17.6,0.0,2920.0,-3.2,-102.0,22.9,-4.4,12.5,80,41.2,82,26,2025-04-21 21:00:00+00:00
27.7,88,25.6,1007.9,1009.0,38,12,0,29,7.2,205,15.5,0.0,2700.0,-3.1,-99.0,22.8,-4.0,12.5,80,39.1,79,23,2025-04-21 22:00:00+00:00
27.3,91,25.7,1008.3,1009.4,80,39,0,67,7.0,220,14.8,0.0,2490.0,-3.1,-92.0,22.7,-3.7,13.2,76,38.1,77,24,2025-04-21 23:00:00+00:00
26.8,93,25.6,1009.0,1010.1,67,43,0,42,8.1,239,16.2,0.0,2540.0,-2.8,-98.0,22.6,-3.7,15.9,72,40.5,78,37,2025-04-22 00:00:00+00:00
28.0,90,26.2,1009.3,1010.4,75,30,0,64,6.0,245,14.0,0.0,2500.0,-2.6,-110.0,22.6,-3.7,17.4,70,40.5,78,41,2025-04-22 01:00:00+00:00
29.5,81,25.9,1010.6,1011.7,35,35,0,0,6.5,228,18.7,0.0,2560.0,-2.8,-84.0,22.4,-4.0,18.7,72,41.7,78,43,2025-04-22 02:00:00+00:00
31.3,69,25.0,1011.2,1012.3,14,14,0,0,8.4,189,24.5,0.0,2260.0,-2.5,-74.0,22.3,-4.2,19.5,74,42.6,80,44,2025-04-22 03:00:00+00:00
32.9,59,23.7,1011.1,1012.2,14,14,3,0,10.5,164,30.2,0.0,1920.0,-2.1,-68.0,22.2,-4.4,18.2,77,42.4,82,44,2025-04-22 04:00:00+00:00
33.9,53,23.1,1010.8,1011.9,8,8,5,0,12.9,153,36.0,0.0,1910.0,-2.1,-70.0,22.2,-4.4,17.3,78,43.3,85,43,2025-04-22 05:00:00+00:00
34.5,52,23.1,1010.1,1011.2,9,9,0,0,15.1,148,41.0,0.0,1810.0,-2.4,-61.0,22.6,-4.4,16.1,74,44.7,84,39,2025-04-22 06:00:00+00:00
34.7,52,23.3,1008.9,1010.0,3,1,3,0,17.0,144,45.0,0.0,1990.0,-2.4,-70.0,22.7,-4.4,15.5,66,43.3,85,37,2025-04-22 07:00:00+00:00
34.5,50,22.6,1007.7,1008.8,0,0,0,0,17.9,144,46.4,0.0,2360.0,-2.6,-75.0,22.9,-4.4,15.0,55,43.3,85,38,2025-04-22 08:00:00+00:00
34.3,48,21.6,1006.8,1007.9,0,0,0,0,17.9,150,46.8,0.0,2400.0,-3.0,-87.0,23.2,-4.4,16.2,50,40.8,88,40,2025-04-22 09:00:00+00:00
33.7,51,22.2,1006.2,1007.3,2,0,2,0,17.3,149,46.1,0.0,1870.0,-3.1,-106.0,23.3,-4.4,19.7,50,39.6,90,41,2025-04-22 10:00:00+00:00
32.8,53,22.0,1006.1,1007.2,4,0,4,0,17.0,154,43.9,0.0,1910.0,-3.2,-126.0,23.4,-4.4,22.0,50,38.4,90,42,2025-04-22 11:00:00+00:00
31.5,60,22.7,1006.5,1007.6,12,0,12,0,16.7,159,41.8,0.0,2390.0,-3.4,-137.0,23.5,-4.7,21.3,47,39.6,92,43,2025-04-22 12:00:00+00:00
30.6,72,24.9,1006.9,1008.0,17,0,17,0,15.1,158,37.8,0.0,2710.0,-4.3,-146.0,23.7,-4.7,22.6,50,38.4,92,41,2025-04-22 13:00:00+00:00
30.3,74,25.0,1007.9,1009.0,22,0,22,0,13.7,161,34.6,0.0,2210.0,-4.6,-150.0,23.8,-4.9,23.3,55,38.5,94,39,2025-04-22 14:00:00+00:00
30.0,77,25.6,1008.8,1009.9,28,0,28,0,12.1,157,31.0,0.0,2210.0,-5.0,-123.0,23.8,-4.9,24.1,61,37.4,96,36,2025-04-22 15:00:00+00:00
29.8,80,26.1,1009.3,1010.4,15,0,15,0,12.2,156,27.4,0.0,2280.0,-5.1,-109.0,23.8,-4.9,23.6,65,36.3,98,36,2025-04-22 16:00:00+00:00
29.6,81,25.9,1009.7,1010.8,10,0,10,0,12.2,158,27.7,0.0,2290.0,-5.2,-104.0,23.8,-4.7,23.4,69,35.3,100,36,2025-04-22 17:00:00+00:00
29.3,82,25.9,1009.1,1010.2,15,0,15,0,12.1,159,25.9,0.0,2650.0,-4.4,-114.0,23.7,-4.9,23.7,74,33.9,113,39,2025-04-22 18:00:00+00:00
29.1,83,25.9,1008.5,1009.6,6,2,5,0,11.8,167,25.6,0.0,2780.0,-4.3,-110.0,23.4,-5.1,22.6,81,33.9,113,42,2025-04-22 19:00:00+00:00
28.9,83,25.7,1008.0,1009.1,3,2,1,0,10.8,177,24.5,0.0,2820.0,-3.9,-103.0,22.9,-5.6,20.5,87,33.3,116,47,2025-04-22 20:00:00+00:00
28.6,85,25.8,1007.5,1008.6,12,12,0,0,10.1,192,22.3,0.0,2820.0,-3.7,-92.0,22.6,-5.6,18.8,96,31.7,119,48,2025-04-22 21:00:00+00:00
28.2,86,25.7,1007.3,1008.4,15,15,0,0,9.7,205,20.9,0.0,2680.0,-3.6,-96.0,22.2,-5.1,17.3,102,28.6,123,47,2025-04-22 22:00:00+00:00
27.9,87,25.6,1007.5,1008.6,41,41,0,0,9.4,218,20.2,0.0,2550.0,-3.8,-101.0,22.0,-4.7,16.6,106,27.0,122,44,2025-04-22 23:00:00+00:00
27.5,89,25.5,1007.9,1009.0,22,22,0,0,9.3,233,19.8,0.0,2020.0,-3.7,-105.0,21.8,-4.2,13.4,108,30.6,116,43,2025-04-23 00:00:00+00:00
28.8,83,25.7,1008.3,1009.4,5,5,0,0,8.6,221,22.0,0.0,1880.0,-3.8,-114.0,21.8,-4.0,12.4,107,33.0,109,40,2025-04-23 01:00:00+00:00
29.9,78,25.6,1009.1,1010.2,4,3,0,1,9.1,219,24.1,0.0,1810.0,-4.0,-79.0,21.8,-4.2,11.0,107,37.6,107,37,2025-04-23 02:00:00+00:00
31.8,66,24.6,1009.8,1010.9,23,1,0,22,9.5,202,27.4,0.0,1350.0,-3.3,-77.0,22.0,-4.4,10.3,103,37.6,107,32,2025-04-23 03:00:00+00:00
33.6,54,23.1,1009.7,1010.8,3,3,0,0,9.0,185,28.1,0.0,1230.0,-2.4,-84.0,22.1,-4.4,10.6,97,35.7,110,30,2025-04-23 04:00:00+00:00
35.1,46,21.6,1009.2,1010.3,5,0,4,0,9.3,155,29.2,0.0,1230.0,-2.0,-73.0,22.3,-4.4,11.9,88,33.4,111,27,2025-04-23 05:00:00+00:00
35.5,45,21.7,1008.3,1009.4,12,0,12,0,12.7,141,35.6,0.0,1390.0,-2.6,-52.0,22.4,-4.0,11.0,85,33.5,105,31,2025-04-23 06:00:00+00:00
35.0,51,23.5,1007.2,1008.3,26,16,13,0,16.4,137,43.6,0.0,1470.0,-3.3,-57.0,22.6,-4.2,9.1,72,31.2,106,30,2025-04-23 07:00:00+00:00
34.8,52,23.4,1005.9,1007.0,1,0,1,0,17.8,141,46.4,0.0,2370.0,-3.8,-61.0,22.7,-4.2,6.7,62,29.2,109,30,2025-04-23 08:00:00+00:00
34.6,46,21.4,1004.8,1005.9,0,0,0,0,18.6,150,47.2,0.0,3210.0,-4.2,-76.0,23.4,-4.2,8.1,52,27.0,111,29,2025-04-23 09:00:00+00:00
34.3,48,21.8,1004.0,1005.1,0,0,0,0,18.0,154,47.2,0.0,2700.0,-4.4,-91.0,23.7,-4.2,8.1,38,25.2,115,27,2025-04-23 10:00:00+00:00
33.5,48,20.9,1003.6,1004.7,0,0,0,0,16.2,153,45.0,0.0,1600.0,-4.1,-126.0,23.9,-3.7,10.0,51,22.5,115,24,2025-04-23 11:00:00+00:00
32.0,59,22.9,1004.0,1005.1,0,0,0,0,16.0,159,40.3,0.0,1670.0,-3.6,-157.0,24.4,-3.5,10.7,50,22.0,119,27,2025-04-23 12:00:00+00:00
30.7,70,24.6,1004.6,1005.7,0,0,0,0,14.7,160,35.3,0.0,1550.0,-4.2,-171.0,24.5,-3.3,12.9,58,18.8,117,23,2025-04-23 13:00:00+00:00
30.1,76,25.5,1005.8,1006.9,0,0,0,0,15.4,164,34.9,0.0,1620.0,-4.4,-147.0,24.6,-3.3,12.4,66,16.7,111,22,2025-04-23 14:00:00+00:00
29.9,78,25.6,1006.5,1007.6,0,0,0,0,15.2,166,34.9,0.0,2180.0,-4.6,-131.0,24.6,-3.3,11.0,73,16.3,107,21,2025-04-23 15:00:00+00:00
29.8,78,25.5,1007.3,1008.4,0,0,0,0,14.3,170,34.2,0.0,2730.0,-4.5,-110.0,24.5,-3.3,9.1,72,14.4,95,19,2025-04-23 16:00:00+00:00
29.5,81,25.8,1007.4,1008.5,0,0,0,0,13.3,170,31.0,0.0,3090.0,-4.9,-80.0,24.1,-3.3,6.8,70,13.3,85,17,2025-04-23 17:00:00+00:00
29.3,82,25.9,1006.8,1007.9,0,0,0,0,12.7,173,28.4,0.0,3460.0,-4.9,-59.0,23.7,-3.7,2.9,18,17.8,70,17,2025-04-23 18:00:00+00:00
29.0,83,25.7,1006.4,1007.5,0,0,0,0,11.0,186,26.3,0.0,3480.0,-4.7,-51.0,23.3,-4.0,2.8,9,18.3,67,14,2025-04-23 19:00:00+00:00
28.7,84,25.7,1006.0,1007.1,0,0,0,0,10.1,191,23.0,0.0,3140.0,-4.0,-45.0,23.1,-4.0,2.9,342,17.7,62,16,2025-04-23 20:00:00+00:00
28.4,85,25.7,1005.4,1006.5,63,5,0,61,10.3,199,21.6,0.0,3100.0,-4.1,-29.0,22.6,-4.0,2.5,338,18.3,58,18,2025-04-23 21:00:00+00:00
28.2,87,25.8,1005.1,1006.2,94,22,0,93,10.1,202,21.6,0.0,3330.0,-4.4,-19.0,22.4,-4.2,1.4,360,17.3,56,17,2025-04-23 22:00:00+00:00
28.1,88,25.9,1005.4,1006.5,95,23,0,93,8.6,213,20.9,0.0,3250.0,-4.6,-16.0,22.3,-4.2,2.0,63,17.7,62,14,2025-04-23 23:00:00+00:00
27.9,88,25.8,1005.9,1007.0,97,34,0,95,7.7,221,17.6,0.0,3080.0,-5.2,-26.0,21.5,-4.7,5.5,171,19.4,68,14,2025-04-24 00:00:00+00:00
29.3,83,26.2,1006.5,1007.6,96,17,0,96,9.1,207,20.5,0.0,2810.0,-5.4,-35.0,21.4,-4.7,5.8,162,19.8,76,13,2025-04-24 01:00:00+00:00
30.7,74,25.5,1007.6,1008.7,88,19,0,86,9.7,211,24.8,0.0,2580.0,-5.5,-37.0,21.4,-4.7,8.0,156,19.5,79,12,2025-04-24 02:00:00+00:00
32.3,64,24.6,1008.4,1009.5,7,5,1,2,10.3,195,28.4,0.0,2410.0,-5.2,-51.0,21.7,-4.7,10.4,151,20.5,83,10,2025-04-24 03:00:00+00:00
34.0,55,23.6,1008.8,1009.9,16,11,5,2,10.1,176,29.5,0.0,2290.0,-4.7,-61.0,21.6,-4.4,13.0,155,21.6,87,9,2025-04-24 04:00:00+00:00
35.2,49,23.0,1008.3,1009.4,67,3,12,61,11.7,155,33.1,0.0,1960.0,-3.9,-78.0,21.4,-4.2,14.4,162,21.6,90,10,2025-04-24 05:00:00+00:00
35.1,53,24.0,1007.6,1008.7,6,1,3,3,14.8,147,40.0,0.0,2180.0,-3.7,-59.0,22.0,-4.0,11.8,164,22.1,103,10,2025-04-24 06:00:00+00:00
35.2,53,24.3,1006.3,1007.4,2,2,1,0,17.4,140,45.7,0.0,2720.0,-3.4,-58.0,22.0,-3.7,10.6,187,21.3,106,17,2025-04-24 07:00:00+00:00
34.9,51,23.2,1004.9,1006.0,0,0,0,0,19.3,143,49.3,0.0,3340.0,-3.5,-81.0,22.3,-3.5,8.6,212,20.5,111,27,2025-04-24 08:00:00+00:00
34.5,53,23.4,1003.9,1005.0,0,0,0,0,18.8,146,49.3,0.0,3250.0,-3.7,-99.0,23.4,-3.5,5.9,270,18.3,113,39,2025-04-24 09:00:00+00:00
33.8,55,23.6,1003.1,1004.2,0,0,0,0,19.0,145,48.2,0.0,2410.0,-3.4,-117.0,24.4,-3.5,6.1,333,16.3,107,42,2025-04-24 10:00:00+00:00
32.9,60,24.0,1002.8,1003.9,0,0,0,0,18.0,149,47.5,0.0,2320.0,-3.0,-132.0,24.7,-3.5,5.5,24,15.2,108,42,2025-04-24 11:00:00+00:00
31.7,68,24.9,1003.3,1004.4,0,0,0,0,16.0,149,43.6,0.0,3280.0,-3.1,-131.0,24.6,-3.3,5.7,331,11.1,77,36,2025-04-24 12:00:00+00:00
30.8,74,25.5,1004.1,1005.2,0,0,0,0,14.3,141,35.3,0.0,3370.0,-3.9,-120.0,24.6,-3.3,5.9,356,12.2,79,34,2025-04-24 13:00:00+00:00
30.5,75,25.6,1005.2,1006.3,0,0,0,0,14.2,145,33.5,0.0,3660.0,-4.2,-107.0,24.5,-3.3,5.5,360,12.9,68,34,2025-04-24 14:00:00+00:00
30.2,77,25.8,1006.2,1007.3,0,0,0,0,13.5,146,32.4,0.0,4020.0,-4.6,-85.0,24.4,-3.7,5.5,360,14.5,66,32,2025-04-24 15:00:00+00:00
29.9,80,26.1,1007.1,1008.2,0,0,0,0,13.6,150,30.6,0.0,4060.0,-4.8,-70.0,24.0,-3.7,5.0,5,16.1,63,29,2025-04-24 16:00:00+00:00
29.7,82,26.2,1007.7,1008.8,1,1,0,0,13.0,155,28.8,0.0,4130.0,-4.8,-57.0,23.5,-4.0,3.2,352,16.7,60,27,2025-04-24 17:00:00+00:00
29.4,83,26.2,1007.2,1008.3,7,7,0,0,11.9,162,28.1,0.0,3820.0,-4.9,-46.0,23.7,-4.2,3.1,27,18.8,63,26,2025-04-24 18:00:00+00:00
29.1,84,26.2,1006.8,1007.9,7,7,0,0,9.9,170,24.8,0.0,3660.0,-5.0,-23.0,23.3,-4.2,1.6,34,19.9,65,26,2025-04-24 19:00:00+00:00
28.9,86,26.3,1006.1,1007.2,11,11,0,0,9.4,173,20.5,0.0,3650.0,-4.8,-16.0,22.8,-4.0,0.6,45,19.9,65,22,2025-04-24 20:00:00+00:00
28.7,87,26.4,1005.6,1006.7,20,20,0,0,9.5,179,20.2,0.0,3400.0,-4.6,-14.0,22.4,-4.0,1.0,153,18.3,67,17,2025-04-24 21:00:00+00:00
28.6,87,26.3,1005.4,1006.5,25,25,0,0,8.2,189,19.8,0.0,3300.0,-4.5,-17.0,22.1,-3.7,2.3,169,16.7,69,11,2025-04-24 22:00:00+00:00
28.3,89,26.3,1005.6,1006.7,23,23,0,0,7.7,191,16.9,0.0,3100.0,-4.6,-17.0,21.8,-3.7,4.1,180,16.7,69,11,2025-04-24 23:00:00+00:00
28.0,90,26.1,1006.5,1007.6,26,17,16,0,8.9,189,18.0,0.1,3420.0,-5.2,-4.0,21.5,-3.7,7.3,176,17.2,65,16,2025-04-25 00:00:00+00:00
29.2,84,26.2,1006.6,1007.7,16,16,11,0,11.0,177,25.6,0.1,3680.0,-5.4,-4.0,21.4,-3.7,8.6,162,17.5,74,14,2025-04-25 01:00:00+00:00
30.4,77,25.9,1007.7,1008.8,15,9,9,0,13.2,176,31.7,0.1,3590.0,-5.8,-1.0,21.2,-3.7,11.6,154,19.8,76,14,2025-04-25 02:00:00+00:00
31.7,70,25.5,1008.5,1009.6,11,7,7,0,12.6,177,33.1,0.1,3030.0,-5.1,-6.0,21.1,-3.7,13.7,154,21.9,81,16,2025-04-25 03:00:00+00:00
33.3,60,24.4,1008.5,1009.6,10,8,5,0,12.1,165,33.1,0.0,2880.0,-4.7,-16.0,21.0,-3.7,14.5,156,22.8,87,18,2025-04-25 04:00:00+00:00
34.3,55,24.0,1008.1,1009.2,16,9,7,0,13.5,153,36.7,0.0,2540.0,-4.5,-20.0,21.1,-3.7,14.3,158,24.0,93,18,2025-04-25 05:00:00+00:00
34.6,55,24.2,1007.6,1008.7,23,20,5,0,15.6,146,41.4,0.0,2660.0,-4.8,-23.0,21.2,-3.5,11.0,175,23.1,99,19,2025-04-25 06:00:00+00:00
34.5,55,24.2,1006.8,1007.9,19,19,0,0,17.6,145,45.7,0.0,2810.0,-5.2,-22.0,21.7,-3.3,9.2,189,23.3,102,17,2025-04-25 07:00:00+00:00
34.2,56,24.0,1005.7,1006.8,4,4,0,0,18.9,144,48.6,0.0,3260.0,-5.4,-40.0,22.3,-3.3,8.8,208,21.3,106,17,2025-04-25 08:00:00+00:00
34.1,56,24.0,1004.6,1005.7,1,1,0,0,19.6,145,49.3,0.0,3070.0,-4.8,-62.0,23.7,-3.3,5.6,235,20.1,107,16,2025-04-25 09:00:00+00:00
33.5,57,23.7,1004.0,1005.1,0,0,0,0,18.9,151,49.7,0.0,2380.0,-4.3,-87.0,24.4,-3.3,2.3,270,19.0,108,17,2025-04-25 10:00:00+00:00
32.5,61,24.1,1003.6,1004.7,0,0,0,0,18.3,150,47.2,0.0,2350.0,-4.3,-100.0,24.7,-3.3,2.9,108,17.5,106,29,2025-04-25 11:00:00+00:00
31.4,68,24.7,1004.1,1005.2,0,0,0,0,17.4,153,44.6,0.0,3380.0,-4.9,-97.0,25.2,-3.5,2.6,45,20.4,90,23,2025-04-25 12:00:00+00:00
30.6,75,25.7,1004.3,1005.4,0,0,0,0,15.4,150,36.0,0.0,3330.0,-5.6,-90.0,25.0,-3.5,3.9,69,19.2,90,30,2025-04-25 13:00:00+00:00
30.3,79,26.2,1005.6,1006.7,0,0,0,0,15.3,153,35.3,0.0,3480.0,-6.0,-70.0,25.0,-3.5,3.5,67,18.2,82,33,2025-04-25 14:00:00+00:00
30.1,80,26.2,1006.8,1007.9,0,0,0,0,14.5,153,34.9,0.0,3720.0,-5.9,-63.0,24.9,-3.7,3.7,60,18.4,79,39,2025-04-25 15:00:00+00:00
30.0,80,26.2,1007.4,1008.5,0,0,0,0,13.2,154,32.8,0.0,3720.0,-5.6,-58.0,24.7,-3.7,3.1,63,19.0,72,40,2025-04-25 16:00:00+00:00
29.8,81,26.2,1008.1,1009.2,1,1,0,0,13.1,157,28.8,0.0,3760.0,-5.5,-50.0,24.4,-4.0,1.9,76,19.4,68,40,2025-04-25 17:00:00+00:00
29.5,83,26.4,1007.5,1008.6,6,6,0,0,12.6,163,28.4,0.0,3840.0,-5.2,-32.0,23.8,-4.2,0.0,270,23.1,81,40,2025-04-25 18:00:00+00:00
29.2,85,26.4,1006.8,1007.9,6,6,0,0,13.0,169,27.7,0.0,3870.0,-5.0,-18.0,23.4,-4.0,0.5,180,22.4,74,40,2025-04-25 19:00:00+00:00
29.0,86,26.4,1006.1,1007.2,8,8,0,0,11.2,180,27.7,0.0,3680.0,-4.5,-15.0,22.9,-3.5,1.3,135,22.4,74,40,2025-04-25 20:00:00+00:00
28.7,87,26.3,1005.5,1006.6,25,25,0,0,9.2,191,23.0,0.0,3460.0,-4.1,-21.0,22.7,-3.5,3.2,135,21.3,74,39,2025-04-25 21:00:00+00:00
28.6,86,26.1,1005.3,1006.4,22,22,0,0,8.8,195,19.4,0.0,3260.0,-3.9,-15.0,22.4,-3.7,4.8,131,20.5,69,39,2025-04-25 22:00:00+00:00
28.2,87,25.9,1005.5,1006.6,22,22,0,0,8.0,203,18.0,0.0,3110.0,-3.6,-12.0,22.3,-3.7,7.1,130,21.0,66,39,2025-04-25 23:00:00+00:00
27.9,89,25.8,1006.1,1007.2,36,36,8,0,8.3,198,16.6,0.0,2780.0,-3.9,-11.0,22.1,-3.7,6.8,138,20.7,80,39,2025-04-26 00:00:00+00:00
29.4,82,25.9,1006.6,1007.7,25,24,1,0,10.8,181,23.4,0.1,2650.0,-4.3,-8.0,22.1,-4.0,9.0,135,21.9,81,39,2025-04-26 01:00:00+00:00
29.9,79,25.8,1007.5,1008.6,26,17,14,0,13.5,182,32.8,0.2,2790.0,-4.6,-2.0,22.1,-4.0,11.3,140,21.6,87,36,2025-04-26 02:00:00+00:00
31.5,69,25.2,1008.2,1009.3,36,7,5,28,12.4,177,32.8,0.1,2350.0,-3.8,-18.0,22.2,-3.7,13.9,142,22.8,93,34,2025-04-26 03:00:00+00:00
33.0,60,24.2,1008.4,1009.5,98,8,8,98,13.7,163,36.0,0.0,2180.0,-3.4,-27.0,21.1,-3.7,14.5,152,23.1,99,32,2025-04-26 04:00:00+00:00
33.6,57,24.1,1008.1,1009.2,100,4,1,100,15.5,155,40.7,0.0,2080.0,-3.7,-30.0,20.6,-3.7,13.4,162,23.6,105,27,2025-04-26 05:00:00+00:00
33.9,57,24.2,1007.5,1008.6,95,8,4,95,16.6,150,43.9,0.0,2660.0,-4.3,-25.0,20.9,-3.5,11.1,171,20.4,118,29,2025-04-26 06:00:00+00:00
34.2,54,23.7,1006.9,1008.0,100,2,0,100,16.7,147,44.6,0.0,2780.0,-4.9,-24.0,21.1,-3.7,9.2,174,20.6,126,27,2025-04-26 07:00:00+00:00
34.1,55,23.6,1005.9,1007.0,89,3,0,88,17.6,146,46.1,0.0,3250.0,-5.3,-31.0,21.7,-3.7,7.0,191,19.7,128,21,2025-04-26 08:00:00+00:00
33.6,57,23.9,1005.2,1006.3,1,1,0,0,18.7,146,47.5,0.0,3070.0,-5.4,-40.0,22.4,-4.0,6.0,189,20.4,130,14,2025-04-26 09:00:00+00:00
33.0,59,23.9,1004.7,1005.8,1,1,0,0,19.8,145,49.3,0.0,3130.0,-5.3,-47.0,22.8,-4.0,5.5,171,19.5,133,10,2025-04-26 10:00:00+00:00
32.1,64,24.4,1004.5,1005.6,14,0,0,14,19.4,147,49.3,0.0,3150.0,-5.4,-49.0,22.9,-3.7,6.5,155,17.0,135,9,2025-04-26 11:00:00+00:00
31.3,68,24.7,1004.6,1005.7,0,0,0,0,17.7,147,46.8,0.0,3660.0,-5.4,-44.0,23.4,-3.3,3.3,164,10.2,135,9,2025-04-26 12:00:00+00:00
30.7,71,24.9,1005.1,1006.2,0,0,0,0,15.3,150,37.8,0.0,3340.0,-5.2,-39.0,23.3,-3.3,4.8,139,9.4,130,9,2025-04-26 13:00:00+00:00
30.5,73,25.0,1006.1,1007.2,0,0,0,0,14.7,151,35.3,0.0,3460.0,-5.5,-32.0,23.4,-3.3,4.8,139,7.7,129,9,2025-04-26 14:00:00+00:00
30.3,73,25.0,1007.0,1008.1,0,0,0,0,14.5,153,33.8,0.0,3160.0,-5.6,-29.0,23.5,-3.3,5.8,135,8.0,117,9,2025-04-26 15:00:00+00:00
30.1,74,25.1,1007.7,1008.8,0,0,0,0,13.1,153,32.4,0.0,2990.0,-5.3,-28.0,23.5,-3.5,7.2,145,7.6,108,10,2025-04-26 16:00:00+00:00
29.8,77,25.4,1008.6,1009.7,0,0,0,0,11.9,155,27.7,0.0,3040.0,-5.0,-18.0,23.4,-3.5,7.5,155,6.5,112,10,2025-04-26 17:00:00+00:00
29.4,81,25.7,1008.3,1009.4,0,0,0,0,9.6,164,24.8,0.0,3000.0,-4.6,-7.0,23.2,-3.5,4.6,169,12.9,112,12,2025-04-26 18:00:00+00:00
29.0,84,25.9,1007.6,1008.7,17,8,0,10,8.0,175,19.8,0.0,2760.0,-4.4,-5.0,22.7,-3.5,5.0,175,11.4,108,12,2025-04-26 19:00:00+00:00
28.7,86,26.0,1006.9,1008.0,6,6,0,0,7.2,179,16.6,0.0,2920.0,-4.3,-8.0,22.1,-3.3,6.4,172,10.7,117,12,2025-04-26 20:00:00+00:00
28.5,86,25.9,1006.4,1007.5,27,16,0,13,7.4,179,15.1,0.0,3170.0,-4.1,-3.0,21.4,-3.3,8.0,156,8.0,117,13,2025-04-26 21:00:00+00:00
28.3,84,25.4,1006.4,1007.5,99,13,0,99,7.0,180,15.5,0.0,3150.0,-4.1,-2.0,21.0,-3.3,8.4,151,7.0,121,13,2025-04-26 22:00:00+00:00
28.2,84,25.2,1006.5,1007.6,87,16,0,85,6.5,180,14.0,0.0,3010.0,-4.3,-2.0,20.9,-3.5,8.4,135,6.5,112,13,2025-04-26 23:00:00+00:00
28.1,84,25.1,1007.0,1008.1,69,15,1,63,5.3,190,13.3,0.0,3110.0,-4.5,-8.0,20.5,-4.0,10.0,164,4.3,124,11,2025-04-27 00:00:00+00:00
29.4,77,24.9,1008.0,1009.1,100,10,3,99,5.3,192,12.6,0.0,2940.0,-4.8,-12.0,20.3,-4.2,8.4,158,3.8,108,14,2025-04-27 01:00:00+00:00
30.5,70,24.5,1008.9,1010.0,97,16,1,97,6.6,193,18.7,0.0,2860.0,-4.9,-7.0,20.2,-4.2,7.7,152,6.0,90,17,2025-04-27 02:00:00+00:00
32.0,62,23.8,1009.4,1010.5,81,8,7,78,7.1,171,22.3,0.0,2390.0,-4.1,-1.0,20.0,-4.2,6.8,143,7.2,90,18,2025-04-27 03:00:00+00:00
33.4,55,23.0,1009.4,1010.5,24,13,13,0,7.5,143,24.8,0.0,2120.0,-3.9,-3.0,20.0,-4.2,7.5,142,8.4,90,22,2025-04-27 04:00:00+00:00
34.1,51,22.6,1009.1,1010.2,59,19,12,44,9.5,127,29.5,0.0,1970.0,-4.2,-2.0,20.3,-4.2,7.2,145,8.5,82,32,2025-04-27 05:00:00+00:00
34.3,51,22.8,1008.8,1009.9,86,16,22,80,11.5,124,34.2,0.1,2010.0,-4.0,-5.0,20.5,-3.7,2.8,171,4.9,76,40,2025-04-27 06:00:00+00:00
34.0,53,23.0,1008.0,1009.1,87,8,16,83,12.3,130,36.0,0.1,2510.0,-3.5,-8.0,20.6,-4.0,3.2,135,3.8,72,44,2025-04-27 07:00:00+00:00
34.1,52,22.8,1007.2,1008.3,74,6,14,69,13.9,132,38.9,0.0,2470.0,-3.1,-14.0,20.8,-4.0,5.2,128,3.4,45,34,2025-04-27 08:00:00+00:00
33.8,52,22.4,1006.4,1007.5,96,8,13,95,15.3,130,41.8,0.0,2670.0,-2.8,-32.0,21.0,-4.0,5.7,119,3.8,18,32,2025-04-27 09:00:00+00:00
32.7,58,23.3,1005.5,1006.6,99,5,8,99,15.8,127,41.0,0.0,2720.0,-2.7,-41.0,21.1,-4.2,5.8,108,3.8,342,32,2025-04-27 10:00:00+00:00
32.1,61,23.7,1005.3,1006.4,95,0,5,95,15.6,129,41.0,0.0,2850.0,-2.9,-58.0,21.4,-4.0,6.4,98,3.8,342,34,2025-04-27 11:00:00+00:00
31.3,65,23.8,1005.4,1006.5,99,0,7,98,14.0,132,39.2,0.0,2920.0,-3.8,-40.0,21.7,-4.0,7.7,90,1.2,360,28,2025-04-27 12:00:00+00:00
30.2,73,24.8,1006.5,1007.6,95,6,1,94,17.6,126,41.0,0.0,2800.0,-4.6,-17.0,21.7,-4.0,9.2,96,1.7,45,28,2025-04-27 13:00:00+00:00
29.9,76,25.1,1007.3,1008.4,100,14,1,100,15.8,132,40.7,0.0,2770.0,-4.5,-12.0,21.7,-4.0,9.7,98,2.4,90,26,2025-04-27 14:00:00+00:00
29.5,77,25.1,1008.3,1009.4,98,13,1,98,15.2,143,37.4,0.0,2880.0,-4.6,-8.0,21.8,-4.2,8.3,96,2.7,63,26,2025-04-27 15:00:00+00:00
29.2,79,25.2,1008.9,1010.0,100,28,0,100,13.0,149,34.6,0.0,2840.0,-4.6,-13.0,22.0,-4.2,7.8,97,3.8,72,24,2025-04-27 16:00:00+00:00
28.9,80,25.2,1009.2,1010.3,95,26,0,93,12.3,153,29.9,0.0,2830.0,-4.6,-19.0,21.8,-4.2,7.3,120,3.4,45,24,2025-04-27 17:00:00+00:00
28.8,81,25.3,1008.7,1009.8,91,28,0,88,10.8,165,27.7,0.0,2430.0,-4.0,-26.0,21.6,-4.2,4.5,156,4.3,56,28,2025-04-27 18:00:00+00:00
28.6,83,25.4,1007.9,1009.0,100,23,0,100,9.1,170,23.8,0.0,2720.0,-3.6,-22.0,21.2,-4.0,6.1,167,5.1,45,29,2025-04-27 19:00:00+00:00
28.3,85,25.5,1007.2,1008.3,100,20,0,100,8.1,179,19.8,0.0,2590.0,-3.2,-15.0,21.0,-4.0,7.4,169,4.3,34,30,2025-04-27 20:00:00+00:00
28.1,86,25.6,1006.5,1007.6,100,23,0,99,7.2,192,16.9,0.0,2390.0,-2.8,-19.0,20.9,-3.7,7.6,163,4.9,14,31,2025-04-27 21:00:00+00:00
27.5,89,25.5,1006.1,1007.2,100,20,0,100,6.6,196,14.8,0.1,2350.0,-2.7,-23.0,20.9,-3.7,6.9,157,7.2,360,30,2025-04-27 22:00:00+00:00
27.6,88,25.5,1006.4,1007.5,100,19,0,100,6.0,189,12.6,0.1,2110.0,-2.5,-29.0,20.6,-3.7,8.4,151,7.3,351,29,2025-04-27 23:00:00+00:00
27.5,88,25.3,1006.8,1007.9,93,9,2,93,6.5,182,13.3,0.0,2060.0,-3.2,-15.0,20.4,-4.2,8.2,180,8.5,8,39,2025-04-28 00:00:00+00:00
28.7,79,24.8,1007.3,1008.4,100,4,10,100,8.4,171,19.4,0.1,1920.0,-3.6,-6.0,20.2,-4.0,8.4,167,8.4,360,37,2025-04-28 01:00:00+00:00
29.8,72,24.2,1007.9,1009.0,100,3,3,100,11.4,177,28.1,0.0,1730.0,-4.2,0.0,20.0,-3.7,9.0,156,7.2,360,40,2025-04-28 02:00:00+00:00
30.8,65,23.6,1008.5,1009.6,100,8,6,100,10.8,169,28.8,0.0,1500.0,-3.9,-4.0,20.0,-3.7,9.8,143,7.2,360,40,2025-04-28 03:00:00+00:00
32.1,58,22.8,1008.9,1010.0,100,10,9,100,11.2,164,31.3,0.0,1410.0,-3.7,-8.0,19.6,-3.7,10.6,149,4.9,14,42,2025-04-28 04:00:00+00:00
33.1,53,22.3,1008.2,1009.3,100,9,9,100,11.5,153,32.8,0.0,1320.0,-3.3,-9.0,19.7,-3.7,7.8,159,2.7,27,43,2025-04-28 05:00:00+00:00
33.6,51,22.2,1007.8,1008.9,99,7,16,99,12.9,140,36.4,0.0,1540.0,-3.1,-7.0,19.9,-3.7,5.0,180,5.4,243,50,2025-04-28 06:00:00+00:00
33.7,52,22.5,1007.0,1008.1,94,9,13,93,14.0,136,38.9,0.0,2120.0,-2.8,-18.0,19.6,-4.0,2.5,202,6.5,248,52,2025-04-28 07:00:00+00:00
33.4,53,22.6,1005.9,1007.0,100,5,9,100,14.3,134,39.6,0.0,2110.0,-2.6,-27.0,20.0,-4.0,2.6,225,7.6,252,44,2025-04-28 08:00:00+00:00
33.3,54,22.7,1004.9,1006.0,96,5,6,95,13.9,130,39.6,0.0,2010.0,-2.7,-35.0,20.4,-4.0,2.0,243,7.6,252,42,2025-04-28 09:00:00+00:00
32.4,59,23.3,1004.4,1005.5,13,7,4,2,15.2,133,40.3,0.0,2230.0,-3.0,-50.0,21.0,-4.0,1.0,243,7.2,270,43,2025-04-28 10:00:00+00:00
31.7,62,23.6,1004.1,1005.2,5,3,2,0,16.5,139,41.4,0.0,2350.0,-3.4,-75.0,21.1,-4.2,0.5,270,9.9,284,37,2025-04-28 11:00:00+00:00
30.9,64,23.4,1004.2,1005.3,5,4,2,0,16.1,146,41.4,0.0,2800.0,-3.5,-71.0,21.2,-4.0,4.3,342,9.1,293,28,2025-04-28 12:00:00+00:00
31.1,61,22.6,1004.4,1005.5,0,0,0,0,13.3,139,33.1,0.0,2790.0,-3.7,-69.0,21.6,-4.0,5.0,5,9.7,300,27,2025-04-28 13:00:00+00:00
30.8,63,22.9,1005.3,1006.4,4,0,0,4,13.3,147,32.4,0.0,2840.0,-3.8,-70.0,21.7,-3.7,6.1,13,9.7,300,29,2025-04-28 14:00:00+00:00
30.7,63,22.9,1006.2,1007.3,0,0,0,0,12.2,146,31.0,0.0,2950.0,-3.7,-67.0,21.7,-4.0,6.9,23,9.7,300,33,2025-04-28 15:00:00+00:00
30.5,65,23.1,1006.9,1008.0,0,0,0,0,11.2,143,28.1,0.0,2980.0,-4.0,-53.0,21.7,-4.0,6.3,30,9.4,310,36,2025-04-28 16:00:00+00:00
30.4,65,23.2,1007.6,1008.7,1,0,1,0,11.6,148,24.5,0.0,3000.0,-4.4,-37.0,21.7,-4.2,6.2,36,10.2,315,37,2025-04-28 17:00:00+00:00
30.2,67,23.4,1007.2,1008.3,3,0,2,0,11.9,150,25.2,0.0,3070.0,-4.5,-27.0,21.4,-4.7,3.9,45,12.8,319,36,2025-04-28 18:00:00+00:00
29.8,70,23.8,1006.6,1007.7,9,6,3,0,11.6,156,25.2,0.0,3170.0,-4.6,-29.0,21.2,-4.7,2.9,72,12.0,323,37,2025-04-28 19:00:00+00:00
29.4,74,24.2,1006.1,1007.2,18,16,2,0,10.9,171,24.5,0.0,3020.0,-4.3,-29.0,21.0,-4.7,2.7,121,11.1,319,36,2025-04-28 20:00:00+00:00
29.1,77,24.6,1005.4,1006.5,4,4,0,0,8.7,186,22.7,0.0,2770.0,-4.6,-35.0,20.9,-4.7,3.3,124,9.4,310,33,2025-04-28 21:00:00+00:00
28.7,79,24.8,1005.0,1006.1,4,4,0,0,6.5,199,18.0,0.0,2710.0,-5.2,-52.0,20.8,-4.7,3.9,111,7.0,301,32,2025-04-28 22:00:00+00:00
28.4,81,24.8,1005.1,1006.2,10,10,0,0,5.8,210,13.7,0.0,2760.0,-3.6,-41.0,20.8,-4.7,5.9,90,4.9,284,32,2025-04-28 23:00:00+00:00
28.0,83,24.8,1005.4,1006.5,18,5,0,14,4.4,235,11.9,0.0,2320.0,-3.5,-26.0,20.0,-4.4,5.5,95,3.8,252,34,2025-04-29 00:00:00+00:00
28.8,78,24.5,1006.6,1007.7,24,15,0,11,3.1,242,9.4,0.0,2300.0,-3.7,-30.0,20.0,-4.2,6.8,90,4.3,236,32,2025-04-29 01:00:00+00:00
30.0,72,24.4,1007.5,1008.6,23,16,2,8,3.3,193,13.0,0.1,2380.0,-3.9,-12.0,20.0,-4.0,8.2,90,4.3,236,30,2025-04-29 02:00:00+00:00
31.7,64,24.0,1007.7,1008.8,9,9,2,0,6.4,172,20.9,0.0,1930.0,-3.3,-7.0,19.9,-4.0,9.1,93,4.9,256,31,2025-04-29 03:00:00+00:00
32.7,58,23.4,1007.5,1008.6,27,18,12,0,9.9,145,29.5,0.0,1840.0,-3.0,-8.0,19.4,-4.0,9.0,105,7.3,261,36,2025-04-29 04:00:00+00:00
33.0,58,23.5,1007.5,1008.6,33,15,23,0,13.5,137,36.7,0.1,1740.0,-3.4,-7.0,20.2,-3.7,7.6,107,8.7,254,37,2025-04-29 05:00:00+00:00
33.1,58,23.6,1007.1,1008.2,24,16,12,0,14.1,140,40.7,0.1,1930.0,-3.3,-11.0,21.0,-3.5,4.7,119,7.2,270,37,2025-04-29 06:00:00+00:00
33.1,59,23.9,1006.2,1007.3,22,13,16,0,14.9,143,40.7,0.0,2250.0,-3.2,-23.0,21.4,-3.5,1.4,108,8.4,270,29,2025-04-29 07:00:00+00:00
33.3,56,23.4,1005.2,1006.3,29,10,25,0,15.0,142,42.1,0.2,2800.0,-2.8,-44.0,21.6,-3.5,1.4,288,9.6,270,24,2025-04-29 08:00:00+00:00
33.2,56,23.4,1004.1,1005.2,16,2,15,0,14.7,145,40.7,0.0,2430.0,-3.0,-80.0,22.1,-3.5,2.0,297,12.2,281,27,2025-04-29 09:00:00+00:00
32.6,59,23.7,1003.2,1004.3,1,1,0,0,15.1,140,40.0,0.0,2340.0,-3.4,-113.0,22.6,-3.5,2.3,349,12.9,292,31,2025-04-29 10:00:00+00:00
31.4,66,24.3,1002.7,1003.8,12,0,3,9,16.3,148,41.0,0.0,2570.0,-4.0,-124.0,22.9,-3.7,3.7,7,13.4,297,46,2025-04-29 11:00:00+00:00
30.3,74,25.0,1003.0,1004.1,86,0,12,84,18.4,151,43.6,0.0,2890.0,-3.8,-139.0,23.8,-3.5,9.0,330,13.0,304,38,2025-04-29 12:00:00+00:00
30.3,72,24.8,1004.1,1005.2,44,0,1,44,15.7,140,37.1,0.0,2970.0,-3.7,-121.0,23.7,-3.5,8.1,344,12.4,299,34,2025-04-29 13:00:00+00:00
29.8,77,25.3,1005.0,1006.1,45,0,2,44,15.6,149,36.7,0.0,2890.0,-4.1,-91.0,23.5,-3.5,7.9,350,11.3,302,23,2025-04-29 14:00:00+00:00
29.7,78,25.4,1006.0,1007.1,6,0,1,5,16.1,151,36.4,0.0,3180.0,-4.2,-83.0,23.3,-3.3,7.3,360,10.2,315,22,2025-04-29 15:00:00+00:00
29.7,77,25.3,1006.9,1008.0,54,0,2,53,16.4,147,37.8,0.0,3360.0,-4.7,-87.0,22.8,-3.0,6.0,9,10.7,333,22,2025-04-29 16:00:00+00:00
29.6,78,25.3,1007.4,1008.5,73,0,1,72,15.7,141,36.7,0.0,3660.0,-5.4,-95.0,22.4,-3.3,4.8,17,12.5,343,22,2025-04-29 17:00:00+00:00
29.4,78,25.2,1007.3,1008.4,15,2,2,12,13.7,145,33.5,0.0,3370.0,-4.9,-98.0,22.2,-3.3,5.6,14,12.2,349,20,2025-04-29 18:00:00+00:00
29.2,80,25.3,1006.7,1007.8,9,7,1,0,10.1,147,28.4,0.0,3230.0,-4.7,-69.0,21.8,-3.5,4.8,17,14.4,355,20,2025-04-29 19:00:00+00:00
28.9,81,25.4,1006.4,1007.5,16,15,0,0,8.7,158,21.2,0.0,3040.0,-4.5,-69.0,21.6,-3.5,3.9,21,13.2,360,19,2025-04-29 20:00:00+00:00
28.8,82,25.4,1006.0,1007.1,23,18,0,6,8.3,176,18.0,0.0,2820.0,-4.2,-88.0,21.5,-3.5,4.3,18,8.5,8,17,2025-04-29 21:00:00+00:00
28.5,83,25.3,1005.8,1006.9,56,14,0,49,8.7,185,18.0,0.0,2790.0,-3.4,-110.0,21.5,-3.5,6.1,27,4.9,14,16,2025-04-29 22:00:00+00:00
28.3,84,25.2,1005.9,1007.0,10,6,0,4,7.6,184,18.0,0.0,2660.0,-3.2,-110.0,21.5,-3.7,7.8,36,2.4,360,14,2025-04-29 23:00:00+00:00
28.0,85,25.2,1006.3,1007.4,1,1,0,0,7.0,193,15.5,0.0,2350.0,-3.1,-123.0,21.2,-4.0,2.9,39,4.9,284,26,2025-04-30 00:00:00+00:00
28.9,80,25.0,1006.7,1007.8,25,0,0,25,8.5,197,19.1,0.0,2070.0,-3.5,-98.0,21.1,-4.2,3.9,36,4.8,270,34,2025-04-30 01:00:00+00:00
30.2,72,24.6,1007.5,1008.6,100,0,0,100,8.7,194,23.4,0.0,1920.0,-4.2,-98.0,21.1,-4.4,4.9,56,4.8,270,39,2025-04-30 02:00:00+00:00
31.9,62,23.8,1008.0,1009.1,100,0,0,100,9.4,191,27.0,0.0,1850.0,-3.8,-53.0,21.4,-4.4,6.6,74,4.8,270,40,2025-04-30 03:00:00+00:00
33.6,54,23.2,1008.1,1009.2,74,0,0,74,10.3,169,29.9,0.0,1670.0,-3.4,-59.0,21.1,-4.7,7.3,97,6.5,248,32,2025-04-30 04:00:00+00:00
34.8,51,23.3,1007.7,1008.8,8,0,1,8,11.7,151,33.5,0.0,1820.0,-3.2,-59.0,20.9,-4.4,4.7,119,9.7,240,30,2025-04-30 05:00:00+00:00
35.4,50,23.5,1007.1,1008.2,15,12,4,1,13.6,141,37.8,0.0,1750.0,-2.7,-62.0,20.8,-4.0,3.1,153,9.1,247,34,2025-04-30 06:00:00+00:00
35.6,52,24.2,1006.0,1007.1,9,6,4,0,15.8,143,42.5,0.0,2280.0,-2.4,-46.0,20.6,-3.7,3.9,234,11.1,257,37,2025-04-30 07:00:00+00:00
35.4,51,23.8,1004.6,1005.7,10,5,6,0,17.4,141,45.4,0.0,2870.0,-2.5,-56.0,21.7,-3.5,5.2,285,13.3,265,41,2025-04-30 08:00:00+00:00
35.1,48,22.5,1003.7,1004.8,11,0,11,0,17.2,146,46.8,0.0,2880.0,-2.8,-67.0,22.4,-3.7,9.4,309,15.8,279,43,2025-04-30 09:00:00+00:00
34.1,51,22.6,1003.3,1004.4,18,0,18,0,17.2,145,44.3,0.0,1760.0,-2.8,-82.0,22.9,-4.0,9.2,333,17.8,290,43,2025-04-30 10:00:00+00:00
32.9,58,23.6,1003.3,1004.4,37,0,11,30,17.2,143,42.8,0.0,2170.0,-2.9,-97.0,23.1,-4.9,8.2,3,19.0,305,43,2025-04-30 11:00:00+00:00
31.8,62,23.7,1003.7,1004.8,89,0,16,88,17.3,149,42.8,0.0,3050.0,-2.8,-129.0,23.5,-4.4,8.5,324,22.9,313,46,2025-04-30 12:00:00+00:00
30.7,76,25.9,1004.5,1005.6,100,0,8,100,14.4,136,33.8,0.0,2920.0,-3.0,-137.0,23.7,-4.4,7.0,349,22.1,319,46,2025-04-30 13:00:00+00:00
30.4,77,25.9,1005.8,1006.9,99,0,10,99,14.5,143,33.8,0.0,3360.0,-3.9,-130.0,23.8,-4.7,5.6,346,23.1,321,47,2025-04-30 14:00:00+00:00
30.3,76,25.7,1006.5,1007.6,87,0,4,86,14.8,150,34.9,0.0,3510.0,-5.5,-131.0,23.8,-4.9,3.3,344,22.6,328,47,2025-04-30 15:00:00+00:00
30.1,78,25.9,1007.2,1008.3,8,0,6,3,14.2,154,32.8,0.0,3830.0,-6.6,-99.0,23.5,-4.9,1.8,270,25.2,335,48,2025-04-30 16:00:00+00:00
29.9,79,25.9,1007.6,1008.7,31,0,2,30,14.0,160,31.3,0.0,4150.0,-6.9,-55.0,23.3,-4.9,4.1,207,25.8,338,51,2025-04-30 17:00:00+00:00
29.7,81,26.1,1007.6,1008.7,100,0,0,100,12.8,158,29.9,0.0,4260.0,-7.5,-47.0,23.3,-5.1,3.3,304,26.8,333,60,2025-04-30 18:00:00+00:00
29.4,83,26.3,1007.3,1008.4,94,0,0,94,10.1,164,26.6,0.0,4340.0,-6.9,-6.0,22.9,-4.7,1.3,315,24.3,340,60,2025-04-30 19:00:00+00:00
29.1,85,26.4,1007.2,1008.3,95,9,0,94,8.6,179,20.5,0.0,4200.0,-8.2,-22.0,22.7,-4.7,1.0,27,22.1,347,61,2025-04-30 20:00:00+00:00
28.9,87,26.5,1006.5,1007.6,91,22,1,89,8.5,207,18.7,0.0,3980.0,-6.9,-1.0,22.6,-4.4,0.9,90,20.4,360,62,2025-04-30 21:00:00+00:00
28.6,89,26.6,1006.3,1007.4,100,17,0,100,9.1,210,19.4,0.0,3780.0,-6.0,-17.0,22.2,-4.4,2.5,112,19.5,11,61,2025-04-30 22:00:00+00:00
28.3,89,26.3,1006.0,1007.1,99,4,3,99,11.9,202,24.8,0.0,3490.0,-4.4,-4.0,22.3,-4.4,4.8,131,18.6,15,58,2025-04-30 23:00:00+00:00
28.1,88,25.8,1006.4,1007.5,100,1,0,100,11.5,203,26.3,0.0,2920.0,-4.7,-9.0,22.0,-3.7,7.5,142,13.4,10,48,2025-05-01 00:00:00+00:00
29.0,78,24.7,1007.2,1008.3,100,5,0,100,9.5,207,23.0,0.0,2850.0,-4.8,-12.0,22.0,-3.7,8.7,137,11.8,24,47,2025-05-01 01:00:00+00:00
30.0,72,24.4,1007.7,1008.8,100,2,0,100,10.1,211,25.6,0.0,2530.0,-4.5,-36.0,21.6,-3.7,9.0,139,10.7,27,49,2025-05-01 02:00:00+00:00
31.8,62,23.5,1008.0,1009.1,94,1,0,94,11.4,203,30.2,0.0,2330.0,-3.3,-50.0,21.0,-3.3,10.2,148,9.7,30,49,2025-05-01 03:00:00+00:00
34.0,50,22.1,1008.4,1009.5,89,1,0,89,10.9,199,32.0,0.0,2120.0,-2.7,-65.0,20.2,-3.0,9.8,158,8.7,34,50,2025-05-01 04:00:00+00:00
35.8,43,21.3,1007.9,1009.0,81,0,1,80,8.8,185,31.0,0.0,1740.0,-2.5,-48.0,20.5,-3.0,6.6,164,7.0,31,50,2025-05-01 05:00:00+00:00
36.8,40,21.2,1007.6,1008.7,49,2,11,42,10.6,145,31.0,0.0,2290.0,-2.9,-18.0,20.9,-4.0,3.6,220,7.7,39,56,2025-05-01 06:00:00+00:00
36.2,45,22.2,1006.7,1007.8,38,1,34,7,15.9,138,42.8,0.2,2580.0,-3.4,-16.0,20.6,-4.0,8.1,232,6.1,11,59,2025-05-01 07:00:00+00:00
35.0,50,23.0,1005.8,1006.9,45,1,23,28,17.2,139,45.4,1.0,3140.0,-3.9,-18.0,20.9,-4.4,9.2,264,7.3,351,56,2025-05-01 08:00:00+00:00
35.1,46,21.7,1004.9,1006.0,25,0,15,12,16.7,145,44.6,0.0,3960.0,-3.9,-41.0,21.7,-4.4,12.4,294,9.1,337,46,2025-05-01 09:00:00+00:00
34.4,48,21.6,1004.4,1005.5,20,0,9,12,18.2,148,45.0,0.0,2790.0,-3.7,-83.0,22.2,-4.4,13.1,299,10.3,324,37,2025-05-01 10:00:00+00:00
33.5,52,22.1,1004.1,1005.2,3,0,3,0,18.2,148,44.6,0.0,2900.0,-3.0,-111.0,22.7,-4.2,11.8,306,11.3,328,37,2025-05-01 11:00:00+00:00
32.3,56,22.3,1004.2,1005.3,7,0,1,5,16.4,145,43.9,0.0,3130.0,-3.4,-126.0,22.8,-3.7,8.6,295,10.3,324,33,2025-05-01 12:00:00+00:00
31.4,70,25.3,1005.1,1006.2,8,0,3,5,12.5,144,32.8,0.0,3320.0,-4.7,-108.0,22.7,-3.7,5.2,308,10.3,324,36,2025-05-01 13:00:00+00:00
30.7,77,26.2,1006.0,1007.1,76,0,0,76,12.5,144,29.5,0.0,3580.0,-5.4,-81.0,22.4,-3.5,3.6,310,10.7,333,38,2025-05-01 14:00:00+00:00
30.5,78,26.2,1006.9,1008.0,85,0,0,85,11.6,152,28.4,0.0,3640.0,-5.9,-69.0,22.3,-3.3,3.2,270,10.3,339,37,2025-05-01 15:00:00+00:00
30.3,78,26.1,1007.5,1008.6,100,0,0,100,10.4,157,26.3,0.0,4080.0,-6.0,-56.0,22.1,-3.0,3.7,240,9.9,346,34,2025-05-01 16:00:00+00:00
30.2,80,26.4,1007.9,1009.0,100,0,0,100,10.1,156,23.4,0.0,4390.0,-7.1,-26.0,22.1,-2.8,5.2,225,12.0,360,34,2025-05-01 17:00:00+00:00
29.8,82,26.4,1007.4,1008.5,100,0,0,100,10.8,159,23.4,0.0,4500.0,-6.6,-18.0,22.2,-3.0,7.1,225,13.4,27,36,2025-05-01 18:00:00+00:00
29.6,84,26.5,1007.0,1008.1,100,0,0,100,10.7,164,23.4,0.0,4480.0,-6.2,-11.0,22.1,-3.3,8.7,223,16.1,27,36,2025-05-01 19:00:00+00:00
29.3,85,26.6,1006.7,1007.8,57,0,0,57,9.1,171,22.3,0.0,4310.0,-6.1,-28.0,21.8,-3.5,10.0,223,17.3,34,36,2025-05-01 20:00:00+00:00
29.0,88,26.8,1006.3,1007.4,10,1,0,9,8.7,173,18.7,0.0,4490.0,-6.0,-32.0,21.7,-3.7,10.3,221,15.6,32,38,2025-05-01 21:00:00+00:00
28.9,89,26.9,1006.3,1007.4,49,8,0,45,9.1,171,18.7,0.0,4540.0,-6.0,-33.0,21.5,-4.2,8.4,221,14.0,31,39,2025-05-01 22:00:00+00:00
28.9,88,26.8,1006.5,1007.6,86,8,0,85,8.5,175,18.7,0.0,4010.0,-5.9,-34.0,21.1,-4.2,6.5,205,12.4,29,40,2025-05-01 23:00:00+00:00
28.9,87,26.5,1007.0,1008.1,83,5,0,82,7.9,179,17.3,0.0,3760.0,-6.1,-24.0,21.1,-4.2,6.4,180,11.4,18,44,2025-05-02 00:00:00+00:00
29.8,82,26.4,1007.7,1008.8,100,4,0,100,9.5,169,22.0,0.0,3430.0,-6.5,-16.0,21.0,-4.2,5.1,170,9.7,30,47,2025-05-02 01:00:00+00:00
30.7,75,25.8,1008.7,1009.8,100,8,0,100,10.5,173,26.3,0.0,3210.0,-6.0,-15.0,20.6,-4.0,6.3,159,6.5,22,50,2025-05-02 02:00:00+00:00
32.0,66,24.8,1009.2,1010.3,100,3,3,100,9.2,177,26.6,0.0,2830.0,-5.7,-14.0,20.4,-4.2,7.1,165,7.2,360,51,2025-05-02 03:00:00+00:00
33.7,56,23.9,1009.2,1010.3,14,6,7,4,9.3,170,27.7,0.0,2670.0,-5.1,-13.0,20.3,-4.9,7.2,162,7.6,342,48,2025-05-02 04:00:00+00:00
35.2,50,23.1,1008.6,1009.7,11,5,7,1,11.9,158,33.8,0.0,2320.0,-4.7,-3.0,20.5,-4.7,6.9,172,6.0,323,44,2025-05-02 05:00:00+00:00
35.6,49,23.2,1008.2,1009.3,23,11,17,2,14.3,145,39.2,0.0,2670.0,-4.3,-6.0,21.4,-4.2,7.3,210,10.3,306,47,2025-05-02 06:00:00+00:00
35.1,51,23.5,1007.3,1008.4,39,14,22,15,17.5,144,45.7,0.3,2600.0,-4.9,-13.0,21.5,-4.2,8.7,223,11.3,302,46,2025-05-02 07:00:00+00:00
34.6,50,22.8,1006.1,1007.2,40,3,26,19,18.3,152,47.9,0.1,3090.0,-5.5,-24.0,21.8,-4.2,8.0,239,13.7,308,46,2025-05-02 08:00:00+00:00
34.4,52,23.0,1005.3,1006.4,100,1,36,100,18.2,145,46.8,0.0,3130.0,-5.5,-60.0,22.2,-4.4,8.7,276,15.3,315,47,2025-05-02 09:00:00+00:00
34.2,51,22.5,1004.7,1005.8,100,1,15,99,16.4,151,46.8,0.0,2940.0,-4.9,-72.0,22.3,-4.7,5.5,275,17.0,315,47,2025-05-02 10:00:00+00:00
32.8,59,23.6,1004.5,1005.6,98,0,5,98,16.2,148,43.2,0.0,3140.0,-5.0,-85.0,22.4,-4.4,4.3,288,17.0,315,36,2025-05-02 11:00:00+00:00
31.7,66,24.6,1004.8,1005.9,96,0,7,95,15.7,153,41.4,0.0,3770.0,-5.2,-80.0,22.4,-4.4,3.2,278,16.3,324,41,2025-05-02 12:00:00+00:00
31.1,71,25.3,1005.1,1006.2,95,0,10,94,14.4,158,36.7,0.0,3520.0,-6.0,-44.0,22.4,-4.4,2.6,315,15.0,331,49,2025-05-02 13:00:00+00:00
30.7,75,25.7,1006.4,1007.5,87,0,7,86,13.0,166,32.8,0.0,3770.0,-6.9,-25.0,22.3,-4.7,2.3,307,14.0,340,54,2025-05-02 14:00:00+00:00
30.4,77,26.0,1007.0,1008.1,42,0,7,38,13.9,163,31.7,0.0,3830.0,-7.5,-15.0,22.3,-4.7,3.7,277,15.2,342,52,2025-05-02 15:00:00+00:00
30.2,80,26.3,1007.5,1008.6,25,0,3,23,14.4,165,32.8,0.0,3920.0,-7.0,-18.0,22.1,-4.9,4.1,264,14.4,355,53,2025-05-02 16:00:00+00:00
30.0,79,26.0,1007.9,1009.0,7,0,3,4,13.6,169,32.4,0.0,3900.0,-7.0,-16.0,22.0,-4.9,4.3,238,16.8,360,54,2025-05-02 17:00:00+00:00
29.6,82,26.3,1007.4,1008.5,3,0,2,1,12.3,176,29.5,0.0,3830.0,-7.3,-5.0,22.0,-5.1,4.5,246,12.0,360,56,2025-05-02 18:00:00+00:00
29.3,84,26.4,1007.1,1008.2,0,0,0,0,12.6,182,27.0,0.0,3710.0,-6.6,-9.0,21.6,-5.1,7.1,230,10.9,354,49,2025-05-02 19:00:00+00:00
29.0,86,26.4,1006.5,1007.6,4,4,0,0,12.3,190,26.6,0.0,3400.0,-6.3,-17.0,21.4,-4.9,7.1,230,9.1,337,43,2025-05-02 20:00:00+00:00
29.0,86,26.3,1006.2,1007.3,30,3,0,28,12.0,193,25.9,0.0,3550.0,-6.4,-7.0,21.0,-4.9,7.8,220,7.7,321,41,2025-05-02 21:00:00+00:00
28.9,84,25.8,1006.1,1007.2,92,1,0,92,12.6,194,27.0,0.0,3620.0,-6.1,-3.0,21.0,-4.9,7.6,213,9.4,320,41,2025-05-02 22:00:00+00:00
28.6,81,25.0,1006.2,1007.3,98,0,0,98,11.6,193,26.6,0.0,3200.0,-6.2,-8.0,21.0,-4.9,5.9,212,10.3,306,38,2025-05-02 23:00:00+00:00
28.3,81,24.7,1006.3,1007.4,100,0,0,100,11.1,200,24.1,0.0,2970.0,-6.5,-15.0,21.6,-4.9,3.3,196,8.0,297,40,2025-05-03 00:00:00+00:00
29.4,77,24.9,1006.7,1007.8,100,0,0,100,9.5,191,22.7,0.0,2790.0,-6.5,-17.0,21.7,-5.1,1.9,225,8.0,297,40,2025-05-03 01:00:00+00:00
30.8,70,24.8,1007.5,1008.6,100,0,0,100,9.3,196,24.5,0.0,2830.0,-6.1,-21.0,21.8,-5.1,1.9,284,7.0,301,42,2025-05-03 02:00:00+00:00
32.8,60,24.0,1008.0,1009.1,81,0,0,81,8.8,199,25.6,0.0,3070.0,-6.1,-17.0,22.0,-4.9,2.9,309,4.9,284,43,2025-05-03 03:00:00+00:00
35.0,49,22.8,1008.1,1009.2,82,1,5,80,8.3,204,26.6,0.0,2730.0,-5.7,-9.0,21.7,-4.7,2.8,279,6.0,270,47,2025-05-03 04:00:00+00:00
36.6,43,21.9,1007.4,1008.5,44,0,6,40,7.2,184,26.6,0.0,2170.0,-5.8,-13.0,21.6,-4.4,3.7,263,8.5,278,47,2025-05-03 05:00:00+00:00
37.5,40,21.5,1006.5,1007.6,17,1,17,0,10.4,150,30.6,0.0,2130.0,-5.7,-22.0,21.6,-4.7,4.8,287,8.0,243,46,2025-05-03 06:00:00+00:00
37.1,46,23.7,1005.6,1006.7,48,15,47,1,14.9,142,41.4,0.5,2190.0,-5.3,-32.0,21.5,-4.7,6.1,257,9.7,263,46,2025-05-03 07:00:00+00:00
35.8,53,24.6,1004.7,1005.8,22,0,22,0,19.1,142,48.6,0.0,2940.0,-5.4,-43.0,21.8,-5.1,6.4,266,12.2,259,48,2025-05-03 08:00:00+00:00
35.2,51,23.5,1003.6,1004.7,23,3,16,10,18.9,151,49.0,0.0,3240.0,-6.2,-54.0,22.6,-4.9,7.6,303,15.8,261,50,2025-05-03 09:00:00+00:00
34.3,54,23.8,1003.1,1004.2,24,0,22,7,19.0,154,48.6,0.0,3000.0,-6.7,-96.0,22.7,-4.9,7.5,295,15.8,279,50,2025-05-03 10:00:00+00:00
33.9,53,22.9,1002.5,1003.6,16,0,16,3,19.1,151,46.4,0.0,2630.0,-6.5,-116.0,22.8,-4.9,6.0,279,14.6,279,41,2025-05-03 11:00:00+00:00
32.2,61,23.8,1003.0,1004.1,22,0,17,9,18.4,154,46.8,0.0,2950.0,-5.2,-116.0,23.3,-5.1,9.1,273,15.6,266,38,2025-05-03 12:00:00+00:00
31.6,68,24.9,1003.7,1004.8,9,0,9,0,14.8,144,38.5,0.0,2850.0,-5.6,-116.0,23.4,-4.9,7.3,263,19.2,266,40,2025-05-03 13:00:00+00:00
31.0,74,25.9,1004.4,1005.5,12,0,12,0,13.0,146,33.8,0.0,2900.0,-6.0,-111.0,23.5,-4.7,8.8,261,20.5,263,41,2025-05-03 14:00:00+00:00
30.8,76,26.1,1005.2,1006.3,5,0,5,0,13.3,148,30.2,0.0,3250.0,-5.9,-99.0,23.7,-4.4,9.8,257,22.8,267,41,2025-05-03 15:00:00+00:00
30.4,81,26.7,1005.8,1006.9,0,0,0,0,14.4,154,32.4,0.0,3560.0,-7.1,-76.0,23.5,-4.7,10.7,250,22.8,270,43,2025-05-03 16:00:00+00:00
30.2,82,26.7,1006.3,1007.4,0,0,0,0,14.3,163,33.5,0.0,3810.0,-6.8,-70.0,23.2,-5.1,12.4,242,21.7,276,46,2025-05-03 17:00:00+00:00
29.9,84,26.9,1005.8,1006.9,6,6,0,0,13.0,170,31.7,0.0,4080.0,-6.9,-40.0,23.1,-5.1,14.3,253,18.0,266,47,2025-05-03 18:00:00+00:00
29.6,85,26.8,1005.4,1006.5,20,19,0,1,11.7,184,29.2,0.0,4270.0,-7.6,-23.0,22.6,-5.1,15.9,252,16.8,270,48,2025-05-03 19:00:00+00:00
29.5,86,26.9,1005.2,1006.3,5,5,1,0,11.0,186,26.6,0.0,4000.0,-7.8,-11.0,22.1,-5.1,15.4,251,18.0,266,52,2025-05-03 20:00:00+00:00
29.2,87,26.9,1005.0,1006.1,23,22,2,0,11.2,195,24.8,0.0,3790.0,-7.9,-3.0,21.7,-5.4,14.1,245,18.0,270,53,2025-05-03 21:00:00+00:00
29.1,87,26.7,1005.0,1006.1,25,20,6,1,11.9,200,25.2,0.0,3690.0,-8.0,-3.0,21.4,-5.6,14.9,239,16.8,274,50,2025-05-03 22:00:00+00:00
29.1,85,26.3,1005.4,1006.5,16,12,0,4,13.3,201,28.1,0.0,3130.0,-8.3,-5.0,21.1,-5.6,15.1,241,15.6,270,52,2025-05-03 23:00:00+00:00
28.9,80,25.1,1005.9,1007.0,11,4,0,7,14.3,201,30.6,0.0,2750.0,-8.6,-3.0,21.4,-5.6,14.5,229,16.3,253,47,2025-05-04 00:00:00+00:00
29.6,77,25.1,1005.7,1006.8,0,0,0,0,12.7,196,30.6,0.0,2320.0,-8.5,-9.0,21.2,-5.8,13.8,236,17.2,245,48,2025-05-04 01:00:00+00:00
30.9,71,25.0,1006.5,1007.6,0,0,0,0,13.2,195,32.0,0.0,2110.0,-7.9,-28.0,21.4,-5.6,13.7,240,20.0,237,39,2025-05-04 02:00:00+00:00
32.9,61,24.4,1007.0,1008.1,1,0,0,1,13.6,191,34.9,0.0,2430.0,-7.1,-40.0,21.4,-5.6,14.3,248,23.1,231,40,2025-05-04 03:00:00+00:00
35.0,51,23.3,1006.8,1007.9,0,0,0,0,12.8,195,36.0,0.0,2910.0,-6.4,-11.0,21.1,-5.4,16.5,256,24.7,231,43,2025-05-04 04:00:00+00:00
36.9,42,21.8,1006.5,1007.6,6,0,1,5,9.3,195,35.6,0.0,3190.0,-6.1,-4.0,21.0,-5.1,18.8,263,25.0,235,47,2025-05-04 05:00:00+00:00
38.1,36,20.7,1005.6,1006.7,38,3,34,4,5.4,176,31.0,0.0,3140.0,-5.8,-17.0,21.1,-5.1,22.4,274,26.4,231,40,2025-05-04 06:00:00+00:00
37.8,39,21.4,1004.7,1005.8,13,0,10,3,9.4,144,32.0,0.0,2960.0,-5.7,-38.0,21.4,-5.1,14.1,272,26.4,231,42,2025-05-04 07:00:00+00:00
36.3,55,25.9,1003.5,1004.6,36,0,36,0,14.9,138,42.1,0.4,3430.0,-6.1,-44.0,22.0,-5.1,16.4,283,23.8,229,39,2025-05-04 08:00:00+00:00
34.8,58,25.4,1003.1,1004.2,12,0,8,6,15.0,133,45.4,0.6,4180.0,-6.9,-78.0,22.7,-5.4,18.6,295,24.0,233,44,2025-05-04 09:00:00+00:00
34.1,60,25.2,1002.6,1003.7,35,0,12,30,16.0,121,39.2,0.0,4020.0,-8.1,-94.0,23.1,-5.6,12.9,302,27.4,241,64,2025-05-04 10:00:00+00:00
33.5,58,24.2,1002.5,1003.6,31,0,11,29,14.0,144,41.4,0.0,3450.0,-6.6,-107.0,23.2,-5.4,9.9,326,30.1,247,54,2025-05-04 11:00:00+00:00
32.4,66,25.3,1003.1,1004.2,38,0,5,37,13.8,149,35.6,0.0,3880.0,-4.8,-79.0,22.2,-5.4,13.7,2,32.8,246,64,2025-05-04 12:00:00+00:00
29.4,71,23.5,1004.9,1006.0,23,0,23,4,11.6,44,31.3,0.0,3630.0,-3.8,-285.0,21.8,-5.8,10.2,10,25.2,267,62,2025-05-04 13:00:00+00:00
28.9,78,24.6,1005.6,1006.7,27,0,26,2,11.6,53,27.4,0.0,3560.0,-4.6,-195.0,23.5,-5.6,10.5,5,25.2,267,73,2025-05-04 14:00:00+00:00
29.1,78,24.9,1006.5,1007.6,79,45,7,58,11.3,72,26.6,0.0,3310.0,-6.4,-130.0,23.2,-5.8,5.9,23,24.0,273,69,2025-05-04 15:00:00+00:00
29.4,78,25.1,1006.5,1007.6,41,37,6,0,9.9,115,25.9,0.0,2960.0,-7.3,-129.0,22.8,-6.1,3.7,60,28.0,260,62,2025-05-04 16:00:00+00:00
29.2,81,25.6,1006.5,1007.6,3,1,0,1,7.9,147,22.0,0.0,3000.0,-7.3,-119.0,22.8,-6.3,1.4,180,25.9,257,56,2025-05-04 17:00:00+00:00
29.0,83,25.8,1006.4,1007.5,67,13,4,60,8.3,185,17.3,0.0,2110.0,-7.7,-72.0,22.6,-6.1,1.9,315,25.2,267,56,2025-05-04 18:00:00+00:00
28.7,85,25.9,1005.9,1007.0,86,12,1,83,7.3,220,17.3,0.0,2430.0,-7.1,-53.0,22.3,-5.6,3.9,225,25.3,265,49,2025-05-04 19:00:00+00:00
28.3,87,25.8,1005.3,1006.4,97,20,0,96,7.8,244,15.8,0.0,2450.0,-5.2,-70.0,22.3,-5.4,4.8,229,27.6,268,47,2025-05-04 20:00:00+00:00
28.2,86,25.6,1005.1,1006.2,100,2,0,100,9.8,221,19.8,0.0,2380.0,-4.1,-109.0,22.2,-5.4,5.8,231,27.6,268,44,2025-05-04 21:00:00+00:00
28.1,86,25.5,1004.7,1005.8,100,10,0,100,9.2,225,20.5,0.0,2220.0,-3.0,-173.0,22.3,-5.4,5.8,252,26.5,265,46,2025-05-04 22:00:00+00:00
27.9,88,25.7,1004.8,1005.9,100,43,0,100,8.7,218,18.7,0.0,2090.0,-1.5,-237.0,22.3,-5.1,5.5,261,27.7,265,48,2025-05-04 23:00:00+00:00
27.9,89,25.9,1004.9,1006.0,100,4,0,100,8.9,220,19.1,0.0,1020.0,0.7,0.0,22.3,-4.9,6.6,286,34.8,272,42,2025-05-05 00:00:00+00:00
26.7,78,22.6,1005.3,1006.4,100,0,0,100,8.8,235,21.2,0.0,1090.0,0.6,-108.0,22.1,-4.7,6.4,278,36.0,272,42,2025-05-05 01:00:00+00:00
27.8,73,22.5,1006.3,1007.4,100,0,0,100,7.9,235,19.4,0.0,1160.0,0.1,-270.0,21.8,-4.7,5.9,266,36.0,272,44,2025-05-05 02:00:00+00:00
29.7,64,22.3,1006.8,1007.9,100,0,0,100,8.5,209,23.4,0.0,1440.0,0.4,0.0,21.7,-4.4,5.6,256,36.0,268,43,2025-05-05 03:00:00+00:00
31.4,57,21.9,1006.9,1008.0,97,0,0,97,8.5,208,24.8,0.0,1420.0,-0.1,-171.0,21.5,-4.2,6.1,243,38.6,265,43,2025-05-05 04:00:00+00:00
33.2,51,21.6,1006.5,1007.6,61,0,0,61,6.7,183,24.8,0.0,1310.0,-0.5,-173.0,21.4,-4.2,6.3,240,41.2,262,43,2025-05-05 05:00:00+00:00
34.6,47,21.6,1005.6,1006.7,16,0,0,16,7.5,153,24.5,0.0,1630.0,-1.1,-148.0,21.4,-4.2,7.9,260,46.4,260,49,2025-05-05 06:00:00+00:00
34.5,52,23.4,1004.7,1005.8,42,0,0,42,12.0,133,33.5,0.0,1650.0,-1.4,-121.0,21.2,-4.2,11.0,263,47.8,258,49,2025-05-05 07:00:00+00:00
33.8,57,24.1,1003.8,1004.9,27,0,4,25,15.4,132,40.7,0.0,1900.0,-1.5,-103.0,21.1,-4.4,9.4,256,48.0,257,48,2025-05-05 08:00:00+00:00
33.4,55,23.1,1003.2,1004.3,94,0,12,93,16.3,138,42.5,0.0,2460.0,-1.8,-114.0,21.5,-4.4,10.5,272,47.2,255,44,2025-05-05 09:00:00+00:00
32.8,58,23.4,1002.9,1004.0,54,0,24,40,18.1,140,44.6,0.0,1890.0,-2.2,-166.0,22.8,-4.4,12.3,318,46.7,252,40,2025-05-05 10:00:00+00:00
31.8,62,23.7,1002.9,1004.0,77,0,10,75,17.8,150,45.0,0.0,1560.0,-2.6,-183.0,22.6,-4.4,12.2,315,46.3,253,39,2025-05-05 11:00:00+00:00
31.1,66,24.0,1003.4,1004.5,89,0,16,88,16.1,146,42.5,0.0,1780.0,-2.5,-175.0,23.1,-4.0,12.4,336,39.9,254,38,2025-05-05 12:00:00+00:00
30.2,74,25.0,1004.3,1005.4,100,0,1,100,12.3,148,30.2,0.0,2050.0,-2.8,-182.0,23.2,-4.2,10.2,350,37.6,253,41,2025-05-05 13:00:00+00:00
30.0,75,25.0,1005.1,1006.2,71,0,4,70,12.0,148,27.7,0.0,2230.0,-3.7,-155.0,23.1,-4.2,8.3,351,35.3,252,44,2025-05-05 14:00:00+00:00
29.7,81,26.2,1005.9,1007.0,23,0,1,22,12.6,144,26.3,0.0,2720.0,-4.5,-128.0,22.7,-4.0,6.6,344,33.0,251,46,2025-05-05 15:00:00+00:00
29.7,79,25.8,1006.4,1007.5,2,0,1,1,14.6,147,29.9,0.0,3120.0,-5.4,-107.0,22.4,-4.0,4.8,319,31.2,247,42,2025-05-05 16:00:00+00:00
29.5,82,26.2,1006.6,1007.7,46,0,2,46,14.8,149,31.0,0.0,3330.0,-5.8,-93.0,22.0,-4.2,5.1,260,31.2,247,42,2025-05-05 17:00:00+00:00
29.4,83,26.3,1006.6,1007.7,74,0,0,74,12.7,159,31.0,0.0,3260.0,-6.2,-81.0,21.6,-4.2,4.2,257,29.7,256,47,2025-05-05 18:00:00+00:00
29.0,86,26.4,1006.5,1007.6,43,1,0,42,9.7,181,25.6,0.0,3490.0,-6.1,-62.0,21.2,-4.4,7.1,230,27.4,255,48,2025-05-05 19:00:00+00:00
28.6,89,26.5,1005.8,1006.9,8,3,0,5,8.9,194,19.4,0.0,3460.0,-5.8,-41.0,21.2,-4.4,7.4,223,27.1,257,48,2025-05-05 20:00:00+00:00
28.3,90,26.5,1005.2,1006.3,6,6,0,0,7.8,202,18.0,0.0,3480.0,-5.2,-50.0,21.1,-4.7,8.8,219,27.1,257,47,2025-05-05 21:00:00+00:00
28.0,91,26.4,1005.2,1006.3,18,0,0,18,6.9,213,15.8,0.0,3430.0,-4.9,-48.0,20.6,-4.7,13.8,214,27.7,252,47,2025-05-05 22:00:00+00:00
27.7,92,26.2,1005.7,1006.8,52,0,0,52,7.5,220,14.8,0.0,3180.0,-5.1,-53.0,20.3,-4.4,15.1,205,30.6,244,48,2025-05-05 23:00:00+00:00
27.4,92,26.0,1006.5,1007.6,77,0,0,76,7.8,220,15.8,0.0,2560.0,-4.5,-61.0,20.8,-4.9,11.3,194,29.0,246,53,2025-05-06 00:00:00+00:00
28.5,84,25.6,1007.1,1008.2,27,2,0,25,6.8,222,15.5,0.0,2360.0,-4.0,-62.0,20.9,-4.9,11.2,207,26.3,246,60,2025-05-06 01:00:00+00:00
30.2,75,25.2,1007.8,1008.9,77,0,0,77,8.1,211,21.2,0.0,2380.0,-3.2,-83.0,20.5,-4.9,14.5,229,24.7,241,63,2025-05-06 02:00:00+00:00
32.2,62,24.0,1008.0,1009.1,85,0,0,85,10.4,198,28.4,0.0,2190.0,-2.4,-100.0,20.4,-4.9,17.9,243,24.0,233,63,2025-05-06 03:00:00+00:00
34.3,53,23.3,1007.8,1008.9,98,0,0,98,9.6,196,29.5,0.0,2160.0,-2.4,-57.0,20.4,-4.4,19.6,252,24.7,231,59,2025-05-06 04:00:00+00:00
36.3,45,22.3,1007.4,1008.5,96,1,2,96,7.9,196,29.9,0.0,2080.0,-3.1,-26.0,20.8,-4.4,16.1,263,26.4,231,51,2025-05-06 05:00:00+00:00
37.6,39,21.1,1006.4,1007.5,96,1,16,96,6.4,155,29.2,0.0,2370.0,-3.4,-8.0,21.1,-4.0,18.5,286,33.6,235,50,2025-05-06 06:00:00+00:00
36.3,51,24.5,1005.5,1006.6,87,0,48,74,12.2,134,35.3,0.0,1990.0,-4.0,-16.0,21.5,-3.7,13.2,284,34.4,241,49,2025-05-06 07:00:00+00:00
34.7,60,25.8,1004.6,1005.7,74,0,16,69,17.2,134,45.0,0.0,2550.0,-4.7,-26.0,21.7,-4.0,12.7,285,34.9,243,46,2025-05-06 08:00:00+00:00
33.8,62,25.4,1004.0,1005.1,60,2,36,37,16.3,139,47.2,0.0,3920.0,-5.9,-48.0,22.1,-4.4,14.3,287,33.3,244,50,2025-05-06 09:00:00+00:00
33.5,62,25.3,1003.4,1004.5,29,0,20,12,16.8,142,42.5,0.0,3550.0,-6.4,-67.0,22.6,-4.4,13.9,293,33.4,249,57,2025-05-06 10:00:00+00:00
32.9,63,24.8,1003.3,1004.4,13,0,13,0,12.9,141,42.8,0.0,3140.0,-6.9,-79.0,23.1,-4.4,10.2,302,33.4,249,58,2025-05-06 11:00:00+00:00
31.7,71,25.8,1003.4,1004.5,8,2,6,0,14.5,146,36.0,0.0,3640.0,-6.7,-84.0,23.8,-4.2,10.3,315,34.6,256,59,2025-05-06 12:00:00+00:00
31.0,74,25.8,1003.7,1004.8,8,0,6,2,13.2,146,31.7,0.0,3460.0,-6.8,-78.0,23.8,-4.2,8.5,324,33.0,260,59,2025-05-06 13:00:00+00:00
30.5,82,27.0,1004.6,1005.7,14,0,12,2,13.9,151,31.0,0.0,3360.0,-5.8,-84.0,23.7,-4.0,6.5,348,32.8,262,58,2025-05-06 14:00:00+00:00
30.3,82,26.9,1005.6,1006.7,11,0,5,6,13.9,157,32.0,0.0,3490.0,-6.4,-44.0,23.7,-4.2,4.3,18,30.6,259,57,2025-05-06 15:00:00+00:00
30.2,83,26.9,1006.6,1007.7,60,0,18,51,13.6,162,30.6,0.0,3740.0,-6.2,-31.0,23.4,-4.4,2.7,90,30.4,261,57,2025-05-06 16:00:00+00:00
30.0,84,27.0,1007.0,1008.1,81,0,8,80,12.5,162,29.9,0.0,3970.0,-6.2,-43.0,23.1,-4.7,4.2,131,28.8,268,58,2025-05-06 17:00:00+00:00
29.7,86,27.1,1006.8,1007.9,83,0,6,82,11.2,178,26.3,0.0,3500.0,-6.5,-20.0,22.2,-5.6,4.7,209,28.2,282,60,2025-05-06 18:00:00+00:00
29.4,87,27.1,1006.2,1007.3,99,5,15,99,10.7,187,23.4,0.0,3710.0,-6.6,-15.0,21.8,-5.1,9.2,213,28.2,282,60,2025-05-06 19:00:00+00:00
29.1,88,27.0,1005.4,1006.5,97,0,2,97,11.3,193,23.8,0.0,3660.0,-6.7,-13.0,21.4,-5.4,12.2,225,28.0,280,57,2025-05-06 20:00:00+00:00
28.9,88,26.7,1004.6,1005.7,58,0,1,57,10.2,198,23.8,0.0,3650.0,-6.0,-4.0,21.1,-5.4,13.9,229,30.0,272,54,2025-05-06 21:00:00+00:00
28.7,88,26.4,1004.6,1005.7,87,0,4,87,8.6,217,21.6,0.0,3650.0,-5.9,-4.0,21.0,-5.4,14.1,241,28.0,260,53,2025-05-06 22:00:00+00:00
28.5,88,26.2,1005.0,1006.1,72,0,6,70,6.9,217,18.0,0.0,3360.0,-6.2,-3.0,20.9,-5.1,15.5,230,25.1,253,56,2025-05-06 23:00:00+00:00
28.3,87,25.9,1005.6,1006.7,96,0,2,96,8.1,209,16.6,0.0,2710.0,-5.2,-32.0,21.0,-5.1,9.2,237,25.1,253,71,2025-05-07 00:00:00+00:00
27.9,78,23.7,1005.7,1006.8,86,0,19,83,6.1,242,11.5,0.0,2660.0,-4.2,-32.0,21.4,-5.1,7.7,242,21.6,251,78,2025-05-07 01:00:00+00:00
29.9,68,23.2,1006.4,1007.5,76,0,18,71,6.5,257,18.0,0.0,2740.0,-3.7,-44.0,21.7,-4.9,7.1,243,17.8,250,82,2025-05-07 02:00:00+00:00
32.5,54,22.0,1006.6,1007.7,84,0,2,84,4.4,235,18.7,0.0,3110.0,-3.3,-50.0,21.6,-4.9,9.2,237,16.7,240,82,2025-05-07 03:00:00+00:00
35.0,42,20.2,1006.3,1007.4,89,0,0,89,2.6,168,17.3,0.0,3130.0,-2.5,-50.0,20.8,-4.9,15.7,240,16.3,234,81,2025-05-07 04:00:00+00:00
36.2,39,20.2,1005.8,1006.9,12,0,1,11,7.2,125,24.1,0.0,2340.0,-2.6,-34.0,20.3,-4.7,21.1,256,16.1,222,79,2025-05-07 05:00:00+00:00
36.0,46,22.6,1004.9,1006.0,41,9,37,7,12.2,118,39.2,0.0,1780.0,-2.4,-28.0,20.5,-4.0,19.9,279,15.4,231,72,2025-05-07 06:00:00+00:00
34.9,50,23.0,1004.4,1005.5,49,3,41,15,15.9,121,42.5,0.6,1830.0,-3.0,-25.0,20.6,-4.2,12.8,272,16.3,234,69,2025-05-07 07:00:00+00:00
34.2,51,22.7,1003.6,1004.7,96,0,41,93,15.7,134,43.6,0.0,3110.0,-3.0,-32.0,20.9,-4.0,12.3,272,16.1,228,61,2025-05-07 08:00:00+00:00
34.2,52,22.8,1002.8,1003.9,42,0,28,20,14.0,122,40.7,0.0,4020.0,-3.2,-58.0,21.7,-4.2,12.4,276,18.0,233,57,2025-05-07 09:00:00+00:00
33.3,55,23.0,1002.4,1003.5,48,0,29,29,12.9,117,37.8,0.0,3780.0,-3.7,-87.0,22.1,-4.2,12.4,278,18.0,233,57,2025-05-07 10:00:00+00:00
32.5,60,23.8,1002.4,1003.5,63,0,1,63,12.4,114,34.9,0.0,3670.0,-4.3,-93.0,22.4,-4.4,11.3,284,19.0,235,56,2025-05-07 11:00:00+00:00
31.8,65,24.3,1003.0,1004.1,61,0,8,58,12.0,122,32.4,0.0,3480.0,-4.7,-82.0,22.6,-4.4,9.2,297,20.0,237,51,2025-05-07 12:00:00+00:00
31.0,68,24.4,1004.1,1005.2,12,0,10,4,11.6,125,28.4,0.0,3400.0,-5.4,-96.0,22.6,-4.7,6.1,283,20.0,237,53,2025-05-07 13:00:00+00:00
30.7,70,24.6,1005.4,1006.5,10,0,8,3,12.7,137,29.5,0.0,3310.0,-5.9,-82.0,22.7,-4.7,3.3,286,20.4,242,52,2025-05-07 14:00:00+00:00
30.6,72,24.9,1006.4,1007.5,4,0,4,0,12.3,145,29.5,0.0,3530.0,-6.7,-46.0,22.4,-5.1,2.5,248,23.6,246,53,2025-05-07 15:00:00+00:00
30.3,73,24.9,1007.0,1008.1,4,0,4,0,12.1,152,28.4,0.0,3670.0,-6.3,-37.0,22.1,-5.4,4.9,214,22.5,245,57,2025-05-07 16:00:00+00:00
30.0,76,25.4,1007.2,1008.3,2,0,2,0,11.2,158,27.7,0.0,3750.0,-6.1,-39.0,21.5,-5.1,5.8,219,19.9,245,54,2025-05-07 17:00:00+00:00
29.7,79,25.6,1006.6,1007.7,0,0,0,0,10.3,178,25.6,0.0,3770.0,-5.7,-28.0,21.0,-4.9,12.4,204,22.3,234,49,2025-05-07 18:00:00+00:00
29.4,81,25.8,1005.7,1006.8,100,0,0,100,10.4,188,21.6,0.0,3220.0,-5.1,-14.0,21.1,-5.1,11.8,196,22.1,229,50,2025-05-07 19:00:00+00:00
29.1,83,25.9,1005.3,1006.4,100,1,2,100,11.9,202,25.9,0.0,2980.0,-5.4,-7.0,21.1,-4.9,12.1,200,25.5,221,50,2025-05-07 20:00:00+00:00
28.1,84,25.2,1004.5,1005.6,99,0,5,99,9.7,211,30.6,0.0,2790.0,-5.0,-10.0,20.9,-4.9,11.5,198,27.4,218,49,2025-05-07 21:00:00+00:00
27.6,84,24.6,1004.4,1005.5,100,0,1,100,8.8,219,20.5,0.0,2350.0,-4.6,-30.0,20.8,-4.7,11.2,207,30.3,214,48,2025-05-07 22:00:00+00:00
27.2,84,24.2,1004.5,1005.6,100,0,2,100,6.0,201,20.2,0.0,2150.0,-4.1,-51.0,20.8,-4.4,11.4,217,32.6,216,49,2025-05-07 23:00:00+00:00
27.1,83,24.0,1005.1,1006.2,89,0,0,89,7.0,206,15.5,0.0,1830.0,-3.5,-69.0,20.8,-4.4,9.2,207,33.3,206,39,2025-05-08 00:00:00+00:00
27.9,81,24.3,1005.4,1006.5,100,0,0,100,6.6,223,16.6,0.0,1670.0,-3.7,-71.0,20.5,-4.7,12.0,217,32.3,211,40,2025-05-08 01:00:00+00:00
29.5,71,23.8,1006.2,1007.3,94,0,1,94,4.8,222,16.6,0.0,1550.0,-3.9,-78.0,20.2,-4.4,13.2,221,33.4,218,41,2025-05-08 02:00:00+00:00
31.8,60,23.1,1006.6,1007.7,20,0,0,20,4.1,209,16.9,0.0,1670.0,-4.0,-83.0,20.2,-4.7,13.2,226,33.2,221,41,2025-05-08 03:00:00+00:00
34.1,51,22.5,1006.5,1007.6,21,0,0,21,2.6,205,17.6,0.0,1890.0,-4.1,-61.0,20.2,-4.9,14.5,238,31.7,217,42,2025-05-08 04:00:00+00:00
36.1,42,21.2,1006.2,1007.3,15,0,15,0,1.8,135,18.4,0.0,1640.0,-3.8,-34.0,20.0,-4.9,17.4,250,30.0,217,44,2025-05-08 05:00:00+00:00
36.9,38,20.2,1005.5,1006.6,19,0,17,1,6.9,120,24.5,0.0,1100.0,-2.9,-35.0,20.0,-4.7,14.6,265,28.9,222,41,2025-05-08 06:00:00+00:00
35.7,47,22.5,1004.8,1005.9,63,1,61,3,13.5,124,42.5,0.1,970.0,-3.1,-36.0,20.6,-4.7,10.6,260,28.8,225,53,2025-05-08 07:00:00+00:00
35.0,50,23.1,1004.1,1005.2,41,0,35,12,11.4,97,41.8,0.0,1230.0,-3.6,-52.0,21.1,-4.9,11.4,268,28.8,225,72,2025-05-08 08:00:00+00:00
34.6,53,23.6,1003.5,1004.6,49,0,39,26,11.6,116,33.5,0.0,3120.0,-3.9,-67.0,21.5,-5.1,14.2,266,27.2,225,62,2025-05-08 09:00:00+00:00
33.2,59,24.0,1003.4,1004.5,22,0,17,13,12.2,124,37.1,0.0,2450.0,-4.1,-74.0,21.6,-5.1,13.7,270,27.2,229,60,2025-05-08 10:00:00+00:00
33.2,57,23.7,1003.3,1004.4,24,0,20,7,11.5,129,33.1,0.0,2900.0,-3.8,-99.0,21.7,-5.1,10.9,270,25.7,233,64,2025-05-08 11:00:00+00:00
32.2,62,24.0,1003.8,1004.9,29,0,29,3,12.3,134,31.3,0.0,2670.0,-4.3,-101.0,22.3,-5.1,11.5,263,25.0,235,56,2025-05-08 12:00:00+00:00
31.6,65,24.1,1004.8,1005.9,23,0,19,8,11.0,155,28.4,0.0,2660.0,-5.6,-97.0,22.2,-4.9,8.4,257,24.7,231,62,2025-05-08 13:00:00+00:00
31.2,69,24.9,1005.7,1006.8,22,0,21,1,6.9,163,25.6,0.0,2900.0,-5.8,-81.0,21.6,-4.9,8.8,249,22.9,227,63,2025-05-08 14:00:00+00:00
30.8,76,26.1,1006.6,1007.7,16,0,10,6,6.6,171,16.2,0.0,3130.0,-6.4,-47.0,20.6,-5.4,9.4,227,22.1,229,64,2025-05-08 15:00:00+00:00
28.8,81,25.2,1008.0,1009.1,72,4,37,55,14.4,273,24.5,4.6,2630.0,-6.7,-24.0,20.5,-5.6,6.5,205,18.7,225,63,2025-05-08 16:00:00+00:00
26.6,83,23.5,1008.4,1009.5,92,5,44,85,4.0,190,40.3,4.4,2480.0,-6.6,-32.0,20.9,-5.6,4.1,207,18.0,217,64,2025-05-08 17:00:00+00:00
26.7,88,24.5,1007.9,1009.0,97,0,0,97,5.2,211,13.3,0.5,1860.0,-5.7,-35.0,21.1,-5.4,1.9,166,22.1,202,63,2025-05-08 18:00:00+00:00
26.8,90,25.0,1006.8,1007.9,40,0,3,38,2.1,285,10.4,0.2,2290.0,-5.1,-32.0,21.2,-5.4,2.6,225,22.5,205,60,2025-05-08 19:00:00+00:00
26.7,94,25.6,1006.1,1007.2,19,0,11,9,1.3,286,5.0,0.0,2510.0,-4.6,-25.0,21.2,-5.4,6.3,240,24.7,203,59,2025-05-08 20:00:00+00:00
26.8,94,25.7,1005.4,1006.5,6,0,5,1,1.8,114,4.7,0.0,2720.0,-4.0,-54.0,21.1,-5.4,6.9,247,28.4,208,60,2025-05-08 21:00:00+00:00
26.8,93,25.6,1005.1,1006.2,4,0,3,1,2.8,191,5.4,0.0,2710.0,-3.8,-77.0,21.2,-5.8,4.1,270,28.6,213,60,2025-05-08 22:00:00+00:00
26.6,93,25.3,1005.5,1006.6,2,0,2,0,6.4,196,12.6,0.0,2540.0,-4.0,-68.0,21.4,-5.8,1.9,315,27.0,212,58,2025-05-08 23:00:00+00:00
26.2,93,25.0,1005.9,1007.0,11,0,8,3,6.4,223,13.7,0.0,1160.0,-3.5,-103.0,21.2,-5.8,1.4,360,30.7,219,61,2025-05-09 00:00:00+00:00
28.1,70,22.1,1006.7,1007.8,79,0,79,1,4.1,285,11.2,0.0,980.0,-3.4,-108.0,21.1,-5.8,1.4,18,30.7,219,60,2025-05-09 01:00:00+00:00
29.5,63,21.7,1007.8,1008.9,85,0,85,0,2.1,329,11.2,0.0,670.0,-3.4,-81.0,21.0,-5.6,1.0,27,30.0,217,58,2025-05-09 02:00:00+00:00
31.5,53,20.8,1008.2,1009.3,74,0,74,0,1.3,360,11.5,0.0,670.0,-3.2,-65.0,20.8,-5.6,1.0,297,29.0,218,58,2025-05-09 03:00:00+00:00
33.5,47,20.5,1008.3,1009.4,1,0,0,0,0.2,90,12.6,0.0,1230.0,-3.5,-42.0,20.4,-5.1,1.8,270,28.3,216,54,2025-05-09 04:00:00+00:00
35.5,39,19.3,1007.7,1008.8,2,0,2,0,0.9,90,15.1,0.0,1470.0,-4.1,-23.0,20.3,-4.9,2.8,261,27.0,212,60,2025-05-09 05:00:00+00:00
36.5,36,19.1,1006.7,1007.8,2,0,2,0,4.0,82,19.4,0.0,1150.0,-4.3,-25.0,20.4,-5.1,4.2,283,24.3,213,52,2025-05-09 06:00:00+00:00
36.2,42,21.1,1005.6,1006.7,12,0,12,0,11.4,93,33.5,0.0,990.0,-4.3,-24.0,20.2,-5.4,5.0,265,24.3,213,68,2025-05-09 07:00:00+00:00
35.1,46,21.9,1004.8,1005.9,27,0,26,0,15.3,93,42.5,0.0,1660.0,-4.4,-34.0,20.4,-5.4,5.9,270,23.3,215,68,2025-05-09 08:00:00+00:00
34.5,47,21.5,1004.1,1005.2,25,0,21,7,14.8,99,42.1,0.0,2410.0,-4.8,-51.0,21.1,-5.4,8.4,292,21.6,214,63,2025-05-09 09:00:00+00:00
33.8,53,23.0,1003.7,1004.8,21,0,19,4,15.0,110,40.0,0.0,2270.0,-4.9,-65.0,21.5,-5.1,8.2,297,19.7,218,64,2025-05-09 10:00:00+00:00
32.9,56,23.0,1003.7,1004.8,16,0,13,6,13.1,117,39.6,0.0,2430.0,-5.1,-67.0,21.6,-5.1,4.3,288,18.0,217,62,2025-05-09 11:00:00+00:00
32.0,63,24.0,1004.1,1005.2,14,0,12,6,12.3,119,33.8,0.0,2860.0,-5.2,-81.0,22.0,-5.1,5.9,302,16.7,201,61,2025-05-09 12:00:00+00:00
31.1,67,24.3,1005.0,1006.1,11,0,11,0,12.1,123,30.6,0.0,2950.0,-5.8,-84.0,21.8,-5.4,2.3,307,14.0,200,61,2025-05-09 13:00:00+00:00
30.9,70,24.8,1005.8,1006.9,12,0,12,0,11.9,128,28.8,0.0,3440.0,-5.9,-56.0,21.8,-5.4,1.0,243,14.6,189,60,2025-05-09 14:00:00+00:00
30.7,72,25.0,1006.9,1008.0,6,0,6,0,12.1,133,28.1,0.0,3640.0,-6.2,-37.0,21.7,-5.4,3.2,225,14.4,185,62,2025-05-09 15:00:00+00:00
30.5,74,25.5,1007.6,1008.7,7,0,7,0,12.9,137,29.2,0.0,3810.0,-6.2,-26.0,21.8,-5.4,3.3,236,15.6,180,66,2025-05-09 16:00:00+00:00
30.3,76,25.6,1007.7,1008.8,5,0,5,0,13.1,143,29.9,0.0,3930.0,-5.9,-25.0,21.7,-5.4,4.5,246,15.6,180,69,2025-05-09 17:00:00+00:00
30.2,76,25.4,1007.5,1008.6,3,0,3,0,11.8,155,29.9,0.0,3700.0,-6.1,-33.0,21.1,-5.6,8.4,257,14.4,180,71,2025-05-09 18:00:00+00:00
29.9,77,25.4,1007.0,1008.1,4,0,4,0,10.4,178,24.8,0.0,3700.0,-6.2,-28.0,20.9,-5.4,10.2,249,15.6,180,69,2025-05-09 19:00:00+00:00
29.4,80,25.5,1006.5,1007.6,2,2,0,0,10.1,200,22.7,0.0,3820.0,-5.9,-14.0,20.8,-5.4,11.3,249,16.8,176,68,2025-05-09 20:00:00+00:00
28.8,83,25.6,1005.8,1006.9,9,8,0,0,10.7,233,22.7,0.0,2790.0,-5.4,-5.0,20.2,-5.1,12.3,239,18.2,172,74,2025-05-09 21:00:00+00:00
28.1,84,25.0,1005.8,1006.9,1,0,1,1,9.8,234,24.1,0.0,2520.0,-5.1,-16.0,20.5,-5.4,10.6,245,18.2,172,74,2025-05-09 22:00:00+00:00
27.4,83,24.2,1006.0,1007.1,1,0,1,0,9.3,227,22.7,0.0,2350.0,-4.9,-40.0,20.3,-5.1,11.4,247,18.0,180,74,2025-05-09 23:00:00+00:00
27.0,83,23.9,1006.4,1007.5,1,0,1,0,7.8,222,20.9,0.0,2230.0,-4.6,-34.0,20.0,-4.9,9.0,255,20.4,180,68,2025-05-10 00:00:00+00:00
29.5,80,25.6,1006.9,1008.0,16,15,0,0,9.9,212,23.0,0.0,2250.0,-4.9,-46.0,20.3,-4.9,8.7,264,20.4,177,69,2025-05-10 01:00:00+00:00
30.1,70,24.0,1007.9,1009.0,2,1,1,0,12.4,223,31.7,0.0,2070.0,-4.6,-37.0,20.3,-4.9,8.3,264,19.2,176,70,2025-05-10 02:00:00+00:00
31.5,62,23.2,1008.4,1009.5,3,0,1,2,11.6,219,32.0,0.0,2150.0,-4.4,-24.0,20.2,-4.9,8.0,257,19.5,169,72,2025-05-10 03:00:00+00:00
33.9,50,22.0,1008.4,1009.5,0,0,0,0,11.0,215,31.7,0.0,2170.0,-4.2,-13.0,20.0,-4.7,8.8,249,18.6,165,72,2025-05-10 04:00:00+00:00
35.6,42,20.8,1007.9,1009.0,26,1,26,0,8.7,214,31.7,0.0,2010.0,-4.5,-8.0,19.9,-4.7,10.0,246,18.6,165,71,2025-05-10 05:00:00+00:00
36.7,38,20.2,1007.1,1008.2,11,2,10,0,6.1,175,28.1,0.1,2190.0,-5.1,-11.0,19.7,-4.4,10.2,243,22.1,158,63,2025-05-10 06:00:00+00:00
37.0,38,20.4,1006.3,1007.4,12,3,9,0,9.7,141,30.6,0.0,2310.0,-5.2,-20.0,20.2,-4.4,10.2,249,21.6,161,63,2025-05-10 07:00:00+00:00
35.9,47,22.9,1005.5,1006.6,70,1,46,44,14.5,135,40.0,0.4,2380.0,-5.5,-30.0,20.4,-4.4,11.4,265,21.0,167,61,2025-05-10 08:00:00+00:00
34.7,55,24.4,1004.7,1005.8,97,0,34,95,15.8,142,43.2,0.9,2920.0,-5.8,-52.0,20.9,-4.4,14.5,283,20.7,170,53,2025-05-10 09:00:00+00:00
33.9,54,23.2,1004.1,1005.2,75,0,13,72,14.4,162,41.4,0.0,3040.0,-5.7,-69.0,21.2,-4.2,12.4,287,20.7,170,57,2025-05-10 10:00:00+00:00
33.6,58,24.2,1003.7,1004.8,70,0,9,68,12.8,152,37.8,0.0,2890.0,-5.6,-84.0,21.5,-4.2,13.2,297,19.3,173,58,2025-05-10 11:00:00+00:00
32.7,63,24.7,1003.8,1004.9,81,0,2,81,13.0,149,33.5,0.0,3260.0,-5.4,-83.0,21.8,-4.2,13.1,290,18.4,169,62,2025-05-10 12:00:00+00:00
31.4,68,24.8,1004.6,1005.7,58,0,0,58,12.5,147,32.4,0.0,3410.0,-5.8,-81.0,21.8,-4.2,10.0,294,18.4,169,64,2025-05-10 13:00:00+00:00
30.9,76,26.2,1005.3,1006.4,78,0,1,78,12.5,152,28.8,0.0,3500.0,-6.0,-58.0,21.7,-4.2,7.3,300,18.2,172,67,2025-05-10 14:00:00+00:00
30.6,77,26.1,1006.3,1007.4,72,0,1,71,11.9,155,28.4,0.0,3440.0,-6.0,-52.0,21.7,-4.2,6.5,295,18.2,172,68,2025-05-10 15:00:00+00:00
30.4,81,26.7,1006.9,1008.0,79,0,2,79,11.1,160,26.6,0.0,3540.0,-6.6,-40.0,21.6,-4.0,6.9,274,16.8,180,69,2025-05-10 16:00:00+00:00
30.2,81,26.5,1007.0,1008.1,77,0,2,76,10.3,168,24.5,0.0,3760.0,-6.5,-33.0,21.5,-4.2,9.2,264,15.6,176,69,2025-05-10 17:00:00+00:00
29.9,83,26.7,1006.6,1007.7,64,0,1,63,10.1,174,21.6,0.0,3700.0,-6.1,-31.0,21.4,-4.2,10.5,268,17.2,168,70,2025-05-10 18:00:00+00:00
29.5,86,26.9,1005.8,1006.9,53,0,0,53,9.2,184,21.2,0.0,3920.0,-6.0,-35.0,21.4,-4.4,10.6,260,18.8,153,70,2025-05-10 19:00:00+00:00
29.2,87,26.8,1005.2,1006.3,69,0,0,69,8.9,194,19.1,0.0,4010.0,-6.1,-36.0,21.4,-4.7,11.0,265,18.3,148,70,2025-05-10 20:00:00+00:00
29.0,88,26.8,1005.0,1006.1,35,0,0,35,8.4,199,18.4,0.0,4190.0,-5.8,-36.0,21.4,-4.4,12.3,270,19.3,150,68,2025-05-10 21:00:00+00:00
28.8,89,26.8,1004.8,1005.9,0,0,0,0,7.0,201,17.3,0.0,2130.0,-5.6,-36.0,20.9,-4.7,10.9,272,21.3,164,63,2025-05-10 22:00:00+00:00
28.7,90,26.8,1005.1,1006.2,0,0,0,0,6.1,208,14.0,0.0,2880.0,-6.7,-40.0,21.1,-4.9,9.7,281,15.2,162,68,2025-05-10 23:00:00+00:00
28.5,91,26.9,1005.6,1006.7,10,5,0,5,6.8,207,14.0,0.0,1950.0,-6.1,-43.0,20.6,-4.9,9.3,259,13.4,153,63,2025-05-11 00:00:00+00:00
29.6,84,26.6,1006.3,1007.4,2,0,0,2,9.1,201,21.2,0.0,1800.0,-5.6,-42.0,20.5,-4.7,7.8,273,15.0,151,66,2025-05-11 01:00:00+00:00
31.3,71,25.3,1006.7,1007.8,15,0,0,15,8.3,204,22.7,0.0,1720.0,-4.6,-46.0,20.4,-4.7,6.9,278,15.0,151,66,2025-05-11 02:00:00+00:00
33.2,58,23.9,1007.1,1008.2,43,0,0,42,8.7,188,25.6,0.0,1940.0,-4.0,-35.0,20.4,-4.7,7.0,281,15.6,148,63,2025-05-11 03:00:00+00:00
35.1,48,22.6,1006.9,1008.0,35,0,3,34,8.3,179,26.6,0.0,2050.0,-4.2,-19.0,20.5,-4.7,8.4,283,18.0,143,59,2025-05-11 04:00:00+00:00
36.6,41,21.2,1006.5,1007.6,55,0,13,48,6.9,155,25.9,0.0,1960.0,-4.4,-11.0,20.4,-4.7,11.0,277,18.7,140,57,2025-05-11 05:00:00+00:00
36.9,41,21.3,1005.7,1006.8,70,2,31,56,8.4,140,27.0,0.0,2390.0,-4.6,-15.0,20.3,-4.4,13.2,272,16.3,144,52,2025-05-11 06:00:00+00:00
35.7,53,24.8,1004.9,1006.0,81,0,50,62,12.1,139,36.4,0.1,2320.0,-4.6,-21.0,21.0,-4.4,10.6,277,13.7,142,56,2025-05-11 07:00:00+00:00
35.9,54,25.2,1003.6,1004.7,50,0,25,33,14.1,140,38.5,0.0,2310.0,-4.9,-28.0,21.1,-4.2,13.8,278,12.4,151,60,2025-05-11 08:00:00+00:00
35.1,50,23.2,1002.8,1003.9,34,0,25,12,12.9,167,42.1,0.0,3430.0,-5.5,-52.0,21.4,-4.4,15.4,282,10.3,144,58,2025-05-11 09:00:00+00:00
35.1,51,23.6,1002.0,1003.1,14,0,2,12,12.9,143,34.9,0.0,3460.0,-5.7,-74.0,22.0,-4.4,14.1,285,10.3,159,62,2025-05-11 10:00:00+00:00
34.2,55,23.8,1001.8,1002.9,22,1,15,8,13.2,151,36.4,0.0,3390.0,-5.6,-84.0,22.2,-4.2,13.1,290,11.4,162,66,2025-05-11 11:00:00+00:00
33.5,52,22.5,1001.9,1003.0,15,0,11,4,13.9,149,34.6,0.0,3960.0,-5.2,-79.0,22.7,-3.7,14.2,312,11.4,162,61,2025-05-11 12:00:00+00:00
31.4,68,24.9,1003.0,1004.1,5,0,4,1,13.2,154,31.0,0.0,3530.0,-5.6,-79.0,22.6,-3.7,12.9,302,10.3,159,63,2025-05-11 13:00:00+00:00
30.8,75,25.9,1003.4,1004.5,2,0,2,0,11.7,163,29.5,0.0,3850.0,-6.5,-64.0,22.3,-3.5,12.3,301,10.7,153,67,2025-05-11 14:00:00+00:00
30.6,76,25.9,1004.2,1005.3,1,0,1,0,10.6,170,25.6,0.0,3810.0,-6.7,-53.0,22.3,-3.5,11.0,294,11.3,148,64,2025-05-11 15:00:00+00:00
30.4,77,25.9,1004.8,1005.9,0,0,0,0,9.6,185,22.7,0.0,3570.0,-6.6,-44.0,22.4,-3.5,11.7,283,14.0,149,64,2025-05-11 16:00:00+00:00
30.1,80,26.3,1005.3,1006.4,0,0,0,0,7.8,203,19.8,0.0,3950.0,-6.7,-35.0,22.1,-3.7,12.8,268,13.4,153,61,2025-05-11 17:00:00+00:00
29.6,83,26.4,1005.1,1006.2,0,0,0,0,6.7,211,16.2,0.0,3980.0,-6.4,-43.0,22.0,-4.0,15.4,258,17.1,141,60,2025-05-11 18:00:00+00:00
29.3,85,26.5,1004.6,1005.7,0,0,0,0,7.2,205,14.8,0.0,3970.0,-5.5,-34.0,22.0,-4.2,16.8,257,17.8,138,63,2025-05-11 19:00:00+00:00
29.1,85,26.3,1004.2,1005.3,0,0,0,0,8.6,195,17.6,0.0,4000.0,-5.4,-39.0,22.1,-4.2,17.5,263,20.4,135,71,2025-05-11 20:00:00+00:00
28.8,86,26.2,1003.6,1004.7,0,0,0,0,9.0,195,18.4,0.0,4140.0,-5.3,-54.0,22.2,-4.2,17.3,273,21.2,137,72,2025-05-11 21:00:00+00:00
28.6,84,25.7,1003.2,1004.3,0,0,0,0,9.9,199,20.5,0.0,3840.0,-5.2,-56.0,22.2,-4.2,18.0,286,23.3,145,70,2025-05-11 22:00:00+00:00
28.4,81,24.8,1003.3,1004.4,0,0,0,0,9.1,201,20.9,0.0,3570.0,-5.3,-50.0,22.1,-4.0,17.6,291,25.2,155,62,2025-05-11 23:00:00+00:00
28.1,80,24.3,1003.5,1004.6,1,0,0,1,7.8,212,18.7,0.0,2990.0,-5.0,-61.0,22.1,-4.2,16.6,302,25.8,152,63,2025-05-12 00:00:00+00:00
29.2,77,24.8,1004.1,1005.2,6,0,6,0,7.3,220,16.6,0.0,2900.0,-4.5,-81.0,21.8,-4.0,14.9,308,26.3,156,60,2025-05-12 01:00:00+00:00
30.6,71,24.7,1004.7,1005.8,32,0,31,1,8.1,235,22.0,0.0,2930.0,-4.5,-57.0,21.7,-4.0,15.8,303,23.3,168,43,2025-05-12 02:00:00+00:00
32.8,59,23.9,1005.0,1006.1,18,0,17,2,7.5,259,22.7,0.0,3040.0,-4.4,-31.0,21.6,-4.4,18.7,311,21.7,174,53,2025-05-12 03:00:00+00:00
35.7,45,21.9,1005.1,1006.2,17,5,9,5,7.9,291,24.5,0.0,2320.0,-4.2,-10.0,21.4,-4.4,23.5,317,21.3,164,58,2025-05-12 04:00:00+00:00
37.9,34,19.4,1004.5,1005.6,24,0,15,10,9.4,340,30.2,0.0,1740.0,-5.1,-5.0,21.1,-4.4,23.2,318,20.5,159,49,2025-05-12 05:00:00+00:00
39.0,31,18.6,1003.6,1004.7,12,0,12,0,6.6,41,30.2,0.0,1900.0,-4.9,-11.0,21.7,-4.2,22.8,334,20.1,163,49,2025-05-12 06:00:00+00:00
38.7,34,20.1,1002.6,1003.7,38,0,31,9,10.9,71,34.6,0.0,1650.0,-5.2,-23.0,21.4,-4.2,15.7,334,17.5,164,57,2025-05-12 07:00:00+00:00
38.0,40,22.1,1001.6,1002.7,42,0,33,13,11.5,89,37.1,0.1,1370.0,-5.2,-43.0,22.0,-4.0,14.7,338,14.8,166,67,2025-05-12 08:00:00+00:00
36.9,47,23.7,1000.6,1001.7,33,0,30,4,14.7,101,40.0,0.0,2050.0,-5.0,-48.0,22.3,-3.7,16.2,322,11.1,167,67,2025-05-12 09:00:00+00:00
35.1,52,23.8,1000.4,1001.5,31,0,31,0,14.3,124,41.8,0.0,3580.0,-5.0,-60.0,22.9,-3.7,18.5,332,9.6,180,69,2025-05-12 10:00:00+00:00
34.7,52,23.4,1000.1,1001.2,6,0,4,2,11.6,126,37.1,0.0,3700.0,-5.7,-82.0,23.1,-3.5,16.6,339,7.2,180,69,2025-05-12 11:00:00+00:00
33.6,55,23.2,1000.2,1001.3,2,0,1,1,11.9,125,32.0,0.0,3810.0,-5.9,-86.0,23.7,-3.5,17.4,355,4.8,180,60,2025-05-12 12:00:00+00:00
32.5,60,23.9,1001.5,1002.6,93,0,1,93,10.3,139,28.1,0.0,3510.0,-6.2,-114.0,23.8,-3.7,17.3,12,4.8,180,68,2025-05-12 13:00:00+00:00
32.3,63,24.3,1002.1,1003.2,59,0,1,58,7.8,146,24.8,0.0,3590.0,-7.1,-106.0,23.8,-4.0,18.5,16,5.4,153,67,2025-05-12 14:00:00+00:00
32.0,66,25.0,1003.5,1004.6,16,0,1,14,7.4,157,18.7,0.0,3960.0,-7.6,-96.0,23.5,-3.7,15.5,24,6.8,135,64,2025-05-12 15:00:00+00:00
31.5,71,25.7,1004.5,1005.6,8,0,1,7,8.8,154,18.7,0.0,4630.0,-7.6,-89.0,22.9,-3.7,9.4,39,7.7,129,51,2025-05-12 16:00:00+00:00
30.7,81,27.0,1004.7,1005.8,87,0,1,87,9.3,162,19.1,0.0,3670.0,-7.3,-73.0,22.8,-3.7,8.1,52,9.7,120,38,2025-05-12 17:00:00+00:00
30.5,80,26.6,1004.3,1005.4,100,0,0,100,9.8,173,20.2,0.0,3150.0,-7.1,-67.0,22.9,-3.7,15.9,39,6.0,127,33,2025-05-12 18:00:00+00:00
30.2,82,26.7,1003.9,1005.0,98,0,0,98,9.4,187,20.9,0.0,2580.0,-6.9,-65.0,22.7,-3.7,13.2,46,6.5,112,40,2025-05-12 19:00:00+00:00
29.8,84,26.8,1003.4,1004.5,100,0,0,100,8.3,196,19.1,0.0,2290.0,-6.6,-55.0,22.6,-3.7,11.0,48,8.5,98,44,2025-05-12 20:00:00+00:00
29.4,85,26.6,1002.7,1003.8,100,0,0,100,7.8,202,16.9,0.0,1860.0,-6.3,-40.0,22.2,-3.7,5.9,58,9.9,104,46,2025-05-12 21:00:00+00:00
29.1,84,26.2,1002.2,1003.3,100,0,0,100,7.4,223,15.5,0.0,1330.0,-5.9,-45.0,22.1,-3.7,4.1,27,9.7,120,46,2025-05-12 22:00:00+00:00
29.0,80,25.2,1002.2,1003.3,100,0,0,100,7.5,240,15.1,0.0,940.0,-5.8,-48.0,22.1,-3.7,6.0,9,11.1,131,46,2025-05-12 23:00:00+00:00
28.9,76,24.3,1002.6,1003.7,99,0,0,99,10.1,253,20.5,0.0,1010.0,-5.6,-67.0,22.0,-4.2,5.6,14,15.3,135,42,2025-05-13 00:00:00+00:00
30.3,64,22.6,1003.7,1004.8,5,0,0,5,7.8,244,19.4,0.0,660.0,-5.5,-81.0,21.8,-4.2,8.8,12,14.4,138,42,2025-05-13 01:00:00+00:00
32.1,53,21.4,1004.3,1005.4,4,0,0,4,8.9,262,23.0,0.0,600.0,-5.6,-45.0,21.8,-4.4,10.7,12,14.4,138,41,2025-05-13 02:00:00+00:00
34.6,44,20.7,1004.8,1005.9,13,0,0,13,8.1,282,23.8,0.0,780.0,-5.2,-25.0,21.7,-4.4,11.0,7,14.4,138,41,2025-05-13 03:00:00+00:00
36.8,38,20.2,1004.9,1006.0,11,0,1,10,7.9,325,25.9,0.0,1040.0,-4.6,-15.0,21.6,-4.4,8.7,3,12.8,139,41,2025-05-13 04:00:00+00:00
38.2,34,19.4,1004.5,1005.6,32,0,1,32,5.7,28,25.6,0.0,1210.0,-4.2,-19.0,21.5,-4.2,6.0,351,10.3,144,42,2025-05-13 05:00:00+00:00
38.6,33,19.4,1003.8,1004.9,98,0,0,98,8.3,68,27.7,0.0,1380.0,-4.2,-24.0,21.7,-4.2,6.7,332,9.9,166,48,2025-05-13 06:00:00+00:00
38.4,36,20.7,1002.8,1003.9,98,0,13,98,12.1,79,35.3,0.0,1060.0,-3.9,-35.0,22.3,-4.0,7.0,328,9.9,166,58,2025-05-13 07:00:00+00:00
38.2,38,21.4,1001.8,1002.9,100,0,16,100,15.2,71,40.7,0.0,2130.0,-4.1,-41.0,22.9,-4.0,11.6,312,8.5,172,59,2025-05-13 08:00:00+00:00
37.6,38,20.8,1001.0,1002.1,100,0,4,100,15.7,71,43.2,0.0,1950.0,-4.5,-59.0,23.1,-3.7,13.8,326,8.5,172,41,2025-05-13 09:00:00+00:00
35.8,49,23.4,1000.5,1001.6,98,0,1,98,16.2,81,42.1,0.0,1610.0,-4.4,-64.0,22.7,-3.5,13.1,331,7.2,180,43,2025-05-13 10:00:00+00:00
34.3,55,24.1,1000.0,1001.1,100,0,0,100,13.7,112,40.7,0.0,1870.0,-4.6,-93.0,23.5,-3.5,14.0,347,9.1,157,46,2025-05-13 11:00:00+00:00
33.0,63,25.0,1000.0,1001.1,99,0,1,99,12.9,129,35.3,0.0,2150.0,-5.1,-93.0,23.9,-3.5,19.1,348,6.8,135,46,2025-05-13 12:00:00+00:00
31.5,69,25.2,1001.1,1002.2,6,0,0,6,9.9,128,30.2,0.0,2370.0,-5.7,-107.0,23.7,-3.5,18.4,353,8.7,124,44,2025-05-13 13:00:00+00:00
31.3,68,24.7,1002.3,1003.4,47,0,0,47,9.3,136,24.5,0.0,2900.0,-5.9,-108.0,23.7,-3.5,16.8,347,10.7,117,43,2025-05-13 14:00:00+00:00
31.2,67,24.3,1003.4,1004.5,3,0,0,3,7.4,148,22.3,0.0,3150.0,-6.3,-108.0,23.9,-3.5,15.3,343,13.4,117,44,2025-05-13 15:00:00+00:00
31.0,68,24.4,1004.5,1005.6,21,0,0,21,6.0,141,17.6,0.0,3190.0,-6.6,-101.0,23.8,-3.5,13.3,344,14.0,121,44,2025-05-13 16:00:00+00:00
30.8,71,24.8,1005.1,1006.2,2,0,0,2,7.1,144,15.5,0.0,3110.0,-7.1,-79.0,23.7,-3.7,12.3,345,13.4,117,44,2025-05-13 17:00:00+00:00
30.3,77,25.8,1004.7,1005.8,1,0,0,1,8.3,156,18.4,0.0,2540.0,-7.2,-41.0,23.4,-4.0,18.0,351,11.8,114,46,2025-05-13 18:00:00+00:00
29.9,81,26.3,1004.3,1005.4,13,0,2,11,5.8,189,17.6,0.0,2770.0,-7.2,-42.0,23.2,-4.0,12.6,347,11.4,108,50,2025-05-13 19:00:00+00:00
29.6,84,26.6,1003.9,1005.0,11,0,0,11,4.2,198,12.2,0.0,2440.0,-7.1,-44.0,22.8,-3.7,9.2,340,8.0,117,51,2025-05-13 20:00:00+00:00
29.3,86,26.7,1003.4,1004.5,43,0,0,42,4.5,180,9.0,0.0,2570.0,-6.8,-61.0,22.2,-3.7,5.8,315,6.8,135,53,2025-05-13 21:00:00+00:00
29.1,87,26.7,1003.3,1004.4,100,0,0,100,5.6,178,11.2,0.0,3200.0,-6.2,-73.0,21.8,-4.0,5.2,308,6.5,158,53,2025-05-13 22:00:00+00:00
28.9,88,26.8,1003.5,1004.6,97,0,0,97,5.0,206,11.2,0.0,3110.0,-5.4,-78.0,22.1,-3.7,8.5,324,5.1,135,51,2025-05-13 23:00:00+00:00
28.6,91,26.9,1004.3,1005.4,98,13,0,98,4.0,265,10.1,0.0,3690.0,-5.4,-80.0,21.8,-4.0,10.5,5,10.3,144,48,2025-05-14 00:00:00+00:00
29.7,87,27.4,1004.4,1005.5,99,12,0,99,4.0,302,11.9,0.0,3480.0,-5.0,-87.0,22.0,-4.0,10.5,2,7.0,149,46,2025-05-14 01:00:00+00:00
31.1,80,27.2,1005.2,1006.3,99,11,0,99,3.7,293,14.4,0.0,3520.0,-5.1,-71.0,22.1,-4.0,13.4,10,4.3,146,41,2025-05-14 02:00:00+00:00
33.4,62,25.2,1005.7,1006.8,57,6,0,54,1.9,292,18.0,0.0,3420.0,-4.5,-61.0,22.0,-4.2,14.6,4,4.3,124,39,2025-05-14 03:00:00+00:00
35.5,47,22.5,1005.8,1006.9,100,2,5,100,4.2,5,19.1,0.0,3200.0,-4.0,-49.0,21.4,-4.4,16.1,352,5.4,117,40,2025-05-14 04:00:00+00:00
36.7,42,21.7,1005.4,1006.5,19,1,7,12,6.0,51,24.8,0.0,2200.0,-3.6,-46.0,21.0,-4.4,14.6,355,6.0,90,40,2025-05-14 05:00:00+00:00
36.9,43,22.4,1004.7,1005.8,30,2,20,11,11.3,70,32.4,0.0,2420.0,-3.9,-33.0,20.6,-4.0,10.9,358,3.6,90,39,2025-05-14 06:00:00+00:00
35.9,52,24.4,1004.0,1005.1,26,19,12,2,15.6,79,41.8,0.0,2140.0,-4.6,-39.0,21.1,-4.0,13.2,360,3.6,90,39,2025-05-14 07:00:00+00:00
35.6,53,24.6,1003.0,1004.1,13,9,0,3,15.9,84,43.6,0.0,2870.0,-4.8,-58.0,21.8,-4.0,16.0,357,4.9,76,51,2025-05-14 08:00:00+00:00
35.1,55,24.7,1002.3,1003.4,1,0,0,1,14.5,97,42.5,0.0,3650.0,-5.0,-60.0,22.8,-4.0,19.7,355,5.4,63,42,2025-05-14 09:00:00+00:00
34.5,56,24.4,1001.7,1002.8,3,0,0,3,13.6,98,38.9,0.0,2440.0,-4.7,-76.0,22.9,-4.0,19.1,360,6.5,68,40,2025-05-14 10:00:00+00:00
33.6,58,24.2,1001.3,1002.4,9,0,0,9,13.9,96,36.7,0.0,2100.0,-4.8,-94.0,23.7,-4.0,21.0,4,6.5,68,41,2025-05-14 11:00:00+00:00
32.7,62,24.4,1001.2,1002.3,77,0,0,77,12.2,98,35.6,0.0,3230.0,-4.5,-89.0,24.0,-3.7,22.8,1,8.7,74,36,2025-05-14 12:00:00+00:00
31.8,68,25.2,1001.9,1003.0,79,0,0,79,9.6,104,29.2,0.0,3210.0,-4.8,-83.0,24.0,-4.0,23.9,7,10.3,69,33,2025-05-14 13:00:00+00:00
31.3,75,26.4,1003.4,1004.5,92,0,0,92,10.5,115,24.8,0.0,4300.0,-5.5,-77.0,24.0,-3.7,24.8,6,11.4,72,31,2025-05-14 14:00:00+00:00
31.1,78,26.7,1004.7,1005.8,53,0,0,53,11.8,126,28.1,0.0,4630.0,-6.7,-68.0,23.9,-3.5,24.0,10,12.5,73,33,2025-05-14 15:00:00+00:00
30.9,77,26.4,1005.6,1006.7,0,0,0,0,10.7,132,27.7,0.0,4730.0,-7.4,-69.0,23.7,-3.5,21.8,16,12.9,68,38,2025-05-14 16:00:00+00:00
30.8,79,26.6,1006.3,1007.4,36,10,0,29,11.2,139,25.9,0.0,4740.0,-7.9,-67.0,23.5,-3.7,19.5,21,16.1,63,42,2025-05-14 17:00:00+00:00
30.5,80,26.7,1005.9,1007.0,100,8,0,100,10.4,144,25.6,0.0,4360.0,-8.2,-53.0,22.9,-4.2,11.6,26,19.0,55,48,2025-05-14 18:00:00+00:00
30.2,82,26.8,1005.4,1006.5,100,2,0,100,10.3,157,25.6,0.0,4000.0,-8.3,-46.0,22.3,-4.0,4.8,49,21.4,52,52,2025-05-14 19:00:00+00:00
29.9,84,26.9,1004.8,1005.9,100,11,0,100,7.8,175,23.4,0.0,3460.0,-7.9,-29.0,21.1,-3.7,3.5,113,16.1,63,50,2025-05-14 20:00:00+00:00
29.6,86,27.0,1004.2,1005.3,100,22,0,100,7.8,188,19.1,0.0,2640.0,-6.8,-23.0,21.1,-3.7,2.9,72,14.0,59,50,2025-05-14 21:00:00+00:00
29.3,87,26.9,1004.0,1005.1,100,20,0,100,8.3,198,19.4,0.0,2520.0,-6.1,-16.0,21.2,-3.7,1.8,90,12.0,53,46,2025-05-14 22:00:00+00:00
29.0,88,26.8,1004.1,1005.2,97,8,0,97,4.7,196,18.4,0.0,2420.0,-6.4,-5.0,21.5,-3.7,2.3,360,11.3,58,46,2025-05-14 23:00:00+00:00
28.7,90,26.8,1004.5,1005.6,45,11,0,39,5.6,228,11.2,0.0,2560.0,-6.9,-2.0,21.8,-4.7,5.1,10,11.1,49,42,2025-05-15 00:00:00+00:00
29.9,73,24.5,1005.0,1006.1,98,0,1,98,4.8,292,11.9,0.0,2210.0,-6.3,-10.0,22.0,-4.7,7.3,360,10.3,54,43,2025-05-15 01:00:00+00:00
31.6,60,22.9,1005.5,1006.6,56,0,1,56,5.7,316,17.3,0.0,1870.0,-5.1,-62.0,22.1,-4.7,7.8,3,10.7,63,44,2025-05-15 02:00:00+00:00
33.5,51,21.9,1005.6,1006.7,42,0,1,41,4.6,342,18.7,0.0,1830.0,-3.5,-113.0,22.1,-4.4,7.8,7,9.7,60,44,2025-05-15 03:00:00+00:00
35.1,46,21.7,1005.8,1006.9,39,0,0,39,4.6,31,19.4,0.0,1580.0,-2.7,-110.0,22.1,-4.2,7.8,7,9.1,67,44,2025-05-15 04:00:00+00:00
36.3,44,22.2,1005.2,1006.3,48,3,1,46,7.1,60,24.5,0.0,1290.0,-3.2,-89.0,21.8,-4.2,7.3,356,8.7,56,43,2025-05-15 05:00:00+00:00
36.5,46,22.9,1004.6,1005.7,45,24,2,27,12.4,77,34.9,0.0,1160.0,-4.0,-78.0,21.2,-4.2,5.3,340,6.5,68,47,2025-05-15 06:00:00+00:00
35.5,52,24.0,1004.5,1005.6,50,13,15,33,14.2,82,40.3,0.5,1650.0,-4.4,-76.0,21.6,-4.0,8.1,317,6.0,53,46,2025-05-15 07:00:00+00:00
35.0,54,24.2,1004.1,1005.2,21,14,2,7,11.2,84,39.2,0.0,2730.0,-4.8,-68.0,22.4,-4.0,13.2,311,5.1,45,51,2025-05-15 08:00:00+00:00
34.9,53,23.8,1003.1,1004.2,12,4,0,9,12.3,82,34.6,0.0,1760.0,-5.3,-66.0,22.4,-4.0,14.2,312,6.5,22,50,2025-05-15 09:00:00+00:00
34.4,53,23.5,1002.4,1003.5,0,0,0,0,12.8,85,35.6,0.0,2410.0,-5.6,-67.0,22.9,-3.7,12.0,320,6.5,22,51,2025-05-15 10:00:00+00:00
33.4,58,24.1,1002.2,1003.3,0,0,0,0,13.0,92,35.3,0.0,2180.0,-5.4,-76.0,23.2,-3.7,13.7,339,8.7,34,49,2025-05-15 11:00:00+00:00
32.2,65,24.9,1002.2,1003.3,0,0,0,0,12.7,97,33.8,0.0,2320.0,-5.6,-76.0,23.4,-3.5,18.3,341,8.0,27,49,2025-05-15 12:00:00+00:00
31.4,70,25.2,1003.0,1004.1,0,0,0,0,12.2,121,31.3,0.0,3320.0,-6.2,-83.0,23.4,-3.5,17.5,351,8.7,34,48,2025-05-15 13:00:00+00:00
31.2,72,25.5,1004.3,1005.4,0,0,0,0,11.1,138,28.8,0.0,3770.0,-6.9,-62.0,23.4,-3.7,17.3,3,9.1,23,50,2025-05-15 14:00:00+00:00
31.0,74,25.8,1005.2,1006.3,0,0,0,0,10.1,140,25.9,0.0,3740.0,-7.2,-40.0,23.1,-3.7,16.6,9,11.8,24,52,2025-05-15 15:00:00+00:00
30.8,75,25.8,1006.1,1007.2,0,0,0,0,9.7,133,23.8,0.0,3640.0,-7.4,-26.0,22.9,-3.3,15.8,12,15.6,32,51,2025-05-15 16:00:00+00:00
30.6,77,26.1,1006.6,1007.7,89,0,3,88,7.9,137,22.0,0.0,3710.0,-7.7,-22.0,22.7,-3.5,13.3,8,19.0,35,53,2025-05-15 17:00:00+00:00
30.4,79,26.3,1006.5,1007.6,82,2,9,80,7.0,140,18.0,0.0,3670.0,-7.8,-19.0,22.2,-3.7,10.8,345,23.7,30,57,2025-05-15 18:00:00+00:00
30.1,81,26.6,1006.2,1007.3,99,8,8,99,6.1,161,16.2,0.0,3860.0,-7.6,-26.0,21.7,-3.7,6.1,318,26.0,34,60,2025-05-15 19:00:00+00:00
29.9,83,26.7,1005.2,1006.3,100,11,0,100,5.3,168,14.0,0.0,2760.0,-7.1,-33.0,20.5,-3.5,3.6,270,19.9,25,56,2025-05-15 20:00:00+00:00
29.6,85,26.7,1004.4,1005.5,100,20,0,100,6.1,199,14.0,0.0,2520.0,-6.3,-21.0,20.9,-3.7,4.1,297,20.4,28,52,2025-05-15 21:00:00+00:00
29.2,86,26.6,1003.9,1005.0,99,9,0,99,6.2,201,14.4,0.0,2300.0,-5.6,-25.0,20.8,-4.0,6.5,295,20.6,36,51,2025-05-15 22:00:00+00:00
28.8,87,26.5,1003.9,1005.0,8,2,0,7,5.0,226,14.4,0.0,2150.0,-5.4,-48.0,21.0,-4.0,10.4,293,22.1,41,53,2025-05-15 23:00:00+00:00
28.5,88,26.4,1004.3,1005.4,44,0,0,44,2.7,228,11.2,0.0,2910.0,-5.4,-69.0,21.4,-4.0,10.2,302,17.0,45,54,2025-05-16 00:00:00+00:00
30.0,80,26.2,1004.4,1005.5,22,13,1,10,5.0,235,14.4,0.0,2740.0,-5.9,-72.0,21.4,-4.2,13.9,322,15.3,45,53,2025-05-16 01:00:00+00:00
31.1,74,26.0,1005.1,1006.2,28,7,2,22,5.9,247,17.6,0.0,3000.0,-4.7,-55.0,21.4,-4.4,16.2,338,13.6,45,51,2025-05-16 02:00:00+00:00
33.1,63,25.0,1005.3,1006.4,86,3,2,85,3.6,261,18.4,0.0,3080.0,-4.2,-35.0,21.4,-4.9,18.1,350,13.7,38,49,2025-05-16 03:00:00+00:00
34.9,53,24.0,1005.3,1006.4,23,5,3,17,2.5,360,21.6,0.1,2980.0,-4.6,-5.0,21.5,-4.7,17.8,356,13.7,38,48,2025-05-16 04:00:00+00:00
36.2,48,23.6,1005.2,1006.3,36,18,20,16,5.4,50,23.8,0.0,2050.0,-4.9,-4.0,21.8,-4.4,14.1,358,14.6,35,48,2025-05-16 05:00:00+00:00
35.6,53,24.5,1004.7,1005.8,62,27,39,22,10.1,68,30.2,0.2,2000.0,-6.1,-6.0,21.8,-4.0,15.6,345,11.4,18,50,2025-05-16 06:00:00+00:00
35.0,59,25.7,1004.0,1005.1,48,19,19,22,12.1,78,37.1,0.3,2230.0,-7.0,-5.0,21.2,-4.0,12.5,341,13.7,15,60,2025-05-16 07:00:00+00:00
35.6,57,25.7,1003.0,1004.1,94,13,11,92,15.0,74,40.0,0.0,3110.0,-7.3,-6.0,21.7,-4.0,13.5,336,14.0,20,62,2025-05-16 08:00:00+00:00
35.0,57,25.1,1002.5,1003.6,65,5,16,58,16.3,70,43.6,0.0,2580.0,-7.3,-16.0,21.7,-4.2,15.7,330,15.6,23,60,2025-05-16 09:00:00+00:00
33.9,60,25.2,1001.8,1002.9,65,0,6,63,14.7,84,43.9,0.0,2100.0,-6.9,-42.0,21.7,-4.0,14.3,333,17.2,25,61,2025-05-16 10:00:00+00:00
33.1,64,25.3,1001.7,1002.8,42,1,3,39,11.0,101,38.5,0.0,2070.0,-6.5,-79.0,22.1,-3.3,14.3,343,17.7,28,59,2025-05-16 11:00:00+00:00
32.4,67,25.4,1002.1,1003.2,42,2,1,40,11.8,109,30.2,0.0,2140.0,-5.9,-108.0,22.3,-3.5,17.3,333,18.8,27,63,2025-05-16 12:00:00+00:00
30.8,74,25.6,1003.1,1004.2,100,0,2,100,11.5,73,34.6,0.0,2200.0,-5.9,-100.0,22.1,-3.3,15.3,343,18.3,23,64,2025-05-16 13:00:00+00:00
30.7,74,25.4,1004.0,1005.1,100,0,4,100,10.1,79,27.0,0.0,2820.0,-6.2,-55.0,21.8,-3.3,12.5,350,20.0,33,68,2025-05-16 14:00:00+00:00
30.5,75,25.5,1005.1,1006.2,100,0,6,100,13.6,85,32.0,0.0,3050.0,-6.1,-43.0,21.6,-3.0,11.9,353,19.7,38,68,2025-05-16 15:00:00+00:00
30.0,76,25.3,1005.9,1007.0,100,8,54,100,6.6,99,31.0,0.7,2860.0,-6.0,-43.0,20.9,-3.3,9.6,357,15.0,29,70,2025-05-16 16:00:00+00:00
27.3,88,25.1,1007.2,1008.3,100,59,21,99,12.2,269,28.1,1.5,2160.0,-5.5,-20.0,20.6,-3.5,10.0,360,14.5,24,67,2025-05-16 17:00:00+00:00
27.4,88,25.1,1006.8,1007.9,82,5,8,79,7.3,228,24.5,0.1,280.0,-4.7,-19.0,20.6,-3.5,15.1,353,25.3,31,70,2025-05-16 18:00:00+00:00
25.7,90,24.0,1007.1,1008.3,100,38,36,99,13.3,257,38.5,0.5,950.0,-4.7,-27.0,20.3,-3.5,12.0,335,23.8,41,74,2025-05-16 19:00:00+00:00
26.1,87,23.7,1005.5,1006.6,100,0,16,100,7.8,279,28.8,0.1,1730.0,-4.4,-30.0,20.9,-3.7,18.6,338,19.5,47,71,2025-05-16 20:00:00+00:00
26.0,88,23.8,1004.7,1005.8,86,13,8,83,10.0,263,23.8,0.0,1480.0,-4.1,-31.0,21.2,-3.7,21.4,333,18.7,45,71,2025-05-16 21:00:00+00:00
25.9,90,24.2,1004.2,1005.3,100,0,3,100,9.9,265,21.6,0.0,980.0,-3.9,-49.0,20.8,-4.0,24.0,333,17.8,48,71,2025-05-16 22:00:00+00:00
26.0,91,24.5,1003.9,1005.0,100,0,2,100,8.9,263,22.3,0.0,790.0,-2.6,-85.0,20.5,-4.2,26.1,335,17.1,51,69,2025-05-16 23:00:00+00:00
26.2,89,24.2,1004.1,1005.2,78,1,2,77,9.3,255,19.8,0.0,550.0,-1.9,-138.0,20.5,-4.0,24.1,335,25.8,68,64,2025-05-17 00:00:00+00:00
28.1,75,23.3,1003.6,1004.7,99,0,0,99,11.3,279,24.8,0.0,440.0,-1.8,-115.0,20.3,-4.0,23.9,342,24.3,70,59,2025-05-17 01:00:00+00:00
29.0,73,23.6,1004.2,1005.3,100,0,4,100,8.7,292,24.1,0.0,410.0,-2.6,-87.0,20.3,-4.2,24.7,348,25.1,73,57,2025-05-17 02:00:00+00:00
30.5,67,23.7,1004.7,1005.8,100,0,100,97,7.4,311,20.2,0.0,540.0,-3.2,-48.0,20.2,-4.2,24.8,354,24.5,79,57,2025-05-17 03:00:00+00:00
32.5,59,23.4,1005.1,1006.2,100,0,100,100,6.1,341,18.4,0.0,900.0,-3.0,-28.0,20.2,-4.2,24.2,356,24.5,79,58,2025-05-17 04:00:00+00:00
32.6,58,23.2,1005.0,1006.1,100,0,100,100,4.4,12,17.6,0.0,990.0,-3.6,-4.0,20.0,-4.2,21.5,356,24.5,79,58,2025-05-17 05:00:00+00:00
33.4,54,22.7,1004.8,1005.9,100,0,100,100,4.6,48,12.6,0.0,1420.0,-4.0,-3.0,20.0,-4.2,21.9,356,24.5,79,58,2025-05-17 06:00:00+00:00
33.2,56,23.2,1004.4,1005.5,100,4,99,100,8.0,72,20.2,0.0,1780.0,-3.6,-20.0,20.0,-4.2,21.2,345,23.9,72,58,2025-05-17 07:00:00+00:00
32.6,64,25.0,1003.2,1004.3,100,3,40,100,11.1,73,28.4,0.0,2050.0,-2.9,-37.0,20.3,-4.0,22.3,340,27.0,69,58,2025-05-17 08:00:00+00:00
33.1,62,25.0,1001.8,1002.9,98,8,26,98,10.9,78,31.7,1.1,2040.0,-2.1,-83.0,20.5,-3.5,23.0,346,28.1,70,62,2025-05-17 09:00:00+00:00
32.3,68,25.6,1001.4,1002.5,100,11,36,100,7.8,109,31.3,0.7,1710.0,-2.7,-57.0,20.8,-3.5,23.8,355,27.9,65,71,2025-05-17 10:00:00+00:00
31.5,70,25.5,1001.5,1002.6,100,0,100,94,8.7,104,22.7,0.0,1760.0,-2.3,-76.0,20.6,-3.5,19.7,7,27.9,65,64,2025-05-17 11:00:00+00:00
30.7,73,25.2,1001.9,1003.0,100,0,100,58,10.5,128,24.8,0.0,2330.0,-2.2,-71.0,20.9,-3.7,27.2,9,30.8,69,62,2025-05-17 12:00:00+00:00
30.0,75,25.0,1002.8,1003.9,100,12,71,100,9.5,166,29.9,0.0,2130.0,-2.9,-71.0,20.5,-3.3,24.0,14,31.5,72,61,2025-05-17 13:00:00+00:00
29.6,76,24.9,1003.9,1005.0,100,12,19,100,7.3,190,20.9,0.0,2200.0,-3.8,-55.0,20.6,-3.3,24.5,18,31.2,74,60,2025-05-17 14:00:00+00:00
29.0,78,24.8,1005.1,1006.2,100,11,37,99,8.4,230,18.4,0.0,2050.0,-2.3,-29.0,20.6,-3.5,22.7,22,32.0,77,61,2025-05-17 15:00:00+00:00
28.2,77,23.9,1006.0,1007.1,99,6,38,99,11.2,248,24.8,0.0,1730.0,-2.4,-16.0,20.9,-3.5,23.2,26,31.8,79,59,2025-05-17 16:00:00+00:00
27.8,75,23.0,1006.0,1007.1,100,0,6,100,11.1,261,25.6,0.0,1780.0,-3.2,-18.0,21.0,-3.5,20.6,31,34.1,80,60,2025-05-17 17:00:00+00:00
27.5,75,22.6,1005.4,1006.5,100,0,14,100,10.5,258,23.8,0.0,1170.0,-3.6,-20.0,20.8,-3.5,17.5,25,36.3,82,70,2025-05-17 18:00:00+00:00
27.4,76,22.7,1004.5,1005.6,100,0,19,100,10.3,265,21.6,0.0,1230.0,-2.2,-22.0,20.5,-3.5,13.3,16,38.7,83,76,2025-05-17 19:00:00+00:00
27.3,76,22.7,1003.7,1004.8,100,1,7,100,11.0,268,23.0,0.0,1130.0,-2.3,-25.0,20.3,-3.5,11.9,7,38.5,86,76,2025-05-17 20:00:00+00:00
27.3,77,23.0,1002.8,1003.9,100,1,4,100,9.7,267,22.7,0.0,1200.0,-2.6,-30.0,20.2,-3.3,13.7,356,37.2,90,74,2025-05-17 21:00:00+00:00
27.3,79,23.3,1002.8,1003.9,100,1,23,100,7.6,271,19.8,0.0,820.0,-2.5,-31.0,20.2,-3.3,15.2,351,37.2,90,74,2025-05-17 22:00:00+00:00
27.2,80,23.5,1003.3,1004.4,100,1,77,100,6.8,287,15.5,0.0,510.0,-2.3,-32.0,20.2,-3.0,16.6,351,36.0,90,74,2025-05-17 23:00:00+00:00
27.1,81,23.7,1003.3,1004.4,100,1,14,100,5.1,309,14.4,0.0,340.0,-2.2,-30.0,20.3,-3.7,11.9,353,37.3,94,73,2025-05-18 00:00:00+00:00
27.8,81,24.2,1004.0,1005.1,100,0,5,100,9.5,303,21.2,0.0,360.0,-2.0,-34.0,20.3,-3.3,12.3,356,38.5,94,72,2025-05-18 01:00:00+00:00
28.7,77,24.4,1004.5,1005.6,100,0,2,100,6.8,338,19.4,0.0,470.0,-2.1,-34.0,20.2,-3.0,11.9,358,39.9,97,73,2025-05-18 02:00:00+00:00
30.2,69,23.8,1004.6,1005.7,100,0,16,100,9.4,349,23.0,0.0,750.0,-2.0,-17.0,20.4,-2.8,11.9,4,40.2,100,71,2025-05-18 03:00:00+00:00
31.8,59,22.9,1004.6,1005.7,100,0,15,100,8.5,1,23.4,0.0,980.0,-2.3,-5.0,20.4,-2.8,12.9,8,39.6,104,71,2025-05-18 04:00:00+00:00
33.0,55,22.7,1003.9,1005.0,100,0,1,100,9.5,15,25.2,0.0,980.0,-2.8,-5.0,20.5,-2.8,12.2,13,38.4,104,72,2025-05-18 05:00:00+00:00
33.3,55,23.0,1004.0,1005.1,100,1,11,100,12.2,44,31.3,0.0,940.0,-2.7,-9.0,21.0,-2.6,13.7,356,33.4,111,74,2025-05-18 06:00:00+00:00
31.9,64,24.3,1003.8,1004.9,100,10,32,100,14.0,41,35.6,0.4,810.0,-2.7,-7.0,20.9,-2.8,15.7,350,31.9,110,78,2025-05-18 07:00:00+00:00
32.1,63,24.2,1003.0,1004.1,100,1,10,100,13.1,47,34.9,0.0,1110.0,-2.5,-28.0,20.3,-2.8,14.3,351,27.7,108,82,2025-05-18 08:00:00+00:00
32.2,61,23.8,1001.3,1002.4,100,15,10,100,13.8,39,36.0,0.0,2090.0,-2.4,-37.0,20.4,-2.8,15.7,352,24.5,101,82,2025-05-18 09:00:00+00:00
31.7,64,24.1,1000.7,1001.8,100,0,5,100,14.1,42,34.2,0.0,1970.0,-2.7,-27.0,20.8,-2.6,16.4,358,21.9,99,84,2025-05-18 10:00:00+00:00
30.9,71,25.1,1000.7,1001.8,100,1,8,100,11.0,50,34.9,0.0,2210.0,-2.9,-33.0,20.9,-2.1,18.6,11,19.3,97,83,2025-05-18 11:00:00+00:00
30.2,75,25.3,1001.1,1002.2,100,0,15,100,10.9,54,27.4,0.0,2650.0,-3.5,-36.0,20.9,-2.1,22.8,358,24.1,117,79,2025-05-18 12:00:00+00:00
30.0,83,26.7,1001.1,1002.2,100,0,18,100,13.4,59,28.1,0.0,2490.0,-3.7,-31.0,20.9,-1.9,21.0,5,25.1,107,79,2025-05-18 13:00:00+00:00
29.4,87,27.0,1002.0,1003.1,100,2,18,100,10.3,65,29.2,0.0,2690.0,-3.7,-23.0,21.0,-1.9,20.3,9,26.2,106,77,2025-05-18 14:00:00+00:00
28.5,89,26.5,1003.0,1004.1,100,32,34,100,9.1,65,20.5,0.7,2300.0,-3.3,-23.0,20.8,-1.9,18.3,14,26.8,100,79,2025-05-18 15:00:00+00:00
27.6,94,26.5,1003.8,1004.9,95,29,48,89,2.5,172,16.6,3.1,2060.0,-3.2,-14.0,20.4,-2.3,16.0,15,26.5,95,79,2025-05-18 16:00:00+00:00
26.4,93,25.2,1004.6,1005.7,100,98,86,100,7.9,243,19.4,7.9,1710.0,-3.1,-13.0,20.3,-2.3,16.2,22,24.3,99,74,2025-05-18 17:00:00+00:00
25.9,97,25.4,1004.0,1005.1,100,100,46,100,6.3,297,20.5,0.3,1130.0,-3.0,-17.0,20.0,-2.3,18.0,24,25.2,87,76,2025-05-18 18:00:00+00:00
25.7,97,25.1,1002.9,1004.0,100,100,19,100,8.1,288,18.4,0.3,810.0,-3.1,-25.0,19.4,-2.3,11.6,26,27.8,83,78,2025-05-18 19:00:00+00:00
25.6,96,25.0,1002.4,1003.5,100,96,66,100,6.9,250,17.6,0.3,690.0,-2.9,-30.0,19.2,-2.3,8.8,9,27.7,85,74,2025-05-18 20:00:00+00:00
25.2,98,24.8,1002.0,1003.1,100,100,27,100,8.6,255,18.7,0.7,660.0,-2.4,-36.0,19.6,-2.6,9.6,5,28.8,90,72,2025-05-18 21:00:00+00:00
24.9,98,24.5,1002.3,1003.4,100,100,49,100,5.7,281,18.7,6.8,680.0,-2.5,-40.0,19.8,-2.6,10.0,360,27.6,92,71,2025-05-18 22:00:00+00:00
25.1,96,24.4,1001.6,1002.7,100,18,13,100,7.3,320,17.6,1.9,680.0,-2.6,-35.0,19.8,-2.6,11.4,358,27.8,97,73,2025-05-18 23:00:00+00:00
25.1,96,24.4,1002.5,1003.6,100,39,38,100,10.0,321,20.5,0.2,580.0,-2.7,-23.0,19.8,-2.6,14.0,19,36.3,98,74,2025-05-19 00:00:00+00:00
26.6,94,25.6,1002.9,1004.0,100,0,81,100,4.6,291,12.2,0.2,530.0,-2.6,-21.0,19.8,-2.6,13.4,10,34.1,100,76,2025-05-19 01:00:00+00:00
27.0,90,25.2,1003.9,1005.0,100,12,84,100,3.0,327,9.0,0.4,620.0,-2.7,-15.0,19.9,-2.3,14.6,5,33.2,103,73,2025-05-19 02:00:00+00:00
26.3,95,25.4,1004.4,1005.5,100,0,100,100,7.6,295,16.9,1.7,820.0,-2.5,-22.0,20.0,-2.6,16.3,11,32.0,103,71,2025-05-19 03:00:00+00:00
26.3,96,25.6,1004.2,1005.3,100,0,100,100,7.5,333,15.5,3.2,1000.0,-3.0,-13.0,19.8,-2.3,17.3,18,30.9,103,70,2025-05-19 04:00:00+00:00
27.0,93,25.7,1004.0,1005.1,100,0,94,100,6.3,347,17.3,2.4,1000.0,-3.3,0.0,20.4,-2.3,16.5,24,28.5,105,76,2025-05-19 05:00:00+00:00
28.6,85,25.7,1003.4,1004.5,100,22,3,100,8.6,338,22.7,0.2,1430.0,-3.4,0.0,20.2,-2.1,16.6,8,25.9,103,73,2025-05-19 06:00:00+00:00
30.1,75,25.1,1002.7,1003.8,100,55,1,99,7.7,330,24.1,0.2,1410.0,-3.0,-4.0,20.2,-2.3,16.4,358,23.1,99,79,2025-05-19 07:00:00+00:00
31.1,70,25.0,1001.8,1002.9,100,41,47,100,4.1,358,20.9,0.4,1810.0,-3.4,-10.0,20.3,-2.3,16.4,357,19.3,97,76,2025-05-19 08:00:00+00:00
31.6,68,24.9,1000.8,1001.9,100,100,10,97,4.5,47,14.8,0.2,2060.0,-3.4,-12.0,20.2,-2.3,16.2,350,18.0,90,76,2025-05-19 09:00:00+00:00
30.4,74,25.3,1000.1,1001.2,100,36,13,100,7.0,64,19.8,0.4,1810.0,-3.4,-10.0,19.8,-2.1,14.0,347,18.2,82,77,2025-05-19 10:00:00+00:00
29.8,77,25.4,999.6,1000.7,100,49,11,100,6.8,92,20.2,0.3,1450.0,-3.4,-12.0,20.2,-1.9,15.2,351,18.2,82,77,2025-05-19 11:00:00+00:00
29.3,81,25.6,1000.1,1001.2,100,12,3,100,6.2,97,18.0,0.0,1920.0,-3.5,-9.0,20.4,-1.6,14.9,348,17.0,98,76,2025-05-19 12:00:00+00:00
29.1,86,26.5,999.9,1001.0,100,0,2,100,3.6,45,21.2,0.0,1510.0,-3.2,-7.0,20.3,-1.6,13.7,4,19.2,90,77,2025-05-19 13:00:00+00:00
28.8,90,27.0,1000.9,1002.0,100,3,0,100,0.9,323,6.8,0.0,1250.0,-2.7,-4.0,20.5,-1.6,12.3,22,18.0,94,77,2025-05-19 14:00:00+00:00
28.4,91,26.8,1002.1,1003.2,100,24,13,100,1.8,270,4.0,0.1,1150.0,-1.8,-6.0,20.4,-1.4,9.9,34,17.2,102,74,2025-05-19 15:00:00+00:00
27.9,92,26.5,1002.9,1004.0,100,22,21,100,5.0,224,10.1,0.1,1150.0,-1.9,-4.0,20.4,-0.9,5.5,42,17.2,102,79,2025-05-19 16:00:00+00:00
26.8,93,25.6,1003.7,1004.8,100,82,36,100,6.3,239,12.6,0.8,940.0,-2.5,-5.0,20.5,-0.9,1.6,124,19.4,112,84,2025-05-19 17:00:00+00:00
26.6,93,25.3,1003.1,1004.2,100,14,18,100,7.5,210,14.4,0.3,790.0,-2.2,-5.0,19.9,-1.6,1.6,236,24.5,101,81,2025-05-19 18:00:00+00:00
26.4,91,24.9,1002.2,1003.3,56,1,16,49,7.8,226,17.3,0.0,190.0,-2.1,-4.0,19.7,-1.9,7.7,270,20.5,111,83,2025-05-19 19:00:00+00:00
26.4,91,24.9,1001.5,1002.6,91,12,18,89,6.5,242,15.5,0.0,20.0,-2.3,-5.0,19.9,-1.9,8.2,270,19.4,112,83,2025-05-19 20:00:00+00:00
26.4,93,25.1,1000.9,1002.0,100,11,18,100,7.3,245,14.8,0.0,40.0,-2.8,-5.0,19.9,-2.1,11.1,279,17.8,110,83,2025-05-19 21:00:00+00:00
26.4,93,25.1,1001.0,1002.1,100,9,46,100,6.7,232,14.8,0.3,130.0,-3.1,-8.0,20.2,-2.1,13.0,288,15.6,113,84,2025-05-19 22:00:00+00:00
26.3,94,25.3,1001.2,1002.3,100,22,40,100,5.2,266,13.3,0.2,30.0,-3.2,-9.0,19.9,-2.1,15.3,293,12.5,107,84,2025-05-19 23:00:00+00:00
26.5,94,25.4,1001.3,1002.4,100,2,12,100,6.7,262,13.0,0.0,90.0,-3.8,-12.0,19.9,-2.3,12.2,257,18.7,130,83,2025-05-20 00:00:00+00:00
27.4,89,25.5,1002.4,1003.5,100,10,61,100,3.6,327,15.5,0.1,170.0,-3.9,-11.0,20.3,-2.6,14.7,263,17.8,132,87,2025-05-20 01:00:00+00:00
27.6,90,25.7,1002.8,1003.9,100,1,22,100,4.0,324,9.7,0.0,220.0,-4.0,-14.0,20.2,-2.6,14.8,259,16.1,138,87,2025-05-20 02:00:00+00:00
28.4,87,25.9,1003.4,1004.5,100,0,4,100,4.8,297,15.8,0.1,310.0,-3.7,-22.0,20.2,-2.6,14.5,257,15.6,148,88,2025-05-20 03:00:00+00:00
29.2,82,25.9,1003.6,1004.7,100,15,6,100,4.9,324,15.1,0.2,480.0,-3.5,-16.0,20.2,-2.8,14.9,258,14.0,160,89,2025-05-20 04:00:00+00:00
30.0,78,25.7,1003.6,1004.7,100,13,16,100,5.3,308,18.4,0.4,740.0,-3.5,-13.0,20.0,-2.8,15.4,258,15.6,180,81,2025-05-20 05:00:00+00:00
30.0,77,25.5,1003.1,1004.2,100,8,12,100,3.0,284,16.6,0.4,860.0,-4.0,-9.0,20.0,-2.8,12.8,276,18.3,148,76,2025-05-20 06:00:00+00:00
30.8,73,25.3,1002.1,1003.2,100,11,1,100,4.9,321,15.5,0.2,1450.0,-4.2,-13.0,20.4,-2.6,14.8,279,22.5,155,77,2025-05-20 07:00:00+00:00
31.6,69,25.1,1001.1,1002.2,100,19,6,100,3.2,344,15.8,0.0,1990.0,-4.6,-3.0,20.5,-2.1,13.8,287,17.2,168,74,2025-05-20 08:00:00+00:00
31.6,68,24.9,1000.0,1001.1,100,14,0,100,4.5,95,14.0,0.0,1960.0,-4.6,-7.0,20.3,-2.3,10.8,298,12.9,158,73,2025-05-20 09:00:00+00:00
30.3,76,25.6,999.5,1000.6,100,35,0,100,9.1,115,23.0,0.1,1660.0,-4.6,-13.0,20.0,-2.1,7.8,310,15.6,157,77,2025-05-20 10:00:00+00:00
29.5,82,26.1,999.7,1000.8,100,14,1,100,11.1,121,27.0,0.0,1300.0,-4.7,-18.0,20.0,-1.9,5.8,288,16.7,159,76,2025-05-20 11:00:00+00:00
28.5,85,25.7,1000.6,1001.7,100,63,8,100,11.0,162,27.4,0.3,1130.0,-4.8,-4.0,20.6,-1.9,3.8,14,17.5,164,80,2025-05-20 12:00:00+00:00
28.8,84,25.8,1001.1,1002.2,92,17,17,89,9.2,191,22.0,0.3,1070.0,-4.2,-3.0,20.5,-1.9,2.7,121,19.0,162,80,2025-05-20 13:00:00+00:00
27.2,90,25.5,1002.3,1003.4,98,21,15,98,12.0,253,26.6,0.1,1030.0,-3.7,-6.0,20.4,-1.9,7.3,176,20.5,159,79,2025-05-20 14:00:00+00:00
26.4,91,24.9,1003.1,1004.2,100,0,47,100,8.1,265,27.0,0.0,1080.0,-4.2,-20.0,20.4,-1.9,11.4,203,24.3,160,78,2025-05-20 15:00:00+00:00
26.4,91,24.9,1003.3,1004.4,100,2,8,100,6.5,257,18.4,0.0,800.0,-4.6,-17.0,20.0,-2.1,16.2,212,27.0,159,76,2025-05-20 16:00:00+00:00
26.5,92,25.0,1003.3,1004.4,100,3,18,100,4.0,270,13.0,0.0,460.0,-4.6,-13.0,20.0,-2.3,23.5,223,26.3,156,73,2025-05-20 17:00:00+00:00
26.4,92,25.1,1003.2,1004.3,100,8,9,100,5.9,243,12.2,0.0,250.0,-3.8,-14.0,19.9,-2.6,28.8,241,23.1,171,71,2025-05-20 18:00:00+00:00
26.4,92,25.1,1002.1,1003.2,100,3,4,100,6.4,241,13.0,0.0,200.0,-3.6,-20.0,20.2,-2.3,31.4,253,24.0,180,68,2025-05-20 19:00:00+00:00
26.4,93,25.1,1001.9,1003.0,100,12,24,100,5.9,259,13.7,0.0,310.0,-3.6,-38.0,20.2,-2.3,35.1,261,24.1,186,66,2025-05-20 20:00:00+00:00
26.5,93,25.2,1001.7,1002.8,100,17,0,100,4.8,200,11.9,0.0,530.0,-3.0,-72.0,20.4,-2.3,36.7,264,25.7,191,66,2025-05-20 21:00:00+00:00
26.3,93,25.1,1001.2,1002.3,100,5,2,100,7.1,234,14.4,0.0,680.0,-2.1,-118.0,20.6,-2.6,35.7,259,25.1,197,71,2025-05-20 22:00:00+00:00
26.3,93,25.1,1002.3,1003.4,100,0,25,100,6.2,234,15.5,0.0,760.0,-1.8,-121.0,20.6,-2.6,33.2,257,22.8,198,74,2025-05-20 23:00:00+00:00
26.4,93,25.1,1002.8,1003.9,100,0,10,100,5.4,240,13.0,0.0,680.0,-1.4,-134.0,20.2,-1.9,29.1,253,25.7,191,73,2025-05-21 00:00:00+00:00
27.4,89,25.4,1003.2,1004.3,100,0,14,100,9.4,215,19.4,0.0,670.0,-1.7,-123.0,20.2,-2.1,29.1,260,21.0,193,72,2025-05-21 01:00:00+00:00
28.2,88,25.9,1004.0,1005.1,100,0,1,100,7.8,224,19.4,0.0,740.0,-2.3,-72.0,20.5,-2.3,29.4,263,19.3,187,71,2025-05-21 02:00:00+00:00
29.2,83,25.9,1004.5,1005.6,100,0,2,100,7.9,227,19.4,0.0,1040.0,-2.7,-37.0,20.8,-2.3,28.3,265,20.7,190,74,2025-05-21 03:00:00+00:00
30.9,73,25.4,1004.5,1005.6,100,0,0,100,10.1,243,25.6,0.0,1350.0,-3.1,-19.0,20.6,-2.3,28.3,265,20.7,190,78,2025-05-21 04:00:00+00:00
32.2,64,24.6,1004.5,1005.6,100,2,10,100,10.0,256,27.0,0.0,820.0,-2.9,-1.0,20.6,-2.6,29.9,262,18.4,191,80,2025-05-21 05:00:00+00:00
33.1,57,23.6,1003.9,1005.0,100,6,15,100,10.0,262,26.3,0.0,1190.0,-3.3,-2.0,20.9,-2.8,30.7,275,17.0,188,77,2025-05-21 06:00:00+00:00
33.6,55,23.2,1003.5,1004.6,100,3,25,100,8.7,265,25.6,0.0,930.0,-3.9,-4.0,20.9,-2.8,27.4,274,14.6,189,78,2025-05-21 07:00:00+00:00
33.9,54,23.2,1002.4,1003.5,100,5,11,100,9.2,273,25.2,0.0,1090.0,-4.1,-12.0,20.8,-3.0,28.3,281,13.4,190,78,2025-05-21 08:00:00+00:00
33.7,53,22.7,1001.9,1003.0,100,15,31,100,8.8,259,25.2,0.8,1150.0,-4.4,-27.0,20.6,-2.8,28.0,282,11.1,193,76,2025-05-21 09:00:00+00:00
33.3,56,23.5,1001.2,1002.3,100,11,19,100,6.7,239,21.2,0.0,1070.0,-4.3,-24.0,20.3,-2.3,26.9,269,8.4,180,68,2025-05-21 10:00:00+00:00
32.8,59,23.8,1000.9,1002.0,100,10,8,100,4.8,202,18.7,0.0,1560.0,-4.0,-17.0,20.0,-2.3,28.1,262,8.5,188,73,2025-05-21 11:00:00+00:00
31.4,69,24.9,1001.3,1002.4,100,16,22,100,7.2,198,15.1,0.0,1620.0,-3.6,-29.0,20.6,-2.3,31.2,255,11.8,204,79,2025-05-21 12:00:00+00:00
29.3,85,26.6,1001.4,1002.5,100,2,8,100,1.0,315,14.0,0.0,1810.0,-3.2,-18.0,21.1,-2.6,37.0,260,11.1,193,84,2025-05-21 13:00:00+00:00
28.9,87,26.4,1002.4,1003.5,100,1,7,100,2.7,132,5.8,0.0,2030.0,-0.7,-42.0,21.1,-2.6,40.6,266,9.9,194,78,2025-05-21 14:00:00+00:00
28.9,87,26.5,1003.7,1004.8,100,3,29,100,3.1,114,5.8,0.0,2570.0,0.0,-43.0,21.0,-2.8,41.1,267,10.9,186,77,2025-05-21 15:00:00+00:00
29.0,87,26.7,1004.2,1005.3,100,3,11,100,3.1,216,5.8,0.0,2890.0,-0.1,-41.0,20.6,-3.0,39.5,263,12.2,191,82,2025-05-21 16:00:00+00:00
29.0,81,25.5,1004.5,1005.6,100,0,97,99,8.0,230,15.5,0.0,2690.0,-0.8,-126.0,20.5,-3.0,38.2,262,13.3,185,76,2025-05-21 17:00:00+00:00
29.1,74,24.1,1004.3,1005.4,96,0,3,96,10.9,230,21.6,0.0,2390.0,-2.1,-81.0,20.4,-3.3,35.1,271,15.6,180,68,2025-05-21 18:00:00+00:00
28.9,67,22.1,1003.7,1004.8,100,0,0,100,11.8,237,23.8,0.0,2450.0,-2.3,-106.0,20.4,-3.3,34.9,277,17.0,188,68,2025-05-21 19:00:00+00:00
28.4,64,20.9,1003.4,1004.5,100,0,5,100,11.7,257,25.2,0.0,1810.0,-1.4,-111.0,21.0,-3.3,37.0,280,19.8,194,67,2025-05-21 20:00:00+00:00
27.7,66,20.7,1003.2,1004.3,100,0,7,100,9.8,276,23.8,0.0,970.0,-0.9,-139.0,21.1,-3.3,38.9,286,21.0,193,68,2025-05-21 21:00:00+00:00
27.2,67,20.5,1003.1,1004.2,100,0,0,100,10.3,273,20.9,0.0,210.0,-0.7,-152.0,21.2,-3.0,40.2,288,21.6,199,68,2025-05-21 22:00:00+00:00
26.9,67,20.2,1003.4,1004.5,100,0,3,100,10.1,273,21.2,0.0,10.0,-1.1,-161.0,21.1,-3.0,41.2,288,20.4,208,70,2025-05-21 23:00:00+00:00
26.6,67,20.0,1003.6,1004.7,100,0,0,100,10.8,265,21.6,0.0,10.0,-0.9,-149.0,20.8,-3.5,37.4,292,26.3,227,69,2025-05-22 00:00:00+00:00
27.3,69,21.1,1004.6,1005.7,100,0,0,100,11.8,251,24.1,0.0,0.0,-1.2,-135.0,20.9,-3.7,36.3,294,27.4,232,64,2025-05-22 01:00:00+00:00
28.0,67,21.4,1005.3,1006.4,100,0,0,100,11.5,256,24.8,0.0,0.0,-0.8,-120.0,20.9,-3.5,36.2,291,30.3,236,66,2025-05-22 02:00:00+00:00
29.3,66,22.3,1006.0,1007.1,100,0,0,100,9.3,254,24.5,0.0,0.0,0.1,-76.0,20.8,-3.3,34.7,287,32.3,239,66,2025-05-22 03:00:00+00:00
31.0,58,21.9,1006.1,1007.2,100,0,0,100,8.8,270,23.0,0.0,0.0,1.0,0.0,20.9,-3.3,33.7,283,31.7,241,57,2025-05-22 04:00:00+00:00
32.1,54,21.6,1005.2,1006.3,100,0,0,100,9.2,277,24.8,0.0,10.0,0.9,0.0,21.0,-3.0,32.0,281,29.0,240,54,2025-05-22 05:00:00+00:00
32.9,52,21.8,1004.3,1005.4,100,0,0,100,8.3,270,25.2,0.0,70.0,0.4,0.0,21.0,-2.8,33.7,286,27.4,241,58,2025-05-22 06:00:00+00:00
33.6,51,22.1,1003.6,1004.7,100,0,0,100,7.6,266,23.0,0.0,170.0,0.5,0.0,21.1,-2.6,35.1,286,25.2,245,57,2025-05-22 07:00:00+00:00
34.1,49,21.9,1002.9,1004.0,100,9,19,100,10.1,265,24.5,0.0,240.0,0.3,-1.0,20.0,-2.3,31.7,286,21.5,243,57,2025-05-22 08:00:00+00:00
33.9,50,21.9,1002.3,1003.4,100,8,21,100,10.0,264,25.9,0.1,270.0,0.4,-1.0,20.8,-2.3,27.6,283,17.2,245,70,2025-05-22 09:00:00+00:00
33.4,52,22.3,1001.4,1002.5,100,5,21,100,6.8,220,23.8,0.2,480.0,-0.1,-15.0,20.0,-2.1,23.5,278,13.4,243,83,2025-05-22 10:00:00+00:00
31.9,64,24.2,1000.8,1001.9,100,8,18,100,9.0,158,20.9,0.0,530.0,-1.5,-14.0,20.5,-2.3,24.2,268,9.9,256,74,2025-05-22 11:00:00+00:00
30.2,77,25.8,1000.9,1002.0,100,11,18,100,13.8,153,28.8,0.0,550.0,-1.5,-51.0,21.0,-1.6,20.7,262,20.5,263,68,2025-05-22 12:00:00+00:00
29.9,78,25.8,1001.1,1002.2,100,3,0,100,12.5,157,26.3,0.0,1280.0,-2.8,-74.0,21.0,-1.6,25.4,255,12.2,259,67,2025-05-22 13:00:00+00:00
29.4,77,25.0,1002.1,1003.2,100,1,1,100,11.9,179,25.9,0.0,1530.0,-3.9,-75.0,21.1,-2.1,29.6,260,10.7,243,69,2025-05-22 14:00:00+00:00
29.3,76,24.7,1003.0,1004.1,100,0,13,100,12.9,186,25.9,0.0,920.0,-4.9,-48.0,21.4,-2.6,32.2,258,12.2,259,71,2025-05-22 15:00:00+00:00
29.2,77,24.8,1003.6,1004.7,100,1,33,100,13.8,187,27.7,0.0,1790.0,-5.0,-40.0,21.6,-2.8,33.3,253,14.4,265,78,2025-05-22 16:00:00+00:00
29.2,79,25.2,1004.1,1005.2,100,0,32,100,14.5,191,29.9,0.0,2540.0,-4.7,-50.0,21.8,-3.0,34.2,251,17.0,262,78,2025-05-22 17:00:00+00:00
28.9,83,25.7,1004.0,1005.1,100,0,12,100,14.3,199,29.9,0.0,2310.0,-5.0,-57.0,21.5,-3.5,38.3,258,24.1,276,81,2025-05-22 18:00:00+00:00
28.8,83,25.5,1003.4,1004.5,100,0,5,100,14.1,203,29.9,0.0,2460.0,-5.2,-281.0,21.1,-3.5,38.5,265,25.2,273,80,2025-05-22 19:00:00+00:00
28.6,83,25.4,1002.9,1004.0,100,0,11,100,13.6,206,29.5,0.0,2370.0,-5.0,-45.0,20.6,-3.5,33.8,266,30.1,265,69,2025-05-22 20:00:00+00:00
28.2,85,25.4,1002.5,1003.6,99,0,4,99,13.2,210,28.1,0.0,2040.0,-5.2,-40.0,20.6,-3.3,32.4,267,33.6,270,67,2025-05-22 21:00:00+00:00
27.9,84,24.9,1002.2,1003.3,95,0,0,95,12.6,221,27.4,0.0,1390.0,-5.1,-35.0,20.3,-3.0,31.2,264,34.8,272,68,2025-05-22 22:00:00+00:00
27.4,83,24.3,1002.2,1003.3,100,0,0,100,11.9,229,25.9,0.0,1310.0,-4.7,-44.0,19.9,-2.8,28.9,258,34.8,272,64,2025-05-22 23:00:00+00:00
26.9,84,24.1,1002.4,1003.5,82,0,0,82,10.3,227,24.8,0.0,1310.0,-4.8,-45.0,20.4,-3.3,27.7,253,38.4,270,67,2025-05-23 00:00:00+00:00
27.9,83,24.7,1002.4,1003.5,100,0,0,100,8.2,220,17.3,0.0,1240.0,-4.7,-44.0,20.8,-3.0,30.0,250,37.3,266,69,2025-05-23 01:00:00+00:00
28.9,80,25.1,1003.0,1004.1,100,0,0,100,7.1,232,16.9,0.0,1210.0,-3.1,-75.0,21.0,-3.0,31.9,253,35.0,264,68,2025-05-23 02:00:00+00:00
30.7,69,24.5,1003.4,1004.5,93,0,0,93,8.6,241,22.3,0.0,1110.0,-1.8,-147.0,21.1,-2.8,31.6,255,31.6,261,68,2025-05-23 03:00:00+00:00
32.3,59,23.2,1003.5,1004.6,76,0,0,76,9.5,251,24.8,0.0,350.0,-1.7,-148.0,21.5,-2.6,30.7,252,29.2,261,70,2025-05-23 04:00:00+00:00
33.7,51,22.2,1003.0,1004.1,25,0,0,25,10.7,250,28.4,0.0,360.0,-2.0,-111.0,21.6,-2.3,28.7,245,25.7,259,69,2025-05-23 05:00:00+00:00
34.9,47,21.8,1002.2,1003.3,2,0,0,2,8.9,223,28.1,0.0,280.0,-1.9,-83.0,21.8,-2.6,27.5,246,30.0,268,67,2025-05-23 06:00:00+00:00
35.2,46,22.0,1001.5,1002.6,0,0,0,0,10.0,162,27.0,0.0,270.0,-2.4,-56.0,21.5,-2.3,22.6,236,27.6,268,68,2025-05-23 07:00:00+00:00
34.5,55,24.0,1000.1,1001.2,16,5,14,0,12.9,148,34.2,0.0,200.0,-2.3,-36.0,21.4,-2.3,20.0,243,27.6,270,71,2025-05-23 08:00:00+00:00
33.8,57,24.1,999.0,1000.1,21,2,20,0,13.9,155,35.6,0.1,400.0,-2.5,-35.0,21.5,-2.1,21.4,241,26.4,273,78,2025-05-23 09:00:00+00:00
33.3,55,22.9,998.2,999.3,33,1,33,0,16.5,153,40.0,0.1,1710.0,-2.3,-87.0,21.4,-2.1,20.7,237,22.8,273,78,2025-05-23 10:00:00+00:00
32.1,63,24.2,998.1,999.2,41,2,40,0,16.9,156,40.7,0.1,1120.0,-2.6,-89.0,21.7,-2.1,23.9,239,21.6,273,78,2025-05-23 11:00:00+00:00
31.9,70,25.8,998.7,999.8,48,3,46,1,15.7,175,39.2,0.1,1060.0,-2.8,-68.0,22.3,-1.9,27.8,240,22.8,267,83,2025-05-23 12:00:00+00:00
30.9,75,25.9,999.1,1000.2,85,0,15,82,15.4,169,36.0,0.0,1940.0,-4.2,-197.0,22.2,-2.1,28.7,234,24.0,270,81,2025-05-23 13:00:00+00:00
30.5,80,26.7,1000.4,1001.5,68,22,55,27,15.9,205,34.2,0.1,3060.0,-5.1,-397.0,21.5,-2.6,27.6,232,21.7,264,82,2025-05-23 14:00:00+00:00
27.0,90,25.3,1002.0,1003.1,100,14,77,98,17.5,200,38.9,5.6,3450.0,-4.9,-38.0,22.3,-2.3,32.1,238,18.2,262,82,2025-05-23 15:00:00+00:00
28.1,88,26.0,1002.1,1003.2,72,0,25,63,11.4,191,33.1,0.0,3280.0,-5.1,-27.0,22.1,-2.6,34.5,239,17.5,254,83,2025-05-23 16:00:00+00:00
28.8,90,27.0,1002.3,1003.4,36,0,8,31,11.5,176,22.7,0.0,2290.0,-5.3,-21.0,21.2,-3.3,35.7,240,19.0,252,84,2025-05-23 17:00:00+00:00
29.0,86,26.4,1002.1,1003.2,92,0,37,88,15.0,193,32.4,0.0,1390.0,-4.8,-21.0,21.4,-3.7,36.6,253,21.7,264,78,2025-05-23 18:00:00+00:00
29.0,89,27.0,1001.1,1002.2,93,0,76,70,12.7,203,30.6,0.0,1330.0,-4.5,-17.0,21.7,-3.7,38.1,255,21.0,257,72,2025-05-23 19:00:00+00:00
28.6,87,26.3,1000.7,1001.8,99,0,24,99,11.6,219,25.9,0.0,1680.0,-4.4,-36.0,21.5,-4.0,50.4,257,22.4,254,68,2025-05-23 20:00:00+00:00
28.2,86,25.6,1000.3,1001.4,90,0,9,89,11.6,222,25.2,0.0,1900.0,-4.3,-54.0,21.6,-4.0,62.0,256,25.8,248,66,2025-05-23 21:00:00+00:00
27.7,85,25.0,1000.2,1001.3,100,0,8,100,9.4,227,23.8,0.0,1800.0,-3.9,-48.0,22.0,-3.7,65.0,257,29.0,246,67,2025-05-23 22:00:00+00:00
27.5,85,24.7,1000.1,1001.2,100,0,12,100,8.7,225,19.1,0.0,1710.0,-4.3,-55.0,22.0,-3.5,63.9,254,29.0,246,63,2025-05-23 23:00:00+00:00
27.4,84,24.5,1000.5,1001.6,100,0,1,100,6.8,245,18.0,0.0,1610.0,-2.3,-45.0,22.0,-3.3,63.7,255,25.8,242,66,2025-05-24 00:00:00+00:00
28.2,78,23.9,1001.5,1002.6,100,0,38,100,7.7,210,16.6,0.0,1370.0,-1.4,-84.0,22.1,-2.8,63.0,253,26.0,236,63,2025-05-24 01:00:00+00:00
28.9,75,24.1,1001.8,1002.9,100,0,100,100,6.0,209,15.8,0.0,1300.0,-2.1,-100.0,21.5,-2.6,57.2,250,24.7,231,64,2025-05-24 02:00:00+00:00
29.4,73,24.1,1002.1,1003.2,100,0,100,98,7.6,187,18.0,0.0,1360.0,-2.5,-99.0,21.5,-2.6,53.9,246,22.9,223,64,2025-05-24 03:00:00+00:00
30.5,69,24.1,1002.3,1003.4,100,0,7,100,7.6,198,21.6,0.0,1510.0,-2.9,-58.0,21.5,-2.3,50.7,244,22.9,223,59,2025-05-24 04:00:00+00:00
33.3,56,23.4,1002.1,1003.2,100,0,77,99,9.6,214,27.4,0.0,1360.0,-2.8,-39.0,21.1,-2.1,48.9,243,23.8,225,60,2025-05-24 05:00:00+00:00
34.2,52,23.0,1001.3,1002.4,100,0,100,98,10.6,204,29.9,0.0,1600.0,-2.4,-102.0,21.6,-3.0,53.6,251,29.5,243,57,2025-05-24 06:00:00+00:00
34.7,46,21.5,1000.4,1001.5,97,6,11,96,12.4,214,32.8,0.0,1160.0,-2.8,-47.0,21.7,-2.8,45.3,255,29.5,243,60,2025-05-24 07:00:00+00:00
35.9,44,21.7,999.1,1000.2,98,1,63,95,17.1,228,43.6,0.0,910.0,-3.5,-27.0,21.1,-2.3,42.9,258,29.0,246,64,2025-05-24 08:00:00+00:00
35.8,44,21.5,998.3,999.4,100,0,76,100,17.1,242,45.7,0.0,870.0,-2.8,-54.0,21.4,-2.1,42.8,253,30.8,249,73,2025-05-24 09:00:00+00:00
35.8,43,21.3,998.0,999.1,100,5,100,97,15.2,246,43.2,0.0,870.0,-2.7,-60.0,21.5,-2.3,43.8,251,28.5,248,73,2025-05-24 10:00:00+00:00
34.4,47,21.3,997.9,999.0,100,1,100,94,12.4,248,38.2,0.0,760.0,-2.8,-30.0,21.2,-2.6,39.9,248,27.4,247,76,2025-05-24 11:00:00+00:00
33.6,51,22.2,998.6,999.7,100,6,100,100,11.8,219,29.9,0.0,1140.0,-3.0,-22.0,21.5,-3.3,40.8,254,27.1,257,79,2025-05-24 12:00:00+00:00
32.5,59,23.3,1000.0,1001.1,100,0,100,47,13.7,182,34.9,0.0,1360.0,-3.8,-47.0,21.5,-3.3,43.1,252,22.4,254,79,2025-05-24 13:00:00+00:00
31.8,64,24.2,1001.0,1002.1,100,1,100,98,14.2,171,30.6,0.0,2080.0,-5.3,-38.0,21.8,-3.5,48.4,250,18.4,259,77,2025-05-24 14:00:00+00:00
30.9,75,26.1,1002.0,1003.1,100,1,60,100,13.5,180,32.0,0.2,2850.0,-5.3,-37.0,21.4,-3.7,48.4,247,17.2,258,73,2025-05-24 15:00:00+00:00
30.9,71,25.1,1002.9,1004.0,98,4,61,97,12.0,199,28.4,0.0,2920.0,-5.1,-28.0,21.0,-4.0,41.5,237,17.5,254,76,2025-05-24 16:00:00+00:00
30.9,65,23.6,1003.0,1004.1,99,0,48,98,13.2,209,28.1,0.0,3290.0,-5.9,-19.0,21.0,-3.7,38.2,241,17.2,245,68,2025-05-24 17:00:00+00:00
30.4,64,22.8,1002.7,1003.8,75,0,17,69,13.2,214,29.9,0.0,2550.0,-5.4,-13.0,20.6,-4.0,37.6,256,16.3,253,70,2025-05-24 18:00:00+00:00
29.8,65,22.6,1002.1,1003.2,81,0,34,71,10.9,216,27.4,0.0,1960.0,-3.7,-28.0,20.6,-3.5,41.8,256,17.2,245,66,2025-05-24 19:00:00+00:00
29.2,67,22.6,1001.4,1002.5,71,0,10,68,10.3,218,22.7,0.0,1290.0,-2.8,-70.0,20.2,-3.5,41.0,255,21.0,239,64,2025-05-24 20:00:00+00:00
28.9,69,22.6,1000.4,1001.5,81,0,2,80,10.9,218,22.3,0.0,810.0,-2.9,-120.0,20.5,-3.7,55.6,252,23.3,235,64,2025-05-24 21:00:00+00:00
28.3,72,22.7,1000.4,1001.5,77,0,11,74,9.8,227,22.7,0.0,470.0,-3.9,-94.0,20.5,-4.0,59.8,251,24.3,237,62,2025-05-24 22:00:00+00:00
27.9,74,22.8,1000.6,1001.7,76,0,0,76,9.4,222,20.2,0.0,260.0,-4.2,-67.0,20.5,-4.0,61.0,250,25.3,239,63,2025-05-24 23:00:00+00:00
27.4,76,22.8,1001.1,1002.2,99,0,10,99,8.3,214,19.4,0.0,150.0,-4.5,-50.0,20.8,-4.0,65.1,255,25.8,242,69,2025-05-25 00:00:00+00:00
28.8,70,22.8,1001.8,1002.9,100,0,100,99,9.6,203,20.9,0.0,70.0,-4.1,-86.0,20.4,-3.5,64.0,254,26.3,246,67,2025-05-25 01:00:00+00:00
29.3,69,22.9,1002.3,1003.4,100,0,100,95,10.5,207,24.8,0.0,90.0,-4.2,-86.0,20.0,-3.3,61.4,253,25.9,257,63,2025-05-25 02:00:00+00:00
30.9,62,22.9,1002.5,1003.6,87,0,3,87,11.8,209,29.9,0.0,190.0,-4.4,-44.0,20.5,-3.5,62.7,254,24.1,264,61,2025-05-25 03:00:00+00:00
33.3,52,22.3,1003.1,1004.2,100,0,100,68,10.2,204,32.0,0.0,460.0,-4.5,-29.0,20.5,-4.0,64.9,254,25.5,262,58,2025-05-25 04:00:00+00:00
34.2,49,21.9,1003.1,1004.2,93,0,81,63,11.6,216,32.8,0.0,580.0,-4.2,-46.0,20.6,-3.7,61.0,253,27.1,257,58,2025-05-25 05:00:00+00:00
34.9,47,21.9,1002.1,1003.2,83,0,77,27,14.9,236,39.2,0.0,410.0,-3.6,-72.0,21.0,-3.5,54.0,252,34.6,256,62,2025-05-25 06:00:00+00:00
35.5,46,22.1,1001.1,1002.2,100,0,6,100,14.7,250,40.7,0.0,400.0,-2.9,-92.0,20.4,-3.3,40.7,260,36.5,261,59,2025-05-25 07:00:00+00:00
36.2,44,22.2,1000.1,1001.2,55,0,23,42,12.0,256,42.1,0.0,540.0,-2.3,-94.0,20.9,-3.5,38.8,257,39.9,263,64,2025-05-25 08:00:00+00:00
36.9,42,21.9,999.0,1000.1,100,0,46,100,8.5,245,34.2,0.0,590.0,-2.0,-110.0,21.0,-4.0,31.0,250,45.0,261,77,2025-05-25 09:00:00+00:00
36.1,44,21.9,998.9,1000.0,100,14,93,100,12.0,219,36.0,0.0,710.0,-1.9,-89.0,20.8,-3.7,30.7,249,43.1,257,82,2025-05-25 10:00:00+00:00
35.2,47,22.2,998.8,999.9,100,4,67,100,13.2,208,36.7,0.0,840.0,-2.2,-80.0,20.9,-4.0,34.2,245,41.4,253,80,2025-05-25 11:00:00+00:00
34.2,52,22.9,999.5,1000.6,100,5,100,100,11.0,203,36.4,0.0,1080.0,-2.6,-70.0,21.6,-3.5,41.4,249,45.2,253,87,2025-05-25 12:00:00+00:00
31.6,65,24.2,1001.0,1002.1,100,0,100,100,12.6,185,33.1,0.0,1780.0,-3.2,-39.0,21.4,-3.0,48.9,252,43.3,251,86,2025-05-25 13:00:00+00:00
31.1,69,24.7,1001.7,1002.8,100,3,100,100,10.6,199,29.9,0.0,2210.0,-3.1,-15.0,21.2,-3.3,53.2,256,40.6,251,78,2025-05-25 14:00:00+00:00
31.3,64,23.8,1002.7,1003.8,100,11,100,100,12.0,226,26.6,0.0,2110.0,-3.4,-23.0,20.5,-3.0,48.1,248,41.7,252,83,2025-05-25 15:00:00+00:00
31.1,64,23.5,1003.2,1004.3,100,0,100,100,13.4,238,30.2,0.0,1190.0,-2.5,-74.0,20.9,-2.8,57.9,251,41.0,249,61,2025-05-25 16:00:00+00:00
30.6,66,23.5,1003.3,1004.4,100,0,62,100,15.9,232,35.3,0.0,1030.0,-2.5,-99.0,20.2,-3.0,57.6,257,43.7,254,82,2025-05-25 17:00:00+00:00
29.8,68,23.3,1003.2,1004.3,100,0,100,100,16.9,236,38.9,0.0,620.0,-2.8,-107.0,21.1,-3.5,80.4,261,45.7,256,71,2025-05-25 18:00:00+00:00
29.1,71,23.3,1002.6,1003.7,100,0,81,100,13.0,235,37.8,0.0,590.0,-3.1,-139.0,21.0,-3.0,81.1,262,47.2,255,80,2025-05-25 19:00:00+00:00
28.8,70,22.8,1001.9,1003.0,100,0,100,100,12.5,235,28.4,0.0,490.0,-2.8,-156.0,21.7,-3.0,81.8,263,50.6,256,72,2025-05-25 20:00:00+00:00
28.6,70,22.7,1001.2,1002.3,100,0,28,100,13.1,233,28.4,0.0,350.0,-2.5,-160.0,21.5,-3.5,81.5,262,54.7,255,74,2025-05-25 21:00:00+00:00
28.1,73,22.9,1001.0,1002.1,100,0,100,100,13.5,228,29.9,0.0,270.0,-2.6,-152.0,21.4,-3.5,79.9,263,58.4,251,71,2025-05-25 22:00:00+00:00
27.9,76,23.2,1001.1,1002.2,100,0,37,100,11.8,227,29.5,0.0,210.0,-2.3,-110.0,21.0,-3.7,82.1,263,61.9,252,69,2025-05-25 23:00:00+00:00
27.7,76,23.1,1001.4,1002.5,100,0,100,100,10.7,228,25.9,0.0,230.0,-1.9,-126.0,21.0,-3.5,82.6,267,52.0,251,70,2025-05-26 00:00:00+00:00
29.2,65,22.0,1001.3,1002.4,100,0,25,100,12.9,233,33.5,0.0,210.0,-2.4,-140.0,20.9,-3.5,81.8,266,53.9,249,77,2025-05-26 01:00:00+00:00
30.1,61,21.8,1002.3,1003.4,100,0,98,100,13.2,220,31.3,0.0,240.0,-2.6,-98.0,20.8,-3.5,81.2,267,53.7,243,67,2025-05-26 02:00:00+00:00
30.0,63,22.2,1002.9,1004.0,100,0,100,100,13.4,213,32.4,0.0,300.0,-2.7,-81.0,21.0,-4.0,80.8,266,56.9,242,64,2025-05-26 03:00:00+00:00
29.8,67,23.1,1003.4,1004.5,100,2,100,99,12.4,214,32.8,0.0,420.0,-2.7,-19.0,21.0,-4.4,80.8,267,53.1,245,67,2025-05-26 04:00:00+00:00
30.6,65,23.2,1002.9,1004.0,100,0,100,99,11.9,214,30.2,0.0,520.0,-1.9,-19.0,19.9,-4.2,66.6,267,50.1,249,68,2025-05-26 05:00:00+00:00
32.1,58,22.8,1002.1,1003.2,100,2,100,100,14.8,221,37.4,0.0,540.0,-1.4,-55.0,19.6,-3.5,53.8,270,50.1,253,74,2025-05-26 06:00:00+00:00
34.0,50,22.2,1001.4,1002.5,100,1,96,100,17.1,246,42.8,0.0,650.0,-1.4,-40.0,19.8,-3.3,64.8,266,49.5,256,73,2025-05-26 07:00:00+00:00
33.5,51,22.0,1000.5,1001.6,100,4,100,68,19.7,242,54.4,0.2,600.0,-1.5,-20.0,19.3,-3.0,53.6,264,49.6,263,81,2025-05-26 08:00:00+00:00
31.3,61,23.0,1000.0,1001.1,100,15,91,100,17.7,232,49.7,0.0,670.0,-2.1,-11.0,19.8,-3.0,64.2,263,43.2,268,80,2025-05-26 09:00:00+00:00
32.6,57,23.0,998.4,999.5,100,0,70,100,17.1,223,41.8,0.0,710.0,-1.3,-20.0,19.4,-2.8,54.7,255,38.4,270,81,2025-05-26 10:00:00+00:00
32.8,56,22.7,998.0,999.1,100,16,43,100,20.7,225,48.2,0.0,380.0,-1.5,-14.0,20.2,-3.0,75.8,260,32.6,276,82,2025-05-26 11:00:00+00:00
32.1,59,23.1,998.8,999.9,100,27,71,100,22.2,249,54.0,0.1,390.0,-2.4,-16.0,21.2,-3.3,65.5,261,32.3,292,79,2025-05-26 12:00:00+00:00
31.2,64,23.5,999.5,1000.6,100,1,100,66,10.6,236,36.7,0.2,320.0,-3.2,-22.0,21.2,-3.3,69.1,264,29.0,294,79,2025-05-26 13:00:00+00:00
31.3,59,22.3,1000.3,1001.4,100,5,100,100,14.0,239,29.9,0.0,390.0,-2.0,-16.0,20.9,-3.5,69.8,268,33.0,289,80,2025-05-26 14:00:00+00:00
30.9,60,22.1,1000.7,1001.8,100,0,6,100,15.2,233,35.3,0.0,380.0,-1.2,-36.0,20.5,-3.3,69.4,267,28.5,285,86,2025-05-26 15:00:00+00:00
30.2,63,22.5,1001.1,1002.2,100,0,100,100,15.2,237,32.8,0.0,340.0,-1.1,-49.0,20.6,-3.7,71.6,268,25.5,278,79,2025-05-26 16:00:00+00:00
30.2,63,22.3,1001.6,1002.7,100,2,100,100,16.6,241,36.0,0.0,350.0,-1.5,-53.0,20.8,-3.7,74.8,267,22.8,273,77,2025-05-26 17:00:00+00:00
29.9,62,21.9,1001.3,1002.4,100,0,100,100,18.6,247,40.0,0.0,210.0,-1.9,-90.0,20.9,-4.0,78.9,272,30.1,265,77,2025-05-26 18:00:00+00:00
29.6,63,21.8,1000.8,1001.9,100,0,100,100,16.8,247,40.0,0.0,230.0,-2.1,-62.0,20.6,-3.3,79.4,273,33.0,260,70,2025-05-26 19:00:00+00:00
29.4,63,21.7,999.5,1000.6,100,0,62,100,16.4,239,35.6,0.0,220.0,-2.3,-77.0,21.0,-2.8,76.7,274,33.5,255,67,2025-05-26 20:00:00+00:00
29.0,65,21.7,999.4,1000.5,100,0,36,100,14.9,232,35.3,0.0,220.0,-2.2,-73.0,20.9,-2.8,78.7,275,33.2,257,69,2025-05-26 21:00:00+00:00
28.2,69,22.0,999.7,1000.8,100,0,14,100,15.1,232,33.1,0.0,200.0,-1.7,-74.0,20.9,-3.0,80.4,274,30.6,259,73,2025-05-26 22:00:00+00:00
28.2,68,21.8,999.6,1000.7,100,0,14,100,15.6,237,33.8,0.0,180.0,-1.5,-107.0,20.8,-3.0,81.2,273,30.9,257,70,2025-05-26 23:00:00+00:00
28.3,67,21.5,999.9,1001.0,100,0,8,100,16.2,235,35.3,0.0,40.0,-0.7,-138.0,20.4,-3.3,82.8,278,35.0,264,78,2025-05-27 00:00:00+00:00
29.2,63,21.4,999.7,1000.8,96,0,36,94,14.0,232,33.1,0.0,0.0,-0.5,-147.0,20.6,-3.0,87.5,276,39.8,265,80,2025-05-27 01:00:00+00:00
30.7,56,21.0,1000.5,1001.6,99,0,55,97,15.4,233,35.3,0.0,20.0,0.2,-163.0,20.9,-2.8,85.6,275,42.2,265,80,2025-05-27 02:00:00+00:00
31.9,51,20.5,1001.1,1002.2,100,0,100,100,19.0,243,44.6,0.0,30.0,-0.3,-158.0,20.8,-2.6,88.2,274,43.5,264,81,2025-05-27 03:00:00+00:00
31.6,53,20.7,1001.2,1002.3,100,0,100,100,17.7,246,45.7,0.0,70.0,-1.4,-99.0,20.4,-2.3,88.1,273,42.0,268,81,2025-05-27 04:00:00+00:00
31.9,54,21.3,1001.1,1002.2,100,0,100,100,18.2,242,42.8,0.0,80.0,-0.6,-37.0,20.8,-2.6,85.2,272,40.8,270,79,2025-05-27 05:00:00+00:00
33.2,51,21.7,1000.6,1001.7,100,3,28,100,18.6,247,46.4,0.0,160.0,-2.7,-2.0,21.8,-2.8,87.0,276,40.8,272,73,2025-05-27 06:00:00+00:00
35.0,46,21.7,999.6,1000.7,100,7,63,100,22.7,262,62.3,0.0,170.0,-3.0,-2.0,19.7,-3.0,52.1,266,42.2,275,69,2025-05-27 07:00:00+00:00
36.3,41,20.8,998.6,999.7,100,27,45,100,24.0,273,60.5,0.0,230.0,-2.7,-6.0,20.4,-3.0,67.5,272,40.2,280,78,2025-05-27 08:00:00+00:00
36.4,41,20.8,997.8,998.9,100,15,46,100,19.5,267,60.1,0.0,340.0,-3.0,-4.0,20.6,-2.6,55.6,270,41.7,282,81,2025-05-27 09:00:00+00:00
36.2,39,20.1,997.4,998.5,100,7,31,100,25.5,265,59.8,0.0,370.0,-1.9,-2.0,20.9,-2.6,60.4,275,45.2,287,88,2025-05-27 10:00:00+00:00
35.3,43,20.9,997.2,998.3,100,5,50,100,21.8,266,59.8,0.0,400.0,-2.0,-16.0,20.6,-2.8,57.8,264,52.8,291,88,2025-05-27 11:00:00+00:00
34.9,44,21.0,997.6,998.7,100,1,98,100,18.4,272,51.8,0.0,790.0,-2.9,-16.0,21.0,-3.0,54.2,270,55.8,279,82,2025-05-27 12:00:00+00:00
32.1,55,21.9,999.1,1000.2,100,4,99,95,12.5,259,37.1,0.0,830.0,-2.8,-35.0,21.4,-2.8,51.3,264,55.7,277,83,2025-05-27 13:00:00+00:00
31.4,60,22.7,1000.0,1001.1,100,1,50,100,5.1,231,26.3,0.0,810.0,-3.0,-64.0,21.4,-2.6,52.5,267,58.0,277,77,2025-05-27 14:00:00+00:00
30.8,63,23.0,1000.4,1001.5,100,0,9,100,6.6,225,14.8,0.0,960.0,-2.7,-133.0,21.1,-2.3,56.3,261,59.2,277,78,2025-05-27 15:00:00+00:00
30.3,65,23.0,1000.9,1002.0,100,1,33,100,6.1,236,14.4,0.0,940.0,-2.6,-76.0,20.9,-2.8,54.2,263,61.0,280,73,2025-05-27 16:00:00+00:00
30.3,65,22.9,1001.1,1002.2,100,0,97,100,7.3,228,14.8,0.0,620.0,-1.9,-111.0,20.8,-3.5,54.4,275,61.7,283,77,2025-05-27 17:00:00+00:00
30.0,65,22.8,1000.8,1001.9,100,0,42,100,8.8,237,18.7,0.0,480.0,-2.9,-108.0,20.6,-4.0,67.1,282,65.5,278,67,2025-05-27 18:00:00+00:00
29.3,69,23.0,1000.0,1001.1,100,0,11,100,9.6,240,19.8,0.0,350.0,-1.7,-106.0,21.4,-3.5,76.5,281,65.0,274,70,2025-05-27 19:00:00+00:00
29.5,65,22.3,999.4,1000.5,100,0,86,100,14.7,248,30.6,0.0,270.0,-2.4,-69.0,21.0,-3.5,79.6,278,66.0,270,67,2025-05-27 20:00:00+00:00
30.0,58,20.8,999.3,1000.4,100,0,9,100,15.7,251,35.6,0.0,220.0,-2.8,-62.0,21.4,-3.5,84.6,280,68.4,268,62,2025-05-27 21:00:00+00:00
29.6,59,20.8,999.2,1000.3,100,0,30,100,15.0,247,34.2,0.0,150.0,-2.6,-90.0,21.4,-3.0,86.8,281,72.2,265,58,2025-05-27 22:00:00+00:00
29.3,61,21.0,999.2,1000.3,100,0,89,100,15.2,247,32.8,0.0,80.0,-2.2,-84.0,21.0,-3.0,88.0,280,71.3,263,56,2025-05-27 23:00:00+00:00
29.3,61,20.9,999.4,1000.5,100,0,7,100,15.1,245,32.8,0.0,10.0,-2.0,-106.0,20.2,-2.6,83.5,281,64.9,267,56,2025-05-28 00:00:00+00:00
29.8,57,20.3,999.8,1000.9,100,0,0,100,17.5,253,41.0,0.0,10.0,-2.1,-100.0,20.0,-2.3,80.8,281,62.5,267,60,2025-05-28 01:00:00+00:00
30.8,54,20.5,1000.1,1001.2,100,0,1,100,14.2,252,37.8,0.0,10.0,-1.7,-107.0,20.2,-2.1,79.5,282,59.0,265,67,2025-05-28 02:00:00+00:00
32.3,50,20.4,1000.2,1001.3,100,0,3,100,18.3,257,43.2,0.0,50.0,-1.6,-98.0,20.9,-2.3,79.8,283,56.5,268,71,2025-05-28 03:00:00+00:00
33.6,47,20.7,1000.7,1001.8,100,0,7,100,20.8,265,50.4,0.0,90.0,-1.8,-59.0,21.1,-2.3,77.4,284,52.9,267,70,2025-05-28 04:00:00+00:00
34.9,43,20.6,1000.8,1001.9,100,21,42,100,24.5,273,56.5,0.0,110.0,-1.7,-96.0,19.9,-2.3,59.4,278,54.3,264,81,2025-05-28 05:00:00+00:00
35.2,41,20.1,1000.5,1001.6,100,6,34,100,22.9,277,60.1,0.2,180.0,-1.4,-148.0,19.6,-2.6,63.4,271,55.3,274,84,2025-05-28 06:00:00+00:00
36.2,39,20.2,999.7,1000.8,100,6,22,100,22.4,285,56.5,0.3,180.0,-1.9,-108.0,20.0,-2.1,60.2,271,56.4,271,84,2025-05-28 07:00:00+00:00
37.4,36,19.9,998.4,999.5,100,4,18,100,18.3,286,54.7,0.0,240.0,-1.9,-54.0,20.3,-2.1,44.8,266,56.5,274,91,2025-05-28 08:00:00+00:00
35.2,42,20.5,997.7,998.8,100,0,41,100,21.3,262,58.3,0.7,200.0,-2.0,-2.0,21.1,-1.9,44.7,268,54.5,278,90,2025-05-28 09:00:00+00:00
30.2,65,23.0,998.4,999.5,100,4,100,100,23.9,252,59.0,1.6,180.0,-1.6,-63.0,21.4,-1.9,52.0,273,48.0,283,94,2025-05-28 10:00:00+00:00
30.8,65,23.4,997.5,998.6,100,2,79,100,9.4,227,51.1,0.3,200.0,-2.4,-47.0,21.2,-2.3,51.2,275,45.9,290,89,2025-05-28 11:00:00+00:00
30.3,69,24.1,998.6,999.7,100,1,87,100,12.0,305,25.6,0.5,280.0,-1.8,-76.0,21.1,-2.1,44.7,274,45.5,288,92,2025-05-28 12:00:00+00:00
30.2,70,24.2,998.4,999.5,100,0,36,100,13.0,6,37.8,0.0,240.0,-0.2,-191.0,21.2,-2.3,45.2,267,43.4,284,91,2025-05-28 13:00:00+00:00
29.8,71,24.0,999.1,1000.2,100,2,26,100,2.1,329,27.4,0.0,170.0,-0.6,-156.0,21.2,-2.1,51.2,261,39.1,281,89,2025-05-28 14:00:00+00:00
30.4,69,24.0,999.8,1000.9,100,4,38,100,4.0,153,8.6,0.0,160.0,0.0,-178.0,20.8,-1.6,48.8,262,32.8,278,81,2025-05-28 15:00:00+00:00
31.3,60,22.5,1000.0,1001.1,100,0,24,100,9.5,219,19.1,0.0,10.0,-0.3,-106.0,20.5,-1.4,54.7,269,30.1,275,77,2025-05-28 16:00:00+00:00
31.6,55,21.5,1000.2,1001.3,100,0,27,100,17.1,251,36.0,0.0,80.0,-0.7,-229.0,20.9,-1.6,65.3,273,31.2,270,70,2025-05-28 17:00:00+00:00
30.6,58,21.5,1000.5,1001.6,100,0,58,100,18.8,253,40.3,0.0,30.0,-0.7,-109.0,21.0,-2.6,69.0,278,36.0,272,69,2025-05-28 18:00:00+00:00
30.5,58,21.2,1000.1,1001.2,100,0,27,100,17.2,247,40.7,0.0,10.0,-0.1,-149.0,21.4,-2.6,74.2,278,39.7,267,72,2025-05-28 19:00:00+00:00
30.3,56,20.7,999.0,1000.1,100,1,8,100,17.1,248,37.4,0.0,0.0,-1.0,-120.0,21.0,-2.3,79.0,279,40.1,261,71,2025-05-28 20:00:00+00:00
30.1,56,20.4,998.7,999.8,100,2,17,100,17.0,248,37.4,0.0,0.0,-1.3,-163.0,21.2,-2.1,82.6,279,38.4,256,86,2025-05-28 21:00:00+00:00
29.9,57,20.4,998.7,999.8,100,3,17,100,17.5,246,37.8,0.0,0.0,0.1,-140.0,21.2,-2.1,82.3,280,37.3,255,86,2025-05-28 22:00:00+00:00
29.7,58,20.5,998.8,999.9,100,2,25,100,17.1,243,38.2,0.0,0.0,-0.2,-54.0,21.0,-2.1,79.8,281,39.1,252,82,2025-05-28 23:00:00+00:00
29.6,59,20.8,999.0,1000.1,100,0,24,100,16.4,239,37.4,0.0,0.0,1.2,-33.0,20.8,-2.1,72.7,280,37.7,261,87,2025-05-29 00:00:00+00:00
30.2,58,21.0,1000.3,1001.4,100,5,97,100,13.2,253,34.6,0.0,0.0,1.3,-25.0,20.6,-2.3,74.1,278,40.1,261,91,2025-05-29 01:00:00+00:00
28.9,66,21.9,1000.9,1002.0,100,0,100,100,11.9,239,35.3,0.3,0.0,0.4,-83.0,20.5,-2.3,72.7,275,43.8,261,90,2025-05-29 02:00:00+00:00
31.1,57,21.6,1000.9,1002.0,100,0,97,100,14.3,231,33.1,0.0,0.0,1.4,-64.0,21.0,-2.1,73.5,274,49.2,257,91,2025-05-29 03:00:00+00:00
32.5,51,21.2,1001.1,1002.2,100,0,21,100,17.9,234,42.5,0.0,0.0,0.7,-97.0,21.1,-2.1,75.1,276,50.5,252,82,2025-05-29 04:00:00+00:00
34.6,45,20.9,1000.7,1001.8,100,7,13,100,21.8,249,51.8,0.0,10.0,0.4,-97.0,21.2,-2.3,72.1,277,51.8,257,68,2025-05-29 05:00:00+00:00
36.2,40,20.4,999.9,1001.0,100,17,6,100,23.4,263,58.3,0.0,30.0,-0.3,-35.0,21.0,-2.8,50.1,285,49.3,266,69,2025-05-29 06:00:00+00:00
36.7,39,20.5,999.2,1000.3,100,0,11,100,20.7,257,57.6,0.0,110.0,0.0,-28.0,20.9,-2.3,50.6,281,51.9,263,70,2025-05-29 07:00:00+00:00
37.8,36,20.3,998.3,999.4,100,4,17,100,17.1,266,53.3,0.0,90.0,-1.1,-30.0,20.4,-2.1,43.3,269,51.7,267,78,2025-05-29 08:00:00+00:00
36.2,40,20.6,997.8,998.9,100,3,56,100,20.7,262,52.6,0.2,60.0,-1.2,-21.0,20.5,-2.3,36.3,255,48.2,264,87,2025-05-29 09:00:00+00:00
34.6,45,21.1,997.7,998.8,100,10,60,100,26.6,261,59.0,0.6,120.0,-1.3,-20.0,20.9,-2.3,37.8,252,47.4,261,98,2025-05-29 10:00:00+00:00
31.3,65,24.0,998.0,999.1,100,8,55,100,9.2,271,61.9,1.0,160.0,-2.3,-8.0,20.9,-2.1,44.1,254,47.5,260,96,2025-05-29 11:00:00+00:00
31.9,61,23.3,998.4,999.5,100,7,69,100,11.2,271,28.1,0.0,350.0,-2.7,-26.0,21.4,-2.1,37.5,252,48.7,260,94,2025-05-29 12:00:00+00:00
33.1,51,21.5,998.2,999.3,100,0,23,100,16.5,220,43.9,0.0,330.0,-2.3,-32.0,21.0,-2.3,38.5,246,42.4,262,91,2025-05-29 13:00:00+00:00
32.7,52,21.7,998.9,1000.0,100,6,36,100,13.0,218,37.4,0.0,320.0,-1.9,-49.0,20.8,-2.6,40.6,243,38.1,257,89,2025-05-29 14:00:00+00:00
32.2,55,21.9,999.4,1000.5,100,8,15,100,13.8,213,30.2,0.0,270.0,-1.9,-46.0,21.0,-2.3,48.7,245,39.9,254,83,2025-05-29 15:00:00+00:00
31.7,57,22.1,1000.2,1001.3,100,0,1,100,13.7,215,30.6,0.0,260.0,-1.2,-63.0,20.9,-2.6,53.7,248,38.4,256,77,2025-05-29 16:00:00+00:00
31.3,59,22.4,1000.6,1001.7,100,0,12,100,14.6,224,31.0,0.0,290.0,0.0,-130.0,20.6,-2.8,57.7,253,34.2,252,77,2025-05-29 17:00:00+00:00
30.8,61,22.4,1000.2,1001.3,100,0,2,100,15.2,234,32.8,0.0,180.0,-0.1,-195.0,20.9,-2.1,46.5,269,33.8,243,81,2025-05-29 18:00:00+00:00
30.4,62,22.3,999.9,1001.0,100,0,13,100,14.8,238,32.8,0.0,170.0,-1.4,-138.0,20.9,-2.3,51.1,274,31.7,241,82,2025-05-29 19:00:00+00:00
30.0,63,22.1,999.2,1000.3,100,1,2,100,14.3,246,32.0,0.0,110.0,-2.4,-163.0,21.1,-2.6,50.7,273,31.0,234,79,2025-05-29 20:00:00+00:00
29.7,61,21.5,998.7,999.8,100,0,8,100,14.6,244,31.0,0.0,70.0,-0.3,-146.0,21.5,-2.8,53.3,271,29.0,232,82,2025-05-29 21:00:00+00:00
29.4,62,21.2,998.7,999.8,100,0,22,100,14.5,242,31.3,0.0,50.0,-1.0,-91.0,21.2,-2.8,58.8,271,26.4,231,82,2025-05-29 22:00:00+00:00
29.2,62,21.1,999.1,1000.2,100,0,29,100,14.9,240,32.4,0.0,10.0,-1.7,-93.0,21.0,-2.6,60.5,276,28.1,230,84,2025-05-29 23:00:00+00:00
29.0,62,21.1,999.5,1000.6,100,6,50,100,15.0,237,32.4,0.0,0.0,-1.6,-97.0,20.5,-2.6,45.0,291,25.7,233,82,2025-05-30 00:00:00+00:00
29.7,61,21.4,999.8,1000.9,100,3,30,100,12.9,238,32.4,0.0,10.0,-1.2,-61.0,20.6,-2.3,42.4,298,24.6,227,83,2025-05-30 01:00:00+00:00
30.6,58,21.4,1000.7,1001.8,100,2,100,100,13.6,242,32.8,0.0,30.0,-0.9,-107.0,20.6,-2.1,41.7,300,24.6,227,89,2025-05-30 02:00:00+00:00
31.5,56,21.6,1001.5,1002.6,100,5,100,100,14.4,258,35.6,0.0,50.0,-1.0,-104.0,20.4,-2.1,45.7,297,22.1,229,88,2025-05-30 03:00:00+00:00
32.4,54,21.8,1001.7,1002.8,100,0,68,100,13.9,269,36.4,0.0,80.0,-0.5,-79.0,20.3,-1.9,42.6,297,21.2,227,91,2025-05-30 04:00:00+00:00
34.5,48,22.0,1001.5,1002.6,100,1,34,100,14.2,285,37.8,0.0,130.0,-1.1,-45.0,20.5,-1.9,43.8,295,20.0,213,92,2025-05-30 05:00:00+00:00
35.9,45,22.2,1000.9,1002.0,100,8,44,100,14.2,286,48.2,0.0,190.0,-1.6,-55.0,20.4,-1.4,43.7,309,20.4,220,92,2025-05-30 06:00:00+00:00
36.0,44,21.7,1000.2,1001.3,100,4,85,100,12.1,266,43.6,0.0,250.0,-2.4,-50.0,20.4,-1.4,45.0,304,19.3,210,98,2025-05-30 07:00:00+00:00
30.8,66,23.7,1000.1,1001.2,100,10,100,100,17.2,167,45.7,0.5,280.0,-2.2,-72.0,20.0,-1.6,44.8,295,19.7,218,97,2025-05-30 08:00:00+00:00
28.4,75,23.6,999.7,1000.8,97,6,55,94,13.5,176,45.4,0.7,230.0,-2.1,-36.0,20.4,-1.9,49.4,293,18.7,230,92,2025-05-30 09:00:00+00:00
28.1,84,25.0,999.9,1001.0,100,6,100,96,5.4,222,42.5,5.4,260.0,-2.2,-16.0,20.4,-2.1,52.1,292,16.1,243,88,2025-05-30 10:00:00+00:00
28.2,87,25.9,999.6,1000.7,100,1,100,100,8.4,146,19.8,2.7,300.0,-2.2,-34.0,20.3,-2.3,52.3,285,13.7,255,87,2025-05-30 11:00:00+00:00
28.5,84,25.4,999.7,1000.8,100,9,100,95,8.8,165,20.9,0.1,1710.0,-2.4,-27.0,20.5,-2.6,42.8,282,21.9,261,88,2025-05-30 12:00:00+00:00
28.7,85,25.9,1000.0,1001.1,100,3,100,59,7.3,171,21.2,0.0,1300.0,-1.7,-103.0,21.0,-2.8,42.7,281,14.5,246,84,2025-05-30 13:00:00+00:00
29.0,85,26.2,1000.9,1002.0,100,0,100,100,10.3,187,20.5,0.0,1130.0,-2.0,-106.0,21.1,-2.8,41.9,282,18.7,230,79,2025-05-30 14:00:00+00:00
29.0,81,25.5,1002.6,1003.7,100,14,99,100,6.5,256,20.9,0.0,590.0,-1.7,-76.0,21.4,-2.8,46.8,280,24.6,227,71,2025-05-30 15:00:00+00:00
28.3,78,24.0,1003.2,1004.3,100,0,99,100,9.4,240,18.7,0.2,240.0,-1.5,-88.0,21.1,-3.0,50.3,279,25.3,239,69,2025-05-30 16:00:00+00:00
27.8,79,23.8,1003.8,1004.9,99,0,38,98,5.0,218,19.1,0.0,180.0,-1.2,-89.0,21.1,-3.3,53.6,282,22.1,248,68,2025-05-30 17:00:00+00:00
27.8,78,23.6,1003.6,1004.7,93,0,33,90,7.2,219,14.8,0.0,290.0,-1.9,-73.0,21.2,-3.3,48.0,290,18.0,270,70,2025-05-30 18:00:00+00:00
27.9,77,23.5,1003.3,1004.4,99,0,56,99,8.2,218,15.8,0.0,200.0,-1.8,-143.0,21.2,-3.0,53.4,292,20.4,267,70,2025-05-30 19:00:00+00:00
27.7,78,23.6,1002.9,1004.0,100,0,100,97,9.5,219,18.7,0.0,190.0,-1.1,-161.0,21.5,-2.8,54.0,294,20.4,267,73,2025-05-30 20:00:00+00:00
27.8,77,23.4,1002.2,1003.3,100,0,100,100,12.0,229,24.5,0.0,180.0,-1.0,-140.0,21.7,-2.8,54.4,297,21.6,267,79,2025-05-30 21:00:00+00:00
27.9,75,22.9,1002.3,1003.4,100,0,100,100,12.6,233,26.6,0.0,160.0,-0.7,-149.0,22.0,-3.3,54.7,300,21.6,273,83,2025-05-30 22:00:00+00:00
28.0,72,22.5,1002.4,1003.5,100,0,100,100,13.1,241,27.4,0.0,120.0,-0.2,-165.0,21.7,-3.5,53.0,303,20.7,280,81,2025-05-30 23:00:00+00:00
28.0,71,22.4,1002.8,1003.9,100,0,100,100,12.7,237,28.1,0.0,80.0,-0.7,-157.0,21.5,-3.3,47.7,314,24.1,276,87,2025-05-31 00:00:00+00:00
28.3,71,22.4,1003.3,1004.4,100,0,100,100,13.9,253,29.9,0.0,70.0,-0.5,-95.0,21.5,-3.3,48.1,311,22.1,283,86,2025-05-31 01:00:00+00:00
28.9,70,22.8,1003.9,1005.0,100,0,91,99,13.3,257,29.2,0.0,70.0,-0.2,-82.0,21.6,-3.3,47.2,310,19.5,281,89,2025-05-31 02:00:00+00:00
30.3,67,23.4,1004.3,1005.4,94,0,2,94,10.3,257,28.4,0.0,100.0,-1.1,-88.0,21.6,-3.3,44.3,310,17.2,282,84,2025-05-31 03:00:00+00:00
32.0,60,23.2,1004.8,1005.9,99,0,0,99,12.5,274,29.9,0.0,170.0,-1.3,-84.0,21.6,-3.0,41.5,309,17.2,282,79,2025-05-31 04:00:00+00:00
33.0,57,23.4,1004.8,1005.9,99,0,3,99,11.2,282,29.9,0.0,220.0,-0.6,-68.0,21.7,-2.8,40.0,307,17.0,278,74,2025-05-31 05:00:00+00:00
33.8,56,23.8,1004.2,1005.3,100,0,4,100,9.9,282,28.1,0.0,640.0,-0.6,-80.0,22.2,-3.0,35.7,309,20.4,267,68,2025-05-31 06:00:00+00:00
35.0,52,23.7,1003.4,1004.5,100,1,10,100,8.7,276,28.8,0.0,810.0,-0.5,-96.0,21.5,-2.8,37.4,300,19.3,263,67,2025-05-31 07:00:00+00:00
35.7,49,23.2,1002.3,1003.4,100,3,22,100,7.1,261,27.0,0.0,860.0,-0.6,-104.0,21.6,-2.6,40.3,292,17.5,254,61,2025-05-31 08:00:00+00:00
36.2,42,21.3,1001.4,1002.5,100,2,14,100,3.4,238,20.9,0.0,720.0,-0.6,-99.0,21.6,-2.3,30.4,283,16.1,243,62,2025-05-31 09:00:00+00:00
34.2,60,25.2,1001.1,1002.2,100,0,19,100,7.0,103,19.1,0.0,700.0,-0.9,-26.0,22.2,-2.3,24.9,278,15.0,241,47,2025-05-31 10:00:00+00:00
31.8,84,28.7,1000.9,1002.0,100,0,12,100,11.7,107,25.9,0.0,610.0,-1.1,-51.0,22.9,-2.6,25.7,276,13.7,232,46,2025-05-31 11:00:00+00:00
30.6,88,28.4,1000.8,1001.9,92,0,12,91,11.5,113,27.7,0.0,1080.0,-1.4,-37.0,22.7,-2.8,31.1,284,21.2,223,29,2025-05-31 12:00:00+00:00
29.4,91,27.8,1002.3,1003.4,99,0,4,99,9.5,111,22.3,0.0,1920.0,-0.9,-28.0,23.2,-3.0,33.3,283,22.3,216,26,2025-05-31 13:00:00+00:00
29.3,89,27.3,1003.0,1004.1,100,0,1,100,10.0,118,20.5,0.0,1510.0,-1.5,-121.0,23.5,-3.5,33.5,285,25.7,217,24,2025-05-31 14:00:00+00:00
29.3,88,27.2,1003.7,1004.8,99,0,0,99,10.6,150,22.0,0.0,1970.0,-2.4,-89.0,23.7,-3.5,33.6,288,28.0,227,22,2025-05-31 15:00:00+00:00
29.2,84,26.3,1004.1,1005.2,93,0,0,93,9.9,176,20.5,0.0,2350.0,-3.8,-83.0,23.8,-3.7,31.8,294,31.5,230,30,2025-05-31 16:00:00+00:00
28.9,84,25.9,1004.4,1005.5,87,0,0,87,11.0,180,22.0,0.0,2520.0,-4.9,-84.0,23.5,-4.0,30.0,296,32.0,236,22,2025-05-31 17:00:00+00:00
28.5,84,25.6,1004.4,1005.5,96,0,0,96,9.4,192,22.0,0.0,2840.0,-4.9,-86.0,22.8,-3.5,28.5,297,23.6,246,21,2025-05-31 18:00:00+00:00
28.1,85,25.3,1004.2,1005.3,94,0,2,94,10.2,211,20.5,0.0,2580.0,-3.8,-69.0,22.9,-3.7,30.4,294,27.4,255,18,2025-05-31 19:00:00+00:00
27.8,80,23.9,1003.7,1004.8,96,0,7,96,8.8,223,20.5,0.0,1720.0,-2.8,-133.0,23.1,-3.7,31.6,297,28.0,260,20,2025-05-31 20:00:00+00:00
27.4,74,22.3,1003.4,1004.5,99,0,10,99,10.4,242,20.5,0.0,1630.0,-2.2,-180.0,22.6,-3.7,31.8,308,29.2,261,19,2025-05-31 21:00:00+00:00
27.4,69,21.2,1003.6,1004.7,100,0,0,100,12.9,263,24.8,0.0,720.0,-0.3,-46.0,22.4,-3.7,26.1,313,30.6,259,20,2025-05-31 22:00:00+00:00
27.4,70,21.5,1003.6,1004.7,100,0,0,100,12.8,268,28.1,0.0,180.0,0.4,0.0,22.4,-3.5,22.3,311,29.7,256,20,2025-05-31 23:00:00+00:00
27.1,73,21.9,1004.3,1005.4,100,0,0,100,9.5,268,25.6,0.0,50.0,0.7,0.0,22.2,-3.0,21.0,319,29.7,256,20,2025-06-01 00:00:00+00:00
28.5,71,22.7,1005.1,1006.2,100,0,0,100,11.0,267,25.2,0.0,20.0,0.5,0.0,22.2,-3.0,19.0,314,29.2,251,20,2025-06-01 01:00:00+00:00
29.6,67,22.9,1006.1,1007.2,97,0,0,97,11.0,265,24.5,0.0,20.0,0.3,0.0,22.2,-3.0,16.8,311,26.6,252,21,2025-06-01 02:00:00+00:00
30.9,63,23.1,1006.4,1007.5,100,0,0,100,10.5,263,24.5,0.0,60.0,0.5,0.0,22.3,-3.0,14.2,303,25.4,251,21,2025-06-01 03:00:00+00:00
32.2,58,22.9,1006.4,1007.5,99,0,0,99,12.3,273,29.9,0.0,180.0,0.5,-28.0,22.3,-2.8,12.6,296,24.7,247,21,2025-06-01 04:00:00+00:00
33.7,52,22.6,1005.9,1007.0,96,0,0,96,12.1,273,30.2,0.0,250.0,0.3,-45.0,22.4,-2.8,11.8,286,25.2,245,21,2025-06-01 05:00:00+00:00
35.3,46,22.0,1005.1,1006.2,70,0,0,70,11.3,277,30.2,0.0,510.0,0.6,-44.0,22.4,-2.6,9.7,281,27.9,245,20,2025-06-01 06:00:00+00:00
36.4,42,21.5,1004.2,1005.3,73,0,0,73,10.7,278,28.4,0.0,670.0,1.0,-11.0,22.6,-2.3,12.3,270,28.4,242,21,2025-06-01 07:00:00+00:00
37.4,38,20.6,1003.2,1004.3,62,0,18,53,9.9,266,27.4,0.0,550.0,1.5,0.0,22.6,-2.6,16.9,273,29.5,243,21,2025-06-01 08:00:00+00:00
37.3,36,19.7,1002.4,1003.5,84,0,8,82,4.9,186,25.2,0.0,470.0,1.0,-14.0,22.3,-2.6,15.0,272,29.5,243,21,2025-06-01 09:00:00+00:00
34.1,68,27.3,1002.3,1003.4,76,0,9,74,9.9,132,25.2,0.0,340.0,1.3,-29.0,22.7,-2.6,16.5,265,29.5,243,20,2025-06-01 10:00:00+00:00
32.1,77,27.6,1002.2,1003.3,100,0,18,100,13.0,121,29.9,0.0,360.0,0.0,-58.0,23.3,-2.6,23.3,266,29.5,243,38,2025-06-01 11:00:00+00:00
30.8,79,26.8,1002.5,1003.6,87,0,10,86,12.8,122,29.9,0.0,1320.0,-0.4,-71.0,23.2,-2.6,25.1,269,34.0,238,52,2025-06-01 12:00:00+00:00
30.0,81,26.3,1003.6,1004.7,63,0,19,54,11.1,151,22.3,0.0,1360.0,-1.5,-109.0,23.8,-3.3,24.8,263,30.3,236,60,2025-06-01 13:00:00+00:00
30.1,80,26.3,1004.1,1005.2,89,0,1,89,12.5,134,25.6,0.0,1730.0,-2.4,-116.0,23.7,-3.7,23.8,253,32.4,231,81,2025-06-01 14:00:00+00:00
29.8,84,26.8,1004.7,1005.8,31,0,4,28,14.2,142,27.7,0.0,2060.0,-3.4,-91.0,23.5,-4.2,25.7,245,28.9,228,92,2025-06-01 15:00:00+00:00
29.6,83,26.5,1005.4,1006.5,91,0,20,89,14.5,158,28.8,0.0,2250.0,-3.8,-90.0,23.3,-4.4,30.0,244,29.6,238,89,2025-06-01 16:00:00+00:00
29.6,84,26.6,1005.7,1006.8,100,0,9,100,16.5,166,33.1,0.0,2570.0,-4.3,-76.0,23.4,-4.0,34.0,252,28.0,239,61,2025-06-01 17:00:00+00:00
29.3,84,26.3,1005.5,1006.6,100,0,14,100,14.9,178,33.1,0.0,2970.0,-3.7,-59.0,22.9,-2.3,33.3,266,31.7,245,39,2025-06-01 18:00:00+00:00
28.9,83,25.7,1004.9,1006.0,100,0,3,100,12.3,198,29.9,0.0,3030.0,-3.6,-54.0,22.2,-2.6,39.5,263,30.8,249,60,2025-06-01 19:00:00+00:00
28.6,80,24.9,1004.4,1005.5,100,0,0,100,12.1,215,24.8,0.0,2540.0,-3.5,-47.0,21.8,-2.1,40.1,270,30.4,252,62,2025-06-01 20:00:00+00:00
28.4,77,24.0,1004.1,1005.2,98,0,0,98,13.7,224,28.1,0.0,2140.0,-3.4,-34.0,21.1,-2.1,34.9,277,28.5,248,44,2025-06-01 21:00:00+00:00
28.3,71,22.4,1004.0,1005.1,100,0,0,100,14.2,240,28.8,0.0,1500.0,-2.4,-27.0,21.1,-2.1,28.1,278,28.1,250,52,2025-06-01 22:00:00+00:00
28.1,65,20.8,1004.2,1005.3,100,0,0,100,14.3,246,29.2,0.0,440.0,-1.5,-43.0,21.1,-2.1,24.6,272,25.8,248,57,2025-06-01 23:00:00+00:00
27.6,64,20.3,1004.7,1005.8,100,0,0,100,13.7,249,28.8,0.0,130.0,0.2,-65.0,21.2,-2.1,20.2,278,31.0,216,57,2025-06-02 00:00:00+00:00
28.8,65,21.6,1005.6,1006.7,100,0,0,100,12.6,251,25.6,0.0,40.0,1.2,-25.0,21.5,-1.6,19.7,265,32.6,216,54,2025-06-02 01:00:00+00:00
29.8,63,22.0,1006.2,1007.3,87,0,0,87,11.5,253,26.3,0.0,40.0,1.6,0.0,21.6,-1.4,19.6,258,33.4,218,52,2025-06-02 02:00:00+00:00
31.3,58,22.1,1006.3,1007.4,96,0,0,96,11.3,257,27.4,0.0,60.0,1.8,0.0,21.8,-1.2,19.9,254,31.7,217,48,2025-06-02 03:00:00+00:00
32.5,53,21.7,1006.1,1007.2,93,0,0,93,10.3,265,27.4,0.0,120.0,1.8,0.0,22.1,-1.2,21.5,258,30.0,217,47,2025-06-02 04:00:00+00:00
33.9,49,21.6,1005.8,1006.9,100,0,0,100,8.6,262,26.3,0.0,180.0,1.7,-32.0,22.1,-1.4,23.0,262,30.0,217,49,2025-06-02 05:00:00+00:00
35.1,45,21.3,1005.1,1006.2,100,0,0,100,7.9,250,24.1,0.0,370.0,1.8,0.0,22.1,-1.2,24.2,272,27.2,221,49,2025-06-02 06:00:00+00:00
36.2,41,21.0,1004.2,1005.3,100,0,11,100,8.5,215,24.8,0.0,350.0,1.7,-1.0,22.3,-1.4,28.7,271,26.3,227,52,2025-06-02 07:00:00+00:00
35.5,44,21.4,1003.7,1004.8,100,1,31,100,11.2,180,30.2,0.0,490.0,0.8,-49.0,22.4,-1.6,34.7,267,26.4,231,56,2025-06-02 08:00:00+00:00
34.3,58,25.0,1003.3,1004.4,100,0,11,100,14.8,156,37.1,0.1,250.0,-0.1,-47.0,22.0,-1.6,25.0,249,27.4,232,72,2025-06-02 09:00:00+00:00
33.5,59,24.5,1002.7,1003.8,100,0,26,100,15.6,161,40.0,0.1,530.0,-0.4,-119.0,22.1,-1.9,27.5,246,26.0,236,66,2025-06-02 10:00:00+00:00
32.5,66,25.2,1002.7,1003.8,100,1,24,100,15.7,161,38.2,0.1,1840.0,-1.5,-116.0,22.6,-2.1,34.1,247,26.3,240,69,2025-06-02 11:00:00+00:00
31.6,67,24.7,1003.5,1004.6,100,1,4,100,3.6,270,35.6,0.0,1950.0,-1.6,-74.0,22.6,-2.1,29.6,253,24.0,233,63,2025-06-02 12:00:00+00:00
31.4,63,23.6,1003.5,1004.6,100,0,34,100,17.1,176,35.6,0.0,1410.0,-2.6,-78.0,23.3,-2.8,33.6,252,20.6,234,61,2025-06-02 13:00:00+00:00
30.9,68,24.2,1004.3,1005.4,100,0,10,100,15.3,183,36.0,0.0,1450.0,-2.7,-60.0,22.9,-3.5,35.6,251,19.5,227,76,2025-06-02 14:00:00+00:00
30.5,72,24.9,1005.1,1006.2,100,0,16,100,14.2,179,31.0,0.0,2000.0,-2.4,-45.0,22.7,-3.7,39.5,256,20.6,234,69,2025-06-02 15:00:00+00:00
30.0,74,24.9,1005.8,1006.9,100,0,14,100,10.9,193,29.2,0.0,2470.0,-3.1,-43.0,22.3,-4.0,42.7,256,19.0,235,76,2025-06-02 16:00:00+00:00
29.8,75,24.9,1006.0,1007.1,100,0,8,100,8.9,204,22.7,0.0,2700.0,-3.6,-77.0,22.2,-4.0,43.6,254,19.3,240,78,2025-06-02 17:00:00+00:00
29.5,78,25.3,1005.6,1006.7,100,0,15,100,7.7,205,18.4,0.0,2870.0,-4.4,-63.0,21.7,-2.6,38.6,258,18.0,233,80,2025-06-02 18:00:00+00:00
29.4,79,25.4,1005.0,1006.1,100,1,8,100,8.6,211,17.6,0.0,3100.0,-3.9,-55.0,21.7,-2.8,39.9,264,20.6,234,79,2025-06-02 19:00:00+00:00
29.3,76,24.5,1004.6,1005.7,100,1,1,100,10.0,221,20.9,0.0,3060.0,-2.9,-52.0,21.4,-3.0,37.4,269,22.3,234,72,2025-06-02 20:00:00+00:00
29.0,72,23.4,1004.3,1005.4,100,0,25,100,10.6,220,22.0,0.0,2830.0,-2.6,-63.0,21.1,-3.3,32.0,267,22.3,234,72,2025-06-02 21:00:00+00:00
28.6,72,23.0,1004.2,1005.3,100,0,30,100,10.4,219,22.7,0.0,2440.0,-2.9,-59.0,21.1,-3.7,30.7,263,25.0,235,68,2025-06-02 22:00:00+00:00
28.2,73,23.0,1004.5,1005.6,100,0,22,100,9.3,229,20.9,0.0,1670.0,-2.1,-52.0,21.2,-4.0,32.1,263,24.1,243,63,2025-06-02 23:00:00+00:00
28.2,72,22.6,1005.3,1006.4,100,0,14,100,9.9,238,19.8,0.0,340.0,-0.1,-142.0,21.4,-2.8,33.3,272,28.6,237,63,2025-06-03 00:00:00+00:00
29.3,58,20.2,1005.9,1007.0,98,0,18,97,13.5,254,29.2,0.0,10.0,0.1,-141.0,21.5,-2.8,36.0,270,29.0,240,63,2025-06-03 01:00:00+00:00
30.4,56,20.5,1006.5,1007.6,88,0,8,87,12.6,256,29.9,0.0,30.0,0.1,-143.0,21.6,-3.0,40.1,271,29.0,240,69,2025-06-03 02:00:00+00:00
32.0,51,20.5,1006.6,1007.7,26,0,14,14,14.7,264,35.3,0.0,70.0,0.2,-125.0,21.6,-3.3,41.0,269,30.1,241,71,2025-06-03 03:00:00+00:00
33.8,46,20.4,1006.8,1007.9,21,0,11,11,13.9,269,36.4,0.0,200.0,0.4,-43.0,21.7,-3.3,41.6,266,32.2,243,72,2025-06-03 04:00:00+00:00
35.2,42,20.3,1006.3,1007.4,13,0,6,8,12.6,268,34.9,0.0,420.0,0.7,-125.0,21.7,-3.5,43.0,265,34.4,245,74,2025-06-03 05:00:00+00:00
36.8,37,19.9,1005.1,1006.2,38,0,0,38,12.1,273,34.2,0.0,610.0,1.1,-39.0,22.0,-3.0,45.6,271,36.0,244,76,2025-06-03 06:00:00+00:00
38.3,33,19.4,1004.0,1005.1,31,0,13,21,13.5,274,38.9,0.0,520.0,0.9,-84.0,21.0,-2.8,38.3,267,38.1,246,72,2025-06-03 07:00:00+00:00
37.2,34,19.0,1003.3,1004.4,26,0,14,13,16.5,259,47.2,0.4,300.0,0.9,-92.0,21.4,-2.3,29.9,258,37.6,243,78,2025-06-03 08:00:00+00:00
37.7,34,19.0,1002.3,1003.4,43,0,11,36,11.2,222,41.8,0.0,300.0,0.3,-57.0,21.7,-2.1,27.9,255,36.5,243,76,2025-06-03 09:00:00+00:00
36.1,40,20.5,1001.9,1003.0,94,3,56,87,16.7,199,42.1,0.3,260.0,-0.8,-69.0,22.2,-1.9,26.9,255,35.0,239,78,2025-06-03 10:00:00+00:00
30.7,65,23.4,1003.2,1004.3,100,0,94,93,18.5,312,47.9,0.6,530.0,-1.9,-99.0,22.3,-1.9,24.5,255,34.0,238,71,2025-06-03 11:00:00+00:00
30.4,68,23.7,1003.1,1004.2,94,0,36,92,5.3,237,41.4,0.1,770.0,-2.3,-78.0,22.3,-1.9,26.5,265,34.4,241,81,2025-06-03 12:00:00+00:00
32.8,54,22.2,1003.4,1004.5,29,0,8,23,3.6,81,12.6,0.0,1800.0,-2.3,-78.0,22.1,-2.3,30.4,261,34.4,245,98,2025-06-03 13:00:00+00:00
32.4,58,23.2,1004.1,1005.2,94,0,13,93,2.1,142,9.0,0.0,1750.0,-2.3,-39.0,21.6,-3.0,33.5,263,32.3,255,97,2025-06-03 14:00:00+00:00
32.7,54,22.2,1004.8,1005.9,100,1,100,87,6.9,173,13.0,0.0,1360.0,-1.5,-38.0,20.9,-3.0,32.0,267,30.4,261,82,2025-06-03 15:00:00+00:00
31.7,61,23.3,1005.5,1006.6,99,0,16,98,12.1,187,26.3,0.0,1410.0,-1.1,-47.0,21.1,-3.3,33.3,267,30.1,265,81,2025-06-03 16:00:00+00:00
30.6,72,25.0,1006.0,1007.1,71,0,26,61,12.7,187,26.6,0.0,1680.0,-1.4,-67.0,21.1,-3.5,35.8,263,30.2,263,81,2025-06-03 17:00:00+00:00
30.3,76,25.6,1006.1,1007.2,88,1,41,79,10.7,197,26.6,0.0,2370.0,-2.3,-47.0,20.8,-3.5,36.0,268,32.5,266,80,2025-06-03 18:00:00+00:00
30.1,77,25.5,1005.7,1006.8,94,2,12,93,11.3,207,24.1,0.0,2200.0,-3.6,-43.0,20.6,-3.5,35.2,266,32.5,266,79,2025-06-03 19:00:00+00:00
29.9,74,24.9,1005.2,1006.3,97,0,13,96,12.4,223,25.9,0.0,2170.0,-4.4,-39.0,20.3,-4.0,37.0,266,32.6,264,79,2025-06-03 20:00:00+00:00
29.8,68,23.2,1005.0,1006.1,97,0,3,97,12.5,229,27.7,0.0,1720.0,-3.9,-35.0,20.2,-4.2,36.6,264,32.5,266,78,2025-06-03 21:00:00+00:00
29.4,65,22.2,1004.9,1006.0,87,0,7,86,11.3,224,26.3,0.0,1850.0,-3.7,-50.0,19.9,-4.2,35.3,264,32.5,266,78,2025-06-03 22:00:00+00:00
28.9,66,22.0,1005.1,1006.2,84,0,0,84,11.3,227,24.1,0.0,1960.0,-3.8,-53.0,20.0,-4.4,30.2,264,31.2,270,79,2025-06-03 23:00:00+00:00
28.7,67,22.0,1005.5,1006.6,49,0,0,48,10.5,233,23.0,0.0,1510.0,-3.6,-49.0,20.9,-3.5,26.9,269,29.2,261,76,2025-06-04 00:00:00+00:00
29.4,69,23.1,1006.1,1007.2,0,0,0,0,9.3,226,20.2,0.0,1390.0,-3.5,-43.0,21.2,-3.7,26.9,270,27.8,263,73,2025-06-04 01:00:00+00:00
31.1,60,22.5,1006.5,1007.6,1,0,0,1,10.3,232,25.2,0.0,1100.0,-2.4,-38.0,21.2,-3.5,27.4,272,26.8,260,72,2025-06-04 02:00:00+00:00
32.8,52,21.5,1006.7,1007.8,9,0,0,9,13.7,252,34.9,0.0,570.0,-1.3,-28.0,21.1,-3.5,26.5,274,25.9,257,73,2025-06-04 03:00:00+00:00
34.2,46,21.0,1006.8,1007.9,79,0,0,79,13.0,269,36.4,0.0,600.0,-0.9,-15.0,21.0,-3.5,25.8,278,25.7,259,74,2025-06-04 04:00:00+00:00
35.7,41,20.6,1006.2,1007.3,23,3,6,18,10.3,286,34.9,0.0,570.0,-0.7,-9.0,21.0,-3.5,25.2,283,26.6,262,74,2025-06-04 05:00:00+00:00
37.0,37,20.1,1005.5,1006.6,66,1,1,66,7.6,298,31.3,0.0,650.0,-0.6,-11.0,20.9,-2.8,23.1,279,29.7,256,73,2025-06-04 06:00:00+00:00
37.8,36,19.9,1004.8,1005.9,99,10,11,99,2.4,351,27.4,0.0,630.0,-2.0,-9.0,21.0,-2.8,24.1,281,29.2,261,78,2025-06-04 07:00:00+00:00
37.6,36,20.0,1003.8,1004.9,99,8,33,98,5.6,107,24.1,0.0,500.0,-2.4,-29.0,20.8,-2.8,16.9,267,28.0,260,81,2025-06-04 08:00:00+00:00
34.2,49,21.8,1003.6,1004.7,100,15,52,100,14.8,119,38.2,1.4,350.0,-2.7,-78.0,21.2,-2.8,19.0,260,26.6,262,86,2025-06-04 09:00:00+00:00
32.5,56,22.6,1003.0,1004.1,99,4,72,98,15.8,119,45.7,0.7,330.0,-2.9,-71.0,21.5,-2.8,18.7,257,25.5,262,84,2025-06-04 10:00:00+00:00
31.9,63,24.1,1003.4,1004.5,100,8,67,100,9.5,119,38.5,0.1,540.0,-3.0,-66.0,21.7,-3.0,20.6,257,23.1,261,87,2025-06-04 11:00:00+00:00
31.0,70,25.0,1004.3,1005.4,98,0,46,97,4.6,121,23.4,0.1,1760.0,-3.4,-64.0,21.8,-3.0,18.8,263,19.5,259,79,2025-06-04 12:00:00+00:00
31.3,68,24.6,1004.2,1005.3,87,0,37,80,11.0,132,24.8,0.0,3350.0,-4.0,-70.0,21.7,-2.8,20.0,258,17.0,262,74,2025-06-04 13:00:00+00:00
30.6,76,25.8,1004.3,1005.4,100,0,99,77,10.8,147,24.8,0.0,2110.0,-4.1,-70.0,21.8,-2.8,21.7,255,17.2,258,72,2025-06-04 14:00:00+00:00
30.5,78,26.3,1005.1,1006.2,100,0,100,91,11.0,154,23.8,0.0,2650.0,-4.8,-70.0,22.1,-3.3,21.5,258,19.3,263,72,2025-06-04 15:00:00+00:00
30.4,78,26.2,1005.9,1007.0,100,0,100,81,10.4,166,23.4,0.0,2910.0,-5.9,-70.0,22.4,-3.7,24.0,256,19.3,263,72,2025-06-04 16:00:00+00:00
30.4,76,25.7,1006.5,1007.6,100,0,77,100,11.6,176,25.9,0.0,2790.0,-6.1,-67.0,22.4,-4.0,27.0,254,20.4,267,82,2025-06-04 17:00:00+00:00
30.0,80,26.2,1006.5,1007.6,77,0,9,74,13.2,177,28.4,0.0,3330.0,-5.9,-67.0,22.2,-4.4,27.6,279,22.8,270,87,2025-06-04 18:00:00+00:00
29.6,83,26.5,1006.0,1007.1,60,0,11,55,11.7,180,28.4,0.0,3750.0,-5.5,-54.0,21.6,-4.4,26.9,274,22.8,267,90,2025-06-04 19:00:00+00:00
29.4,84,26.4,1005.4,1006.5,97,0,7,97,11.0,186,24.5,0.0,3570.0,-6.0,-42.0,21.2,-4.7,25.1,282,25.7,259,88,2025-06-04 20:00:00+00:00
29.0,86,26.5,1004.9,1006.0,91,0,3,91,11.1,189,23.4,0.0,3140.0,-6.3,-36.0,21.0,-4.7,26.1,295,25.7,259,84,2025-06-04 21:00:00+00:00
28.7,87,26.4,1005.0,1006.1,95,0,3,95,9.4,206,22.7,0.0,3050.0,-5.7,-41.0,20.5,-4.9,27.6,308,24.3,261,79,2025-06-04 22:00:00+00:00
28.4,88,26.2,1005.4,1006.5,74,0,1,73,6.7,224,19.4,0.0,2840.0,-4.3,-46.0,20.4,-5.1,26.4,316,24.7,256,77,2025-06-04 23:00:00+00:00
28.1,88,25.9,1005.7,1006.8,24,0,0,24,5.8,261,14.4,0.0,3080.0,-3.6,-33.0,20.2,-4.9,22.9,316,26.2,254,72,2025-06-05 00:00:00+00:00
29.4,80,25.5,1006.5,1007.6,61,0,7,57,4.6,211,11.2,0.0,2660.0,-3.0,-34.0,20.0,-5.1,21.3,315,26.2,254,72,2025-06-05 01:00:00+00:00
30.9,69,24.5,1007.3,1008.4,27,1,4,23,5.2,270,14.8,0.0,2150.0,-3.0,-24.0,20.2,-4.9,19.1,308,26.2,254,71,2025-06-05 02:00:00+00:00
33.1,46,19.8,1007.4,1008.5,22,2,1,20,15.8,294,36.7,0.0,1460.0,-2.5,-59.0,20.4,-4.7,18.7,304,23.9,252,71,2025-06-05 03:00:00+00:00
33.9,45,20.4,1007.1,1008.2,93,0,0,93,12.2,306,39.6,0.0,300.0,-2.0,-86.0,20.6,-4.4,18.5,298,23.9,252,70,2025-06-05 04:00:00+00:00
35.0,43,20.5,1006.7,1007.8,96,1,1,96,7.7,327,32.4,0.0,350.0,-1.9,-62.0,20.8,-4.4,18.4,293,23.9,252,70,2025-06-05 05:00:00+00:00
36.2,38,19.7,1006.3,1007.4,94,0,2,94,5.2,360,25.6,0.0,620.0,-1.9,-60.0,20.8,-4.0,15.5,294,26.8,260,70,2025-06-05 06:00:00+00:00
37.0,35,19.1,1005.4,1006.5,90,0,0,90,4.1,29,23.4,0.0,400.0,-1.9,-53.0,21.0,-4.0,14.0,289,26.5,265,77,2025-06-05 07:00:00+00:00
37.3,35,19.1,1004.5,1005.6,93,2,10,92,6.8,50,25.9,0.0,290.0,-1.5,-49.0,21.4,-3.7,12.8,270,26.4,267,81,2025-06-05 08:00:00+00:00
36.8,36,19.5,1003.8,1004.9,99,4,24,98,7.7,69,28.4,0.0,590.0,-1.6,-59.0,21.7,-3.5,15.5,268,25.2,270,79,2025-06-05 09:00:00+00:00
35.4,43,21.0,1003.7,1004.8,99,3,23,98,10.8,100,31.0,0.2,1550.0,-1.8,-42.0,21.7,-3.3,17.1,261,22.8,273,72,2025-06-05 10:00:00+00:00
33.6,50,21.9,1003.2,1004.3,99,0,13,99,13.7,104,36.0,0.1,2150.0,-2.2,-53.0,22.1,-3.3,21.4,259,20.5,277,68,2025-06-05 11:00:00+00:00
32.9,52,21.9,1003.7,1004.8,99,0,9,99,10.3,113,34.6,0.0,1810.0,-1.7,-62.0,21.8,-3.3,21.0,266,24.1,276,70,2025-06-05 12:00:00+00:00
31.7,62,23.6,1005.1,1006.2,49,0,11,43,9.0,100,25.9,0.0,2540.0,-1.8,-68.0,22.1,-3.3,19.2,266,20.5,277,72,2025-06-05 13:00:00+00:00
31.1,70,25.0,1005.8,1006.9,46,0,14,37,8.9,108,20.9,0.0,2620.0,-2.0,-77.0,22.3,-3.3,19.7,265,19.2,274,78,2025-06-05 14:00:00+00:00
30.7,75,25.7,1006.7,1007.8,41,0,11,34,9.2,138,20.9,0.0,2470.0,-2.4,-75.0,22.4,-3.3,17.4,264,16.8,274,86,2025-06-05 15:00:00+00:00
30.4,77,25.9,1007.2,1008.3,34,0,24,13,8.3,141,20.9,0.0,2560.0,-2.8,-78.0,22.6,-3.3,17.5,261,16.0,283,86,2025-06-05 16:00:00+00:00
30.2,79,26.0,1007.4,1008.5,33,0,19,18,8.0,121,18.4,0.0,2550.0,-2.9,-75.0,22.8,-3.5,21.0,265,16.0,283,93,2025-06-05 17:00:00+00:00
29.9,81,26.3,1007.3,1008.4,4,0,3,1,8.3,120,18.0,0.0,2560.0,-3.2,-74.0,22.0,-4.0,18.2,269,17.0,278,93,2025-06-05 18:00:00+00:00
29.7,83,26.4,1007.0,1008.1,8,0,8,0,7.9,156,17.3,0.0,2890.0,-3.6,-72.0,21.7,-3.7,17.3,270,17.2,282,97,2025-06-05 19:00:00+00:00
29.3,84,26.4,1006.6,1007.7,15,0,15,0,7.6,192,17.6,0.0,3010.0,-3.7,-67.0,21.4,-3.7,15.9,270,16.7,291,93,2025-06-05 20:00:00+00:00
28.9,86,26.4,1006.3,1007.4,12,0,12,0,9.8,215,19.4,0.0,2860.0,-3.6,-66.0,21.0,-3.7,17.0,264,20.4,298,86,2025-06-05 21:00:00+00:00
28.5,88,26.3,1006.2,1007.3,6,4,3,0,11.0,218,23.8,0.0,2700.0,-3.5,-65.0,20.9,-4.0,17.3,258,21.5,297,98,2025-06-05 22:00:00+00:00
28.4,88,26.2,1006.5,1007.6,10,9,0,1,10.9,207,23.8,0.0,2770.0,-3.4,-71.0,20.6,-3.7,18.4,247,20.1,287,98,2025-06-05 23:00:00+00:00
28.4,84,25.4,1006.7,1007.8,12,0,0,12,10.5,199,23.0,0.0,2500.0,-3.5,-70.0,20.5,-4.2,15.1,226,17.0,278,98,2025-06-06 00:00:00+00:00
29.8,71,24.0,1007.2,1008.3,11,0,7,4,10.2,212,25.2,0.0,2000.0,-3.7,-56.0,20.4,-4.2,15.2,231,17.2,282,94,2025-06-06 01:00:00+00:00
31.0,64,23.4,1007.6,1008.7,38,0,18,25,10.4,222,26.3,0.0,2210.0,-3.7,-50.0,20.3,-4.4,15.0,235,13.4,280,83,2025-06-06 02:00:00+00:00
32.7,54,22.3,1007.4,1008.5,53,0,19,42,10.8,217,28.8,0.0,2040.0,-3.8,-40.0,20.4,-4.2,13.7,244,11.1,283,62,2025-06-06 03:00:00+00:00
34.6,46,21.3,1007.4,1008.5,16,0,13,3,11.6,219,32.4,0.0,1840.0,-3.7,-19.0,20.4,-4.2,12.4,253,11.1,283,58,2025-06-06 04:00:00+00:00
36.2,39,20.1,1006.8,1007.9,20,1,19,1,9.1,240,32.4,0.0,1670.0,-3.7,-7.0,20.4,-4.2,12.0,261,13.4,280,68,2025-06-06 05:00:00+00:00
37.4,34,19.1,1006.1,1007.2,32,0,24,10,5.2,286,28.8,0.2,1890.0,-4.1,-4.0,20.3,-4.2,11.4,272,15.8,279,76,2025-06-06 06:00:00+00:00
37.9,33,18.9,1005.2,1006.3,31,0,31,1,1.4,67,22.7,0.1,1640.0,-4.5,-12.0,20.2,-4.2,12.5,260,16.0,283,76,2025-06-06 07:00:00+00:00
37.7,35,19.4,1004.6,1005.7,35,0,33,2,6.6,123,25.6,0.3,1610.0,-4.9,-23.0,20.9,-4.4,10.1,265,16.0,283,74,2025-06-06 08:00:00+00:00
36.1,46,22.5,1004.1,1005.2,49,14,47,4,11.1,140,34.6,0.7,1750.0,-5.1,-35.0,21.4,-4.2,8.2,273,16.3,287,76,2025-06-06 09:00:00+00:00
34.8,53,23.8,1003.8,1004.9,26,0,24,2,13.0,153,35.6,0.2,3140.0,-5.2,-62.0,21.4,-4.2,9.1,270,16.0,283,69,2025-06-06 10:00:00+00:00
34.5,50,22.6,1003.5,1004.6,13,0,11,2,12.3,153,34.6,0.1,3040.0,-5.5,-61.0,21.7,-4.0,10.1,275,17.2,282,72,2025-06-06 11:00:00+00:00
33.1,61,24.7,1004.0,1005.1,16,0,15,1,13.8,156,33.8,0.0,4380.0,-5.8,-60.0,21.7,-4.0,7.5,256,19.8,284,72,2025-06-06 12:00:00+00:00
31.6,76,26.7,1004.4,1005.5,15,0,15,0,12.4,149,33.1,0.0,3750.0,-5.8,-79.0,21.7,-4.0,7.5,232,19.8,284,76,2025-06-06 13:00:00+00:00
30.8,77,26.3,1005.5,1006.6,20,0,16,5,11.9,160,27.0,0.0,3780.0,-6.2,-86.0,21.8,-4.2,7.8,234,18.2,278,80,2025-06-06 14:00:00+00:00
30.5,80,26.8,1006.3,1007.4,10,0,7,3,11.0,161,25.6,0.0,3520.0,-6.3,-77.0,22.1,-4.2,8.2,236,17.2,282,83,2025-06-06 15:00:00+00:00
30.2,84,27.2,1006.8,1007.9,5,0,5,0,11.4,175,24.1,0.0,3240.0,-6.2,-53.0,22.3,-4.2,10.1,234,14.6,279,83,2025-06-06 16:00:00+00:00
30.1,82,26.6,1007.1,1008.2,28,0,28,1,9.6,196,23.4,0.0,3100.0,-5.9,-58.0,22.2,-4.2,11.3,238,12.9,292,89,2025-06-06 17:00:00+00:00
29.9,80,26.1,1006.8,1007.9,44,0,39,9,9.8,198,20.5,0.0,2930.0,-5.8,-55.0,22.1,-4.0,13.7,244,18.3,302,83,2025-06-06 18:00:00+00:00
29.7,79,25.7,1006.2,1007.3,99,0,27,99,11.4,193,23.4,0.0,2850.0,-4.6,-83.0,22.1,-4.0,16.7,244,16.3,306,82,2025-06-06 19:00:00+00:00
29.5,79,25.5,1005.8,1006.9,97,0,17,97,12.5,196,25.9,0.0,2930.0,-4.1,-77.0,22.1,-4.2,20.3,250,14.4,312,84,2025-06-06 20:00:00+00:00
29.2,80,25.4,1005.6,1006.7,99,0,11,98,13.9,203,29.2,0.0,3150.0,-4.4,-66.0,22.0,-4.2,22.8,250,13.6,315,87,2025-06-06 21:00:00+00:00
29.1,77,24.6,1005.4,1006.5,65,0,22,54,13.8,204,29.5,0.0,3220.0,-4.2,-63.0,21.5,-4.2,21.6,252,15.3,315,90,2025-06-06 22:00:00+00:00
28.9,72,23.3,1005.7,1006.8,50,0,13,43,13.2,206,29.2,0.0,2400.0,-4.1,-55.0,21.5,-4.0,25.8,262,13.0,304,93,2025-06-06 23:00:00+00:00
28.6,70,22.7,1006.0,1007.1,16,0,14,3,11.9,215,27.7,0.0,1800.0,-4.4,-54.0,20.6,-4.2,20.9,259,16.7,300,91,2025-06-07 00:00:00+00:00
29.0,70,23.1,1007.6,1008.7,44,0,30,20,11.4,211,26.6,0.0,1480.0,-4.6,-53.0,20.4,-4.0,22.3,272,17.3,304,87,2025-06-07 01:00:00+00:00
29.7,66,22.7,1007.9,1009.0,60,0,48,24,10.1,213,25.6,0.0,790.0,-5.1,-41.0,19.9,-4.2,25.5,271,22.0,299,89,2025-06-07 02:00:00+00:00
31.8,60,22.9,1008.1,1009.2,75,0,55,44,8.5,243,24.1,0.0,490.0,-5.1,-26.0,20.2,-4.4,27.4,274,23.1,298,90,2025-06-07 03:00:00+00:00
33.4,51,22.0,1007.7,1008.8,88,0,40,81,13.7,247,33.5,0.0,970.0,-5.0,-10.0,20.3,-4.2,22.9,283,23.3,305,90,2025-06-07 04:00:00+00:00
35.2,44,21.2,1007.2,1008.3,33,0,6,28,13.4,263,36.0,0.0,1350.0,-4.8,-4.0,20.5,-4.2,22.8,303,24.6,313,90,2025-06-07 05:00:00+00:00
36.6,40,20.9,1006.5,1007.6,87,0,3,87,12.7,281,35.6,0.0,1210.0,-4.9,-7.0,20.8,-4.0,22.8,307,27.2,311,86,2025-06-07 06:00:00+00:00
37.7,37,20.5,1005.3,1006.4,100,0,14,100,10.1,295,34.6,0.0,1130.0,-5.1,-9.0,21.0,-4.2,25.9,304,25.5,311,83,2025-06-07 07:00:00+00:00
38.1,36,20.4,1004.2,1005.3,93,2,9,92,4.2,342,30.2,0.0,1320.0,-5.2,-17.0,20.9,-4.0,19.3,285,24.6,313,83,2025-06-07 08:00:00+00:00
37.9,37,20.5,1003.2,1004.3,97,5,17,96,3.6,87,20.5,0.0,1570.0,-5.1,-24.0,21.4,-4.2,16.9,275,23.1,309,81,2025-06-07 09:00:00+00:00
37.9,37,20.6,1002.4,1003.5,54,3,53,2,5.4,111,22.0,0.0,1100.0,-5.2,-36.0,22.1,-4.2,17.4,275,22.3,306,81,2025-06-07 10:00:00+00:00
35.4,51,23.6,1002.7,1003.8,30,4,23,10,9.0,116,27.7,1.0,760.0,-5.1,-81.0,22.3,-4.0,18.8,276,24.0,307,80,2025-06-07 11:00:00+00:00
34.6,55,24.1,1003.0,1004.1,72,0,21,65,7.0,136,25.6,0.0,570.0,-5.3,-71.0,22.1,-4.0,15.6,277,24.0,307,81,2025-06-07 12:00:00+00:00
34.9,54,24.4,1003.3,1004.4,100,0,16,100,2.7,200,12.2,0.0,980.0,-6.0,-82.0,22.2,-4.2,15.5,284,24.7,309,90,2025-06-07 13:00:00+00:00
33.9,59,24.7,1004.3,1005.4,37,0,26,15,0.5,225,5.4,0.0,2730.0,-5.8,-57.0,22.6,-4.2,18.0,294,26.3,313,84,2025-06-07 14:00:00+00:00
32.8,56,22.9,1005.2,1006.3,62,0,19,53,3.9,167,7.6,0.0,3280.0,-5.8,-69.0,22.8,-4.4,19.4,297,27.2,319,78,2025-06-07 15:00:00+00:00
31.8,65,24.4,1006.1,1007.2,96,0,5,95,8.8,192,17.6,0.0,2880.0,-6.1,-86.0,22.8,-4.4,18.0,294,23.3,325,78,2025-06-07 16:00:00+00:00
31.0,69,24.7,1006.3,1007.4,22,0,7,17,10.0,200,20.5,0.0,2820.0,-5.4,-82.0,22.6,-4.2,17.5,285,22.0,331,80,2025-06-07 17:00:00+00:00
30.4,73,25.1,1006.0,1007.1,81,0,7,79,12.5,198,25.2,0.0,3080.0,-6.2,-89.0,22.6,-4.2,18.1,280,24.7,309,78,2025-06-07 18:00:00+00:00
30.1,75,25.2,1005.3,1006.4,92,0,12,91,10.7,210,25.6,0.0,3150.0,-6.2,-70.0,22.3,-4.2,16.5,276,22.1,311,79,2025-06-07 19:00:00+00:00
29.8,74,24.7,1004.6,1005.7,100,0,8,100,12.2,213,25.6,0.0,2930.0,-6.1,-69.0,22.1,-4.4,16.4,268,23.1,309,88,2025-06-07 20:00:00+00:00
29.6,67,22.9,1004.2,1005.3,100,0,10,100,11.6,222,26.3,0.0,3360.0,-6.3,-78.0,21.8,-4.4,14.8,259,20.4,310,84,2025-06-07 21:00:00+00:00
29.4,60,20.9,1004.4,1005.5,99,0,16,99,11.0,238,24.1,0.0,3480.0,-6.0,-88.0,21.5,-4.4,14.8,261,17.0,315,72,2025-06-07 22:00:00+00:00
29.0,60,20.5,1004.6,1005.7,96,0,7,96,11.8,232,24.5,0.0,3050.0,-5.5,-79.0,21.1,-4.2,17.9,263,12.8,311,73,2025-06-07 23:00:00+00:00
28.8,61,20.5,1004.9,1006.0,39,0,1,38,10.6,236,24.5,0.0,2090.0,-5.3,-69.0,21.1,-4.4,19.0,305,23.6,294,76,2025-06-08 00:00:00+00:00
29.7,66,22.6,1005.6,1006.7,12,0,11,2,11.4,252,24.8,0.0,2090.0,-4.2,-57.0,21.4,-4.7,22.9,329,22.6,302,76,2025-06-08 01:00:00+00:00
31.0,60,22.3,1006.0,1007.1,18,0,10,9,7.1,260,23.0,0.0,1880.0,-2.6,-57.0,21.1,-4.9,25.7,337,20.4,315,69,2025-06-08 02:00:00+00:00
32.9,53,22.1,1006.1,1007.2,48,0,14,40,7.7,281,20.9,0.0,1460.0,-2.1,-65.0,21.2,-4.9,22.6,332,18.0,323,70,2025-06-08 03:00:00+00:00
34.5,48,21.8,1006.3,1007.4,89,0,39,81,10.3,303,28.4,0.0,900.0,-3.0,-41.0,21.4,-4.9,20.9,324,14.0,329,70,2025-06-08 04:00:00+00:00
35.6,44,21.6,1005.5,1006.6,100,1,4,100,9.0,316,31.7,0.0,1070.0,-4.2,-21.0,21.6,-4.7,20.3,318,11.3,328,69,2025-06-08 05:00:00+00:00
36.7,41,21.3,1004.7,1005.8,96,0,4,96,8.0,326,30.6,0.0,1260.0,-4.0,-10.0,21.4,-4.2,24.5,317,14.5,336,70,2025-06-08 06:00:00+00:00
37.8,39,21.3,1004.0,1005.1,11,3,5,4,5.8,2,28.1,0.0,1170.0,-3.9,-19.0,21.1,-4.2,19.2,306,13.4,333,68,2025-06-08 07:00:00+00:00
38.0,38,21.2,1003.2,1004.3,38,11,18,19,5.6,50,23.8,0.0,1310.0,-4.3,-29.0,21.8,-4.2,18.3,305,15.0,331,64,2025-06-08 08:00:00+00:00
36.4,43,21.7,1002.2,1003.3,98,7,97,29,7.5,110,28.1,0.0,1470.0,-4.3,-30.0,22.3,-4.0,20.6,298,17.2,335,66,2025-06-08 09:00:00+00:00
33.5,59,24.3,1002.2,1003.3,96,5,25,95,8.8,192,39.2,0.9,1740.0,-4.0,-31.0,22.4,-4.2,23.6,289,15.6,337,72,2025-06-08 10:00:00+00:00
33.8,55,23.6,1002.2,1003.3,66,0,8,63,7.0,198,24.8,0.0,2000.0,-3.7,-35.0,22.8,-4.4,23.5,288,20.0,327,70,2025-06-08 11:00:00+00:00
32.0,62,23.9,1003.5,1004.6,97,10,17,97,10.9,248,30.2,1.4,2630.0,-4.2,-64.0,22.7,-4.4,20.0,297,17.7,332,66,2025-06-08 12:00:00+00:00
31.8,69,25.4,1003.1,1004.2,100,0,100,100,8.6,172,18.7,0.0,2530.0,-4.0,-77.0,23.1,-4.4,21.1,292,18.6,345,64,2025-06-08 13:00:00+00:00
31.0,76,26.3,1004.0,1005.1,100,0,100,100,6.7,172,19.1,0.0,2440.0,-3.3,-152.0,22.7,-4.4,18.9,290,21.6,341,71,2025-06-08 14:00:00+00:00
30.9,74,25.6,1005.1,1006.2,100,0,93,100,7.2,194,15.1,0.0,2540.0,-3.1,-125.0,22.3,-4.9,16.3,288,23.3,348,73,2025-06-08 15:00:00+00:00
30.6,71,24.8,1005.5,1006.6,100,0,97,100,8.4,189,17.3,0.0,2300.0,-2.2,-115.0,22.2,-4.9,19.1,282,25.5,352,78,2025-06-08 16:00:00+00:00
30.2,74,24.9,1005.6,1006.7,100,0,21,100,10.2,197,20.9,0.0,2550.0,-1.4,-162.0,22.0,-4.7,24.0,279,27.6,360,81,2025-06-08 17:00:00+00:00
29.8,75,25.0,1005.2,1006.3,100,0,1,100,11.6,210,24.1,0.0,2150.0,-1.2,-161.0,22.4,-4.7,27.4,275,21.6,3,79,2025-06-08 18:00:00+00:00
29.3,72,23.8,1004.6,1005.7,99,0,2,99,11.7,233,24.8,0.0,2300.0,-1.3,-159.0,22.3,-4.9,28.7,273,22.9,6,79,2025-06-08 19:00:00+00:00
28.9,66,22.0,1004.2,1005.3,100,0,16,100,12.9,227,27.4,0.0,2310.0,-1.4,-152.0,22.2,-4.9,28.7,268,24.7,14,83,2025-06-08 20:00:00+00:00
28.7,65,21.5,1003.9,1005.0,100,0,18,100,14.0,233,29.5,0.0,2800.0,-1.1,-177.0,21.1,-4.9,26.9,269,22.8,18,80,2025-06-08 21:00:00+00:00
28.6,65,21.3,1003.4,1004.5,100,0,4,100,14.1,235,29.9,0.0,2340.0,-0.9,-196.0,20.8,-4.7,26.0,270,19.9,25,82,2025-06-08 22:00:00+00:00
28.5,63,20.9,1003.5,1004.6,100,0,6,100,13.6,239,30.2,0.0,1800.0,-1.7,-174.0,20.6,-4.4,27.0,286,15.2,18,87,2025-06-08 23:00:00+00:00
28.3,64,20.8,1003.9,1005.0,100,0,19,100,11.8,245,28.4,0.0,540.0,-2.3,-173.0,20.5,-4.7,26.0,273,15.8,9,72,2025-06-09 00:00:00+00:00
27.9,72,22.4,1004.6,1005.7,14,0,10,5,14.1,274,31.0,0.0,280.0,-2.5,-154.0,20.8,-4.7,26.6,276,16.0,13,72,2025-06-09 01:00:00+00:00
29.0,70,23.0,1004.8,1005.9,50,0,34,40,12.5,266,31.7,0.0,290.0,-2.5,-115.0,21.0,-4.7,25.2,276,16.3,17,71,2025-06-09 02:00:00+00:00
30.3,66,23.3,1004.8,1005.9,84,0,66,62,13.5,257,31.3,0.0,420.0,-3.0,-81.0,21.0,-4.7,24.0,279,16.3,17,71,2025-06-09 03:00:00+00:00
31.8,60,23.1,1004.8,1005.9,100,0,23,99,12.6,266,32.4,0.0,590.0,-4.1,-39.0,21.1,-4.7,23.3,282,14.8,14,71,2025-06-09 04:00:00+00:00
33.1,57,23.4,1004.6,1005.7,99,0,16,99,11.9,266,30.6,0.0,900.0,-4.4,-17.0,21.2,-4.2,22.9,287,14.6,9,70,2025-06-09 05:00:00+00:00
35.4,48,22.6,1003.8,1004.9,100,0,4,100,9.7,270,30.2,0.0,1460.0,-4.8,-1.0,21.5,-4.0,20.3,290,14.5,336,73,2025-06-09 06:00:00+00:00
37.2,41,21.8,1002.6,1003.7,92,2,4,91,8.0,295,28.8,0.0,1630.0,-4.6,-1.0,21.2,-4.0,23.5,299,14.5,336,73,2025-06-09 07:00:00+00:00
37.0,42,21.9,1001.5,1002.6,94,8,19,93,6.6,35,25.6,0.0,1830.0,-5.0,-7.0,21.0,-4.0,18.9,290,15.6,328,76,2025-06-09 08:00:00+00:00
34.8,51,23.2,1001.2,1002.3,99,4,63,99,3.8,93,26.6,1.4,1930.0,-5.5,-16.0,21.4,-4.0,18.6,287,16.7,330,73,2025-06-09 09:00:00+00:00
29.9,72,24.4,1001.1,1002.2,100,1,18,100,3.5,159,32.8,4.7,2100.0,-6.1,-37.0,21.5,-4.0,20.2,276,15.6,337,71,2025-06-09 10:00:00+00:00
31.9,65,24.4,1000.2,1001.3,93,0,20,92,3.6,210,17.6,0.1,2320.0,-3.0,-141.0,21.4,-4.4,25.1,270,17.7,332,70,2025-06-09 11:00:00+00:00
32.3,66,25.2,1000.6,1001.7,97,0,7,97,4.1,214,11.9,0.0,2580.0,-3.9,-116.0,21.4,-4.0,25.3,278,14.6,325,67,2025-06-09 12:00:00+00:00
30.5,79,26.4,1001.1,1002.2,100,1,100,100,5.0,206,16.9,0.0,2590.0,-4.2,-84.0,21.5,-4.7,26.0,285,16.7,330,60,2025-06-09 13:00:00+00:00
30.2,78,25.8,1001.9,1003.0,100,0,48,100,9.6,221,19.8,0.0,2740.0,-2.5,-195.0,21.7,-4.4,28.5,297,16.1,333,58,2025-06-09 14:00:00+00:00
29.9,72,24.4,1002.8,1003.9,100,0,99,100,9.2,230,20.2,0.0,2600.0,-3.3,-143.0,21.5,-4.4,29.4,300,15.2,342,60,2025-06-09 15:00:00+00:00
29.4,71,23.6,1003.4,1004.5,100,0,22,100,8.3,221,19.1,0.0,2130.0,-3.5,-148.0,21.2,-4.4,31.0,298,13.7,345,62,2025-06-09 16:00:00+00:00
29.0,72,23.5,1003.6,1004.7,100,0,97,100,8.2,237,17.3,0.0,1570.0,-3.1,-130.0,21.1,-4.7,32.1,293,10.9,354,62,2025-06-09 17:00:00+00:00
28.7,73,23.3,1003.2,1004.3,100,0,100,95,10.5,233,20.9,0.0,1620.0,-3.6,-116.0,21.2,-4.7,32.7,291,12.2,349,67,2025-06-09 18:00:00+00:00
28.2,73,23.0,1002.3,1003.4,83,0,3,83,12.0,237,24.1,0.0,1610.0,-3.0,-112.0,21.2,-4.4,31.3,291,10.3,339,68,2025-06-09 19:00:00+00:00
28.1,74,22.9,1001.6,1002.7,60,0,18,57,12.7,245,27.7,0.0,1530.0,-2.8,-159.0,21.4,-4.4,25.9,301,8.7,326,67,2025-06-09 20:00:00+00:00
28.1,74,23.1,1001.0,1002.1,14,0,0,14,13.5,243,28.1,0.0,1420.0,-3.8,-152.0,21.7,-4.7,21.6,311,8.5,315,66,2025-06-09 21:00:00+00:00
27.8,75,23.1,1000.4,1001.5,92,0,0,92,13.1,243,28.1,0.0,1250.0,-4.4,-182.0,21.7,-4.4,20.4,320,9.4,310,66,2025-06-09 22:00:00+00:00
27.6,76,22.9,1000.6,1001.7,24,0,9,16,12.2,246,27.0,0.0,930.0,-3.7,-170.0,21.4,-4.2,18.7,326,11.1,311,66,2025-06-09 23:00:00+00:00
27.4,75,22.5,1000.9,1002.0,15,0,14,2,10.4,247,25.2,0.0,740.0,-2.7,-199.0,21.4,-4.4,18.5,332,12.5,343,63,2025-06-10 00:00:00+00:00
28.2,74,23.2,1001.4,1002.5,100,0,0,100,13.0,248,29.2,0.0,450.0,-2.6,-181.0,21.4,-4.2,18.6,338,11.1,347,60,2025-06-10 01:00:00+00:00
29.4,70,23.5,1001.6,1002.7,100,0,0,100,10.8,249,27.4,0.0,330.0,-2.1,-145.0,21.4,-4.2,18.4,337,9.9,346,58,2025-06-10 02:00:00+00:00
31.1,63,23.2,1001.9,1003.0,94,0,1,94,12.7,255,29.9,0.0,370.0,-2.9,-124.0,21.5,-4.4,18.5,340,7.6,342,59,2025-06-10 03:00:00+00:00
32.8,57,23.0,1001.8,1002.9,58,0,0,58,12.3,260,31.7,0.0,570.0,-2.9,-85.0,21.7,-4.2,18.5,340,7.0,329,61,2025-06-10 04:00:00+00:00
34.4,52,23.1,1001.3,1002.4,100,0,0,100,11.9,274,31.3,0.0,1010.0,-2.7,-57.0,22.0,-4.0,18.6,335,6.8,315,61,2025-06-10 05:00:00+00:00
35.9,47,22.8,1000.8,1001.9,99,2,6,99,10.7,290,31.0,0.0,1420.0,-2.8,-53.0,22.3,-3.7,12.6,334,9.4,320,58,2025-06-10 06:00:00+00:00
37.0,44,22.9,1000.0,1001.1,100,1,9,100,6.9,295,29.5,0.0,1730.0,-3.5,-23.0,22.4,-3.7,17.1,326,12.0,323,57,2025-06-10 07:00:00+00:00
36.8,45,23.0,999.2,1000.3,97,7,14,97,1.5,60,22.7,0.0,1850.0,-3.2,-12.0,21.7,-4.0,15.3,297,14.0,329,58,2025-06-10 08:00:00+00:00
34.4,58,24.8,998.3,999.4,100,0,23,100,10.3,103,28.1,0.2,1640.0,-4.1,-30.0,22.2,-4.0,14.6,268,15.6,337,60,2025-06-10 09:00:00+00:00
33.7,60,24.8,997.8,998.9,100,0,59,100,8.3,141,31.0,0.0,1750.0,-5.1,-60.0,22.3,-3.5,18.5,260,13.4,333,73,2025-06-10 10:00:00+00:00
32.9,63,24.8,997.5,998.6,100,4,18,100,11.7,146,29.5,0.0,2060.0,-5.4,-99.0,22.1,-3.5,20.8,251,15.0,331,78,2025-06-10 11:00:00+00:00
30.8,69,24.4,998.6,999.7,100,5,27,100,15.3,220,34.9,0.0,2090.0,-5.2,-101.0,22.3,-3.3,11.5,261,15.4,321,79,2025-06-10 12:00:00+00:00
29.6,73,24.2,999.1,1000.2,100,0,11,100,13.1,207,27.0,0.1,1930.0,-4.9,-112.0,21.4,-3.5,10.5,272,15.4,321,71,2025-06-10 13:00:00+00:00
28.8,76,24.1,999.5,1000.6,100,0,2,100,11.5,211,27.7,0.0,1860.0,-5.5,-79.0,21.8,-3.5,10.7,290,16.3,324,74,2025-06-10 14:00:00+00:00
28.8,75,24.0,1000.3,1001.4,100,0,14,100,10.0,219,23.8,0.0,1740.0,-4.4,-60.0,22.0,-3.7,12.2,283,15.6,337,72,2025-06-10 15:00:00+00:00
28.6,76,23.9,1000.5,1001.6,100,0,13,100,10.7,220,22.0,0.0,1420.0,-4.6,-70.0,21.5,-3.5,12.3,274,15.2,342,71,2025-06-10 16:00:00+00:00
28.3,77,23.8,1000.9,1002.0,100,0,0,100,14.2,230,29.2,0.0,1400.0,-3.2,-153.0,21.4,-3.5,16.0,268,16.8,356,72,2025-06-10 17:00:00+00:00
28.2,75,23.3,1000.7,1001.8,100,0,1,100,14.1,233,29.9,0.0,1430.0,-3.2,-143.0,21.5,-3.5,18.0,286,19.3,7,71,2025-06-10 18:00:00+00:00
28.0,74,22.8,1000.6,1001.7,91,0,5,91,14.5,236,30.2,0.0,1140.0,-2.4,-134.0,20.9,-3.7,22.4,275,16.8,4,69,2025-06-10 19:00:00+00:00
28.0,72,22.4,999.8,1000.9,98,0,5,97,14.9,248,30.2,0.0,930.0,-2.9,-76.0,21.0,-3.5,25.6,281,15.8,9,72,2025-06-10 20:00:00+00:00
27.7,71,21.9,999.1,1000.2,100,0,0,100,16.4,255,34.2,0.0,810.0,-3.3,-78.0,20.8,-3.5,35.0,288,12.0,360,80,2025-06-10 21:00:00+00:00
27.5,71,21.8,999.3,1000.4,100,0,11,100,15.1,261,33.8,0.0,630.0,-3.1,-96.0,20.9,-3.7,40.6,299,12.1,354,84,2025-06-10 22:00:00+00:00
27.4,72,22.0,999.2,1000.3,100,0,0,100,12.5,255,31.7,0.0,470.0,-3.6,-138.0,21.2,-4.0,38.5,311,12.1,354,90,2025-06-10 23:00:00+00:00
27.0,75,22.2,999.4,1000.5,100,0,3,100,11.1,245,25.6,0.0,410.0,-3.1,-129.0,21.6,-4.7,38.4,313,8.0,333,79,2025-06-11 00:00:00+00:00
28.1,74,23.0,1000.6,1001.7,100,0,12,100,8.6,241,23.4,0.0,370.0,-3.0,-112.0,21.7,-4.4,36.4,313,8.7,326,76,2025-06-11 01:00:00+00:00
29.1,73,23.7,1001.3,1002.4,100,0,20,100,10.0,236,20.5,0.0,420.0,-2.5,-90.0,21.7,-4.0,35.5,318,8.5,315,80,2025-06-11 02:00:00+00:00
30.6,66,23.6,1001.4,1002.5,100,0,5,100,10.9,241,25.9,0.0,530.0,-2.1,-75.0,21.7,-3.5,35.7,322,7.7,309,87,2025-06-11 03:00:00+00:00
32.2,59,23.3,1001.5,1002.6,95,0,0,95,11.3,253,28.4,0.0,540.0,-2.3,-43.0,21.6,-3.3,37.4,312,6.0,307,90,2025-06-11 04:00:00+00:00
33.8,54,23.1,1001.1,1002.2,89,2,2,89,11.2,266,33.1,0.0,790.0,-2.5,-30.0,21.8,-3.3,40.9,308,4.3,304,88,2025-06-11 05:00:00+00:00
35.2,50,23.1,1000.3,1001.4,95,5,2,94,10.7,277,33.5,0.0,930.0,-3.6,-36.0,20.2,-3.0,30.2,308,7.6,288,87,2025-06-11 06:00:00+00:00
36.0,47,23.0,999.6,1000.7,100,68,100,100,8.3,288,30.6,0.0,1170.0,-3.5,-7.0,20.6,-3.0,34.1,304,8.5,278,87,2025-06-11 07:00:00+00:00
32.6,56,22.6,999.1,1000.2,100,7,72,100,6.0,355,25.2,0.5,1290.0,-2.7,-4.0,19.9,-3.0,27.8,293,9.6,270,84,2025-06-11 08:00:00+00:00
30.9,65,23.5,998.5,999.6,100,5,39,100,11.5,190,31.0,0.7,1290.0,-3.6,-7.0,20.5,-3.0,21.7,280,10.8,270,80,2025-06-11 09:00:00+00:00
30.2,69,23.8,998.2,999.3,100,2,11,100,11.5,357,29.5,0.0,1370.0,-3.6,-24.0,20.4,-2.8,21.5,276,11.1,257,100,2025-06-11 10:00:00+00:00
29.9,70,23.8,997.5,998.6,100,0,3,100,3.3,13,29.9,0.0,1360.0,-4.0,-49.0,20.6,-3.0,27.2,284,11.4,252,81,2025-06-11 11:00:00+00:00
30.2,70,24.1,997.8,998.9,100,0,1,100,1.9,163,10.8,0.0,1360.0,-3.2,-47.0,21.0,-3.0,26.1,295,9.9,256,77,2025-06-11 12:00:00+00:00
29.9,76,25.2,998.4,999.5,100,8,17,100,7.1,159,14.4,0.0,1590.0,-2.2,-68.0,21.1,-3.0,25.5,297,14.8,256,86,2025-06-11 13:00:00+00:00
29.0,85,26.2,999.9,1001.0,100,5,39,100,10.4,135,19.8,0.1,1020.0,-2.7,-73.0,21.0,-2.8,24.0,297,14.8,256,98,2025-06-11 14:00:00+00:00
28.5,86,25.9,1000.5,1001.6,100,0,8,100,7.6,152,23.4,0.0,520.0,-3.5,-71.0,20.6,-3.0,25.4,288,14.0,250,87,2025-06-11 15:00:00+00:00
28.2,84,25.2,1000.9,1002.0,100,1,11,100,6.5,178,14.8,0.0,350.0,-3.7,-57.0,20.0,-3.0,26.3,284,14.0,250,93,2025-06-11 16:00:00+00:00
26.4,84,23.4,1002.1,1003.2,100,78,49,100,14.7,239,27.7,4.9,630.0,-4.5,-41.0,20.2,-3.0,30.6,280,12.9,248,96,2025-06-11 17:00:00+00:00
25.7,89,23.8,1001.1,1002.2,95,6,25,94,15.3,207,29.2,1.6,920.0,-3.1,-35.0,20.2,-3.0,21.2,285,12.9,248,93,2025-06-11 18:00:00+00:00
25.7,91,24.1,1001.3,1002.4,98,8,58,95,10.3,232,29.9,0.5,1140.0,-2.8,-43.0,19.9,-3.3,26.6,277,16.7,249,86,2025-06-11 19:00:00+00:00
25.6,88,23.5,1000.6,1001.7,100,0,23,100,12.1,218,23.8,0.0,730.0,-3.3,-39.0,19.7,-3.3,26.9,271,19.9,245,84,2025-06-11 20:00:00+00:00
25.6,86,23.0,999.9,1001.0,100,0,8,100,12.7,213,25.6,0.0,610.0,-3.3,-26.0,20.0,-3.5,30.5,272,22.5,245,77,2025-06-11 21:00:00+00:00
25.9,84,23.1,999.3,1000.4,99,0,12,99,11.4,213,25.6,0.0,520.0,-3.2,-38.0,20.3,-3.5,34.3,274,22.0,241,83,2025-06-11 22:00:00+00:00
26.0,85,23.2,999.5,1000.6,94,0,1,94,10.6,223,23.4,0.0,490.0,-3.4,-46.0,19.9,-3.0,36.6,280,23.1,242,78,2025-06-11 23:00:00+00:00
26.1,83,23.1,999.6,1000.7,96,0,1,96,10.3,239,22.0,0.0,520.0,-3.4,-41.0,19.8,-3.0,32.4,272,20.4,267,74,2025-06-12 00:00:00+00:00
28.0,79,24.0,1000.2,1001.3,100,0,34,100,11.4,232,24.8,0.0,520.0,-2.7,-27.0,19.7,-2.8,30.2,276,18.0,266,74,2025-06-12 01:00:00+00:00
29.0,74,24.0,1000.6,1001.7,100,0,100,100,10.6,238,24.8,0.0,560.0,-2.4,-22.0,19.7,-2.1,27.8,273,14.4,265,72,2025-06-12 02:00:00+00:00
29.7,71,23.9,1000.8,1001.9,100,0,94,100,10.5,239,24.8,0.0,680.0,-1.9,-24.0,19.8,-1.9,29.2,267,10.8,270,71,2025-06-12 03:00:00+00:00
31.4,62,23.3,1001.1,1002.2,96,0,5,96,11.0,249,27.7,0.0,480.0,-1.6,-25.0,19.9,-1.9,31.0,267,9.7,240,73,2025-06-12 04:00:00+00:00
33.2,54,22.7,1000.8,1001.9,99,0,1,99,10.0,262,29.2,0.0,460.0,-1.0,-19.0,20.0,-2.1,32.8,268,12.8,221,70,2025-06-12 05:00:00+00:00
34.5,48,22.0,1000.1,1001.2,86,1,4,85,9.4,271,28.4,0.0,380.0,-0.8,-12.0,20.5,-2.1,23.8,265,14.0,211,67,2025-06-12 06:00:00+00:00
35.4,45,21.7,999.2,1000.3,60,3,4,58,7.9,271,29.2,0.0,480.0,-1.4,-8.0,20.9,-2.1,24.6,268,16.1,207,68,2025-06-12 07:00:00+00:00
35.9,42,21.1,998.2,999.3,89,5,8,88,5.2,176,25.2,0.0,530.0,-1.5,-12.0,21.0,-2.1,24.6,268,16.7,210,71,2025-06-12 08:00:00+00:00
33.7,58,24.3,997.7,998.8,98,5,22,97,14.2,144,36.7,0.5,750.0,-2.0,-24.0,20.4,-2.3,22.1,262,17.3,214,76,2025-06-12 09:00:00+00:00
32.4,72,26.6,997.2,998.3,99,7,18,99,16.2,145,40.7,1.7,720.0,-2.4,-35.0,20.4,-2.1,21.9,249,17.3,214,76,2025-06-12 10:00:00+00:00
31.8,67,24.9,997.0,998.1,100,1,44,100,19.7,162,45.7,0.1,1250.0,-2.2,-54.0,20.8,-2.3,23.5,248,17.1,219,79,2025-06-12 11:00:00+00:00
30.7,72,25.0,997.6,998.7,99,13,32,99,16.2,163,45.7,0.1,2000.0,-3.0,-45.0,20.6,-2.1,20.8,247,14.4,228,80,2025-06-12 12:00:00+00:00
30.3,72,24.6,998.9,1000.0,100,29,42,100,6.9,203,33.8,0.0,3090.0,-3.8,-31.0,21.1,-2.1,26.5,243,14.4,222,81,2025-06-12 13:00:00+00:00
29.7,79,25.6,999.7,1000.8,98,1,31,96,6.4,202,14.0,0.0,2170.0,-3.0,-29.0,20.5,-2.3,30.5,231,14.4,228,83,2025-06-12 14:00:00+00:00
29.8,75,24.9,1000.7,1001.8,77,4,33,65,8.8,197,18.0,0.0,2380.0,-3.0,-18.0,20.8,-2.3,34.5,227,12.0,233,84,2025-06-12 15:00:00+00:00
28.9,81,25.4,1001.9,1003.0,86,7,84,7,12.8,196,31.7,0.0,2730.0,-3.3,-21.0,20.9,-2.1,35.2,230,6.8,225,87,2025-06-12 16:00:00+00:00
28.4,85,25.5,1001.9,1003.0,100,0,100,9,8.2,209,26.3,0.1,2260.0,-3.0,-16.0,20.8,-2.6,37.7,238,6.8,225,84,2025-06-12 17:00:00+00:00
28.8,80,25.1,1001.6,1002.7,72,2,67,12,12.8,194,27.0,0.0,1790.0,-3.1,-29.0,20.4,-2.6,36.9,237,6.5,202,83,2025-06-12 18:00:00+00:00
28.6,77,24.1,1001.2,1002.3,66,1,24,55,13.4,207,29.9,0.0,1090.0,-3.0,-32.0,20.5,-2.6,34.2,243,10.3,201,79,2025-06-12 19:00:00+00:00
28.3,80,24.6,1000.6,1001.7,99,0,2,99,11.0,204,28.1,0.0,1100.0,-3.2,-37.0,20.4,-2.6,31.2,245,12.1,186,80,2025-06-12 20:00:00+00:00
28.1,82,24.8,1000.0,1001.1,100,0,15,100,9.5,213,22.7,0.0,1040.0,-3.4,-20.0,20.2,-2.3,29.4,248,12.1,174,82,2025-06-12 21:00:00+00:00
27.6,82,24.2,999.6,1000.7,100,0,1,100,9.7,235,20.2,0.0,1000.0,-3.2,-17.0,20.3,-2.1,26.7,247,13.7,165,79,2025-06-12 22:00:00+00:00
27.2,82,23.8,999.8,1000.9,66,0,2,66,8.4,233,20.2,0.0,920.0,-3.1,-13.0,20.6,-2.1,28.4,240,14.8,166,77,2025-06-12 23:00:00+00:00
26.9,83,23.7,1000.5,1001.6,35,0,2,33,7.7,231,16.9,0.0,760.0,-2.7,-34.0,20.5,-2.6,34.4,252,14.4,175,76,2025-06-13 00:00:00+00:00
27.7,80,24.0,1001.3,1002.4,100,0,12,100,6.7,214,16.2,0.0,610.0,-2.1,-42.0,20.6,-2.6,40.1,258,13.2,180,67,2025-06-13 01:00:00+00:00
29.0,73,23.6,1001.8,1002.9,70,0,24,61,7.1,225,17.3,0.0,450.0,-1.8,-38.0,20.8,-2.8,47.1,258,12.2,191,67,2025-06-13 02:00:00+00:00
30.6,64,22.9,1002.2,1003.3,91,0,11,90,8.1,227,22.3,0.0,590.0,-1.8,-21.0,20.9,-2.8,48.4,258,12.2,191,76,2025-06-13 03:00:00+00:00
32.1,56,22.4,1002.5,1003.6,97,0,0,97,8.9,227,25.2,0.0,580.0,-2.2,-3.0,21.1,-2.6,49.4,256,12.5,197,84,2025-06-13 04:00:00+00:00
33.7,51,22.1,1002.0,1003.1,93,2,4,93,9.7,225,27.7,0.0,680.0,-2.3,0.0,21.2,-2.6,49.7,252,13.4,190,86,2025-06-13 05:00:00+00:00
35.1,45,21.4,1001.1,1002.2,88,11,10,86,11.0,228,35.3,0.0,490.0,-1.9,-2.0,21.5,-2.1,48.5,248,13.0,214,83,2025-06-13 06:00:00+00:00
35.7,43,21.3,1000.4,1001.5,42,6,32,11,11.6,206,34.9,0.2,390.0,-2.0,-4.0,21.2,-2.1,44.5,252,13.7,218,83,2025-06-13 07:00:00+00:00
34.1,52,23.0,999.5,1000.6,51,9,12,43,14.4,178,38.2,0.4,310.0,-1.7,-7.0,20.6,-1.9,27.3,237,13.6,225,87,2025-06-13 08:00:00+00:00
32.6,66,25.5,998.5,999.6,46,14,39,12,15.7,171,42.8,2.4,330.0,-2.2,-13.0,20.9,-2.1,27.4,240,12.0,233,87,2025-06-13 09:00:00+00:00
31.7,70,25.6,998.2,999.3,96,35,29,93,16.3,172,40.3,0.5,1070.0,-2.8,-26.0,21.0,-2.1,27.1,241,10.7,243,86,2025-06-13 10:00:00+00:00
32.1,68,25.4,998.4,999.5,33,8,24,5,14.1,169,39.2,0.1,1560.0,-3.4,-36.0,21.2,-2.1,30.2,245,9.4,230,80,2025-06-13 11:00:00+00:00
31.8,69,25.5,999.1,1000.2,61,12,21,45,10.1,199,33.8,0.0,2080.0,-3.9,-27.0,21.6,-2.1,28.4,248,10.3,234,82,2025-06-13 12:00:00+00:00
31.7,65,24.4,999.6,1000.7,96,2,5,96,12.5,188,27.7,0.0,2190.0,-4.7,-33.0,21.1,-2.3,30.9,239,10.3,234,87,2025-06-13 13:00:00+00:00
30.8,70,24.7,1000.7,1001.8,30,6,19,14,14.2,179,29.9,0.0,2140.0,-4.6,-39.0,21.4,-2.6,32.4,242,14.6,235,83,2025-06-13 14:00:00+00:00
30.3,74,25.1,1001.6,1002.7,82,0,19,78,13.7,182,29.9,0.0,2100.0,-3.7,-21.0,21.6,-2.6,33.6,245,13.6,225,83,2025-06-13 15:00:00+00:00
30.0,78,25.8,1002.5,1003.6,92,7,7,90,9.3,205,29.2,0.0,1920.0,-3.5,-18.0,21.5,-2.6,35.3,243,14.4,222,86,2025-06-13 16:00:00+00:00
29.5,82,26.0,1002.4,1003.5,100,0,4,100,9.4,198,19.4,0.0,2000.0,-3.7,-13.0,21.4,-2.6,34.7,240,15.4,219,78,2025-06-13 17:00:00+00:00
29.3,79,25.3,1002.1,1003.2,98,0,16,98,10.4,203,21.2,0.0,1870.0,-3.4,-10.0,21.5,-3.3,37.9,250,14.6,215,76,2025-06-13 18:00:00+00:00
29.0,76,24.4,1001.6,1002.7,100,0,11,100,11.2,202,23.4,0.0,1670.0,-1.6,-99.0,21.1,-3.0,39.2,247,18.0,217,73,2025-06-13 19:00:00+00:00
28.5,76,24.0,1001.3,1002.4,100,0,18,100,10.1,213,23.0,0.0,1300.0,-2.2,-124.0,21.1,-2.8,39.2,250,16.1,222,69,2025-06-13 20:00:00+00:00
28.1,78,23.9,1000.6,1001.7,99,0,14,98,9.6,218,20.9,0.0,1230.0,-1.4,-173.0,20.9,-2.3,39.7,255,15.3,225,68,2025-06-13 21:00:00+00:00
27.8,79,23.9,1000.4,1001.5,100,0,15,100,10.1,221,20.5,0.0,1110.0,-0.9,-188.0,21.0,-2.1,40.8,260,18.7,225,68,2025-06-13 22:00:00+00:00
27.6,80,23.9,1001.0,1002.1,100,0,6,100,11.2,222,23.0,0.0,950.0,-0.6,-150.0,20.9,-1.9,48.0,261,18.7,225,72,2025-06-13 23:00:00+00:00
27.6,79,23.6,1001.2,1002.3,85,0,7,83,11.6,233,24.5,0.0,570.0,-0.7,-120.0,21.0,-2.1,53.7,260,17.1,219,73,2025-06-14 00:00:00+00:00
27.5,78,23.4,1001.8,1002.9,75,0,0,75,11.8,234,25.9,0.0,370.0,-1.3,-100.0,21.1,-1.9,53.2,254,17.8,222,78,2025-06-14 01:00:00+00:00
28.6,76,23.9,1002.5,1003.6,95,0,9,94,9.3,236,24.8,0.0,320.0,-1.4,-65.0,21.1,-1.9,44.3,248,16.1,222,81,2025-06-14 02:00:00+00:00
30.3,70,24.1,1003.2,1004.3,95,0,8,95,8.1,233,22.0,0.0,310.0,-1.5,-44.0,20.6,-2.1,40.5,247,15.3,225,87,2025-06-14 03:00:00+00:00
31.7,61,23.3,1003.5,1004.6,99,0,25,99,9.5,241,25.6,0.0,660.0,-1.8,-19.0,20.6,-2.3,39.5,251,16.1,228,88,2025-06-14 04:00:00+00:00
33.0,56,23.2,1003.3,1004.4,100,0,29,100,7.3,230,25.2,0.0,800.0,-2.9,-2.0,20.8,-2.8,41.2,254,17.8,228,86,2025-06-14 05:00:00+00:00
34.1,52,22.8,1002.2,1003.3,98,0,12,97,9.7,220,26.6,0.0,830.0,-3.4,0.0,21.0,-3.3,37.3,262,20.6,234,84,2025-06-14 06:00:00+00:00
34.8,47,21.8,1001.3,1002.4,100,7,15,100,12.0,237,35.6,0.1,1160.0,-3.1,-3.0,20.2,-2.8,31.6,252,18.7,230,90,2025-06-14 07:00:00+00:00
35.3,46,21.9,1000.4,1001.5,100,3,21,100,10.0,221,32.0,0.1,1240.0,-3.3,-12.0,20.4,-2.6,30.3,252,17.1,231,91,2025-06-14 08:00:00+00:00
35.0,48,22.5,999.8,1000.9,100,11,27,100,12.1,186,31.7,0.0,1810.0,-3.6,-11.0,20.5,-2.6,35.2,253,17.1,231,94,2025-06-14 09:00:00+00:00
33.1,65,25.5,999.3,1000.4,100,26,58,100,17.3,168,41.0,0.3,2480.0,-4.0,-17.0,20.8,-2.1,36.8,255,18.0,233,83,2025-06-14 10:00:00+00:00
31.3,71,25.5,999.4,1000.5,91,13,40,85,11.9,207,42.8,1.8,2380.0,-3.7,-13.0,21.1,-2.1,35.7,256,19.5,227,80,2025-06-14 11:00:00+00:00
32.0,64,24.5,999.7,1000.8,100,11,27,100,13.5,188,33.1,0.1,2790.0,-3.9,-32.0,21.5,-2.3,35.5,257,17.3,236,86,2025-06-14 12:00:00+00:00
30.3,75,25.3,1000.6,1001.7,100,0,22,100,14.7,199,40.0,0.1,2580.0,-2.1,-59.0,21.0,-2.6,41.1,249,17.1,219,87,2025-06-14 13:00:00+00:00
30.0,75,25.1,1001.5,1002.6,100,0,7,100,11.9,203,30.6,0.0,1920.0,-3.0,-19.0,20.8,-2.6,42.6,243,19.0,215,87,2025-06-14 14:00:00+00:00
30.0,74,24.9,1002.2,1003.3,90,0,20,88,13.8,189,28.4,0.0,1960.0,-3.4,-42.0,20.9,-2.8,45.1,246,18.3,212,89,2025-06-14 15:00:00+00:00
29.5,77,25.0,1002.9,1004.0,96,0,20,96,14.3,197,32.0,0.0,1390.0,-2.1,-47.0,20.6,-2.8,44.9,247,18.7,220,89,2025-06-14 16:00:00+00:00
29.1,78,25.0,1002.8,1003.9,97,0,3,97,12.2,211,29.9,0.0,980.0,-2.7,-25.0,20.2,-2.8,43.3,246,21.2,223,84,2025-06-14 17:00:00+00:00
28.8,79,24.8,1002.7,1003.8,99,0,14,98,9.8,215,25.6,0.0,600.0,-2.4,-41.0,20.4,-3.5,55.5,264,20.6,234,84,2025-06-14 18:00:00+00:00
28.4,80,24.6,1002.4,1003.5,100,0,13,100,8.8,221,20.2,0.0,500.0,-1.6,-109.0,20.5,-3.3,60.5,264,21.6,236,87,2025-06-14 19:00:00+00:00
28.1,80,24.4,1001.8,1002.9,100,0,18,100,9.1,229,18.0,0.0,330.0,-1.5,-129.0,20.5,-3.3,58.7,260,21.0,239,81,2025-06-14 20:00:00+00:00
28.1,77,23.6,1000.9,1002.0,100,0,3,100,12.3,236,25.6,0.0,210.0,-1.3,-132.0,20.4,-3.3,56.6,257,18.3,247,74,2025-06-14 21:00:00+00:00
28.2,71,22.3,1000.3,1001.4,100,0,7,100,12.9,235,28.8,0.0,90.0,-1.8,-78.0,21.0,-3.0,61.5,260,15.2,252,77,2025-06-14 22:00:00+00:00
27.7,74,22.6,1000.9,1002.0,100,0,100,100,10.5,221,27.4,0.0,40.0,-1.8,-30.0,21.0,-2.8,67.1,260,11.8,246,79,2025-06-14 23:00:00+00:00
27.4,75,22.6,1001.1,1002.2,100,0,100,100,10.5,204,21.6,0.0,80.0,-1.5,-81.0,21.0,-2.8,72.1,255,20.4,242,82,2025-06-15 00:00:00+00:00
28.2,67,21.4,1002.2,1003.3,100,0,100,100,13.6,214,29.5,0.0,80.0,-1.2,-82.0,20.6,-3.0,71.9,255,20.4,242,71,2025-06-15 01:00:00+00:00
28.1,71,22.4,1002.5,1003.6,100,0,100,99,12.2,204,28.8,0.0,80.0,-0.9,-108.0,20.4,-3.0,70.5,254,21.0,239,79,2025-06-15 02:00:00+00:00
29.0,68,22.6,1002.9,1004.0,100,0,100,100,10.8,206,27.7,0.0,120.0,-1.2,-80.0,20.5,-2.8,68.9,255,22.1,229,82,2025-06-15 03:00:00+00:00
30.5,62,22.5,1003.1,1004.2,100,0,93,100,10.1,207,25.9,0.0,120.0,-1.7,-60.0,20.3,-2.3,67.4,254,26.3,227,77,2025-06-15 04:00:00+00:00
32.0,56,22.2,1002.9,1004.0,100,0,100,99,11.5,205,29.5,0.0,110.0,-2.0,-38.0,21.0,-2.6,71.1,256,27.2,229,81,2025-06-15 05:00:00+00:00
32.1,55,21.9,1002.2,1003.3,100,8,99,92,13.8,212,33.5,0.0,150.0,-1.4,-86.0,19.6,-2.3,39.3,248,37.0,234,79,2025-06-15 06:00:00+00:00
32.9,53,22.1,1001.4,1002.5,78,11,9,73,14.8,225,37.1,0.0,200.0,-0.8,-42.0,20.0,-2.3,47.3,253,38.4,231,80,2025-06-15 07:00:00+00:00
34.6,47,21.7,1000.4,1001.5,86,37,14,75,19.0,233,46.1,0.0,250.0,-0.7,-153.0,20.5,-2.6,50.0,250,36.6,229,80,2025-06-15 08:00:00+00:00
34.4,48,21.7,999.7,1000.8,100,3,100,60,19.3,228,51.1,0.0,220.0,-0.6,-110.0,20.3,-1.9,44.0,244,38.6,234,79,2025-06-15 09:00:00+00:00
34.1,48,21.4,999.3,1000.4,100,1,100,86,19.0,235,50.4,0.0,130.0,-0.9,-109.0,20.5,-2.3,42.6,243,38.1,242,86,2025-06-15 10:00:00+00:00
33.7,50,21.8,999.4,1000.5,100,11,100,100,15.9,226,44.6,0.0,90.0,-1.2,-86.0,20.8,-3.0,56.1,247,39.2,247,87,2025-06-15 11:00:00+00:00
33.3,51,21.9,1000.0,1001.1,100,4,100,100,13.4,220,37.1,0.0,480.0,-2.4,-33.0,21.1,-2.8,49.1,245,33.0,251,91,2025-06-15 12:00:00+00:00
31.5,60,22.8,1000.1,1001.2,100,2,9,100,13.6,195,42.5,0.0,810.0,-2.9,-28.0,20.8,-2.6,51.2,244,32.8,242,89,2025-06-15 13:00:00+00:00
31.1,64,23.5,1001.0,1002.1,100,9,83,100,11.4,213,29.2,0.0,1840.0,-2.9,-39.0,20.8,-3.0,53.0,248,34.0,238,83,2025-06-15 14:00:00+00:00
29.8,70,23.8,1002.2,1003.3,100,9,29,100,6.9,194,26.3,0.0,1840.0,-3.1,-24.0,20.4,-3.3,49.7,248,34.0,238,78,2025-06-15 15:00:00+00:00
29.4,76,24.7,1002.6,1003.7,100,2,65,100,5.4,220,14.4,0.0,1180.0,-2.9,-13.0,20.5,-3.3,50.6,246,33.8,243,74,2025-06-15 16:00:00+00:00
29.5,73,24.2,1003.3,1004.4,100,0,16,100,8.1,246,15.8,0.0,880.0,-2.5,-16.0,20.2,-3.0,50.0,241,30.1,241,82,2025-06-15 17:00:00+00:00
29.4,72,23.9,1003.3,1004.4,73,0,12,69,10.3,257,21.6,0.0,650.0,-2.2,-24.0,20.2,-3.0,69.5,259,35.0,239,79,2025-06-15 18:00:00+00:00
29.1,67,22.5,1002.9,1004.0,82,0,14,79,12.6,250,28.1,0.0,380.0,-2.6,-15.0,19.9,-2.6,74.9,260,33.4,232,79,2025-06-15 19:00:00+00:00
28.6,67,21.9,1002.1,1003.2,99,1,21,99,11.8,234,26.6,0.0,110.0,-2.5,-28.0,20.4,-2.3,76.7,257,35.7,228,78,2025-06-15 20:00:00+00:00
28.1,67,21.4,1001.7,1002.8,99,0,0,99,11.5,226,25.9,0.0,100.0,-2.1,-78.0,21.0,-2.1,76.7,254,30.6,222,78,2025-06-15 21:00:00+00:00
27.8,66,20.9,1001.4,1002.5,94,0,7,93,12.3,219,25.2,0.0,190.0,-0.9,-190.0,20.5,-2.1,75.1,252,30.0,217,69,2025-06-15 22:00:00+00:00
27.4,71,21.6,1001.5,1002.6,100,0,9,99,12.9,212,27.0,0.0,100.0,-0.5,-118.0,20.5,-2.6,75.4,255,32.0,214,66,2025-06-15 23:00:00+00:00
26.8,76,22.3,1001.6,1002.7,98,0,9,97,12.6,211,27.0,0.0,100.0,0.3,-59.0,20.2,-3.0,73.6,262,33.1,224,68,2025-06-16 00:00:00+00:00
27.9,71,22.2,1002.6,1003.7,100,0,100,100,12.3,210,26.6,0.0,50.0,0.8,-40.0,21.1,-4.0,74.3,264,37.3,213,71,2025-06-16 01:00:00+00:00
28.4,69,22.2,1002.7,1003.8,100,0,100,100,12.5,203,28.1,0.0,40.0,0.5,-36.0,20.6,-4.2,75.6,264,39.3,211,76,2025-06-16 02:00:00+00:00
29.7,64,22.0,1003.2,1004.3,100,1,100,100,12.8,211,30.6,0.0,50.0,0.5,-43.0,20.5,-4.2,80.5,265,36.0,217,77,2025-06-16 03:00:00+00:00
31.3,57,21.7,1003.0,1004.1,100,0,48,100,14.1,214,34.9,0.0,80.0,0.7,-102.0,20.4,-3.7,83.4,264,35.7,222,77,2025-06-16 04:00:00+00:00
32.8,51,21.4,1002.7,1003.8,100,0,10,100,15.9,226,40.3,0.0,60.0,0.6,-76.0,20.4,-3.3,85.4,263,40.8,227,76,2025-06-16 05:00:00+00:00
34.4,46,20.9,1002.3,1003.4,100,2,12,100,20.2,247,50.4,0.0,110.0,0.3,-29.0,20.2,-3.0,69.9,266,49.3,229,72,2025-06-16 06:00:00+00:00
34.6,45,20.8,1002.0,1003.1,100,44,41,100,24.6,256,62.6,0.0,140.0,0.3,-45.0,19.3,-3.3,43.9,255,53.6,230,73,2025-06-16 07:00:00+00:00
34.6,45,20.9,1001.4,1002.5,100,45,100,100,22.8,246,58.0,0.0,150.0,0.4,-39.0,19.8,-3.3,55.3,257,55.0,234,72,2025-06-16 08:00:00+00:00
33.9,48,21.2,1000.8,1001.9,100,2,69,100,19.2,238,54.0,0.0,140.0,-0.4,-23.0,19.8,-3.0,42.5,247,50.6,234,78,2025-06-16 09:00:00+00:00
34.4,46,21.0,1000.1,1001.2,100,3,31,100,17.6,224,46.1,0.0,170.0,-0.4,-21.0,20.3,-3.5,54.9,259,45.4,233,78,2025-06-16 10:00:00+00:00
34.3,46,21.0,999.8,1000.9,100,1,68,100,18.9,220,45.0,0.0,180.0,-0.6,-47.0,20.2,-3.0,57.3,254,44.4,232,80,2025-06-16 11:00:00+00:00
33.8,48,21.2,1000.2,1001.3,100,0,17,100,18.6,219,45.4,0.0,450.0,-1.9,-72.0,20.9,-2.8,45.0,249,40.3,233,80,2025-06-16 12:00:00+00:00
33.1,50,21.4,1001.2,1002.3,100,0,95,100,17.3,216,45.4,0.0,210.0,-2.2,-30.0,20.8,-3.0,43.2,263,43.5,231,76,2025-06-16 13:00:00+00:00
32.7,51,21.3,1001.7,1002.8,100,0,85,100,16.4,213,38.5,0.0,180.0,-3.4,-19.0,20.8,-3.5,43.3,269,46.7,224,74,2025-06-16 14:00:00+00:00
32.1,53,21.3,1002.9,1004.0,100,0,7,100,16.1,210,35.3,0.0,190.0,-2.5,-29.0,20.5,-3.3,45.2,273,47.5,223,76,2025-06-16 15:00:00+00:00
31.5,55,21.3,1003.6,1004.7,100,0,4,100,16.8,213,35.6,0.0,160.0,-1.7,-66.0,20.4,-3.7,56.6,278,44.2,227,73,2025-06-16 16:00:00+00:00
31.2,56,21.3,1004.5,1005.6,100,1,12,100,16.5,219,35.6,0.0,140.0,-1.6,-61.0,20.5,-3.7,67.2,275,38.2,226,72,2025-06-16 17:00:00+00:00
30.6,58,21.4,1004.5,1005.6,100,0,5,100,13.8,233,34.6,0.0,220.0,-2.5,-73.0,20.4,-4.0,62.0,273,36.7,218,73,2025-06-16 18:00:00+00:00
29.9,60,21.3,1004.0,1005.1,100,0,2,100,12.4,244,29.2,0.0,200.0,-1.2,-88.0,21.2,-4.2,63.3,270,36.3,214,71,2025-06-16 19:00:00+00:00
29.5,61,21.1,1003.6,1004.7,100,0,0,100,12.3,248,26.3,0.0,180.0,-1.7,-80.0,21.2,-4.2,63.0,273,39.4,218,63,2025-06-16 20:00:00+00:00
29.2,62,21.1,1003.4,1004.5,100,0,3,100,12.2,245,26.6,0.0,180.0,-1.7,-104.0,21.2,-3.7,62.6,274,41.0,218,63,2025-06-16 21:00:00+00:00
28.9,63,21.1,1003.1,1004.2,97,0,9,97,13.2,240,28.1,0.0,110.0,-1.6,-86.0,21.1,-3.5,64.3,271,42.0,217,67,2025-06-16 22:00:00+00:00
28.3,65,21.1,1003.7,1004.8,100,0,36,100,10.4,226,27.4,0.0,0.0,-1.0,-95.0,21.0,-3.3,65.6,270,42.0,217,71,2025-06-16 23:00:00+00:00
27.9,66,21.1,1004.1,1005.2,100,0,98,100,11.0,222,23.4,0.0,10.0,-0.3,-126.0,20.8,-3.5,62.0,271,39.2,247,69,2025-06-17 00:00:00+00:00
29.0,60,20.6,1004.5,1005.6,100,0,28,100,11.5,220,27.0,0.0,10.0,-0.3,-134.0,20.9,-3.5,64.3,271,37.2,249,72,2025-06-17 01:00:00+00:00
30.3,56,20.6,1005.0,1006.1,100,0,100,100,12.7,224,28.8,0.0,0.0,-0.6,-132.0,20.6,-3.5,64.3,270,38.4,256,70,2025-06-17 02:00:00+00:00
30.3,57,20.9,1005.3,1006.4,100,0,98,100,15.4,226,36.4,0.0,20.0,-0.5,-117.0,20.8,-3.5,62.4,270,38.7,254,73,2025-06-17 03:00:00+00:00
31.9,53,21.0,1005.5,1006.6,100,0,99,100,14.0,226,36.4,0.0,280.0,-0.4,-122.0,21.1,-3.3,58.8,270,39.9,249,69,2025-06-17 04:00:00+00:00
33.1,50,21.2,1005.0,1006.1,100,1,80,100,14.0,242,35.3,0.0,380.0,-0.3,-58.0,21.6,-3.5,58.8,272,41.9,243,67,2025-06-17 05:00:00+00:00
34.8,45,21.2,1004.6,1005.7,100,30,11,100,16.5,250,40.7,0.0,620.0,-0.1,-36.0,21.1,-3.5,54.7,270,36.0,244,73,2025-06-17 06:00:00+00:00
36.5,39,20.5,1003.9,1005.0,100,9,9,100,17.7,251,47.2,0.0,630.0,-0.5,-13.0,20.0,-3.3,54.1,263,34.4,245,76,2025-06-17 07:00:00+00:00
37.1,37,20.2,1002.9,1004.0,100,2,11,100,17.7,255,46.4,0.0,680.0,-1.0,-2.0,20.4,-3.0,40.0,262,32.8,242,73,2025-06-17 08:00:00+00:00
36.9,38,20.3,1002.1,1003.2,100,2,17,100,16.2,260,45.7,0.0,610.0,-1.4,-5.0,21.2,-3.0,30.6,250,31.1,242,78,2025-06-17 09:00:00+00:00
35.5,43,21.1,1002.0,1003.1,100,8,59,100,18.7,263,45.7,0.2,540.0,-1.5,-3.0,21.7,-3.0,32.7,251,24.7,241,80,2025-06-17 10:00:00+00:00
35.5,43,20.9,1001.6,1002.7,100,1,29,100,13.0,248,45.7,0.0,370.0,-1.7,-9.0,21.8,-3.0,35.7,253,23.3,235,83,2025-06-17 11:00:00+00:00
35.2,42,20.5,1001.6,1002.7,100,0,18,100,14.6,238,35.6,0.0,730.0,-2.2,-17.0,21.5,-3.0,30.9,261,25.8,242,82,2025-06-17 12:00:00+00:00
34.3,46,21.1,1002.6,1003.7,100,0,25,100,13.0,236,39.6,0.0,690.0,-1.9,-10.0,21.5,-3.3,35.4,262,24.1,243,80,2025-06-17 13:00:00+00:00
33.2,52,22.0,1003.5,1004.6,100,0,27,100,13.5,223,30.2,0.0,790.0,-1.4,-21.0,21.5,-3.5,37.6,263,23.1,242,83,2025-06-17 14:00:00+00:00
32.4,55,22.3,1004.5,1005.6,100,0,22,100,15.5,225,33.1,0.0,860.0,-1.2,-29.0,21.0,-3.5,39.6,253,19.3,240,79,2025-06-17 15:00:00+00:00
32.1,56,22.3,1005.2,1006.3,100,0,14,100,16.2,225,34.9,0.0,830.0,-1.0,-33.0,20.9,-3.5,38.1,249,18.3,238,77,2025-06-17 16:00:00+00:00
31.5,58,22.2,1005.1,1006.2,96,0,16,95,14.8,234,33.8,0.0,720.0,-1.1,-37.0,20.8,-3.5,34.7,260,19.0,235,77,2025-06-17 17:00:00+00:00
31.0,59,22.1,1005.0,1006.1,75,0,3,75,13.1,241,31.3,0.0,550.0,-1.5,-44.0,20.9,-3.5,30.2,281,27.0,238,78,2025-06-17 18:00:00+00:00
30.6,60,22.1,1004.8,1005.9,70,0,6,68,13.9,246,29.2,0.0,470.0,-0.5,-57.0,21.1,-3.5,34.3,287,27.4,232,73,2025-06-17 19:00:00+00:00
30.1,62,22.0,1004.6,1005.7,80,0,0,80,14.4,257,31.0,0.0,360.0,-0.7,-65.0,21.5,-3.5,38.5,289,32.4,231,73,2025-06-17 20:00:00+00:00
29.5,63,21.7,1004.1,1005.2,100,0,0,100,15.3,254,32.8,0.0,320.0,-0.8,-79.0,21.8,-3.7,41.4,289,32.4,231,70,2025-06-17 21:00:00+00:00
29.0,64,21.5,1003.8,1004.9,74,0,0,74,13.8,254,32.8,0.0,240.0,-0.4,-121.0,21.5,-3.7,45.2,285,31.7,233,67,2025-06-17 22:00:00+00:00
28.5,65,21.4,1004.2,1005.3,92,0,1,92,14.0,252,29.5,0.0,190.0,-0.1,-166.0,21.5,-4.0,48.3,284,31.0,234,68,2025-06-17 23:00:00+00:00
28.3,66,21.3,1004.4,1005.5,99,0,0,99,13.8,255,29.9,0.0,40.0,0.2,-42.0,21.6,-3.5,42.2,288,28.3,234,70,2025-06-18 00:00:00+00:00
29.4,62,21.3,1004.8,1005.9,99,0,1,99,15.0,253,32.8,0.0,40.0,0.2,-152.0,21.5,-3.7,43.8,289,27.0,238,70,2025-06-18 01:00:00+00:00
30.5,58,21.3,1005.3,1006.4,98,0,9,98,14.1,255,33.5,0.0,50.0,0.5,-129.0,21.5,-4.0,44.1,286,26.3,240,68,2025-06-18 02:00:00+00:00
32.0,53,21.3,1005.9,1007.0,99,0,3,99,14.5,256,36.0,0.0,130.0,-0.2,-127.0,21.7,-4.0,44.1,284,25.8,242,64,2025-06-18 03:00:00+00:00
33.7,47,20.9,1005.9,1007.0,100,0,1,100,14.7,255,37.8,0.0,200.0,-0.8,-100.0,21.8,-4.0,43.1,283,27.0,249,60,2025-06-18 04:00:00+00:00
35.1,43,20.8,1005.6,1006.7,100,0,0,100,14.0,255,37.8,0.0,390.0,-1.5,-50.0,22.1,-4.2,46.5,281,25.4,251,57,2025-06-18 05:00:00+00:00
36.6,40,20.7,1004.7,1005.8,100,0,8,100,13.8,258,37.4,0.0,570.0,-2.0,-22.0,22.6,-3.5,52.0,281,24.3,250,58,2025-06-18 06:00:00+00:00
37.4,38,20.7,1003.9,1005.0,99,2,18,99,14.2,255,42.8,0.0,680.0,-2.0,-4.0,20.0,-3.5,46.1,273,21.6,251,59,2025-06-18 07:00:00+00:00
37.5,37,20.5,1003.0,1004.1,100,4,12,100,12.4,239,40.0,0.0,860.0,-2.4,-4.0,20.4,-3.5,30.7,259,22.4,254,62,2025-06-18 08:00:00+00:00
37.6,38,20.8,1001.9,1003.0,100,11,17,99,12.2,202,36.0,0.0,770.0,-3.0,-24.0,21.2,-3.5,27.7,250,21.3,254,69,2025-06-18 09:00:00+00:00
37.2,39,21.0,1001.3,1002.4,100,17,21,100,13.6,200,36.7,0.1,550.0,-3.5,-15.0,22.2,-3.5,26.8,252,22.4,254,70,2025-06-18 10:00:00+00:00
34.5,53,23.5,1001.6,1002.7,100,4,27,100,14.7,186,41.4,0.2,860.0,-4.0,-23.0,22.7,-3.7,30.1,256,20.7,260,91,2025-06-18 11:00:00+00:00
33.2,59,24.1,1002.0,1003.1,100,0,12,100,15.1,178,40.0,0.0,1800.0,-3.5,-17.0,22.2,-3.5,27.2,252,20.4,267,76,2025-06-18 12:00:00+00:00
32.0,62,23.8,1002.5,1003.6,96,0,11,95,18.3,170,41.0,0.0,1860.0,-4.1,-39.0,21.5,-3.7,34.6,252,18.4,259,73,2025-06-18 13:00:00+00:00
31.0,69,24.6,1003.7,1004.8,100,0,30,100,20.0,177,44.3,0.0,1920.0,-5.5,-66.0,22.0,-3.7,38.8,252,18.2,262,79,2025-06-18 14:00:00+00:00
30.4,79,26.5,1004.1,1005.2,100,0,7,100,15.9,183,43.2,0.0,2270.0,-6.1,-73.0,21.7,-4.0,43.7,250,18.2,262,74,2025-06-18 15:00:00+00:00
30.2,79,26.1,1004.5,1005.6,100,0,9,100,15.8,188,36.0,0.0,2040.0,-6.4,-60.0,21.4,-4.0,42.0,243,16.8,266,83,2025-06-18 16:00:00+00:00
30.2,77,25.8,1004.7,1005.8,100,0,9,100,13.2,191,34.6,0.0,2040.0,-6.3,-55.0,21.1,-4.0,42.9,251,15.8,261,74,2025-06-18 17:00:00+00:00
30.4,70,24.3,1004.8,1005.9,100,0,13,100,14.4,209,31.0,0.0,2260.0,-5.9,-43.0,21.0,-3.7,40.3,256,19.5,259,78,2025-06-18 18:00:00+00:00
30.2,64,22.6,1004.2,1005.3,100,0,4,100,14.6,214,32.4,0.0,2010.0,-5.5,-32.0,21.0,-3.7,39.0,263,19.9,245,68,2025-06-18 19:00:00+00:00
29.7,66,22.5,1003.4,1004.5,100,0,0,100,13.6,223,31.7,0.0,1620.0,-4.9,-39.0,21.2,-4.2,39.2,269,21.6,236,64,2025-06-18 20:00:00+00:00
29.5,66,22.6,1003.0,1004.1,100,0,1,100,12.2,233,29.2,0.0,1240.0,-3.6,-61.0,21.5,-4.4,43.3,272,22.6,238,64,2025-06-18 21:00:00+00:00
29.2,67,22.5,1003.1,1004.2,100,0,0,100,11.6,234,25.6,0.0,940.0,-2.5,-82.0,21.5,-4.2,43.9,275,21.6,236,64,2025-06-18 22:00:00+00:00
29.1,66,22.2,1003.4,1004.5,100,0,0,100,13.2,238,27.7,0.0,670.0,-2.0,-100.0,21.6,-3.7,42.6,276,22.3,234,67,2025-06-18 23:00:00+00:00
29.0,64,21.6,1003.9,1005.0,100,0,0,100,13.9,243,29.9,0.0,570.0,-1.9,-105.0,21.4,-3.7,31.6,276,25.5,229,66,2025-06-19 00:00:00+00:00
29.5,64,21.9,1004.3,1005.4,100,0,0,100,12.6,243,27.7,0.0,390.0,-1.9,-116.0,21.5,-4.0,31.5,273,26.4,231,61,2025-06-19 01:00:00+00:00
30.5,61,22.0,1005.0,1006.1,100,0,0,100,13.9,240,31.3,0.0,240.0,-2.1,-83.0,21.6,-4.0,31.4,270,27.4,232,60,2025-06-19 02:00:00+00:00
31.8,56,21.9,1005.2,1006.3,100,0,0,100,15.8,249,37.8,0.0,190.0,-2.3,-63.0,21.5,-4.0,32.8,268,26.6,234,58,2025-06-19 03:00:00+00:00
33.1,51,21.7,1005.1,1006.2,100,0,0,100,16.0,246,39.2,0.0,210.0,-2.0,-59.0,21.5,-4.0,31.7,263,28.0,239,58,2025-06-19 04:00:00+00:00
34.5,47,21.5,1005.0,1006.1,100,0,1,100,15.5,243,39.6,0.0,360.0,-1.9,-53.0,21.8,-4.0,33.6,262,28.4,242,57,2025-06-19 05:00:00+00:00
35.8,42,21.0,1004.3,1005.4,100,0,0,100,14.6,244,39.2,0.0,470.0,-1.9,-36.0,22.3,-4.0,32.4,270,25.8,248,56,2025-06-19 06:00:00+00:00
37.2,38,20.5,1003.8,1004.9,100,0,6,100,13.2,244,37.8,0.0,740.0,-2.1,-24.0,22.3,-4.0,39.9,276,25.8,248,58,2025-06-19 07:00:00+00:00
37.4,38,20.6,1002.8,1003.9,100,0,9,100,11.9,231,39.2,0.0,760.0,-2.3,-27.0,20.9,-4.0,32.0,267,25.8,248,61,2025-06-19 08:00:00+00:00
37.3,39,21.0,1001.9,1003.0,100,11,18,100,10.0,216,34.2,0.0,580.0,-2.7,-4.0,21.2,-4.0,26.8,252,27.0,249,63,2025-06-19 09:00:00+00:00
36.8,41,21.3,1001.3,1002.4,100,17,34,100,11.9,183,32.8,0.0,480.0,-2.7,-7.0,21.8,-3.7,25.1,245,27.7,252,61,2025-06-19 10:00:00+00:00
33.9,61,25.5,1001.2,1002.3,100,8,37,100,17.1,172,41.8,0.4,590.0,-2.8,-13.0,22.4,-3.7,24.3,247,27.0,249,61,2025-06-19 11:00:00+00:00
34.8,49,22.4,1001.6,1002.7,100,0,18,100,15.1,192,41.4,0.1,550.0,-2.8,-22.0,22.1,-3.7,24.1,255,28.2,258,66,2025-06-19 12:00:00+00:00
32.8,67,25.8,1002.5,1003.6,100,0,18,100,13.3,171,31.7,0.0,1780.0,-2.9,-31.0,22.4,-3.5,30.0,257,23.3,258,61,2025-06-19 13:00:00+00:00
31.4,73,25.9,1003.5,1004.6,97,0,10,96,14.0,167,31.7,0.0,2010.0,-3.6,-46.0,22.7,-3.7,33.0,259,21.3,254,64,2025-06-19 14:00:00+00:00
30.7,76,26.1,1004.1,1005.2,100,0,7,100,15.3,180,32.4,0.0,2410.0,-5.0,-62.0,22.8,-4.2,32.7,254,21.0,257,69,2025-06-19 15:00:00+00:00
30.6,77,26.1,1005.1,1006.2,90,0,22,87,17.1,189,36.7,0.0,2540.0,-5.4,-53.0,22.7,-4.7,35.9,246,22.4,254,80,2025-06-19 16:00:00+00:00
30.1,78,25.8,1006.0,1007.1,98,0,66,96,19.2,191,41.4,0.0,2610.0,-5.9,-46.0,22.2,-4.7,40.1,251,21.5,243,73,2025-06-19 17:00:00+00:00
29.8,74,24.7,1005.6,1006.7,98,0,21,98,14.4,198,41.4,0.0,2780.0,-6.1,-35.0,21.8,-4.4,37.5,265,21.3,254,63,2025-06-19 18:00:00+00:00
29.2,75,24.3,1005.2,1006.3,100,0,12,100,16.2,212,35.6,0.0,2790.0,-5.6,-32.0,21.6,-4.7,35.6,271,23.2,249,71,2025-06-19 19:00:00+00:00
29.0,74,23.9,1004.5,1005.6,49,0,1,48,14.3,221,34.6,0.0,2620.0,-4.8,-29.0,21.2,-4.9,34.2,272,25.4,251,71,2025-06-19 20:00:00+00:00
28.7,73,23.4,1004.5,1005.6,99,0,0,99,13.4,219,30.2,0.0,2180.0,-1.8,-63.0,21.2,-4.9,31.4,271,28.1,250,66,2025-06-19 21:00:00+00:00
28.3,73,23.1,1004.3,1005.4,100,0,0,100,12.9,230,28.4,0.0,1630.0,-0.3,-133.0,21.5,-4.9,31.0,271,29.4,258,63,2025-06-19 22:00:00+00:00
28.1,73,22.9,1004.4,1005.5,100,0,0,100,12.2,233,27.7,0.0,930.0,0.2,-139.0,21.6,-4.7,31.5,272,31.4,263,58,2025-06-19 23:00:00+00:00
28.1,68,21.7,1004.8,1005.9,80,0,0,80,11.8,246,25.9,0.0,610.0,0.4,-180.0,21.5,-3.5,28.9,282,46.9,274,56,2025-06-20 00:00:00+00:00
29.6,62,21.6,1005.0,1006.1,92,0,0,92,13.3,252,28.4,0.0,190.0,-0.3,-165.0,21.7,-3.3,28.2,284,46.9,273,60,2025-06-20 01:00:00+00:00
30.7,57,21.1,1005.8,1006.9,93,0,0,93,12.9,257,29.9,0.0,120.0,-0.8,-108.0,22.0,-3.3,28.7,285,49.6,277,61,2025-06-20 02:00:00+00:00
32.0,53,21.1,1006.2,1007.3,90,0,0,90,13.2,264,33.1,0.0,180.0,-1.3,-98.0,22.1,-3.3,29.1,280,50.1,281,58,2025-06-20 03:00:00+00:00
33.9,47,20.9,1006.3,1007.4,98,0,0,98,13.0,264,34.2,0.0,350.0,-1.2,-89.0,22.2,-3.3,31.6,275,49.2,283,59,2025-06-20 04:00:00+00:00
35.7,41,20.3,1005.8,1006.9,100,0,0,100,13.3,268,36.0,0.0,460.0,-1.4,-60.0,22.6,-3.3,34.7,275,50.4,282,59,2025-06-20 05:00:00+00:00
37.0,36,19.6,1005.1,1006.2,100,0,18,100,13.4,276,36.4,0.0,620.0,-1.0,-33.0,22.3,-3.0,33.7,279,42.4,278,60,2025-06-20 06:00:00+00:00
38.0,32,18.3,1004.0,1005.1,100,0,27,100,13.7,280,38.9,0.0,640.0,-0.5,-6.0,21.8,-2.8,38.5,284,38.7,277,66,2025-06-20 07:00:00+00:00
38.8,30,18.2,1003.2,1004.3,100,2,29,100,10.5,273,38.5,0.0,580.0,-1.1,-9.0,21.1,-2.8,20.8,261,37.5,277,67,2025-06-20 08:00:00+00:00
38.4,30,17.9,1002.4,1003.5,98,0,34,97,7.1,210,30.6,0.0,480.0,-1.1,-52.0,21.5,-2.6,21.5,258,34.1,280,72,2025-06-20 09:00:00+00:00
38.0,32,18.3,1001.9,1003.0,61,0,24,49,8.4,203,27.7,0.1,690.0,-1.4,-104.0,21.7,-2.3,23.1,252,30.4,288,79,2025-06-20 10:00:00+00:00
37.3,35,19.2,1001.8,1002.9,92,0,35,88,10.3,169,30.2,0.0,1360.0,-2.4,-124.0,21.7,-2.1,27.5,254,25.4,289,67,2025-06-20 11:00:00+00:00
33.5,55,23.3,1002.4,1003.5,99,0,40,98,17.7,165,40.0,0.4,2290.0,-2.5,-112.0,22.9,-2.3,27.7,261,28.2,282,90,2025-06-20 12:00:00+00:00
32.7,55,22.5,1002.9,1004.0,91,0,15,89,16.9,163,40.3,0.1,1830.0,-3.2,-96.0,22.9,-1.4,29.6,268,19.0,288,76,2025-06-20 13:00:00+00:00
31.6,69,25.1,1004.1,1005.2,100,0,22,100,13.9,169,38.5,0.0,1810.0,-3.5,-62.0,22.8,-1.6,29.7,266,14.4,312,89,2025-06-20 14:00:00+00:00
31.0,75,26.1,1005.1,1006.2,100,0,68,100,9.0,178,31.3,0.0,2940.0,-3.7,-56.0,22.8,-2.1,32.7,261,15.6,328,76,2025-06-20 15:00:00+00:00
30.8,77,26.3,1006.1,1007.2,99,0,59,98,9.4,206,22.3,0.0,3010.0,-3.2,-73.0,22.7,-3.0,36.3,263,15.0,331,88,2025-06-20 16:00:00+00:00
30.5,68,23.9,1006.4,1007.5,96,0,68,88,15.4,215,34.6,0.0,2870.0,-4.3,-49.0,21.5,-3.7,36.9,272,16.1,318,98,2025-06-20 17:00:00+00:00
30.3,66,23.3,1006.0,1007.1,46,0,46,1,11.6,215,33.8,0.0,3140.0,-4.9,-45.0,20.8,-4.0,36.0,279,22.1,319,86,2025-06-20 18:00:00+00:00
29.9,69,23.7,1005.5,1006.6,39,0,28,16,11.8,244,24.5,0.0,2690.0,-5.2,-51.0,20.8,-4.2,42.9,285,17.1,309,80,2025-06-20 19:00:00+00:00
29.2,70,23.2,1005.2,1006.3,65,0,45,37,8.1,288,23.4,0.0,2600.0,-5.1,-41.0,20.6,-4.0,43.4,283,15.4,309,76,2025-06-20 20:00:00+00:00
28.8,68,22.3,1004.5,1005.6,92,1,8,91,5.2,284,17.6,0.0,2480.0,-4.7,-32.0,21.0,-4.2,41.4,287,13.7,308,79,2025-06-20 21:00:00+00:00
28.6,68,22.0,1004.5,1005.6,91,0,10,90,5.4,249,11.9,0.0,2340.0,-3.4,-33.0,21.2,-4.4,39.6,293,13.0,304,81,2025-06-20 22:00:00+00:00
28.2,70,22.1,1004.7,1005.8,91,0,14,89,6.3,233,13.0,0.0,1790.0,-1.3,-47.0,21.2,-4.4,39.0,294,12.0,307,76,2025-06-20 23:00:00+00:00
28.0,71,22.2,1005.1,1006.2,91,0,1,91,7.4,241,15.5,0.0,1560.0,-0.2,-29.0,21.0,-4.4,36.7,297,14.6,305,73,2025-06-21 00:00:00+00:00
28.7,71,22.9,1005.4,1006.5,100,0,2,100,8.2,248,19.4,0.0,750.0,-0.3,-34.0,21.1,-4.4,36.5,298,13.0,304,76,2025-06-21 01:00:00+00:00
30.3,62,22.3,1005.9,1007.0,100,0,9,100,8.8,255,21.2,0.0,410.0,-0.6,-37.0,21.2,-4.4,35.7,297,14.0,301,73,2025-06-21 02:00:00+00:00
32.0,52,20.8,1006.2,1007.3,100,0,0,100,13.8,264,33.5,0.0,360.0,-0.6,-35.0,21.5,-4.4,36.5,296,15.6,302,76,2025-06-21 03:00:00+00:00
33.2,47,20.3,1006.0,1007.1,100,0,0,100,14.5,276,37.4,0.0,350.0,-0.6,-78.0,21.8,-4.4,37.5,294,16.7,300,73,2025-06-21 04:00:00+00:00
34.6,43,20.3,1005.7,1006.8,100,0,0,100,11.9,276,36.7,0.0,540.0,-1.1,-57.0,22.1,-4.2,39.8,295,18.3,302,61,2025-06-21 05:00:00+00:00
35.9,40,20.3,1005.2,1006.3,100,0,0,100,11.2,281,42.1,0.0,810.0,-1.1,-12.0,22.6,-4.2,40.0,294,14.0,301,57,2025-06-21 06:00:00+00:00
37.1,37,20.2,1004.2,1005.3,100,0,1,100,9.9,282,41.0,0.0,840.0,-0.9,0.0,22.4,-3.7,48.2,293,15.6,302,57,2025-06-21 07:00:00+00:00
37.9,35,20.0,1003.1,1004.2,100,3,7,100,8.7,274,33.1,0.0,860.0,-1.1,0.0,20.2,-3.5,41.7,283,16.7,300,56,2025-06-21 08:00:00+00:00
37.0,36,19.4,1002.4,1003.5,100,5,23,100,6.0,183,27.7,0.0,730.0,-0.8,-19.0,20.2,-3.3,26.9,267,17.3,304,56,2025-06-21 09:00:00+00:00
36.0,44,21.8,1001.8,1002.9,100,1,30,100,8.7,156,30.2,0.0,650.0,-1.2,-23.0,21.0,-3.0,30.1,268,18.7,310,72,2025-06-21 10:00:00+00:00
35.1,50,23.1,1001.7,1002.8,100,4,35,100,8.1,151,31.7,0.0,640.0,-2.0,-34.0,21.7,-3.0,30.2,266,19.5,313,60,2025-06-21 11:00:00+00:00
33.5,64,25.8,1002.0,1003.1,100,0,33,100,12.0,162,31.3,0.1,800.0,-1.9,-39.0,21.2,-3.5,32.9,274,20.0,303,52,2025-06-21 12:00:00+00:00
31.3,65,23.9,1003.5,1004.6,100,0,26,100,10.3,175,33.1,0.4,1710.0,-3.6,-63.0,22.0,-3.7,34.3,274,16.3,306,62,2025-06-21 13:00:00+00:00
30.3,73,24.9,1004.2,1005.3,94,0,16,93,12.4,171,27.7,0.0,2540.0,-5.0,-54.0,22.3,-4.2,34.7,272,14.6,305,77,2025-06-21 14:00:00+00:00
30.1,75,25.2,1004.9,1006.0,100,0,8,100,13.9,181,30.2,0.0,2560.0,-5.2,-41.0,22.0,-4.7,34.9,258,13.6,315,81,2025-06-21 15:00:00+00:00
30.0,77,25.5,1005.8,1006.9,100,0,8,100,13.2,192,30.6,0.0,2990.0,-5.9,-31.0,22.1,-4.9,36.6,256,13.7,322,78,2025-06-21 16:00:00+00:00
30.0,76,25.2,1006.2,1007.3,95,0,32,93,12.0,210,27.4,0.0,3010.0,-5.8,-40.0,21.0,-4.9,38.7,261,13.0,326,91,2025-06-21 17:00:00+00:00
29.7,78,25.5,1006.0,1007.1,89,0,53,77,11.4,196,25.2,0.0,2590.0,-4.1,-36.0,21.4,-4.9,41.2,276,14.4,318,76,2025-06-21 18:00:00+00:00
29.3,81,25.7,1005.4,1006.5,99,0,52,97,11.8,241,24.5,0.0,2650.0,-1.9,-53.0,21.4,-4.7,42.8,278,12.8,311,74,2025-06-21 19:00:00+00:00
28.9,79,24.9,1004.3,1005.4,100,0,85,100,10.1,230,24.8,0.0,2670.0,-1.5,-77.0,21.0,-4.7,40.0,282,15.0,299,73,2025-06-21 20:00:00+00:00
28.9,78,24.7,1003.8,1004.9,100,0,73,99,10.2,221,20.5,0.0,1920.0,-1.0,-81.0,21.0,-4.9,36.9,286,15.6,293,72,2025-06-21 21:00:00+00:00
28.7,78,24.4,1003.3,1004.4,100,0,28,100,11.0,235,23.0,0.0,970.0,-1.4,-89.0,21.6,-5.1,38.1,287,15.6,293,70,2025-06-21 22:00:00+00:00
28.9,67,22.2,1003.7,1004.8,100,0,22,100,12.2,246,25.6,0.0,380.0,-1.4,-89.0,21.7,-5.1,41.2,286,16.7,291,66,2025-06-21 23:00:00+00:00
28.7,63,20.9,1004.1,1005.2,99,0,0,99,12.8,250,27.4,0.0,180.0,-0.8,-112.0,21.8,-5.1,42.4,289,21.0,283,70,2025-06-22 00:00:00+00:00
29.9,58,20.7,1004.2,1005.3,100,0,0,100,14.5,256,32.0,0.0,150.0,-0.9,-124.0,22.0,-5.1,43.6,291,21.9,279,70,2025-06-22 01:00:00+00:00
30.8,55,20.8,1005.1,1006.2,100,0,0,100,12.8,255,31.3,0.0,200.0,-1.3,-101.0,21.8,-5.1,45.5,293,22.4,286,63,2025-06-22 02:00:00+00:00
32.0,51,20.6,1005.0,1006.1,100,0,0,100,14.7,262,36.0,0.0,270.0,-1.6,-78.0,21.6,-5.1,46.1,293,21.0,283,59,2025-06-22 03:00:00+00:00
33.4,46,20.4,1005.1,1006.2,94,0,0,94,15.1,267,38.5,0.0,340.0,-2.3,-50.0,21.7,-4.9,46.8,292,21.9,279,61,2025-06-22 04:00:00+00:00
34.7,44,20.7,1004.3,1005.4,98,0,0,98,13.3,273,38.2,0.0,480.0,-2.8,-20.0,22.0,-4.9,46.7,291,24.3,279,60,2025-06-22 05:00:00+00:00
36.0,41,20.8,1004.1,1005.2,100,0,0,100,11.0,284,36.0,0.0,710.0,-2.9,-4.0,22.3,-4.9,43.9,294,25.9,283,62,2025-06-22 06:00:00+00:00
37.0,39,20.8,1003.5,1004.6,100,0,1,100,12.1,291,41.0,0.0,880.0,-3.3,-2.0,22.1,-4.9,49.2,291,27.1,283,68,2025-06-22 07:00:00+00:00
37.0,39,20.8,1002.7,1003.8,100,3,7,100,7.8,285,36.0,0.0,910.0,-3.6,-1.0,20.0,-5.4,42.9,282,27.4,285,66,2025-06-22 08:00:00+00:00
34.3,48,21.6,1002.3,1003.4,100,8,97,100,10.7,102,38.9,0.0,950.0,-3.4,-6.0,20.2,-5.6,32.0,273,27.4,285,64,2025-06-22 09:00:00+00:00
29.6,69,23.3,1002.0,1003.1,100,2,82,100,9.6,124,43.2,1.6,850.0,-3.6,-11.0,20.5,-5.8,26.4,269,30.6,281,66,2025-06-22 10:00:00+00:00
30.3,63,22.3,1001.5,1002.6,100,0,42,100,13.7,182,31.7,0.0,720.0,-4.4,-51.0,21.0,-6.1,29.0,262,31.3,274,67,2025-06-22 11:00:00+00:00
31.5,64,23.9,1001.3,1002.4,100,0,27,100,11.9,174,31.0,0.0,890.0,-5.2,-16.0,21.7,-5.4,38.3,267,31.2,286,58,2025-06-22 12:00:00+00:00
29.4,77,25.0,1002.6,1003.7,100,0,19,100,11.4,159,31.0,0.0,1700.0,-2.7,-86.0,21.8,-4.9,37.1,259,29.0,300,69,2025-06-22 13:00:00+00:00
29.3,77,24.7,1003.3,1004.4,100,0,81,100,12.8,171,25.9,0.0,3300.0,-3.1,-83.0,21.2,-4.4,39.2,250,26.3,317,90,2025-06-22 14:00:00+00:00
29.7,76,25.0,1004.3,1005.4,100,0,98,100,15.4,187,31.7,0.0,2150.0,-2.0,-46.0,21.0,-4.9,42.5,253,22.1,315,84,2025-06-22 15:00:00+00:00
29.4,79,25.4,1005.6,1006.7,100,0,86,100,15.8,218,33.1,0.0,1800.0,-3.3,-88.0,20.8,-4.9,42.0,261,22.9,313,73,2025-06-22 16:00:00+00:00
28.7,74,23.6,1006.0,1007.1,100,0,55,100,15.6,241,36.0,0.0,1370.0,-4.3,-80.0,20.3,-5.1,48.2,263,20.6,306,78,2025-06-22 17:00:00+00:00
27.8,76,23.1,1005.4,1006.5,100,0,25,100,14.3,249,31.7,0.0,1020.0,-4.0,-57.0,19.7,-4.9,44.3,274,23.7,300,68,2025-06-22 18:00:00+00:00
27.6,73,22.3,1004.5,1005.6,100,0,100,100,12.7,247,30.6,0.0,800.0,-4.1,-44.0,20.2,-4.9,45.7,279,21.5,297,72,2025-06-22 19:00:00+00:00
27.6,72,22.1,1003.8,1004.9,100,0,100,100,12.2,245,27.0,0.0,730.0,-4.0,-72.0,20.8,-4.9,48.3,281,20.5,291,77,2025-06-22 20:00:00+00:00
27.4,74,22.2,1003.3,1004.4,100,0,100,100,12.2,236,25.2,0.0,680.0,-3.5,-62.0,21.1,-4.9,53.7,280,21.6,289,79,2025-06-22 21:00:00+00:00
27.4,73,22.1,1002.8,1003.9,100,0,91,100,13.0,242,27.4,0.0,570.0,-3.2,-69.0,21.2,-5.4,57.8,280,22.1,283,77,2025-06-22 22:00:00+00:00
27.6,71,21.9,1003.1,1004.2,90,0,54,79,13.2,250,28.1,0.0,480.0,-3.3,-71.0,21.1,-5.6,61.6,280,24.3,279,74,2025-06-22 23:00:00+00:00
27.6,71,21.8,1003.6,1004.7,100,0,100,99,12.8,248,28.1,0.0,460.0,-2.4,-71.0,21.1,-5.8,62.8,283,25.7,281,73,2025-06-23 00:00:00+00:00
28.0,69,21.7,1004.1,1005.2,100,0,6,100,18.0,259,38.5,0.0,400.0,-1.8,-83.0,21.0,-5.8,62.9,284,26.6,278,70,2025-06-23 01:00:00+00:00
28.8,66,21.8,1004.4,1005.5,100,1,10,100,17.5,258,41.8,0.0,400.0,-1.3,-91.0,21.1,-5.8,63.2,283,29.0,277,70,2025-06-23 02:00:00+00:00
30.0,62,21.9,1005.0,1006.1,100,0,99,100,16.1,257,38.5,0.0,380.0,-1.0,-87.0,21.1,-5.8,65.0,283,30.1,275,68,2025-06-23 03:00:00+00:00
30.8,57,21.4,1005.1,1006.2,100,0,100,100,15.5,260,37.4,0.0,390.0,-1.5,-81.0,21.0,-5.8,65.4,283,32.5,274,66,2025-06-23 04:00:00+00:00
30.6,58,21.5,1004.7,1005.8,100,0,100,99,13.5,256,36.4,0.0,370.0,-1.3,-83.0,21.1,-5.6,66.3,283,36.2,276,66,2025-06-23 05:00:00+00:00
31.8,54,21.3,1003.8,1004.9,99,0,94,82,13.6,259,32.4,0.0,610.0,-0.7,-67.0,21.6,-5.4,68.7,283,36.1,274,67,2025-06-23 06:00:00+00:00
33.7,48,21.2,1003.2,1004.3,100,0,100,100,13.8,277,34.6,0.0,650.0,-1.1,-23.0,22.1,-5.1,70.8,284,38.4,272,66,2025-06-23 07:00:00+00:00
34.1,46,20.8,1002.3,1003.4,100,3,100,100,14.0,290,34.2,0.0,640.0,-1.1,-21.0,19.4,-5.1,52.9,283,39.6,272,63,2025-06-23 08:00:00+00:00
33.9,44,20.0,1001.6,1002.7,100,0,100,100,15.7,281,37.4,0.0,640.0,-0.9,-34.0,19.8,-4.9,55.2,285,42.1,273,59,2025-06-23 09:00:00+00:00
33.8,45,20.0,1001.2,1002.3,100,0,100,100,15.4,281,39.2,0.0,600.0,-1.1,-44.0,20.3,-4.7,50.8,282,43.3,275,54,2025-06-23 10:00:00+00:00
33.8,46,20.7,1000.9,1002.0,100,4,100,100,9.4,278,34.2,0.0,620.0,-1.6,-41.0,20.9,-4.7,46.3,276,42.3,277,61,2025-06-23 11:00:00+00:00
33.0,49,20.9,1001.1,1002.2,100,0,100,100,11.1,245,23.8,0.0,940.0,-2.3,-24.0,21.2,-4.4,49.5,276,39.7,273,54,2025-06-23 12:00:00+00:00
31.2,60,22.4,1001.5,1002.6,100,0,20,100,10.6,195,24.1,0.0,890.0,-1.9,-31.0,21.6,-4.7,46.1,273,37.7,279,62,2025-06-23 13:00:00+00:00
29.7,72,24.0,1002.3,1003.4,100,1,24,100,11.9,179,24.1,0.0,970.0,-1.4,-86.0,21.7,-4.7,45.6,272,34.9,286,69,2025-06-23 14:00:00+00:00
29.2,74,24.2,1003.2,1004.3,100,2,48,100,13.8,201,27.4,0.0,1220.0,-2.0,-100.0,21.6,-4.7,45.7,273,33.4,291,73,2025-06-23 15:00:00+00:00
29.2,72,23.7,1003.7,1004.8,100,0,55,100,14.7,203,30.2,0.0,820.0,-1.8,-67.0,21.5,-4.4,45.8,280,28.5,292,72,2025-06-23 16:00:00+00:00
29.2,71,23.4,1003.9,1005.0,100,0,35,100,11.8,213,29.9,0.0,410.0,-1.1,-59.0,21.0,-4.7,43.8,278,25.4,289,73,2025-06-23 17:00:00+00:00
28.8,72,23.2,1003.6,1004.7,100,0,14,100,8.8,227,23.8,0.0,310.0,-1.2,-63.0,20.6,-4.9,45.4,276,33.2,283,77,2025-06-23 18:00:00+00:00
28.6,71,22.8,1003.0,1004.1,100,0,100,100,9.7,235,19.1,0.0,250.0,-1.4,-64.0,20.6,-5.4,56.3,279,36.5,279,68,2025-06-23 19:00:00+00:00
28.8,65,21.7,1002.3,1003.4,100,0,100,100,12.8,238,25.6,0.0,200.0,-1.2,-88.0,21.2,-5.4,61.4,282,43.2,272,67,2025-06-23 20:00:00+00:00
28.9,60,20.4,1001.9,1003.0,100,0,100,100,14.2,240,28.4,0.0,200.0,-1.3,-96.0,21.1,-5.4,63.8,284,48.1,266,68,2025-06-23 21:00:00+00:00
28.9,59,20.1,1001.8,1002.9,100,0,100,100,15.7,243,33.1,0.0,190.0,-0.7,-106.0,21.6,-4.9,65.5,286,46.9,267,64,2025-06-23 22:00:00+00:00
28.5,60,20.0,1002.2,1003.3,100,0,38,100,13.9,243,32.4,0.0,150.0,-0.2,-135.0,21.5,-4.9,70.4,287,43.3,273,63,2025-06-23 23:00:00+00:00
28.1,61,19.9,1002.7,1003.8,100,0,2,100,13.0,241,28.8,0.0,160.0,-1.1,-124.0,20.6,-4.7,63.9,286,38.7,277,60,2025-06-24 00:00:00+00:00
27.9,67,21.3,1003.3,1004.4,100,0,30,100,9.6,230,23.0,0.0,160.0,-1.1,-108.0,20.3,-4.4,66.0,285,39.9,277,57,2025-06-24 01:00:00+00:00
28.8,66,21.8,1003.8,1004.9,100,0,98,100,9.4,220,22.3,0.0,190.0,-0.9,-85.0,20.0,-4.2,66.3,283,39.9,277,56,2025-06-24 02:00:00+00:00
29.8,62,21.8,1004.0,1005.1,100,1,69,100,9.8,229,23.0,0.0,290.0,-0.8,-59.0,20.0,-4.4,66.1,282,39.9,277,62,2025-06-24 03:00:00+00:00
30.9,57,21.5,1004.1,1005.2,100,1,14,100,11.8,231,28.1,0.0,520.0,-1.1,-37.0,19.8,-4.9,68.1,280,43.2,272,59,2025-06-24 04:00:00+00:00
32.8,50,21.2,1003.6,1004.7,100,3,11,100,13.2,239,33.5,0.0,430.0,-0.9,-25.0,18.9,-4.9,46.5,273,43.2,268,56,2025-06-24 05:00:00+00:00
34.3,45,20.6,1003.0,1004.1,100,44,12,100,22.1,264,51.8,0.0,500.0,-1.2,-12.0,20.3,-4.0,52.2,276,43.3,265,63,2025-06-24 06:00:00+00:00
35.0,42,20.0,1002.1,1003.2,100,3,21,100,19.1,254,52.6,0.0,590.0,-0.7,-9.0,20.3,-3.7,64.6,276,43.2,270,60,2025-06-24 07:00:00+00:00
36.8,36,19.3,1000.8,1001.9,100,5,30,100,16.3,264,46.1,0.0,660.0,-0.5,-31.0,19.9,-3.3,55.1,270,50.5,273,73,2025-06-24 08:00:00+00:00
36.9,34,18.2,1000.0,1001.1,100,0,58,100,22.2,273,55.1,0.0,630.0,-1.4,-43.0,20.6,-3.3,36.7,259,51.7,273,74,2025-06-24 09:00:00+00:00
34.9,40,19.5,999.7,1000.8,100,0,32,100,23.8,296,59.4,0.1,560.0,-1.2,-61.0,21.4,-3.0,37.8,262,50.5,274,79,2025-06-24 10:00:00+00:00
34.5,43,20.0,999.2,1000.3,100,0,9,100,9.0,290,54.0,0.0,470.0,-1.0,-84.0,21.7,-3.3,38.5,263,50.6,275,81,2025-06-24 11:00:00+00:00
34.7,42,20.1,999.6,1000.7,100,0,6,100,10.4,242,24.5,0.0,610.0,-1.5,-55.0,21.7,-4.0,35.0,262,50.4,271,79,2025-06-24 12:00:00+00:00
33.6,46,20.4,1000.3,1001.4,100,0,22,100,8.0,234,34.6,0.0,640.0,-1.7,-36.0,22.0,-3.3,37.6,263,46.8,270,76,2025-06-24 13:00:00+00:00
33.0,47,20.1,1001.5,1002.6,100,0,24,100,12.1,228,24.1,0.0,600.0,-1.2,-46.0,22.0,-3.3,38.0,264,43.2,272,74,2025-06-24 14:00:00+00:00
32.6,47,19.8,1002.4,1003.5,100,0,17,100,14.5,233,29.9,0.0,600.0,-0.7,-72.0,22.1,-3.0,39.9,264,40.8,272,72,2025-06-24 15:00:00+00:00
32.0,49,19.9,1003.0,1004.1,100,0,20,100,15.4,240,32.4,0.0,590.0,0.2,-118.0,22.0,-3.0,39.5,263,34.8,270,77,2025-06-24 16:00:00+00:00
31.5,50,19.8,1003.5,1004.6,100,0,19,100,14.7,241,31.7,0.0,500.0,0.6,-125.0,21.4,-2.8,37.1,264,31.3,266,80,2025-06-24 17:00:00+00:00
30.9,52,19.8,1003.4,1004.5,98,0,11,98,15.5,242,31.7,0.0,120.0,1.4,-110.0,21.0,-2.6,44.8,282,37.7,261,64,2025-06-24 18:00:00+00:00
30.5,53,19.9,1002.7,1003.8,98,0,16,97,16.0,249,32.8,0.0,80.0,1.2,-116.0,20.5,-2.3,57.4,289,38.7,263,64,2025-06-24 19:00:00+00:00
30.1,55,20.0,1002.0,1003.1,99,0,9,99,16.1,250,36.0,0.0,10.0,0.9,-107.0,20.5,-2.3,64.7,287,41.1,263,69,2025-06-24 20:00:00+00:00
29.5,57,20.2,1001.6,1002.7,100,1,12,100,14.2,246,34.2,0.0,10.0,0.6,-102.0,20.5,-2.3,66.3,287,43.5,264,71,2025-06-24 21:00:00+00:00
29.0,60,20.4,1001.7,1002.8,100,0,9,100,12.6,248,30.2,0.0,10.0,0.8,-101.0,20.4,-2.8,67.9,288,46.0,263,73,2025-06-24 22:00:00+00:00
28.7,62,20.6,1001.9,1003.0,100,0,39,100,11.1,250,26.6,0.0,10.0,0.6,-93.0,20.6,-2.6,67.3,287,48.2,264,73,2025-06-24 23:00:00+00:00
28.4,63,20.7,1002.5,1003.6,100,0,7,100,10.3,245,23.4,0.0,10.0,-0.4,-93.0,20.4,-3.7,65.2,292,55.3,266,74,2025-06-25 00:00:00+00:00
29.4,61,21.1,1002.5,1003.6,100,0,8,100,12.7,238,26.3,0.0,30.0,-0.4,-150.0,20.5,-3.5,64.2,292,54.1,266,68,2025-06-25 01:00:00+00:00
30.2,58,21.1,1003.4,1004.5,100,1,20,100,12.0,237,29.9,0.0,130.0,-0.6,-126.0,20.2,-3.5,62.8,289,51.7,266,66,2025-06-25 02:00:00+00:00
31.1,55,21.1,1004.0,1005.1,100,0,84,100,11.6,233,27.7,0.0,230.0,-0.5,-91.0,19.9,-3.5,62.9,286,48.2,264,73,2025-06-25 03:00:00+00:00
31.8,53,21.0,1004.5,1005.6,100,2,10,100,12.0,230,29.2,0.0,350.0,-0.6,-79.0,20.2,-3.3,62.8,285,45.9,264,79,2025-06-25 04:00:00+00:00
32.6,50,20.9,1003.9,1005.0,100,0,0,100,13.6,228,34.2,0.0,340.0,-0.6,-47.0,20.8,-3.0,62.6,287,44.8,262,80,2025-06-25 05:00:00+00:00
34.1,45,20.5,1003.7,1004.8,100,56,40,100,18.3,254,44.6,0.0,440.0,-0.4,-33.0,19.1,-3.3,36.9,271,54.1,266,84,2025-06-25 06:00:00+00:00
34.5,44,20.6,1003.0,1004.1,100,43,15,100,16.7,253,46.1,0.0,540.0,0.5,-43.0,19.9,-3.0,40.1,271,54.2,265,82,2025-06-25 07:00:00+00:00
35.1,43,20.5,1001.6,1002.7,100,4,27,100,15.0,253,42.8,0.0,560.0,0.7,-65.0,20.8,-2.8,44.3,274,53.0,265,82,2025-06-25 08:00:00+00:00
35.8,41,20.5,1000.4,1001.5,100,13,100,100,12.3,236,39.6,0.0,690.0,1.4,-123.0,20.8,-2.6,38.8,272,48.2,264,86,2025-06-25 09:00:00+00:00
35.7,41,20.5,999.9,1001.0,100,5,99,100,12.8,239,34.9,0.4,720.0,1.9,-137.0,20.6,-2.3,37.1,264,43.6,262,84,2025-06-25 10:00:00+00:00
31.9,53,21.1,1000.6,1001.7,100,7,36,100,12.1,264,38.5,0.1,710.0,1.6,-143.0,20.6,-2.6,39.4,250,41.7,258,83,2025-06-25 11:00:00+00:00
32.2,56,22.2,1000.7,1001.8,100,0,1,100,14.4,223,33.1,0.0,620.0,1.3,-146.0,20.9,-1.9,37.6,253,46.9,257,79,2025-06-25 12:00:00+00:00
31.1,63,23.3,1000.9,1002.0,100,1,35,100,13.5,199,33.5,0.0,530.0,1.3,-144.0,20.2,-2.3,36.1,247,41.9,257,89,2025-06-25 13:00:00+00:00
30.8,66,23.7,1001.8,1002.9,100,0,1,100,13.6,195,30.6,0.0,560.0,0.4,-116.0,21.0,-2.1,43.7,252,40.2,253,93,2025-06-25 14:00:00+00:00
31.0,63,23.1,1002.5,1003.6,100,1,10,100,14.4,221,31.7,0.0,590.0,-0.8,-65.0,21.1,-1.9,46.2,265,37.6,253,80,2025-06-25 15:00:00+00:00
29.6,63,21.9,1003.8,1004.9,100,3,42,100,21.2,233,49.0,0.0,330.0,-0.1,-72.0,19.9,-2.3,48.4,266,33.0,251,98,2025-06-25 16:00:00+00:00
28.6,69,22.4,1003.6,1004.7,100,0,31,100,9.9,237,45.7,0.0,520.0,0.1,-60.0,20.0,-1.9,52.5,268,37.3,255,84,2025-06-25 17:00:00+00:00
28.9,69,22.5,1003.1,1004.2,100,0,7,100,12.1,243,25.6,0.0,510.0,0.6,-86.0,19.9,-1.9,48.8,272,38.7,263,79,2025-06-25 18:00:00+00:00
29.2,66,22.3,1002.9,1004.0,100,0,26,100,11.8,245,27.4,0.0,840.0,1.1,-120.0,19.8,-1.9,50.2,273,39.1,259,76,2025-06-25 19:00:00+00:00
29.2,65,21.9,1002.6,1003.7,100,0,21,100,11.8,249,25.2,0.0,810.0,-0.3,-85.0,19.9,-2.3,54.8,279,38.7,263,79,2025-06-25 20:00:00+00:00
28.9,65,21.6,1002.2,1003.3,100,0,10,100,11.4,247,24.8,0.0,720.0,-1.0,-67.0,20.5,-2.3,58.9,281,37.9,259,78,2025-06-25 21:00:00+00:00
28.6,65,21.3,1002.4,1003.5,100,0,0,100,11.5,245,24.5,0.0,640.0,-1.2,-67.0,20.5,-2.6,60.4,281,35.8,256,77,2025-06-25 22:00:00+00:00
28.4,64,21.0,1002.6,1003.7,100,0,1,100,12.0,242,25.2,0.0,530.0,-1.3,-67.0,20.9,-2.3,61.5,282,33.5,255,77,2025-06-25 23:00:00+00:00
28.3,64,20.7,1003.3,1004.4,100,0,6,100,10.8,244,25.6,0.0,250.0,-0.2,-90.0,20.6,-2.8,60.4,283,40.5,258,74,2025-06-26 00:00:00+00:00
29.7,61,21.2,1003.4,1004.5,100,0,99,100,12.2,239,25.9,0.0,280.0,0.0,-85.0,20.8,-2.8,60.4,283,38.4,256,71,2025-06-26 01:00:00+00:00
30.3,59,21.3,1004.2,1005.3,100,0,100,100,11.1,238,28.1,0.0,280.0,-0.2,-86.0,20.8,-3.0,60.2,282,37.9,252,68,2025-06-26 02:00:00+00:00
30.7,58,21.5,1004.8,1005.9,100,0,100,100,10.8,228,25.9,0.0,310.0,0.5,-97.0,20.4,-2.8,61.1,280,34.9,243,67,2025-06-26 03:00:00+00:00
31.2,56,21.5,1004.6,1005.7,100,0,47,100,11.2,220,27.0,0.0,380.0,0.3,-100.0,20.0,-2.8,60.0,279,35.3,235,66,2025-06-26 04:00:00+00:00
32.9,50,21.3,1004.4,1005.5,100,0,56,100,13.8,230,35.6,0.0,340.0,0.4,-88.0,19.9,-2.3,58.6,279,36.6,229,67,2025-06-26 05:00:00+00:00
33.9,46,20.8,1004.2,1005.3,100,74,13,100,17.9,251,41.4,0.0,180.0,0.1,-83.0,19.7,-2.1,37.9,273,41.0,232,64,2025-06-26 06:00:00+00:00
34.1,46,20.9,1003.5,1004.6,100,30,21,100,18.4,259,47.2,0.1,300.0,-0.5,-36.0,20.0,-1.9,40.6,273,42.6,230,61,2025-06-26 07:00:00+00:00
35.7,42,20.8,1002.4,1003.5,100,4,16,100,15.8,255,45.0,0.0,320.0,-0.7,-13.0,20.9,-1.6,44.7,272,42.7,232,59,2025-06-26 08:00:00+00:00
36.0,42,21.1,1001.5,1002.6,100,41,58,100,15.3,240,42.5,0.0,280.0,-1.0,-9.0,21.5,-2.1,43.3,272,43.0,234,62,2025-06-26 09:00:00+00:00
34.2,48,21.7,1001.0,1002.1,100,6,33,100,18.0,250,43.9,0.2,210.0,-1.2,-9.0,21.2,-2.1,38.8,267,40.3,233,73,2025-06-26 10:00:00+00:00
33.4,51,21.7,1001.0,1002.1,100,1,33,100,13.2,235,44.6,0.2,160.0,-1.5,-18.0,21.1,-1.9,27.3,249,40.0,229,79,2025-06-26 11:00:00+00:00
33.0,54,22.5,1001.5,1002.6,100,7,39,100,17.8,220,41.8,0.0,190.0,-1.8,-22.0,21.2,-2.1,26.1,251,42.3,235,91,2025-06-26 12:00:00+00:00
32.5,56,22.6,1001.3,1002.4,100,0,19,100,14.7,191,30.6,0.0,1280.0,-3.4,-28.0,20.8,-2.8,26.7,240,39.3,239,77,2025-06-26 13:00:00+00:00
31.3,64,23.8,1002.3,1003.4,100,3,10,100,14.8,189,31.0,0.0,1930.0,-3.4,-48.0,21.2,-3.0,36.0,238,36.3,236,81,2025-06-26 14:00:00+00:00
30.7,67,23.9,1003.3,1004.4,100,1,6,100,16.8,193,35.6,0.0,2100.0,-4.4,-30.0,21.4,-3.3,43.0,246,36.7,232,91,2025-06-26 15:00:00+00:00
30.1,76,25.3,1004.4,1005.5,100,0,20,100,15.0,190,36.0,0.0,1860.0,-4.6,-49.0,21.2,-3.3,46.2,257,36.6,229,83,2025-06-26 16:00:00+00:00
29.8,77,25.3,1004.7,1005.8,100,1,12,100,13.2,197,31.3,0.0,1700.0,-4.2,-29.0,20.4,-3.3,45.0,252,35.7,228,89,2025-06-26 17:00:00+00:00
29.5,77,25.0,1004.3,1005.4,100,0,6,100,12.2,211,27.4,0.0,1310.0,-3.8,-28.0,20.5,-3.7,46.0,262,36.0,233,82,2025-06-26 18:00:00+00:00
29.1,78,24.9,1004.0,1005.1,99,0,1,99,11.5,226,25.6,0.0,930.0,-3.0,-40.0,20.5,-3.7,44.2,269,34.3,234,77,2025-06-26 19:00:00+00:00
28.8,77,24.4,1003.5,1004.6,99,0,8,99,11.2,232,23.8,0.0,760.0,-2.2,-55.0,20.4,-4.0,44.8,275,34.6,236,74,2025-06-26 20:00:00+00:00
28.7,72,23.2,1003.2,1004.3,100,0,26,100,11.2,242,23.4,0.0,710.0,-1.7,-70.0,20.2,-4.0,43.8,278,35.6,237,73,2025-06-26 21:00:00+00:00
28.7,68,22.2,1003.2,1004.3,100,0,22,100,11.3,243,23.8,0.0,630.0,-1.5,-75.0,20.5,-4.0,45.3,280,36.0,233,72,2025-06-26 22:00:00+00:00
28.4,67,21.7,1003.6,1004.7,100,0,12,100,10.8,240,23.4,0.0,510.0,-1.3,-77.0,20.8,-4.0,48.5,279,35.0,232,67,2025-06-26 23:00:00+00:00
28.1,67,21.5,1003.9,1005.0,100,0,21,100,9.7,236,22.3,0.0,240.0,-0.7,-113.0,20.6,-4.0,40.2,279,33.1,226,67,2025-06-27 00:00:00+00:00
29.3,64,21.7,1004.2,1005.3,92,0,46,85,13.9,246,29.9,0.0,150.0,-0.3,-123.0,20.8,-4.2,40.6,279,31.4,227,66,2025-06-27 01:00:00+00:00
30.2,60,21.7,1005.0,1006.1,99,0,35,98,12.4,246,29.9,0.0,130.0,-0.2,-142.0,20.9,-4.2,39.5,277,30.6,228,64,2025-06-27 02:00:00+00:00
31.4,56,21.4,1004.9,1006.0,98,0,24,98,13.4,255,32.4,0.0,200.0,-0.4,-132.0,21.0,-4.2,38.9,275,29.7,227,64,2025-06-27 03:00:00+00:00
33.0,48,20.6,1005.0,1006.1,100,0,10,100,15.6,259,38.5,0.0,210.0,-0.8,-124.0,20.9,-4.2,39.7,273,30.6,228,62,2025-06-27 04:00:00+00:00
34.3,44,20.5,1005.1,1006.2,100,0,58,99,14.2,258,39.2,0.0,170.0,-1.1,-80.0,20.9,-4.2,42.4,272,29.7,227,62,2025-06-27 05:00:00+00:00
35.1,42,20.2,1004.6,1005.7,100,0,41,100,12.8,259,36.7,0.0,450.0,-1.1,-60.0,21.6,-4.0,44.2,271,29.8,230,63,2025-06-27 06:00:00+00:00
36.3,39,20.1,1003.9,1005.0,100,0,3,100,10.5,262,34.6,0.0,630.0,-0.8,-27.0,20.4,-3.7,38.9,265,30.7,231,66,2025-06-27 07:00:00+00:00
37.2,36,19.6,1002.9,1004.0,99,0,6,99,8.0,243,34.6,0.0,480.0,-0.6,-29.0,20.0,-3.5,25.2,253,29.8,230,66,2025-06-27 08:00:00+00:00
37.5,34,18.9,1001.9,1003.0,100,2,17,100,6.3,207,29.5,0.0,430.0,-0.3,-49.0,20.5,-3.3,23.6,251,30.7,231,61,2025-06-27 09:00:00+00:00
37.0,32,17.7,1001.6,1002.7,100,0,31,100,9.3,217,28.4,0.3,470.0,-1.5,-16.0,21.1,-3.3,23.4,249,30.3,236,62,2025-06-27 10:00:00+00:00
36.2,37,19.1,1001.2,1002.3,100,0,22,100,9.7,214,27.7,0.0,1050.0,-2.6,-28.0,21.6,-3.3,30.4,257,28.4,242,59,2025-06-27 11:00:00+00:00
35.3,41,20.3,1001.3,1002.4,100,0,11,100,7.2,202,27.0,0.0,710.0,-3.3,-35.0,22.0,-3.5,31.0,260,31.1,242,57,2025-06-27 12:00:00+00:00
32.5,64,24.8,1002.1,1003.2,90,0,29,85,16.1,174,39.2,0.0,1810.0,-4.1,-66.0,22.2,-3.7,30.4,262,25.2,245,74,2025-06-27 13:00:00+00:00
32.2,62,24.0,1003.2,1004.3,96,0,23,95,12.5,191,36.0,0.0,2000.0,-4.6,-81.0,22.1,-4.0,33.1,258,20.4,242,79,2025-06-27 14:00:00+00:00
31.8,59,22.8,1004.2,1005.3,93,0,23,92,15.0,193,32.8,0.0,2620.0,-5.2,-50.0,22.1,-4.0,35.6,251,18.3,247,78,2025-06-27 15:00:00+00:00
30.9,66,23.9,1005.0,1006.1,98,0,26,98,13.7,189,33.5,0.0,2300.0,-5.1,-46.0,22.0,-4.0,38.6,247,18.3,247,74,2025-06-27 16:00:00+00:00
30.6,68,24.1,1005.4,1006.5,95,0,1,94,13.6,195,30.2,0.0,2240.0,-4.7,-43.0,21.6,-4.2,35.1,247,18.3,247,72,2025-06-27 17:00:00+00:00
30.3,68,23.7,1005.5,1006.6,100,0,1,100,13.8,206,28.8,0.0,2510.0,-5.4,-39.0,21.5,-4.2,35.5,261,21.9,261,74,2025-06-27 18:00:00+00:00
30.1,66,23.0,1005.2,1006.3,100,0,0,100,13.7,214,29.2,0.0,1920.0,-4.0,-28.0,21.2,-4.2,34.2,268,21.7,264,77,2025-06-27 19:00:00+00:00
29.8,64,22.3,1004.5,1005.6,100,0,11,100,13.5,224,28.8,0.0,1130.0,-2.8,-34.0,21.5,-4.2,31.7,277,22.9,264,77,2025-06-27 20:00:00+00:00
29.8,60,21.1,1004.5,1005.6,100,0,99,95,13.9,241,29.9,0.0,610.0,-1.4,-62.0,21.6,-4.4,31.3,283,25.3,265,76,2025-06-27 21:00:00+00:00
29.7,59,20.7,1004.0,1005.1,100,0,24,100,13.8,248,30.2,0.0,360.0,-0.5,-85.0,21.5,-4.4,30.5,284,24.3,261,71,2025-06-27 22:00:00+00:00
29.3,60,20.6,1003.9,1005.0,100,0,11,100,13.3,252,29.5,0.0,200.0,-0.5,-116.0,21.6,-4.4,29.6,284,24.1,264,76,2025-06-27 23:00:00+00:00
28.9,61,20.6,1004.1,1005.2,94,0,2,94,11.4,255,28.1,0.0,160.0,-0.8,-149.0,21.6,-4.4,28.9,286,24.3,261,69,2025-06-28 00:00:00+00:00
29.6,61,21.2,1004.8,1005.9,99,0,98,63,9.0,250,22.3,0.0,130.0,-0.8,-148.0,21.4,-4.4,33.2,283,25.7,259,73,2025-06-28 01:00:00+00:00
30.2,59,21.3,1005.0,1006.1,100,0,24,100,8.5,242,19.8,0.0,130.0,-1.4,-98.0,21.2,-4.4,34.4,285,25.5,262,70,2025-06-28 02:00:00+00:00
31.9,53,21.1,1005.4,1006.5,100,0,77,99,12.5,258,30.2,0.0,150.0,-1.6,-65.0,21.2,-4.7,34.2,286,26.5,265,73,2025-06-28 03:00:00+00:00
33.4,48,20.8,1005.6,1006.7,100,0,44,100,14.1,266,36.0,0.0,170.0,-1.7,-56.0,21.0,-4.4,35.6,283,26.4,270,71,2025-06-28 04:00:00+00:00
34.3,45,20.6,1005.1,1006.2,99,0,65,98,12.6,261,36.0,0.0,190.0,-1.9,-40.0,21.0,-4.4,36.3,282,26.4,273,69,2025-06-28 05:00:00+00:00
34.4,44,20.4,1004.8,1005.9,100,0,100,100,13.2,259,34.2,0.0,500.0,-2.3,-15.0,21.7,-4.2,33.6,291,29.4,282,72,2025-06-28 06:00:00+00:00
33.4,48,20.9,1004.3,1005.4,100,0,30,100,14.2,258,37.8,0.0,610.0,-2.7,-1.0,21.2,-4.2,37.9,288,28.2,282,70,2025-06-28 07:00:00+00:00
35.8,42,20.8,1003.0,1004.1,100,1,8,99,8.0,239,35.3,0.0,710.0,-2.8,-3.0,20.2,-4.2,26.0,268,27.4,285,70,2025-06-28 08:00:00+00:00
37.4,38,20.5,1001.9,1003.0,100,14,66,100,6.9,186,30.2,0.0,770.0,-2.9,-6.0,20.5,-4.2,26.7,262,26.2,286,70,2025-06-28 09:00:00+00:00
33.6,50,21.8,1001.8,1002.9,100,11,42,100,14.0,209,37.1,0.5,790.0,-3.6,-11.0,21.0,-4.2,26.3,261,24.3,290,68,2025-06-28 10:00:00+00:00
34.8,44,20.8,1001.3,1002.4,100,2,26,100,9.9,199,35.6,0.0,580.0,-4.4,-58.0,21.5,-4.0,24.4,256,24.1,297,68,2025-06-28 11:00:00+00:00
33.9,51,22.5,1001.8,1002.9,99,0,23,99,11.8,191,31.0,0.0,680.0,-5.3,-90.0,22.1,-4.0,22.3,259,26.0,304,69,2025-06-28 12:00:00+00:00
32.5,60,23.7,1002.0,1003.1,100,0,17,100,12.0,161,29.9,0.0,790.0,-5.5,-97.0,22.2,-4.0,24.1,251,24.6,313,79,2025-06-28 13:00:00+00:00
31.9,61,23.3,1003.1,1004.2,90,0,9,89,11.7,178,28.1,0.0,1660.0,-5.3,-82.0,21.5,-4.4,24.6,251,23.1,321,79,2025-06-28 14:00:00+00:00
31.5,64,23.8,1004.1,1005.2,100,0,20,100,14.3,186,29.9,0.0,910.0,-5.4,-77.0,21.7,-4.7,28.9,254,22.3,324,79,2025-06-28 15:00:00+00:00
31.0,67,24.2,1004.9,1006.0,100,0,6,100,15.2,191,34.9,0.0,1300.0,-5.8,-73.0,21.5,-4.9,39.1,259,19.5,313,79,2025-06-28 16:00:00+00:00
30.6,70,24.6,1005.0,1006.1,100,0,15,100,11.5,205,33.1,0.0,1110.0,-5.9,-59.0,20.6,-5.1,42.8,262,17.3,304,78,2025-06-28 17:00:00+00:00
30.5,66,23.4,1004.5,1005.6,100,0,26,100,13.7,214,28.8,0.0,1320.0,-5.3,-44.0,21.2,-5.1,43.7,271,17.1,309,74,2025-06-28 18:00:00+00:00
30.4,60,21.7,1004.1,1005.2,100,0,96,100,14.8,223,30.6,0.0,1380.0,-4.7,-35.0,20.9,-5.4,49.7,278,15.6,293,76,2025-06-28 19:00:00+00:00
29.9,59,21.0,1003.7,1004.8,100,0,28,100,14.5,226,32.8,0.0,1900.0,-3.5,-36.0,20.8,-5.8,47.6,280,17.0,278,69,2025-06-28 20:00:00+00:00
29.7,59,20.9,1003.6,1004.7,100,0,13,100,14.1,233,31.0,0.0,1680.0,-2.4,-98.0,20.8,-5.8,44.7,284,21.9,279,73,2025-06-28 21:00:00+00:00
29.8,58,20.6,1003.3,1004.4,100,0,2,100,15.5,247,32.8,0.0,1380.0,-2.5,-116.0,20.5,-6.3,42.1,286,26.2,286,81,2025-06-28 22:00:00+00:00
29.5,58,20.5,1003.3,1004.4,99,0,2,99,15.4,254,33.1,0.0,1070.0,-2.8,-120.0,21.2,-6.3,42.7,284,25.9,283,83,2025-06-28 23:00:00+00:00
29.0,60,20.4,1003.5,1004.6,100,0,0,100,15.2,260,33.1,0.0,640.0,-2.9,-108.0,21.5,-6.5,41.2,283,26.5,275,81,2025-06-29 00:00:00+00:00
29.7,59,20.9,1003.6,1004.7,13,0,6,8,16.1,264,35.3,0.0,380.0,-3.0,-91.0,21.6,-6.8,43.9,285,27.6,268,70,2025-06-29 01:00:00+00:00
30.7,56,21.0,1004.2,1005.3,18,0,4,15,14.4,269,41.0,0.0,330.0,-3.2,-75.0,21.8,-7.0,44.4,287,30.6,259,64,2025-06-29 02:00:00+00:00
32.1,52,20.9,1004.4,1005.5,33,0,8,28,17.1,273,41.0,0.0,340.0,-3.1,-73.0,21.7,-7.0,47.3,287,32.3,255,62,2025-06-29 03:00:00+00:00
33.7,46,20.6,1004.3,1005.4,55,0,0,55,17.7,274,43.9,0.0,310.0,-3.0,-58.0,21.8,-6.8,49.9,288,36.0,268,60,2025-06-29 04:00:00+00:00
35.5,40,19.9,1003.8,1004.9,49,0,0,49,18.2,272,45.7,0.0,380.0,-2.8,-38.0,22.0,-6.5,52.5,287,41.7,282,57,2025-06-29 05:00:00+00:00
36.8,36,19.4,1003.1,1004.2,100,0,0,100,17.3,279,46.4,0.0,590.0,-2.9,-25.0,22.6,-6.3,54.8,287,40.1,279,57,2025-06-29 06:00:00+00:00
38.0,32,18.5,1002.4,1003.5,100,0,0,100,15.6,281,49.3,0.0,580.0,-2.9,-4.0,22.2,-5.6,63.4,288,38.4,272,59,2025-06-29 07:00:00+00:00
39.2,29,17.9,1001.1,1002.2,100,0,1,100,15.7,281,44.3,0.0,670.0,-3.0,-1.0,20.5,-5.1,46.3,283,34.8,272,62,2025-06-29 08:00:00+00:00
39.7,27,17.3,1000.1,1001.2,100,0,1,100,11.6,283,43.2,0.0,570.0,-3.4,-16.0,21.0,-5.6,28.7,268,33.8,276,61,2025-06-29 09:00:00+00:00
38.4,29,17.0,999.9,1001.0,100,0,40,100,3.8,11,33.5,0.0,460.0,-3.8,-44.0,22.0,-6.1,31.0,267,37.7,279,57,2025-06-29 10:00:00+00:00
35.1,47,22.1,1000.4,1001.5,100,0,28,100,12.1,11,31.7,0.0,340.0,-4.8,-109.0,22.1,-6.3,29.2,268,36.7,281,70,2025-06-29 11:00:00+00:00
32.4,53,21.7,1000.8,1001.9,100,1,81,100,10.5,33,38.9,0.0,540.0,-4.6,-77.0,23.1,-5.4,28.8,275,32.6,287,69,2025-06-29 12:00:00+00:00
30.5,61,22.0,1001.9,1003.0,100,0,1,100,6.3,257,29.9,0.6,830.0,-4.9,-82.0,22.3,-5.1,28.3,266,29.6,291,77,2025-06-29 13:00:00+00:00
30.0,64,22.5,1002.3,1003.4,100,0,72,100,11.3,200,22.7,0.3,1890.0,-5.5,-59.0,23.1,-4.9,30.6,266,30.7,301,87,2025-06-29 14:00:00+00:00
30.1,66,23.1,1002.8,1003.9,100,0,100,100,10.0,187,22.7,0.0,1710.0,-5.6,-43.0,23.1,-5.1,35.1,271,30.1,299,77,2025-06-29 15:00:00+00:00
30.6,65,23.3,1003.4,1004.5,100,0,100,100,11.9,202,24.1,0.0,1560.0,-5.1,-34.0,22.6,-5.4,38.8,273,27.9,295,99,2025-06-29 16:00:00+00:00
30.9,58,21.6,1003.9,1005.0,100,0,71,100,12.3,218,25.2,0.0,1650.0,-2.7,-41.0,21.4,-5.8,33.9,275,26.6,288,87,2025-06-29 17:00:00+00:00
31.0,51,19.8,1003.9,1005.0,100,0,10,100,13.9,234,28.1,0.0,1790.0,0.0,-63.0,21.2,-6.1,38.1,277,30.9,283,79,2025-06-29 18:00:00+00:00
31.3,48,19.1,1003.4,1004.5,100,0,11,100,15.7,252,32.0,0.0,1900.0,1.2,-71.0,20.9,-6.1,40.1,278,35.0,276,84,2025-06-29 19:00:00+00:00
31.3,49,19.3,1002.8,1003.9,100,0,6,100,18.0,268,36.7,0.0,1420.0,1.0,-97.0,21.0,-6.3,42.8,284,38.4,270,78,2025-06-29 20:00:00+00:00
30.9,50,19.4,1002.4,1003.5,100,0,13,100,16.9,281,37.1,0.0,530.0,0.0,-95.0,20.8,-6.5,41.9,292,39.6,268,77,2025-06-29 21:00:00+00:00
30.4,52,19.4,1002.2,1003.3,99,0,11,99,14.9,291,34.9,0.0,180.0,0.0,-87.0,21.0,-6.3,40.2,293,42.2,265,69,2025-06-29 22:00:00+00:00
29.8,54,19.4,1002.6,1003.7,100,0,10,100,13.3,293,30.6,0.0,190.0,0.3,-122.0,21.6,-6.1,39.6,287,43.3,265,69,2025-06-29 23:00:00+00:00
29.2,55,19.3,1002.9,1004.0,100,0,0,100,11.4,289,27.7,0.0,130.0,0.9,-151.0,21.8,-5.1,41.3,292,45.6,272,60,2025-06-30 00:00:00+00:00
30.3,52,19.4,1002.8,1003.9,100,0,2,100,13.2,275,31.0,0.0,120.0,1.1,-57.0,22.0,-4.7,41.6,299,44.5,267,57,2025-06-30 01:00:00+00:00
30.5,53,19.8,1003.6,1004.7,100,0,1,100,11.4,265,28.1,0.0,110.0,1.3,-60.0,22.3,-4.2,44.0,297,44.4,268,59,2025-06-30 02:00:00+00:00
31.7,49,19.6,1004.1,1005.2,100,0,0,100,12.9,264,31.0,0.0,100.0,1.6,-61.0,22.1,-4.4,47.7,297,43.2,268,42,2025-06-30 03:00:00+00:00
32.4,46,19.3,1004.7,1005.8,100,0,0,100,12.3,273,33.1,0.0,100.0,1.0,-47.0,21.8,-4.4,48.7,296,44.4,272,43,2025-06-30 04:00:00+00:00
33.0,44,19.3,1004.8,1005.9,100,0,0,100,10.6,268,31.0,0.0,130.0,0.0,-38.0,22.1,-4.4,49.0,293,47.0,276,49,2025-06-30 05:00:00+00:00
34.1,42,19.4,1004.0,1005.1,100,0,0,100,11.4,274,30.2,0.0,310.0,-0.5,-37.0,22.3,-4.4,55.5,293,51.1,279,50,2025-06-30 06:00:00+00:00
35.5,39,19.4,1003.3,1004.4,100,0,0,100,11.3,279,31.0,0.0,360.0,-0.3,-22.0,22.1,-4.9,61.3,293,50.1,281,43,2025-06-30 07:00:00+00:00
37.1,35,19.3,1002.0,1003.1,96,6,5,95,10.4,278,34.2,0.0,470.0,-0.3,-6.0,20.0,-4.9,54.5,288,51.3,281,48,2025-06-30 08:00:00+00:00
37.9,32,18.6,1000.7,1001.8,93,0,28,90,7.5,343,32.0,0.0,440.0,-0.9,-17.0,20.0,-4.7,43.1,280,49.9,280,51,2025-06-30 09:00:00+00:00
34.4,51,22.8,1000.3,1001.4,100,0,45,100,14.3,62,37.8,0.1,450.0,-1.5,-28.0,20.6,-4.7,36.9,279,49.4,276,53,2025-06-30 10:00:00+00:00
31.3,64,23.6,1000.7,1001.8,100,0,71,100,13.4,108,40.3,0.1,390.0,-1.4,-63.0,21.1,-4.7,31.3,278,49.3,273,54,2025-06-30 11:00:00+00:00
31.8,66,24.6,1000.6,1001.7,100,0,45,100,10.6,137,32.0,0.1,620.0,-1.4,-46.0,21.6,-4.7,29.7,274,52.8,271,56,2025-06-30 12:00:00+00:00
31.0,73,25.7,1001.6,1002.7,100,1,41,99,6.5,109,27.0,0.0,630.0,-2.2,-92.0,22.1,-4.4,32.4,268,52.9,274,73,2025-06-30 13:00:00+00:00
30.5,74,25.2,1002.7,1003.8,74,0,21,68,6.8,158,16.6,0.0,1580.0,-2.6,-85.0,22.4,-4.4,35.6,266,50.5,274,88,2025-06-30 14:00:00+00:00
30.0,76,25.2,1003.1,1004.2,100,0,9,100,11.6,158,24.1,0.0,1990.0,-3.1,-64.0,21.6,-4.9,35.8,258,46.8,270,89,2025-06-30 15:00:00+00:00
29.7,78,25.5,1003.6,1004.7,100,0,5,100,10.7,174,25.2,0.0,2080.0,-3.0,-65.0,21.0,-4.7,36.8,262,43.2,270,97,2025-06-30 16:00:00+00:00
29.4,81,25.7,1004.0,1005.1,100,0,1,100,10.4,190,21.2,0.0,1440.0,-2.4,-52.0,21.2,-5.1,43.4,266,40.8,270,81,2025-06-30 17:00:00+00:00
29.3,74,24.3,1003.9,1005.0,100,0,24,100,11.5,194,23.4,0.0,2000.0,-3.2,-51.0,20.5,-5.6,38.7,271,45.0,261,84,2025-06-30 18:00:00+00:00
29.0,69,22.8,1003.6,1004.7,100,0,11,100,10.6,215,23.4,0.0,1410.0,-3.5,-39.0,20.6,-5.1,38.7,279,43.5,264,84,2025-06-30 19:00:00+00:00
28.8,64,21.3,1003.1,1004.2,100,0,12,100,9.7,241,21.6,0.0,950.0,-3.7,-35.0,20.8,-5.4,41.8,290,46.8,269,81,2025-06-30 20:00:00+00:00
28.5,64,21.0,1002.9,1004.0,100,0,1,100,9.2,282,19.4,0.0,600.0,-3.9,-30.0,20.8,-5.4,39.5,296,51.7,273,79,2025-06-30 21:00:00+00:00
28.0,71,22.2,1002.7,1003.8,100,0,0,100,6.3,231,18.4,0.0,220.0,-3.2,-31.0,20.9,-5.1,43.6,297,50.5,273,72,2025-06-30 22:00:00+00:00
27.8,73,22.5,1003.1,1004.2,100,0,0,100,7.6,277,15.1,0.0,110.0,-2.5,-51.0,20.6,-4.9,45.0,297,49.3,274,76,2025-06-30 23:00:00+00:00
27.7,74,22.7,1003.4,1004.5,100,0,0,100,6.7,273,15.5,0.0,30.0,-0.8,-94.0,20.8,-4.2,37.8,304,48.1,266,72,2025-07-01 00:00:00+00:00
30.4,53,19.8,1003.9,1005.0,100,0,23,100,11.1,257,28.8,0.0,20.0,0.3,-143.0,20.9,-4.2,39.6,299,46.0,263,72,2025-07-01 01:00:00+00:00
30.8,54,20.5,1004.3,1005.4,100,0,9,100,9.7,246,22.3,0.0,20.0,0.4,-124.0,20.6,-4.0,44.8,295,45.9,264,69,2025-07-01 02:00:00+00:00
31.9,49,20.0,1004.5,1005.6,100,0,0,100,13.4,246,32.0,0.0,70.0,0.0,-113.0,20.8,-4.2,44.6,292,50.4,269,68,2025-07-01 03:00:00+00:00
33.0,44,19.0,1005.0,1006.1,100,0,0,100,13.2,260,34.6,0.0,140.0,-0.6,-71.0,20.9,-4.4,43.1,288,51.6,271,71,2025-07-01 04:00:00+00:00
33.6,42,18.9,1004.8,1005.9,100,0,0,100,13.0,259,34.2,0.0,250.0,-0.8,-52.0,21.1,-4.7,44.4,285,54.1,274,70,2025-07-01 05:00:00+00:00
34.7,40,19.0,1004.0,1005.1,100,0,0,100,12.8,251,34.6,0.0,300.0,-0.6,-51.0,21.5,-4.0,44.7,290,54.1,274,64,2025-07-01 06:00:00+00:00
36.2,36,18.7,1003.2,1004.3,100,0,3,100,12.5,258,36.4,0.0,330.0,-0.2,-44.0,21.1,-3.7,51.0,289,54.1,273,62,2025-07-01 07:00:00+00:00
37.1,34,18.8,1002.0,1003.1,100,6,32,100,12.6,270,36.7,0.0,330.0,0.2,-45.0,19.6,-3.3,38.2,278,54.1,273,64,2025-07-01 08:00:00+00:00
37.2,35,19.1,1001.1,1002.2,100,5,97,100,12.1,258,36.4,0.0,340.0,0.3,-46.0,19.9,-3.0,33.8,273,52.8,271,67,2025-07-01 09:00:00+00:00
35.8,39,19.5,1000.7,1001.8,100,0,98,100,11.8,224,34.2,0.1,370.0,0.2,-41.0,20.4,-3.0,34.7,268,52.9,274,61,2025-07-01 10:00:00+00:00
29.3,63,21.6,1001.0,1002.1,100,1,53,100,14.9,207,44.6,0.9,350.0,-1.4,-38.0,20.8,-3.0,35.6,266,52.9,273,64,2025-07-01 11:00:00+00:00
33.0,52,21.9,1000.8,1001.9,100,0,43,100,6.5,268,28.4,0.1,390.0,-1.9,-35.0,20.4,-3.3,31.0,269,54.0,271,64,2025-07-01 12:00:00+00:00
29.8,69,23.6,1001.8,1002.9,100,0,10,100,6.3,141,12.6,0.0,310.0,-2.3,-41.0,21.0,-2.3,30.0,260,55.3,268,61,2025-07-01 13:00:00+00:00
29.2,75,24.3,1002.5,1003.6,100,0,7,100,7.3,132,16.2,0.0,0.0,-1.7,-50.0,20.9,-1.9,32.1,259,55.2,271,79,2025-07-01 14:00:00+00:00
29.0,76,24.3,1003.4,1004.5,100,0,32,100,6.1,168,15.5,0.0,200.0,-0.9,-51.0,20.9,-1.6,35.6,249,54.3,276,92,2025-07-01 15:00:00+00:00
28.9,75,24.1,1004.0,1005.1,100,0,14,100,5.8,189,11.5,0.0,320.0,-1.3,-65.0,20.6,-3.5,38.6,247,53.9,287,88,2025-07-01 16:00:00+00:00
28.7,76,24.2,1004.2,1005.3,100,0,16,100,9.5,182,18.4,0.0,330.0,0.0,-130.0,20.9,-3.7,41.3,256,51.5,295,80,2025-07-01 17:00:00+00:00
28.5,76,23.9,1004.1,1005.2,100,2,1,100,9.0,202,19.1,0.0,270.0,0.0,-78.0,20.5,-4.9,39.9,259,41.4,287,79,2025-07-01 18:00:00+00:00
28.8,66,21.8,1003.5,1004.6,100,1,5,100,9.2,242,18.0,0.0,280.0,-0.7,-104.0,20.4,-5.1,36.8,262,40.8,294,74,2025-07-01 19:00:00+00:00
29.2,59,20.4,1003.0,1004.1,100,3,6,100,10.3,255,22.0,0.0,200.0,-0.7,-91.0,20.0,-4.9,34.6,270,39.9,291,74,2025-07-01 20:00:00+00:00
28.7,63,20.8,1002.7,1003.8,100,0,2,100,7.1,261,20.5,0.0,140.0,-0.1,-77.0,20.0,-4.4,32.5,275,39.9,286,73,2025-07-01 21:00:00+00:00
28.4,64,20.8,1002.7,1003.8,100,0,0,100,8.3,268,16.2,0.0,160.0,0.2,-90.0,20.4,-4.2,36.9,279,41.9,283,68,2025-07-01 22:00:00+00:00
28.3,64,20.8,1003.0,1004.1,100,0,0,100,9.6,258,19.1,0.0,140.0,0.6,-128.0,20.8,-4.2,41.4,281,45.2,281,69,2025-07-01 23:00:00+00:00
28.1,65,20.9,1003.5,1004.6,100,0,0,100,10.1,253,20.5,0.0,0.0,0.9,-147.0,20.8,-4.4,41.8,277,38.7,277,70,2025-07-02 00:00:00+00:00
29.2,60,20.8,1003.5,1004.6,100,0,0,100,12.3,248,27.4,0.0,10.0,0.8,-146.0,20.9,-4.2,42.6,276,39.8,275,66,2025-07-02 01:00:00+00:00
29.9,59,21.1,1003.6,1004.7,100,0,0,100,11.5,247,25.6,0.0,130.0,0.3,-100.0,20.9,-4.0,43.9,275,38.5,274,64,2025-07-02 02:00:00+00:00
31.0,57,21.4,1004.0,1005.1,100,0,0,100,10.9,246,25.9,0.0,210.0,0.2,-72.0,20.6,-3.5,47.7,277,38.4,272,64,2025-07-02 03:00:00+00:00
32.4,53,21.5,1004.4,1005.5,100,0,0,100,10.1,245,27.4,0.0,240.0,0.4,-70.0,20.9,-3.3,49.0,276,38.4,272,64,2025-07-02 04:00:00+00:00
33.8,48,21.4,1004.2,1005.3,100,0,0,100,10.5,248,28.4,0.0,300.0,0.0,-58.0,21.0,-3.3,48.9,275,38.5,274,66,2025-07-02 05:00:00+00:00
35.1,44,21.0,1003.4,1004.5,100,0,1,100,10.6,247,29.2,0.0,460.0,-0.2,-53.0,21.8,-3.0,54.3,281,46.9,273,70,2025-07-02 06:00:00+00:00
36.2,41,20.8,1002.7,1003.8,100,13,10,100,9.0,247,34.2,0.0,560.0,0.9,-67.0,20.3,-2.6,53.0,278,47.2,277,68,2025-07-02 07:00:00+00:00
36.9,39,20.7,1001.6,1002.7,100,11,100,100,8.5,243,28.8,0.0,500.0,0.9,-72.0,20.4,-2.1,41.0,269,47.8,282,67,2025-07-02 08:00:00+00:00
36.4,38,20.0,1000.3,1001.4,100,0,85,100,6.7,124,28.1,0.0,540.0,0.9,-56.0,20.5,-2.1,33.5,264,47.5,286,74,2025-07-02 09:00:00+00:00
31.5,67,24.6,1000.8,1001.9,100,1,69,100,15.4,108,38.2,0.7,430.0,-0.3,-36.0,21.0,-2.1,26.7,256,47.1,289,83,2025-07-02 10:00:00+00:00
30.7,65,23.3,1000.8,1001.9,100,1,100,100,15.3,165,36.7,0.4,370.0,-1.9,-35.0,21.4,-2.6,25.3,256,42.2,285,81,2025-07-02 11:00:00+00:00
30.1,70,24.0,1001.0,1002.1,100,0,48,100,13.4,209,34.9,0.2,760.0,-2.3,-59.0,20.8,-3.3,28.7,267,36.1,274,90,2025-07-02 12:00:00+00:00
29.4,79,25.4,1002.9,1004.0,100,0,42,100,1.7,302,18.7,0.0,2060.0,-1.7,-72.0,20.9,-3.5,32.1,263,39.1,281,94,2025-07-02 13:00:00+00:00
28.7,75,23.8,1004.2,1005.3,100,0,100,100,14.8,223,30.6,0.0,1960.0,-1.2,-112.0,19.8,-3.5,29.2,268,40.9,273,86,2025-07-02 14:00:00+00:00
27.3,74,22.2,1004.5,1005.6,100,4,45,100,12.7,215,34.9,0.0,870.0,-1.1,-113.0,20.4,-3.5,33.8,266,34.9,266,81,2025-07-02 15:00:00+00:00
27.2,75,22.3,1005.0,1006.1,100,0,59,100,14.3,220,30.2,0.0,340.0,-1.8,-87.0,20.5,-3.5,39.6,269,30.4,261,82,2025-07-02 16:00:00+00:00
27.2,76,22.6,1005.0,1006.1,100,0,22,100,8.2,230,29.2,0.0,350.0,-3.7,-53.0,20.2,-4.2,46.5,272,29.0,263,76,2025-07-02 17:00:00+00:00
27.2,77,22.8,1004.8,1005.9,100,0,19,100,8.4,222,17.6,0.0,810.0,-3.5,-35.0,20.0,-4.2,49.0,282,30.2,263,81,2025-07-02 18:00:00+00:00
27.2,77,22.8,1004.5,1005.6,100,0,24,100,9.2,237,18.0,0.0,830.0,-2.3,-21.0,19.9,-4.2,54.7,285,31.4,263,83,2025-07-02 19:00:00+00:00
27.6,73,22.4,1003.9,1005.0,100,0,8,100,11.8,250,24.1,0.0,800.0,-2.8,-37.0,20.2,-4.0,52.1,286,31.3,266,81,2025-07-02 20:00:00+00:00
27.5,73,22.3,1003.4,1004.5,100,0,52,99,10.5,246,24.8,0.0,650.0,-2.0,-54.0,20.6,-4.0,49.0,287,31.3,266,78,2025-07-02 21:00:00+00:00
27.4,73,22.2,1003.2,1004.3,100,0,100,100,10.4,240,22.3,0.0,570.0,-2.0,-67.0,21.0,-3.7,50.0,285,33.0,260,78,2025-07-02 22:00:00+00:00
27.5,72,21.9,1003.7,1004.8,100,0,77,100,10.1,241,22.0,0.0,480.0,-1.6,-65.0,21.0,-4.4,51.2,286,33.2,257,79,2025-07-02 23:00:00+00:00
27.4,71,21.7,1004.0,1005.1,100,0,100,100,8.9,242,20.5,0.0,390.0,-1.3,-86.0,20.8,-4.7,54.6,288,33.0,251,81,2025-07-03 00:00:00+00:00
27.4,74,22.4,1004.1,1005.2,100,0,16,100,8.6,221,17.3,0.0,330.0,-1.4,-103.0,20.8,-4.9,52.0,287,33.4,249,80,2025-07-03 01:00:00+00:00
28.3,73,23.0,1004.6,1005.7,100,0,12,100,9.1,229,19.8,0.0,330.0,-1.0,-101.0,20.9,-4.7,52.6,289,34.9,243,80,2025-07-03 02:00:00+00:00
29.9,67,23.1,1005.3,1006.4,100,0,13,100,10.5,233,25.2,0.0,460.0,-1.0,-108.0,20.8,-4.4,53.9,290,34.9,243,78,2025-07-03 03:00:00+00:00
31.2,59,22.3,1005.7,1006.8,100,0,32,100,11.8,251,29.2,0.0,370.0,-1.1,-116.0,20.8,-4.0,53.2,290,32.3,248,77,2025-07-03 04:00:00+00:00
31.9,56,22.0,1005.3,1006.4,100,0,0,100,12.8,253,32.0,0.0,360.0,-0.8,-106.0,21.0,-3.7,49.7,289,31.2,247,76,2025-07-03 05:00:00+00:00
32.5,54,22.0,1004.6,1005.7,100,0,0,100,11.9,245,31.7,0.0,660.0,-0.7,-76.0,21.2,-3.7,49.2,291,30.6,244,73,2025-07-03 06:00:00+00:00
32.8,53,22.1,1003.7,1004.8,100,0,0,100,12.0,237,30.2,0.0,680.0,0.1,-153.0,20.0,-3.5,40.8,280,28.4,242,73,2025-07-03 07:00:00+00:00
32.7,54,22.0,1002.9,1004.0,100,2,0,100,13.5,225,32.8,0.0,700.0,-0.1,-87.0,19.4,-3.0,36.9,268,27.4,247,74,2025-07-03 08:00:00+00:00
32.5,54,22.0,1002.4,1003.5,100,4,9,100,14.9,223,35.6,0.0,660.0,-0.3,-49.0,20.0,-3.0,34.6,261,25.2,245,73,2025-07-03 09:00:00+00:00
33.0,52,21.9,1001.7,1002.8,100,0,13,100,13.4,224,35.6,0.0,540.0,-0.9,-14.0,20.6,-3.0,39.3,267,23.7,240,78,2025-07-03 10:00:00+00:00
32.5,55,22.3,1001.6,1002.7,100,0,10,100,10.6,220,31.0,0.0,480.0,-0.7,-17.0,21.0,-2.8,33.8,260,23.7,240,86,2025-07-03 11:00:00+00:00
31.9,59,22.9,1001.9,1003.0,100,1,12,100,11.8,211,26.3,0.0,640.0,-1.7,-8.0,20.9,-3.5,30.9,261,25.2,245,79,2025-07-03 12:00:00+00:00
31.1,60,22.4,1002.7,1003.8,100,0,27,100,10.2,194,22.3,0.0,600.0,-2.2,-48.0,20.8,-3.5,33.9,255,27.4,241,84,2025-07-03 13:00:00+00:00
30.5,61,22.2,1003.9,1005.0,100,0,63,100,12.2,208,23.8,0.0,1180.0,-1.7,-85.0,20.2,-3.7,36.2,251,28.5,248,89,2025-07-03 14:00:00+00:00
29.9,60,21.3,1005.0,1006.1,100,0,32,100,13.9,211,28.1,0.0,1250.0,-2.2,-72.0,19.9,-4.2,39.2,255,28.5,248,82,2025-07-03 15:00:00+00:00
29.1,62,21.2,1005.6,1006.7,100,0,7,100,15.0,207,32.0,0.0,1250.0,-3.0,-57.0,20.5,-4.2,41.1,266,28.5,248,81,2025-07-03 16:00:00+00:00
28.3,66,21.4,1006.0,1007.1,100,0,14,100,13.5,211,31.3,0.0,1440.0,-2.9,-64.0,19.9,-4.0,40.1,268,27.4,241,80,2025-07-03 17:00:00+00:00
28.0,69,21.8,1005.9,1007.0,100,0,10,100,10.8,218,27.4,0.0,970.0,-1.5,-70.0,19.9,-3.3,33.9,281,30.1,247,86,2025-07-03 18:00:00+00:00
28.0,70,22.0,1005.4,1006.5,100,0,15,100,12.0,227,23.8,0.0,680.0,-0.7,-66.0,20.3,-3.5,33.8,284,28.5,248,84,2025-07-03 19:00:00+00:00
28.1,70,22.0,1005.1,1006.2,100,0,9,100,11.2,232,24.8,0.0,320.0,0.2,-101.0,20.5,-3.3,33.6,283,28.1,250,82,2025-07-03 20:00:00+00:00
28.1,69,21.9,1004.5,1005.6,100,0,0,100,11.3,231,22.7,0.0,100.0,0.9,-157.0,20.8,-3.0,36.2,276,27.7,252,77,2025-07-03 21:00:00+00:00
28.1,67,21.4,1004.6,1005.7,100,0,2,100,11.6,233,23.8,0.0,10.0,1.6,-68.0,20.8,-3.0,38.9,280,27.1,257,74,2025-07-03 22:00:00+00:00
27.7,68,21.1,1004.9,1006.0,100,0,0,100,10.9,226,24.1,0.0,0.0,2.2,-93.0,20.6,-3.0,43.7,286,24.7,247,78,2025-07-03 23:00:00+00:00
27.2,69,21.1,1005.4,1006.5,100,0,0,100,10.1,231,22.7,0.0,0.0,2.4,0.0,20.8,-3.7,38.4,292,28.8,253,76,2025-07-04 00:00:00+00:00
28.7,60,20.3,1005.9,1007.0,100,0,2,100,16.5,247,34.6,0.0,0.0,2.5,0.0,20.6,-3.7,42.0,291,25.9,257,76,2025-07-04 01:00:00+00:00
29.5,60,20.9,1006.3,1007.4,100,0,2,100,14.4,247,34.2,0.0,0.0,1.8,0.0,20.5,-4.0,42.1,288,25.1,253,77,2025-07-04 02:00:00+00:00
30.7,57,21.2,1006.4,1007.5,100,0,3,100,13.9,245,32.8,0.0,30.0,0.8,0.0,20.5,-3.7,44.0,286,25.4,251,74,2025-07-04 03:00:00+00:00
32.5,50,20.8,1006.2,1007.3,100,0,0,100,15.7,253,38.5,0.0,90.0,0.7,-254.0,20.5,-3.7,44.2,284,25.8,248,72,2025-07-04 04:00:00+00:00
33.6,47,20.8,1005.9,1007.0,100,0,0,100,15.3,252,38.9,0.0,200.0,0.4,-156.0,20.8,-3.5,45.8,285,24.7,241,72,2025-07-04 05:00:00+00:00
35.0,43,20.7,1005.1,1006.2,100,0,0,100,14.0,254,38.5,0.0,550.0,-0.5,-69.0,21.8,-3.7,48.0,290,25.2,245,67,2025-07-04 06:00:00+00:00
36.3,40,20.4,1004.4,1005.5,100,3,0,100,14.1,266,40.0,0.0,730.0,-1.4,-6.0,20.3,-3.5,56.2,281,24.3,237,66,2025-07-04 07:00:00+00:00
37.6,37,20.4,1003.1,1004.2,100,4,15,100,11.1,261,38.9,0.0,690.0,-1.8,-2.0,20.5,-3.5,42.9,272,25.0,235,68,2025-07-04 08:00:00+00:00
38.2,34,19.5,1001.8,1002.9,100,1,27,100,8.0,232,32.0,0.0,710.0,-2.0,-6.0,20.9,-3.0,34.4,264,25.7,233,71,2025-07-04 09:00:00+00:00
37.6,34,19.2,1001.2,1002.3,100,0,73,100,4.2,200,26.6,0.0,530.0,-2.7,-20.0,21.5,-3.0,29.1,256,25.7,233,74,2025-07-04 10:00:00+00:00
36.7,35,18.9,1001.2,1002.3,100,0,56,100,7.7,319,25.2,0.0,400.0,-3.4,-99.0,21.8,-3.0,28.5,253,25.0,235,82,2025-07-04 11:00:00+00:00
35.0,43,20.7,1001.5,1002.6,95,0,28,93,6.3,127,23.8,0.0,660.0,-3.7,-72.0,21.4,-3.5,28.5,262,29.7,256,76,2025-07-04 12:00:00+00:00
33.4,50,21.6,1003.3,1004.4,95,2,22,93,11.0,240,28.4,0.0,1180.0,-2.7,-78.0,21.7,-3.3,32.0,259,26.6,252,91,2025-07-04 13:00:00+00:00
32.3,53,21.5,1004.3,1005.4,100,0,31,100,6.3,268,23.4,0.0,2040.0,-3.2,-91.0,21.0,-3.5,33.9,264,27.7,252,92,2025-07-04 14:00:00+00:00
31.8,56,22.0,1005.2,1006.3,99,0,26,98,5.0,215,13.0,0.0,1120.0,-3.1,-62.0,21.4,-3.7,37.5,260,25.9,257,83,2025-07-04 15:00:00+00:00
30.9,58,21.8,1006.4,1007.5,100,0,88,100,8.9,277,17.6,0.1,660.0,-3.0,-51.0,21.2,-4.0,45.6,271,26.2,254,81,2025-07-04 16:00:00+00:00
29.9,63,22.2,1006.6,1007.7,100,10,44,100,9.6,266,24.1,0.0,740.0,-2.8,-47.0,20.5,-4.4,42.4,268,25.9,257,79,2025-07-04 17:00:00+00:00
29.2,66,22.3,1006.1,1007.2,100,2,6,100,0.9,79,19.4,0.0,860.0,-3.2,-49.0,20.6,-4.0,39.7,272,27.1,257,74,2025-07-04 18:00:00+00:00
28.8,72,23.3,1005.6,1006.7,100,1,2,100,4.5,166,9.0,0.0,810.0,-1.9,-58.0,20.6,-4.0,40.6,273,28.5,255,74,2025-07-04 19:00:00+00:00
28.6,76,23.9,1004.9,1006.0,100,0,1,100,5.1,228,10.1,0.0,820.0,-0.9,-84.0,20.9,-4.2,42.2,277,28.1,250,74,2025-07-04 20:00:00+00:00
28.4,75,23.5,1004.6,1005.7,98,0,0,98,8.2,232,15.8,0.0,680.0,-0.4,-119.0,20.8,-4.2,46.8,280,29.2,251,76,2025-07-04 21:00:00+00:00
28.9,64,21.5,1004.7,1005.8,100,0,1,100,11.8,258,24.8,0.0,450.0,-0.1,-156.0,20.8,-4.4,48.7,284,28.8,253,72,2025-07-04 22:00:00+00:00
28.8,61,20.6,1004.9,1006.0,100,0,0,100,11.8,257,24.8,0.0,180.0,0.0,-173.0,21.0,-4.4,49.4,284,28.5,255,69,2025-07-04 23:00:00+00:00
28.5,62,20.5,1005.2,1006.3,99,0,1,99,11.4,255,24.8,0.0,100.0,0.2,-220.0,21.0,-4.9,46.3,285,35.1,262,66,2025-07-05 00:00:00+00:00
28.9,63,21.2,1005.8,1006.9,100,0,2,100,12.1,247,26.6,0.0,50.0,0.6,-261.0,20.9,-4.9,50.5,287,33.0,260,67,2025-07-05 01:00:00+00:00
30.0,59,21.2,1006.1,1007.2,100,0,0,100,12.1,252,30.2,0.0,80.0,0.3,-263.0,20.8,-4.7,53.8,285,32.0,257,67,2025-07-05 02:00:00+00:00
31.3,55,21.3,1006.1,1007.2,100,0,8,100,13.4,253,30.6,0.0,170.0,0.0,-245.0,21.0,-4.7,55.6,283,30.9,257,66,2025-07-05 03:00:00+00:00
32.8,50,21.0,1005.7,1006.8,99,0,0,99,15.7,259,38.5,0.0,250.0,-0.3,-162.0,21.2,-4.4,57.0,281,31.8,259,68,2025-07-05 04:00:00+00:00
34.3,46,21.1,1005.3,1006.4,100,0,3,100,13.2,265,38.2,0.0,430.0,-0.5,-97.0,21.4,-4.0,58.1,279,31.8,259,70,2025-07-05 05:00:00+00:00
35.9,42,21.0,1004.5,1005.6,100,1,2,100,10.5,263,34.2,0.0,850.0,-1.2,-38.0,21.1,-4.2,53.6,275,32.8,262,71,2025-07-05 06:00:00+00:00
37.3,39,21.0,1003.4,1004.5,100,20,6,100,10.4,260,33.5,0.0,790.0,-2.1,-2.0,19.4,-4.0,49.2,271,34.1,260,72,2025-07-05 07:00:00+00:00
33.8,48,21.3,1003.4,1004.5,100,10,54,100,17.1,278,44.6,0.6,750.0,-2.5,-2.0,20.0,-3.7,35.4,263,35.3,260,69,2025-07-05 08:00:00+00:00
36.2,41,21.0,1002.0,1003.1,100,3,40,99,8.2,248,42.1,0.1,740.0,-1.8,-3.0,21.2,-3.5,33.6,261,37.5,263,69,2025-07-05 09:00:00+00:00
35.1,44,21.2,1001.4,1002.5,100,2,18,100,8.1,257,34.2,0.7,590.0,-2.5,-9.0,22.1,-3.3,32.1,255,37.5,263,79,2025-07-05 10:00:00+00:00
35.7,42,20.7,1001.0,1002.1,100,5,28,100,10.3,213,29.9,0.0,420.0,-3.0,-16.0,22.4,-3.0,30.9,262,37.3,266,82,2025-07-05 11:00:00+00:00
35.3,41,20.0,1001.2,1002.3,100,2,23,100,13.6,244,34.6,0.0,600.0,-2.8,-45.0,22.3,-3.7,35.1,271,38.4,268,88,2025-07-05 12:00:00+00:00
35.6,38,19.1,1001.9,1003.0,100,2,12,100,11.7,239,31.0,0.0,770.0,-3.0,-60.0,22.0,-3.3,42.4,268,36.0,270,93,2025-07-05 13:00:00+00:00
34.6,41,19.6,1002.8,1003.9,100,0,32,99,8.9,246,27.0,0.0,700.0,-3.5,-64.0,21.5,-3.7,41.5,273,34.8,268,81,2025-07-05 14:00:00+00:00
32.9,58,23.6,1003.7,1004.8,100,1,47,100,2.7,247,18.4,0.0,590.0,-3.3,-42.0,21.1,-3.5,43.3,271,33.7,266,86,2025-07-05 15:00:00+00:00
29.7,66,22.7,1005.6,1006.7,100,5,66,100,15.1,335,25.2,1.3,630.0,-2.2,-20.0,20.9,-3.5,40.1,268,33.8,264,83,2025-07-05 16:00:00+00:00
28.3,72,22.9,1005.6,1006.7,100,1,21,100,9.0,227,32.8,0.0,720.0,-1.2,-55.0,20.5,-3.5,42.0,267,33.8,264,81,2025-07-05 17:00:00+00:00
28.6,69,22.3,1005.4,1006.5,100,0,23,100,7.9,231,20.5,0.0,390.0,-1.7,-130.0,20.2,-3.5,49.9,275,30.0,268,86,2025-07-05 18:00:00+00:00
29.3,64,21.8,1004.8,1005.9,100,0,23,100,9.9,233,21.2,0.0,350.0,-1.8,-79.0,20.4,-3.3,57.9,280,31.2,268,82,2025-07-05 19:00:00+00:00
29.8,59,21.0,1004.1,1005.2,100,0,1,100,13.6,246,28.1,0.0,260.0,-1.8,-76.0,20.8,-3.0,56.8,282,28.8,268,74,2025-07-05 20:00:00+00:00
29.7,59,20.9,1003.7,1004.8,100,0,4,100,14.1,253,31.7,0.0,220.0,-1.5,-78.0,21.0,-2.8,64.5,283,30.0,268,73,2025-07-05 21:00:00+00:00
29.3,61,20.9,1003.8,1004.9,100,1,15,100,13.4,252,30.2,0.0,160.0,-0.9,-98.0,20.9,-2.8,68.8,283,30.0,268,71,2025-07-05 22:00:00+00:00
29.0,61,20.8,1003.7,1004.8,100,0,2,100,13.9,253,29.9,0.0,120.0,-0.3,-145.0,20.9,-2.8,68.0,284,30.1,265,66,2025-07-05 23:00:00+00:00
28.7,63,20.8,1003.7,1004.8,100,0,4,99,13.9,256,31.7,0.0,90.0,-0.1,-162.0,20.5,-3.5,67.6,282,40.9,267,70,2025-07-06 00:00:00+00:00
29.9,58,20.8,1004.3,1005.4,100,0,44,100,15.9,252,35.3,0.0,90.0,-0.1,-175.0,20.6,-3.5,68.0,282,43.3,267,68,2025-07-06 01:00:00+00:00
30.6,56,20.8,1004.7,1005.8,100,0,96,99,14.0,246,34.6,0.0,130.0,-0.5,-147.0,20.6,-3.5,67.6,282,45.6,268,67,2025-07-06 02:00:00+00:00
31.5,52,20.6,1004.8,1005.9,100,0,87,100,16.4,247,38.2,0.0,190.0,0.1,-139.0,20.6,-3.5,67.8,281,48.0,271,66,2025-07-06 03:00:00+00:00
32.9,47,20.2,1004.7,1005.8,100,0,79,100,17.0,250,43.2,0.0,280.0,0.1,-116.0,20.8,-3.5,68.7,279,51.8,275,63,2025-07-06 04:00:00+00:00
34.3,44,20.1,1004.5,1005.6,100,0,100,100,17.1,251,43.2,0.0,410.0,-0.4,-89.0,19.7,-3.7,60.9,275,58.2,278,62,2025-07-06 05:00:00+00:00
35.3,39,19.2,1003.7,1004.8,100,27,59,100,21.2,269,51.5,0.0,520.0,-1.2,-19.0,19.6,-4.2,56.7,274,58.0,277,60,2025-07-06 06:00:00+00:00
37.0,35,19.0,1002.3,1003.4,100,6,86,100,18.0,267,51.5,0.0,550.0,-1.8,-5.0,20.0,-4.0,43.4,267,60.4,277,67,2025-07-06 07:00:00+00:00
36.9,36,19.5,1001.7,1002.8,100,0,15,100,17.0,286,48.6,0.2,590.0,-2.3,-6.0,20.8,-4.0,33.9,259,60.8,279,84,2025-07-06 08:00:00+00:00
37.9,32,18.5,1000.9,1002.0,100,0,23,100,17.2,252,47.5,0.0,610.0,-2.2,-6.0,21.7,-3.7,32.6,258,59.8,280,83,2025-07-06 09:00:00+00:00
33.6,48,20.9,1001.7,1002.8,100,6,75,100,19.9,280,48.6,0.4,580.0,-2.1,-10.0,22.2,-3.5,33.7,261,56.0,280,93,2025-07-06 10:00:00+00:00
31.9,56,22.1,1001.8,1002.9,100,1,28,100,7.6,273,46.8,0.4,510.0,-2.7,-21.0,22.0,-3.3,35.3,263,50.9,278,91,2025-07-06 11:00:00+00:00
30.5,65,23.1,1002.7,1003.8,100,8,36,100,4.8,301,26.6,1.2,310.0,-2.3,-22.0,22.6,-4.0,39.2,268,51.1,279,86,2025-07-06 12:00:00+00:00
32.8,46,19.5,1001.6,1002.7,100,0,3,100,8.5,297,37.1,0.0,450.0,-1.6,-83.0,21.8,-3.7,36.1,254,46.4,280,87,2025-07-06 13:00:00+00:00
32.9,45,19.4,1002.2,1003.3,100,0,8,100,7.7,246,19.1,0.0,560.0,-1.6,-64.0,21.7,-3.7,38.1,255,45.0,279,84,2025-07-06 14:00:00+00:00
33.1,45,19.5,1002.8,1003.9,100,0,12,100,9.8,218,18.7,0.0,580.0,-1.7,-62.0,21.6,-3.7,44.0,264,42.4,278,84,2025-07-06 15:00:00+00:00
33.4,43,19.2,1003.5,1004.6,100,0,2,100,17.3,249,36.7,0.0,640.0,-1.6,-121.0,21.4,-3.7,45.1,268,41.4,280,79,2025-07-06 16:00:00+00:00
32.7,45,19.4,1004.2,1005.3,100,0,25,100,15.4,247,37.1,0.0,680.0,-1.3,-78.0,20.9,-3.7,43.7,269,40.5,282,83,2025-07-06 17:00:00+00:00
32.1,47,19.5,1003.9,1005.0,100,0,20,100,13.8,244,32.8,0.0,460.0,-0.8,-62.0,20.6,-4.0,43.0,274,38.7,277,77,2025-07-06 18:00:00+00:00
31.4,50,19.7,1003.7,1004.8,100,0,41,100,12.8,236,29.2,0.0,330.0,-1.0,-105.0,20.6,-3.7,50.4,280,39.9,277,79,2025-07-06 19:00:00+00:00
31.2,51,19.8,1003.3,1004.4,100,0,29,100,14.1,240,29.9,0.0,200.0,-0.9,-121.0,21.0,-3.7,55.5,280,41.0,275,71,2025-07-06 20:00:00+00:00
30.9,52,19.9,1003.1,1004.2,100,0,10,100,16.1,242,33.8,0.0,100.0,-0.9,-85.0,21.0,-3.7,64.4,280,41.0,275,71,2025-07-06 21:00:00+00:00
30.5,53,19.9,1003.0,1004.1,100,0,8,100,15.8,241,35.3,0.0,70.0,-0.8,-113.0,21.0,-3.7,67.6,282,42.3,277,69,2025-07-06 22:00:00+00:00
30.1,55,19.9,1003.3,1004.4,100,0,12,100,15.4,247,33.8,0.0,80.0,-0.4,-164.0,21.0,-3.7,68.8,283,43.8,279,66,2025-07-06 23:00:00+00:00
29.6,56,20.0,1003.6,1004.7,100,0,21,100,14.9,250,33.1,0.0,90.0,0.3,-195.0,21.0,-4.4,67.4,283,41.2,278,64,2025-07-07 00:00:00+00:00
30.3,51,19.1,1003.9,1005.0,100,0,10,100,17.3,243,37.4,0.0,80.0,0.0,-216.0,20.9,-4.4,68.0,282,43.8,279,62,2025-07-07 01:00:00+00:00
31.1,49,19.2,1004.2,1005.3,100,0,13,100,16.5,250,38.2,0.0,90.0,-0.3,-229.0,20.6,-4.4,68.8,281,46.2,279,60,2025-07-07 02:00:00+00:00
32.3,47,19.5,1004.6,1005.7,100,0,14,100,18.9,256,45.0,0.0,120.0,-0.3,-202.0,20.4,-4.0,71.2,282,44.8,278,61,2025-07-07 03:00:00+00:00
33.8,43,19.4,1004.6,1005.7,100,0,15,100,17.3,256,45.7,0.0,150.0,-0.2,-162.0,20.5,-3.7,72.2,284,43.5,276,62,2025-07-07 04:00:00+00:00
35.2,39,19.3,1004.1,1005.2,100,0,18,100,16.9,258,43.6,0.0,210.0,-0.2,-133.0,19.9,-3.7,75.2,281,44.5,275,63,2025-07-07 05:00:00+00:00
36.7,35,18.8,1003.5,1004.6,100,3,44,100,20.2,267,49.0,0.0,370.0,-0.4,-81.0,18.8,-4.0,52.2,276,43.3,275,63,2025-07-07 06:00:00+00:00
37.4,34,18.8,1002.6,1003.7,100,1,31,100,20.9,278,54.7,0.0,350.0,-0.5,-47.0,19.7,-3.7,41.5,269,43.3,273,63,2025-07-07 07:00:00+00:00
38.4,32,18.8,1001.7,1002.8,100,1,11,100,17.8,271,52.9,0.0,300.0,-0.6,-29.0,20.8,-3.3,39.2,271,43.2,270,62,2025-07-07 08:00:00+00:00
37.7,33,18.6,1001.2,1002.3,100,2,22,100,20.7,277,52.2,0.0,320.0,-0.9,-17.0,21.6,-2.8,37.9,273,43.2,268,66,2025-07-07 09:00:00+00:00
38.3,31,18.0,1000.4,1001.5,100,0,15,100,13.9,303,52.2,0.0,320.0,-1.1,-15.0,22.3,-2.8,35.1,273,44.4,268,71,2025-07-07 10:00:00+00:00
38.2,30,17.6,1000.3,1001.4,100,0,68,100,18.0,273,41.8,0.0,260.0,-2.3,-29.0,23.1,-2.8,33.3,272,44.4,268,82,2025-07-07 11:00:00+00:00
36.6,33,18.0,1000.8,1001.9,100,0,15,100,16.0,294,47.5,0.0,200.0,-3.4,-63.0,22.7,-3.5,33.3,267,44.5,273,77,2025-07-07 12:00:00+00:00
32.8,59,23.7,1001.7,1002.8,100,0,24,100,8.6,181,24.5,0.1,190.0,-2.5,-64.0,22.4,-3.5,32.6,263,40.8,268,83,2025-07-07 13:00:00+00:00
32.5,58,23.0,1002.3,1003.4,99,0,60,97,9.4,175,21.2,0.0,180.0,-1.5,-65.0,22.4,-3.0,36.1,260,37.4,264,82,2025-07-07 14:00:00+00:00
32.1,64,24.4,1003.0,1004.1,88,0,34,83,9.4,191,20.2,0.0,190.0,-2.1,-67.0,22.2,-2.8,40.8,259,35.1,262,82,2025-07-07 15:00:00+00:00
32.4,64,24.6,1003.4,1004.5,71,0,5,70,8.8,197,19.4,0.0,430.0,-1.0,-64.0,21.8,-2.6,39.9,263,34.1,260,77,2025-07-07 16:00:00+00:00
32.6,54,22.0,1004.1,1005.2,82,0,18,78,8.9,207,18.7,0.0,250.0,1.1,-130.0,21.4,-2.8,36.5,274,35.3,260,73,2025-07-07 17:00:00+00:00
32.1,49,20.1,1004.2,1005.3,51,0,9,46,8.0,226,18.0,0.0,310.0,1.0,-159.0,21.4,-3.7,35.7,287,38.4,270,63,2025-07-07 18:00:00+00:00
32.1,46,19.1,1003.6,1004.7,100,5,13,100,11.8,244,23.8,0.0,290.0,1.0,-186.0,21.1,-3.5,39.6,289,39.6,270,63,2025-07-07 19:00:00+00:00
32.0,46,19.0,1003.2,1004.3,100,0,0,100,14.1,253,29.5,0.0,220.0,1.3,-158.0,21.5,-3.5,44.3,290,40.8,270,60,2025-07-07 20:00:00+00:00
31.4,48,19.1,1003.1,1004.2,100,0,0,100,15.7,255,33.1,0.0,130.0,1.8,-175.0,21.4,-3.0,47.2,293,39.6,268,60,2025-07-07 21:00:00+00:00
30.6,51,19.3,1003.3,1004.4,100,0,6,100,14.5,256,33.1,0.0,50.0,1.7,-205.0,21.6,-3.0,46.3,294,39.6,268,60,2025-07-07 22:00:00+00:00
29.9,53,19.4,1003.4,1004.5,100,0,0,100,13.4,256,30.2,0.0,20.0,1.7,-332.0,21.6,-2.6,46.3,294,37.2,268,57,2025-07-07 23:00:00+00:00
29.4,55,19.6,1003.9,1005.0,100,0,0,100,13.3,257,28.4,0.0,30.0,1.7,-322.0,21.1,-2.8,52.6,295,46.2,261,49,2025-07-08 00:00:00+00:00
30.1,55,20.0,1004.6,1005.7,87,0,1,87,12.6,257,28.4,0.0,30.0,1.4,-222.0,21.1,-2.6,53.1,293,45.0,261,50,2025-07-08 01:00:00+00:00
31.2,52,20.2,1005.1,1006.2,7,0,1,7,13.9,260,32.8,0.0,40.0,1.3,-219.0,21.0,-2.3,56.4,292,42.4,262,52,2025-07-08 02:00:00+00:00
32.7,48,20.3,1005.2,1006.3,0,0,0,0,16.4,271,40.3,0.0,70.0,1.4,-179.0,20.9,-2.1,58.8,290,41.1,263,53,2025-07-08 03:00:00+00:00
34.5,42,19.9,1004.8,1005.9,21,0,0,21,16.7,276,42.1,0.0,90.0,1.7,-169.0,21.0,-1.9,59.1,288,39.8,265,51,2025-07-08 04:00:00+00:00
36.2,38,19.6,1004.2,1005.3,64,0,0,64,16.7,277,43.2,0.0,150.0,1.4,-191.0,21.0,-1.6,64.2,287,38.4,268,49,2025-07-08 05:00:00+00:00
37.8,34,19.4,1003.4,1004.5,92,0,0,92,15.2,284,46.1,0.0,340.0,1.2,-133.0,19.1,-1.4,40.4,277,37.4,264,50,2025-07-08 06:00:00+00:00
39.3,31,19.3,1002.5,1003.6,61,5,7,58,13.7,298,43.9,0.0,400.0,1.1,-75.0,19.9,-1.4,36.0,271,38.4,270,54,2025-07-08 07:00:00+00:00
40.0,30,19.4,1001.4,1002.5,88,0,30,83,9.3,324,40.0,0.0,410.0,0.8,-61.0,21.1,-1.4,31.5,268,38.4,272,60,2025-07-08 08:00:00+00:00
37.8,37,20.6,1000.6,1001.7,100,0,99,69,10.3,96,38.2,0.0,430.0,0.3,-43.0,22.2,-1.6,30.2,265,39.7,273,83,2025-07-08 09:00:00+00:00
33.8,58,24.3,1000.3,1001.4,100,0,99,70,20.5,128,54.4,0.3,500.0,-0.9,-42.0,23.2,-2.6,29.8,263,40.1,279,86,2025-07-08 10:00:00+00:00
32.5,63,24.5,1000.3,1001.4,82,0,67,47,22.1,141,51.1,0.1,530.0,-1.9,-82.0,23.4,-3.5,33.1,262,39.9,277,90,2025-07-08 11:00:00+00:00
31.6,62,23.4,1000.7,1001.8,57,0,53,8,15.0,142,51.1,0.4,1970.0,-3.0,-99.0,23.4,-3.7,35.8,277,43.6,278,98,2025-07-08 12:00:00+00:00
31.2,67,24.4,1002.3,1003.4,49,0,48,2,18.8,153,41.0,0.1,1880.0,-2.9,-49.0,22.2,-4.0,35.2,275,40.1,279,89,2025-07-08 13:00:00+00:00
30.5,70,24.5,1003.9,1005.0,98,0,98,1,14.2,171,41.4,0.1,1560.0,-3.4,-61.0,22.0,-4.2,34.3,275,33.8,276,87,2025-07-08 14:00:00+00:00
30.8,71,25.1,1004.8,1005.9,47,0,44,10,10.2,187,30.2,0.2,1770.0,-3.1,-79.0,21.5,-4.2,34.7,268,30.0,270,87,2025-07-08 15:00:00+00:00
31.2,65,23.9,1005.6,1006.7,34,0,30,13,9.5,207,22.7,0.1,1780.0,-2.1,-99.0,21.2,-4.2,38.0,264,28.8,268,88,2025-07-08 16:00:00+00:00
28.3,65,21.2,1006.8,1007.9,95,0,78,79,18.8,236,46.4,0.0,1260.0,-2.3,-55.0,21.4,-4.7,43.4,266,28.8,272,86,2025-07-08 17:00:00+00:00
27.9,69,21.7,1006.6,1007.7,100,0,37,100,15.2,216,40.3,0.0,1460.0,-2.5,-43.0,20.9,-4.7,46.5,268,32.8,278,82,2025-07-08 18:00:00+00:00
27.9,70,21.9,1005.7,1006.8,99,0,12,98,10.5,204,25.6,0.0,1970.0,-2.6,-30.0,20.4,-4.9,46.9,271,30.4,279,79,2025-07-08 19:00:00+00:00
27.9,67,21.3,1004.9,1006.0,82,0,3,82,9.4,235,22.7,0.0,1900.0,-1.0,-39.0,19.8,-5.1,43.0,274,31.4,277,79,2025-07-08 20:00:00+00:00
27.9,68,21.4,1004.4,1005.5,71,0,6,69,8.9,242,19.8,0.0,1660.0,1.2,-71.0,19.7,-5.4,37.8,279,29.2,279,73,2025-07-08 21:00:00+00:00
27.9,68,21.5,1004.2,1005.3,98,0,1,98,8.6,250,18.7,0.0,1070.0,2.4,-116.0,20.4,-5.6,40.5,278,27.4,285,70,2025-07-08 22:00:00+00:00
27.7,68,21.4,1004.6,1005.7,77,0,0,77,8.1,253,17.6,0.0,200.0,2.5,-148.0,20.6,-5.6,45.8,280,24.3,290,69,2025-07-08 23:00:00+00:00
27.7,68,21.2,1004.7,1005.8,96,0,0,96,8.8,250,18.0,0.0,300.0,2.0,-175.0,21.1,-5.4,49.3,291,28.2,282,68,2025-07-09 00:00:00+00:00
27.4,78,23.2,1004.6,1005.7,99,0,10,99,7.3,224,14.8,0.0,110.0,1.9,-217.0,21.1,-5.1,48.7,292,27.1,283,66,2025-07-09 01:00:00+00:00
28.9,72,23.3,1005.2,1006.3,100,0,9,100,6.5,214,15.1,0.0,100.0,0.8,-176.0,21.1,-5.1,47.8,292,25.7,281,63,2025-07-09 02:00:00+00:00
31.0,60,22.2,1005.6,1006.7,100,0,1,100,8.5,232,21.6,0.0,120.0,0.7,-163.0,21.0,-5.1,48.2,293,23.1,279,60,2025-07-09 03:00:00+00:00
32.7,50,21.0,1005.7,1006.8,100,0,1,100,12.7,259,31.3,0.0,140.0,0.8,-109.0,21.0,-4.9,50.2,295,19.2,274,61,2025-07-09 04:00:00+00:00
34.2,45,20.7,1005.4,1006.5,100,0,0,100,12.3,266,32.4,0.0,320.0,0.6,-65.0,21.4,-4.9,51.0,294,18.0,266,60,2025-07-09 05:00:00+00:00
35.8,41,20.5,1004.7,1005.8,100,0,1,100,12.1,272,32.8,0.0,500.0,-0.4,-59.0,21.4,-5.4,52.6,296,19.3,277,60,2025-07-09 06:00:00+00:00
37.1,38,20.2,1003.6,1004.7,100,4,1,100,9.2,277,36.7,0.0,530.0,-1.0,-36.0,20.2,-4.9,30.3,277,18.2,278,63,2025-07-09 07:00:00+00:00
37.5,36,19.9,1002.5,1003.6,100,2,25,100,5.0,255,30.2,0.0,460.0,-0.7,-38.0,21.0,-4.4,25.6,274,18.0,274,70,2025-07-09 08:00:00+00:00
37.4,35,19.2,1001.4,1002.5,100,0,25,100,4.9,163,23.4,0.0,350.0,-1.1,-37.0,21.8,-4.0,26.0,270,16.8,274,76,2025-07-09 09:00:00+00:00
36.3,44,22.1,1000.5,1001.6,100,0,26,100,7.1,146,28.1,0.2,270.0,-1.2,-84.0,22.6,-3.7,27.3,270,13.3,275,77,2025-07-09 10:00:00+00:00
35.3,54,24.5,1000.3,1001.4,96,0,48,93,10.1,136,31.3,0.2,420.0,-1.3,-144.0,23.1,-4.0,29.6,271,12.0,270,79,2025-07-09 11:00:00+00:00
33.3,65,25.9,1000.4,1001.5,99,0,73,98,7.0,108,31.3,1.8,480.0,-2.4,-114.0,23.4,-3.7,28.0,277,10.3,249,79,2025-07-09 12:00:00+00:00
33.8,49,21.7,1001.6,1002.7,100,0,24,100,8.2,140,16.9,0.1,1900.0,-3.4,-100.0,23.7,-4.0,31.6,276,9.1,247,84,2025-07-09 13:00:00+00:00
32.0,64,24.4,1002.5,1003.6,100,0,44,100,7.7,149,17.3,0.0,1650.0,-3.4,-96.0,23.5,-4.0,35.5,271,8.5,225,96,2025-07-09 14:00:00+00:00
31.7,66,24.4,1003.3,1004.4,100,0,58,100,11.9,186,24.5,0.0,1640.0,-3.2,-84.0,22.9,-3.7,38.7,269,7.7,219,89,2025-07-09 15:00:00+00:00
31.1,65,23.7,1004.3,1005.4,100,0,56,100,11.3,181,24.1,0.0,1890.0,-3.7,-70.0,22.1,-3.5,37.1,276,8.5,225,89,2025-07-09 16:00:00+00:00
30.5,63,22.6,1005.0,1006.1,79,0,72,25,10.4,224,24.1,0.2,1600.0,-4.4,-62.0,21.5,-3.7,35.2,280,12.0,233,83,2025-07-09 17:00:00+00:00
30.2,60,21.4,1004.7,1005.8,80,0,24,74,11.2,220,21.6,0.0,1140.0,-4.9,-53.0,21.5,-4.0,38.9,286,14.6,235,81,2025-07-09 18:00:00+00:00
29.4,62,21.4,1004.4,1005.5,5,0,1,4,12.0,226,24.8,0.0,1060.0,-4.1,-42.0,21.2,-4.2,44.7,287,13.7,232,87,2025-07-09 19:00:00+00:00
28.9,67,22.0,1004.0,1005.1,8,0,7,2,11.0,220,24.1,0.0,1620.0,-2.8,-45.0,20.9,-4.4,42.2,288,17.1,231,81,2025-07-09 20:00:00+00:00
28.5,70,22.4,1003.6,1004.7,63,0,6,61,10.4,226,22.0,0.0,1800.0,-1.1,-133.0,20.9,-4.4,41.7,290,15.4,231,79,2025-07-09 21:00:00+00:00
28.2,70,22.3,1003.5,1004.6,40,0,10,34,9.1,234,20.9,0.0,1600.0,-1.0,-127.0,20.8,-4.4,40.1,291,15.6,238,76,2025-07-09 22:00:00+00:00
27.9,71,22.1,1003.9,1005.0,20,0,18,2,8.6,244,18.7,0.0,1030.0,-0.2,-56.0,20.8,-4.4,39.7,292,15.6,238,76,2025-07-09 23:00:00+00:00
27.9,68,21.6,1004.4,1005.5,15,0,9,6,9.5,249,19.1,0.0,620.0,0.6,0.0,20.8,-4.7,40.5,293,16.7,249,72,2025-07-10 00:00:00+00:00
29.7,61,21.4,1004.5,1005.6,76,0,27,67,12.4,251,27.0,0.0,430.0,0.3,0.0,20.6,-4.9,43.4,295,16.3,253,70,2025-07-10 01:00:00+00:00
30.8,57,21.3,1005.0,1006.1,77,0,13,74,11.8,253,27.7,0.0,360.0,-0.5,-68.0,20.8,-4.9,43.6,296,16.0,257,72,2025-07-10 02:00:00+00:00
32.1,52,21.0,1005.1,1006.2,33,0,6,29,12.8,271,33.1,0.0,350.0,-0.9,-52.0,20.8,-4.9,45.5,294,15.8,261,68,2025-07-10 03:00:00+00:00
33.5,47,20.8,1005.0,1006.1,99,0,12,99,11.4,282,32.8,0.0,410.0,-1.2,-138.0,20.9,-4.9,46.0,291,15.8,261,62,2025-07-10 04:00:00+00:00
34.7,44,20.8,1004.8,1005.9,99,24,10,98,11.8,290,32.0,0.0,520.0,-1.4,-72.0,21.1,-4.7,49.0,290,16.0,257,59,2025-07-10 05:00:00+00:00
35.8,40,20.2,1004.4,1005.5,100,3,21,100,14.4,298,38.9,0.1,720.0,-1.1,-18.0,20.2,-4.2,42.7,293,14.4,275,58,2025-07-10 06:00:00+00:00
36.3,39,20.3,1003.6,1004.7,100,7,24,100,9.9,314,38.9,0.1,680.0,-0.8,-17.0,20.2,-4.0,26.4,280,14.4,275,62,2025-07-10 07:00:00+00:00
36.5,38,19.9,1002.5,1003.6,99,9,30,98,1.1,81,28.8,0.2,640.0,-1.5,-15.0,20.9,-3.3,24.0,280,13.7,285,68,2025-07-10 08:00:00+00:00
34.7,47,21.7,1001.6,1002.7,99,9,58,96,10.8,128,33.8,0.3,530.0,-1.7,-42.0,21.5,-3.3,23.4,276,16.3,287,69,2025-07-10 09:00:00+00:00
32.9,55,22.6,1000.7,1001.8,75,9,38,58,18.4,149,46.1,0.1,480.0,-1.9,-93.0,22.1,-3.3,23.2,271,11.4,288,77,2025-07-10 10:00:00+00:00
32.2,54,21.8,1000.5,1001.6,88,2,34,82,15.6,157,46.4,0.2,1180.0,-2.2,-134.0,22.6,-3.3,28.7,269,8.7,286,87,2025-07-10 11:00:00+00:00
32.1,57,22.7,1000.9,1002.0,40,0,29,15,8.8,175,37.4,0.1,2380.0,-3.5,-87.0,21.8,-2.8,26.9,281,9.1,293,82,2025-07-10 12:00:00+00:00
30.9,71,25.0,1001.5,1002.6,44,0,28,22,11.1,133,31.3,0.1,1930.0,-3.4,-89.0,22.1,-2.8,26.5,275,5.4,297,79,2025-07-10 13:00:00+00:00
30.2,69,23.9,1002.3,1003.4,36,0,30,9,13.2,154,30.2,0.0,1740.0,-3.9,-84.0,22.2,-3.3,24.7,282,6.0,323,84,2025-07-10 14:00:00+00:00
30.1,74,25.0,1003.1,1004.2,51,0,49,4,13.2,163,29.2,0.0,1900.0,-4.1,-72.0,22.2,-4.0,23.2,280,3.8,342,82,2025-07-10 15:00:00+00:00
30.0,76,25.3,1004.0,1005.1,87,0,86,6,12.0,167,28.1,0.0,1890.0,-4.6,-74.0,22.2,-4.2,25.1,274,3.4,315,88,2025-07-10 16:00:00+00:00
30.1,74,24.9,1004.6,1005.7,87,0,72,54,12.1,182,25.9,0.0,1980.0,-5.2,-80.0,22.2,-4.2,27.9,276,3.8,288,89,2025-07-10 17:00:00+00:00
29.9,74,24.8,1004.5,1005.6,89,0,31,84,13.2,194,28.1,0.0,2340.0,-5.6,-77.0,21.6,-4.0,27.4,281,7.7,321,92,2025-07-10 18:00:00+00:00
29.6,73,24.3,1003.8,1004.9,73,0,73,0,12.9,198,28.1,0.0,2500.0,-5.4,-64.0,21.0,-4.2,27.8,280,8.7,326,94,2025-07-10 19:00:00+00:00
29.3,74,24.1,1002.8,1003.9,95,3,95,0,12.4,210,27.0,0.0,2570.0,-5.2,-45.0,20.8,-4.2,26.3,279,8.5,315,84,2025-07-10 20:00:00+00:00
29.3,69,23.1,1002.3,1003.4,55,0,55,0,12.3,232,26.3,0.0,2410.0,-4.8,-36.0,20.4,-4.2,31.4,279,9.4,310,87,2025-07-10 21:00:00+00:00
29.3,64,21.8,1001.8,1002.9,22,0,22,0,12.7,247,27.0,0.0,2220.0,-3.6,-47.0,20.0,-4.4,36.0,279,10.3,306,83,2025-07-10 22:00:00+00:00
29.1,62,21.2,1002.3,1003.4,3,0,3,0,13.5,254,28.1,0.0,1780.0,-3.3,-67.0,20.0,-4.2,36.3,277,8.7,304,78,2025-07-10 23:00:00+00:00
28.9,63,21.2,1002.6,1003.7,1,0,1,0,12.9,254,28.1,0.0,1650.0,-3.1,-61.0,20.3,-3.7,28.0,286,5.4,333,78,2025-07-11 00:00:00+00:00
29.9,65,22.5,1003.1,1004.2,3,0,2,1,12.1,264,26.6,0.0,1390.0,-2.4,-61.0,20.3,-4.0,27.3,285,3.8,342,79,2025-07-11 01:00:00+00:00
31.3,56,21.6,1003.6,1004.7,27,0,3,25,13.9,270,31.3,0.0,950.0,-1.9,-48.0,20.4,-3.7,26.0,285,3.8,342,78,2025-07-11 02:00:00+00:00
32.6,50,20.8,1003.9,1005.0,57,0,3,56,15.3,285,38.2,0.0,510.0,-2.0,-30.0,20.4,-4.0,24.7,286,2.4,360,77,2025-07-11 03:00:00+00:00
34.0,45,20.3,1004.1,1005.2,13,0,5,8,14.1,289,38.2,0.0,270.0,-2.3,-14.0,20.4,-4.0,24.5,288,1.2,360,77,2025-07-11 04:00:00+00:00
35.6,40,19.9,1003.9,1005.0,36,0,0,36,13.2,290,37.1,0.0,310.0,-2.3,-1.0,20.5,-3.7,24.4,287,1.2,360,80,2025-07-11 05:00:00+00:00
36.8,38,20.0,1003.3,1004.4,46,5,7,40,12.1,297,37.1,0.0,600.0,-3.0,-1.0,20.6,-4.0,25.2,290,6.1,349,79,2025-07-11 06:00:00+00:00
37.6,36,20.0,1002.6,1003.7,29,8,14,14,8.4,301,34.9,0.0,600.0,-3.2,-10.0,20.6,-3.7,30.3,288,4.9,346,77,2025-07-11 07:00:00+00:00
37.6,36,19.9,1001.9,1003.0,83,10,30,76,2.6,102,28.8,0.0,590.0,-2.8,-27.0,20.5,-3.7,21.0,274,3.8,342,78,2025-07-11 08:00:00+00:00
34.1,49,22.0,1001.2,1002.3,87,4,81,32,15.6,126,41.8,0.3,530.0,-3.0,-54.0,21.0,-3.7,17.8,267,2.7,333,81,2025-07-11 09:00:00+00:00
33.2,49,21.2,1000.3,1001.4,72,0,19,66,12.2,147,43.2,0.1,610.0,-3.6,-42.0,21.6,-3.7,19.7,263,2.7,333,79,2025-07-11 10:00:00+00:00
34.1,51,22.6,999.7,1000.8,40,0,25,20,15.2,146,38.2,0.0,820.0,-4.2,-41.0,22.2,-3.7,26.9,268,4.3,304,92,2025-07-11 11:00:00+00:00
32.1,62,23.8,1000.2,1001.3,38,0,24,19,15.0,157,41.8,0.0,2640.0,-4.2,-41.0,22.9,-3.5,26.5,267,3.6,360,84,2025-07-11 12:00:00+00:00
31.9,61,23.5,1001.2,1002.3,52,0,12,47,12.4,126,28.8,0.0,1850.0,-4.5,-65.0,22.8,-3.5,26.5,259,2.7,333,83,2025-07-11 13:00:00+00:00
30.9,63,23.1,1002.0,1003.1,62,0,18,55,14.2,150,32.4,0.0,2030.0,-4.6,-77.0,22.9,-3.7,26.7,262,2.7,333,88,2025-07-11 14:00:00+00:00
30.5,76,25.7,1003.3,1004.4,67,0,40,46,14.2,159,31.7,0.0,2550.0,-4.4,-71.0,21.7,-3.3,25.7,247,4.3,34,86,2025-07-11 15:00:00+00:00
28.5,83,25.4,1005.0,1006.1,67,6,37,46,10.4,171,32.8,5.4,1870.0,-3.9,-69.0,21.4,-3.3,27.0,258,4.8,360,83,2025-07-11 16:00:00+00:00
28.9,89,26.9,1005.2,1006.3,35,0,18,22,11.3,158,22.7,0.1,890.0,-4.2,-46.0,21.6,-3.5,29.6,268,2.4,360,90,2025-07-11 17:00:00+00:00
29.0,88,26.9,1005.1,1006.2,34,0,1,33,7.2,183,22.7,0.0,820.0,-4.5,-38.0,21.4,-4.0,32.8,272,2.7,27,96,2025-07-11 18:00:00+00:00
28.9,85,26.1,1004.6,1005.7,27,0,23,5,9.7,252,19.4,0.0,710.0,-5.4,-33.0,20.4,-4.2,42.6,276,2.7,333,92,2025-07-11 19:00:00+00:00
28.2,76,23.6,1003.9,1005.0,37,0,37,0,10.6,279,23.0,0.0,980.0,-5.7,-32.0,20.0,-4.4,44.3,273,1.2,270,84,2025-07-11 20:00:00+00:00
27.7,76,23.1,1003.6,1004.7,84,1,74,42,10.1,270,21.6,0.0,1450.0,-5.8,-32.0,20.2,-4.4,43.5,280,1.2,180,81,2025-07-11 21:00:00+00:00
27.5,76,22.9,1003.2,1004.3,76,1,60,40,10.1,254,21.2,0.0,1620.0,-4.3,-46.0,20.3,-4.4,42.7,288,1.2,90,83,2025-07-11 22:00:00+00:00
27.4,76,22.9,1003.5,1004.6,62,1,34,41,10.0,262,20.9,0.0,1570.0,-2.6,-69.0,20.5,-4.2,44.0,289,2.4,90,81,2025-07-11 23:00:00+00:00
27.5,76,22.9,1003.9,1005.0,92,0,18,90,10.3,257,20.9,0.0,1610.0,-1.5,-111.0,20.3,-4.4,37.9,294,7.0,301,82,2025-07-12 00:00:00+00:00
28.4,77,24.0,1003.9,1005.0,90,0,8,89,11.9,239,25.2,0.0,1020.0,-1.3,-108.0,20.3,-4.4,39.5,296,3.4,315,80,2025-07-12 01:00:00+00:00
29.6,72,24.1,1004.3,1005.4,34,0,29,8,11.6,246,26.6,0.0,640.0,-1.3,-76.0,20.3,-4.2,39.6,299,3.4,315,76,2025-07-12 02:00:00+00:00
31.5,59,22.6,1004.5,1005.6,53,0,22,41,14.3,264,33.8,0.0,420.0,-1.2,-37.0,20.3,-4.2,41.9,301,3.4,315,79,2025-07-12 03:00:00+00:00
32.8,52,21.6,1004.4,1005.5,46,0,6,42,16.7,282,41.0,0.0,380.0,-1.3,-24.0,20.5,-4.0,42.3,300,2.7,333,77,2025-07-12 04:00:00+00:00
34.4,46,21.2,1004.1,1005.2,41,1,1,41,16.7,286,42.1,0.0,530.0,-1.3,-8.0,20.6,-4.0,45.2,301,3.4,315,77,2025-07-12 05:00:00+00:00
35.6,42,20.9,1003.5,1004.6,86,0,8,85,15.6,296,42.5,0.0,540.0,-1.6,-3.0,20.3,-3.7,44.5,301,5.4,297,76,2025-07-12 06:00:00+00:00
36.6,39,20.5,1002.6,1003.7,43,2,13,34,13.8,303,41.8,0.0,600.0,-2.5,-7.0,20.2,-3.7,27.8,291,7.6,288,80,2025-07-12 07:00:00+00:00
37.7,36,20.2,1001.9,1003.0,45,3,16,35,11.7,308,38.2,0.0,670.0,-2.3,-12.0,21.0,-3.7,22.2,289,9.1,293,81,2025-07-12 08:00:00+00:00
37.5,36,20.0,1001.0,1002.1,85,2,55,67,5.9,342,33.8,0.0,740.0,-2.2,-20.0,21.7,-3.7,21.3,286,9.7,300,78,2025-07-12 09:00:00+00:00
36.2,42,21.2,1000.2,1001.3,99,0,88,96,8.6,123,24.5,0.0,820.0,-2.4,-37.0,22.4,-3.7,22.3,282,9.7,300,81,2025-07-12 10:00:00+00:00
26.2,88,24.1,1002.8,1003.9,98,44,76,89,20.9,246,52.6,14.2,1280.0,-3.2,-65.0,22.4,-3.7,25.1,282,10.3,306,84,2025-07-12 11:00:00+00:00
26.6,89,24.7,1002.8,1003.9,100,1,97,98,8.6,307,41.8,7.9,1420.0,-3.5,-55.0,21.6,-4.0,24.3,283,8.7,326,91,2025-07-12 12:00:00+00:00
30.8,66,23.7,1003.0,1004.1,92,0,22,89,7.7,249,18.0,0.0,1840.0,-3.6,-66.0,21.5,-4.4,26.1,286,7.7,321,83,2025-07-12 13:00:00+00:00
29.4,73,24.2,1003.2,1004.3,97,0,19,96,4.9,237,15.8,0.0,1290.0,-4.6,-47.0,21.4,-4.7,27.9,285,7.0,329,81,2025-07-12 14:00:00+00:00
29.0,76,24.4,1004.0,1005.1,97,0,6,97,2.8,235,10.8,0.0,940.0,-4.6,-41.0,21.4,-4.9,25.7,282,8.5,315,79,2025-07-12 15:00:00+00:00
28.3,78,24.1,1004.8,1005.9,100,0,3,100,6.3,215,13.0,0.0,580.0,-5.1,-40.0,21.6,-4.9,26.9,272,9.4,320,72,2025-07-12 16:00:00+00:00
27.9,78,23.8,1004.9,1006.0,100,0,8,100,6.4,232,13.0,0.0,560.0,-4.7,-36.0,21.5,-4.9,31.9,270,12.0,323,77,2025-07-12 17:00:00+00:00
27.7,78,23.6,1004.8,1005.9,100,0,6,100,8.0,245,15.8,0.0,740.0,-3.7,-36.0,21.4,-4.4,31.2,277,9.1,337,74,2025-07-12 18:00:00+00:00
27.5,79,23.5,1004.3,1005.4,100,0,1,100,9.1,256,18.4,0.0,830.0,-2.1,-54.0,21.7,-4.4,31.1,275,8.0,333,74,2025-07-12 19:00:00+00:00
27.5,79,23.5,1003.6,1004.7,100,1,3,100,10.4,262,20.5,0.0,770.0,-0.5,-84.0,21.4,-4.4,35.7,275,7.7,321,74,2025-07-12 20:00:00+00:00
27.4,78,23.3,1003.1,1004.2,100,0,1,100,9.9,249,21.2,0.0,540.0,-0.3,-33.0,21.0,-4.7,39.8,280,6.8,315,74,2025-07-12 21:00:00+00:00
27.5,76,22.8,1003.2,1004.3,100,0,22,100,9.7,241,19.8,0.0,280.0,-0.3,-23.0,20.9,-4.4,41.1,285,6.8,315,74,2025-07-12 22:00:00+00:00
27.4,73,22.2,1003.1,1004.2,100,1,15,100,10.1,243,20.2,0.0,170.0,-0.4,-104.0,20.9,-4.4,39.0,293,6.8,315,73,2025-07-12 23:00:00+00:00
27.1,73,21.8,1003.7,1004.8,100,3,26,100,10.4,249,20.9,0.0,270.0,0.3,-57.0,20.3,-4.4,37.7,297,5.4,297,76,2025-07-13 00:00:00+00:00
28.5,66,21.6,1004.3,1005.4,100,0,4,100,12.8,260,27.7,0.0,210.0,0.3,0.0,20.4,-4.4,34.7,300,4.9,284,77,2025-07-13 01:00:00+00:00
29.2,66,22.2,1004.9,1006.0,100,1,2,100,12.7,263,28.1,0.0,200.0,-0.1,-61.0,20.4,-4.2,31.7,302,4.3,304,77,2025-07-13 02:00:00+00:00
30.2,65,23.0,1004.9,1006.0,100,0,1,100,11.7,269,28.4,0.0,150.0,-0.5,-52.0,20.4,-4.0,30.7,302,3.8,288,76,2025-07-13 03:00:00+00:00
31.4,61,22.9,1005.1,1006.2,100,0,12,100,12.8,279,30.6,0.0,150.0,-0.7,-32.0,20.5,-3.7,31.3,301,3.8,288,76,2025-07-13 04:00:00+00:00
32.5,58,23.1,1004.9,1006.0,100,0,32,100,12.2,279,30.6,0.0,220.0,-0.6,-24.0,20.6,-4.0,33.2,299,6.5,292,77,2025-07-13 05:00:00+00:00
33.4,55,23.2,1004.6,1005.7,100,1,29,100,11.3,290,30.2,0.0,350.0,-0.7,-39.0,21.0,-3.7,33.7,300,3.6,270,74,2025-07-13 06:00:00+00:00
34.3,52,22.9,1003.6,1004.7,100,0,4,100,9.4,300,32.0,0.0,350.0,-1.0,-11.0,20.5,-3.7,37.3,298,4.9,256,80,2025-07-13 07:00:00+00:00
35.1,50,23.0,1002.6,1003.7,100,4,22,100,8.6,307,28.1,0.0,350.0,-1.6,-8.0,20.6,-3.5,23.9,288,5.4,243,74,2025-07-13 08:00:00+00:00
34.6,49,22.3,1001.4,1002.5,100,9,44,100,3.8,262,26.3,0.0,330.0,-1.9,-16.0,21.2,-3.5,22.0,283,7.2,270,78,2025-07-13 09:00:00+00:00
32.4,63,24.4,1000.6,1001.7,100,1,34,100,10.0,128,24.8,0.3,290.0,-2.5,-21.0,21.7,-3.5,20.6,275,7.3,261,82,2025-07-13 10:00:00+00:00
29.7,72,24.2,1002.1,1003.2,100,1,48,100,11.1,227,32.4,0.4,250.0,-2.7,-36.0,22.1,-3.3,22.8,271,6.0,270,83,2025-07-13 11:00:00+00:00
29.3,73,23.9,1001.9,1003.0,100,0,34,100,7.9,197,24.1,0.1,1480.0,-3.2,-44.0,22.1,-3.3,24.4,279,7.6,252,83,2025-07-13 12:00:00+00:00
29.1,77,24.7,1002.5,1003.6,100,0,21,100,9.4,192,19.4,0.0,1730.0,-3.1,-73.0,22.1,-3.5,25.3,278,6.0,233,79,2025-07-13 13:00:00+00:00
28.9,75,24.1,1003.6,1004.7,100,0,20,100,8.3,182,19.4,0.0,1250.0,-3.7,-52.0,22.0,-3.5,24.2,274,4.3,214,83,2025-07-13 14:00:00+00:00
28.6,77,24.2,1004.4,1005.5,100,0,27,100,8.7,194,18.0,0.0,1280.0,-3.4,-42.0,21.6,-3.5,26.9,269,1.7,225,90,2025-07-13 15:00:00+00:00
28.2,77,23.7,1004.8,1005.9,100,0,8,100,9.0,213,18.0,0.0,1160.0,-3.6,-53.0,21.4,-3.5,30.5,270,7.0,211,81,2025-07-13 16:00:00+00:00
28.0,76,23.4,1005.0,1006.1,100,0,17,100,8.4,222,18.7,0.0,880.0,-3.2,-50.0,21.5,-3.7,32.4,272,4.9,256,82,2025-07-13 17:00:00+00:00
27.9,75,23.0,1005.3,1006.4,100,0,23,100,13.2,233,29.2,0.0,540.0,-3.0,-48.0,20.8,-4.2,36.5,271,11.8,246,80,2025-07-13 18:00:00+00:00
27.1,75,22.3,1005.0,1006.1,100,2,47,100,13.4,228,28.1,0.0,500.0,-2.7,-41.0,20.8,-4.2,40.2,275,11.8,246,77,2025-07-13 19:00:00+00:00
26.5,79,22.5,1004.6,1005.7,100,0,51,100,10.7,225,27.7,0.0,510.0,-1.9,-45.0,21.0,-4.2,41.4,281,12.4,241,76,2025-07-13 20:00:00+00:00
26.3,80,22.7,1004.0,1005.1,100,0,38,100,9.8,229,22.0,0.0,590.0,-2.3,-46.0,20.9,-4.2,40.2,283,12.0,233,73,2025-07-13 21:00:00+00:00
26.1,82,22.7,1003.8,1004.9,100,0,35,100,9.9,235,20.5,0.0,550.0,-2.0,-71.0,20.9,-4.2,42.5,287,12.0,233,79,2025-07-13 22:00:00+00:00
26.3,81,22.8,1003.7,1004.8,100,0,100,100,10.7,240,21.6,0.0,360.0,-1.4,-106.0,21.0,-4.4,43.5,293,12.0,233,80,2025-07-13 23:00:00+00:00
26.6,79,22.8,1003.7,1004.8,100,0,100,100,10.4,247,22.7,0.0,310.0,-1.4,-129.0,21.1,-4.4,36.3,298,12.2,259,77,2025-07-14 00:00:00+00:00
28.1,74,23.0,1004.3,1005.4,100,0,0,100,9.0,254,18.4,0.0,210.0,-1.4,-122.0,21.0,-4.4,38.0,300,12.2,259,74,2025-07-14 01:00:00+00:00
29.1,72,23.6,1004.9,1006.0,100,0,0,100,7.9,249,18.7,0.0,170.0,-0.8,-100.0,20.9,-4.7,39.8,300,12.1,264,73,2025-07-14 02:00:00+00:00
30.7,64,23.2,1005.1,1006.2,100,0,0,100,10.0,262,23.8,0.0,180.0,-0.6,-73.0,20.9,-4.4,42.6,297,10.9,264,71,2025-07-14 03:00:00+00:00
31.9,57,22.3,1004.8,1005.9,100,0,0,100,12.6,272,30.2,0.0,200.0,-0.9,-73.0,20.8,-4.2,46.7,296,9.7,263,70,2025-07-14 04:00:00+00:00
33.1,53,22.3,1004.5,1005.6,100,0,0,100,12.3,267,31.7,0.0,310.0,-1.3,-45.0,20.9,-4.0,50.5,296,9.7,263,68,2025-07-14 05:00:00+00:00
34.3,49,22.2,1004.0,1005.1,100,2,12,100,11.7,265,38.2,0.0,540.0,-1.4,-9.0,20.8,-3.7,52.2,295,10.3,249,67,2025-07-14 06:00:00+00:00
34.9,48,22.1,1003.3,1004.4,100,4,4,100,12.0,263,33.8,0.0,510.0,-1.3,-9.0,20.0,-3.5,40.2,283,11.4,252,66,2025-07-14 07:00:00+00:00
35.5,45,21.8,1002.2,1003.3,100,2,15,100,12.6,274,34.2,0.0,680.0,-1.5,-4.0,20.5,-3.3,28.0,277,12.5,253,70,2025-07-14 08:00:00+00:00
32.8,55,22.5,1001.7,1002.8,100,2,52,100,17.8,249,45.0,0.9,650.0,-1.6,-8.0,21.2,-3.3,26.0,274,13.4,260,72,2025-07-14 09:00:00+00:00
34.4,50,22.6,1000.4,1001.5,100,0,20,100,2.4,163,40.3,0.0,640.0,-2.0,-32.0,22.0,-3.3,24.6,270,13.3,265,80,2025-07-14 10:00:00+00:00
30.7,64,23.1,1001.6,1002.7,100,21,45,100,19.7,220,39.6,2.1,480.0,-2.7,-103.0,22.6,-3.0,27.4,268,10.9,264,80,2025-07-14 11:00:00+00:00
29.1,75,24.2,1001.2,1002.3,100,0,22,100,7.6,225,41.8,0.2,800.0,-3.2,-80.0,22.1,-3.0,27.7,279,7.3,261,90,2025-07-14 12:00:00+00:00
31.0,72,25.4,1002.0,1003.1,100,0,31,100,7.7,150,25.6,0.0,1390.0,-4.1,-55.0,21.8,-3.0,32.9,275,2.7,243,78,2025-07-14 13:00:00+00:00
30.3,76,25.7,1003.5,1004.6,100,3,63,100,6.7,175,16.6,0.0,1410.0,-4.6,-39.0,20.5,-3.3,32.4,272,1.7,225,92,2025-07-14 14:00:00+00:00
30.1,74,24.9,1004.6,1005.7,100,4,69,100,10.2,197,20.5,0.0,400.0,-4.3,-33.0,21.0,-4.0,34.3,275,3.6,270,98,2025-07-14 15:00:00+00:00
29.7,72,24.1,1005.6,1006.7,100,0,86,100,11.7,238,26.6,0.0,570.0,-4.8,-18.0,21.0,-3.7,48.4,273,1.2,270,81,2025-07-14 16:00:00+00:00
28.0,75,23.2,1006.0,1007.1,100,0,82,100,1.9,202,29.5,2.0,820.0,-4.3,-20.0,20.8,-3.7,50.6,267,1.7,225,89,2025-07-14 17:00:00+00:00
26.8,83,23.7,1005.8,1006.9,100,0,46,100,8.1,183,26.3,0.0,1190.0,-4.0,-19.0,20.3,-4.4,48.5,275,5.1,315,84,2025-07-14 18:00:00+00:00
26.5,84,23.6,1005.3,1006.4,100,0,38,100,8.4,225,16.2,0.0,850.0,-2.7,-20.0,20.0,-4.2,50.2,273,6.0,307,83,2025-07-14 19:00:00+00:00
26.7,86,24.1,1004.5,1005.6,100,0,28,100,9.5,219,19.4,0.0,650.0,-1.3,-52.0,20.3,-4.0,53.9,279,4.3,304,80,2025-07-14 20:00:00+00:00
27.1,80,23.3,1003.8,1004.9,100,0,19,100,10.8,233,22.3,0.0,460.0,-1.0,-95.0,20.6,-4.2,55.0,284,3.6,270,79,2025-07-14 21:00:00+00:00
27.4,73,22.1,1003.3,1004.4,100,0,45,100,11.0,244,23.0,0.0,170.0,-0.8,-97.0,20.9,-4.0,58.8,288,2.7,243,78,2025-07-14 22:00:00+00:00
27.4,71,21.6,1003.5,1004.6,100,0,100,100,9.9,251,22.7,0.0,30.0,-0.7,-100.0,20.9,-4.0,60.0,291,4.3,236,77,2025-07-14 23:00:00+00:00
27.3,70,21.4,1003.5,1004.6,100,0,85,99,10.5,264,21.6,0.0,40.0,-1.1,-116.0,20.9,-4.2,50.4,294,10.8,270,78,2025-07-15 00:00:00+00:00
28.2,66,21.2,1003.6,1004.7,100,0,29,99,10.9,254,21.6,0.0,20.0,-0.8,-115.0,21.0,-4.2,54.4,296,10.9,264,77,2025-07-15 01:00:00+00:00
29.5,61,21.3,1003.8,1004.9,100,0,28,100,10.6,252,25.2,0.0,20.0,-0.5,-37.0,20.8,-4.2,52.8,294,13.2,270,76,2025-07-15 02:00:00+00:00
30.8,58,21.6,1004.2,1005.3,100,0,21,100,11.4,254,26.6,0.0,100.0,-0.6,-118.0,21.1,-4.4,52.1,292,12.2,259,73,2025-07-15 03:00:00+00:00
32.2,53,21.5,1004.1,1005.2,100,0,5,100,13.9,266,33.5,0.0,160.0,-1.2,-68.0,21.4,-4.2,57.5,292,12.5,253,71,2025-07-15 04:00:00+00:00
33.5,50,21.7,1003.6,1004.7,100,0,0,100,14.1,268,34.9,0.0,280.0,-1.5,-30.0,21.6,-4.0,57.2,292,13.3,265,69,2025-07-15 05:00:00+00:00
35.0,46,21.6,1002.8,1003.9,100,0,1,100,14.2,273,36.7,0.0,460.0,-1.9,-7.0,22.0,-3.7,55.1,293,13.3,265,68,2025-07-15 06:00:00+00:00
36.2,43,21.5,1001.8,1002.9,99,4,2,99,13.8,279,40.0,0.0,490.0,-1.9,-1.0,20.9,-3.7,51.4,289,14.4,275,68,2025-07-15 07:00:00+00:00
37.0,40,21.3,1000.8,1001.9,99,9,22,99,14.3,290,37.8,0.0,430.0,-1.8,-1.0,20.8,-3.5,27.4,275,15.8,279,67,2025-07-15 08:00:00+00:00
37.2,40,21.4,999.9,1001.0,99,3,82,95,8.9,313,36.4,0.0,340.0,-2.7,-16.0,21.5,-3.3,26.4,271,16.0,283,69,2025-07-15 09:00:00+00:00
32.6,57,23.1,1000.2,1001.3,74,0,20,68,2.7,127,34.2,1.2,330.0,-3.4,-45.0,22.1,-3.3,26.0,266,15.2,288,73,2025-07-15 10:00:00+00:00
32.1,62,23.9,1000.4,1001.5,100,16,67,100,6.1,157,23.0,0.0,360.0,-3.6,-55.0,22.6,-3.5,26.9,266,13.4,297,77,2025-07-15 11:00:00+00:00
31.0,66,23.8,1001.0,1002.1,78,1,18,73,4.5,209,18.0,0.0,630.0,-3.8,-34.0,22.2,-3.5,27.6,278,8.7,326,93,2025-07-15 12:00:00+00:00
31.6,67,24.8,1001.1,1002.2,33,0,26,9,2.4,138,16.9,0.0,1750.0,-4.1,-65.0,22.2,-3.7,26.0,269,7.6,342,91,2025-07-15 13:00:00+00:00
31.4,66,24.3,1002.0,1003.1,44,0,9,38,8.0,170,16.9,0.0,1840.0,-3.7,-39.0,21.4,-3.7,27.5,264,8.4,360,92,2025-07-15 14:00:00+00:00
30.8,69,24.5,1002.7,1003.8,43,0,26,24,6.8,177,16.9,0.0,1940.0,-2.4,-61.0,21.1,-3.5,30.1,260,7.6,18,84,2025-07-15 15:00:00+00:00
30.4,70,24.3,1003.6,1004.7,74,1,70,11,6.6,193,16.9,0.0,2210.0,-1.7,-82.0,20.6,-3.5,31.6,265,7.7,39,86,2025-07-15 16:00:00+00:00
28.8,74,23.8,1004.5,1005.6,90,0,47,81,9.8,246,27.4,0.6,1950.0,-1.7,-38.0,20.8,-3.7,35.1,269,7.7,39,91,2025-07-15 17:00:00+00:00
28.1,78,23.9,1004.0,1005.1,75,2,36,61,5.2,196,19.4,0.0,1650.0,-2.6,-35.0,21.0,-4.0,37.5,283,4.9,14,82,2025-07-15 18:00:00+00:00
28.5,76,24.0,1003.2,1004.3,29,3,18,13,5.2,205,10.1,0.0,1210.0,-2.7,-40.0,20.6,-4.0,34.8,284,6.5,22,80,2025-07-15 19:00:00+00:00
28.3,78,24.1,1002.7,1003.8,89,5,11,87,8.9,216,17.6,0.0,950.0,-2.3,-52.0,20.6,-4.0,34.3,287,6.5,22,77,2025-07-15 20:00:00+00:00
28.0,79,24.0,1002.3,1003.4,90,0,2,90,9.5,234,19.4,0.0,680.0,-2.4,-59.0,20.6,-4.0,33.8,291,7.7,39,78,2025-07-15 21:00:00+00:00
28.1,72,22.7,1002.0,1003.1,67,2,1,66,12.9,254,26.3,0.0,520.0,-2.6,-68.0,20.6,-4.0,33.1,293,9.4,50,81,2025-07-15 22:00:00+00:00
28.3,65,21.1,1002.0,1003.1,81,0,1,81,13.2,265,28.1,0.0,340.0,-2.1,-84.0,20.6,-4.0,32.7,293,8.7,56,81,2025-07-15 23:00:00+00:00
27.9,66,20.9,1002.5,1003.6,47,0,0,47,11.5,270,27.4,0.0,340.0,-0.7,-42.0,20.6,-3.7,26.7,303,8.0,63,74,2025-07-16 00:00:00+00:00
29.2,63,21.6,1002.8,1003.9,28,0,0,28,13.2,258,28.1,0.0,170.0,-0.4,-39.0,20.6,-4.0,25.3,304,8.7,74,72,2025-07-16 01:00:00+00:00
30.4,59,21.6,1003.2,1004.3,44,0,1,44,12.1,267,28.8,0.0,110.0,-0.9,-106.0,20.6,-3.7,23.3,305,10.8,90,72,2025-07-16 02:00:00+00:00
31.9,53,21.1,1003.3,1004.4,42,0,0,42,14.4,279,35.3,0.0,110.0,-1.4,-42.0,20.6,-3.5,23.3,301,14.4,95,72,2025-07-16 03:00:00+00:00
33.4,48,21.0,1003.3,1004.4,76,0,0,76,13.3,288,35.6,0.0,150.0,-1.4,-19.0,20.5,-3.5,23.9,299,15.6,94,70,2025-07-16 04:00:00+00:00
35.0,43,20.7,1003.0,1004.1,100,4,5,100,11.0,294,34.6,0.0,270.0,-1.5,-4.0,20.5,-3.5,24.9,296,18.0,94,69,2025-07-16 05:00:00+00:00
36.2,40,20.3,1002.5,1003.6,100,1,8,100,8.1,315,31.0,0.0,530.0,-1.4,-1.0,20.9,-3.3,23.6,304,15.6,67,67,2025-07-16 06:00:00+00:00
36.9,38,20.4,1001.7,1002.8,93,11,9,91,4.4,60,27.0,0.0,460.0,-2.1,-6.0,20.9,-3.5,26.9,296,13.4,63,74,2025-07-16 07:00:00+00:00
35.3,45,21.4,1001.0,1002.1,94,4,31,91,11.2,101,33.1,0.4,470.0,-2.4,-16.0,20.4,-3.5,13.7,276,13.4,63,80,2025-07-16 08:00:00+00:00
33.8,50,21.8,1000.1,1001.2,88,0,18,85,13.7,109,36.7,0.3,480.0,-2.2,-40.0,20.9,-3.5,11.8,254,13.0,56,79,2025-07-16 09:00:00+00:00
33.7,52,22.5,999.7,1000.8,100,0,23,100,14.6,148,37.1,0.2,940.0,-2.7,-64.0,21.1,-3.3,14.3,253,14.6,55,81,2025-07-16 10:00:00+00:00
33.2,53,22.2,999.2,1000.3,100,0,25,100,14.1,161,39.6,0.0,1100.0,-3.6,-71.0,21.4,-3.3,19.2,256,15.4,51,81,2025-07-16 11:00:00+00:00
31.6,61,23.1,1000.5,1001.6,69,18,43,42,14.9,203,39.2,0.0,1630.0,-4.2,-59.0,21.8,-3.3,15.5,272,13.4,63,80,2025-07-16 12:00:00+00:00
30.9,63,23.0,1000.2,1001.3,100,0,12,100,16.1,147,38.2,0.0,1510.0,-4.4,-70.0,21.6,-3.3,9.8,248,15.2,72,77,2025-07-16 13:00:00+00:00
30.7,70,24.5,1001.3,1002.4,100,5,100,100,12.3,150,36.0,0.0,2100.0,-4.6,-70.0,20.9,-3.3,14.1,195,16.0,77,83,2025-07-16 14:00:00+00:00
29.7,72,24.2,1003.5,1004.6,100,16,92,96,8.2,241,27.7,0.9,1640.0,-4.9,-67.0,20.4,-3.3,20.5,192,17.2,78,88,2025-07-16 15:00:00+00:00
26.2,89,24.3,1004.7,1005.8,97,7,25,95,6.1,185,27.0,11.4,1300.0,-4.9,-68.0,20.5,-3.3,21.7,202,18.4,79,88,2025-07-16 16:00:00+00:00
26.2,90,24.4,1004.5,1005.6,94,13,36,92,7.4,212,19.8,1.6,1220.0,-5.1,-65.0,20.6,-3.5,22.6,214,24.5,79,94,2025-07-16 17:00:00+00:00
26.1,92,24.7,1004.6,1005.7,94,5,47,89,2.6,258,17.3,1.4,1800.0,-4.8,-58.0,19.9,-4.0,26.3,210,24.3,70,94,2025-07-16 18:00:00+00:00
25.9,94,24.9,1004.0,1005.1,99,12,24,98,8.4,251,16.9,0.4,1850.0,-4.8,-38.0,20.2,-3.7,25.5,241,20.1,73,88,2025-07-16 19:00:00+00:00
25.5,94,24.4,1002.8,1003.9,100,0,17,100,8.3,281,17.3,0.2,1890.0,-4.8,-20.0,20.5,-4.0,30.0,257,18.2,82,91,2025-07-16 20:00:00+00:00
25.6,92,24.2,1002.8,1003.9,91,12,57,82,9.2,267,19.1,0.1,1610.0,-4.1,-34.0,20.5,-4.4,31.2,277,16.8,90,88,2025-07-16 21:00:00+00:00
25.7,92,24.3,1002.5,1003.6,100,5,100,97,6.9,265,18.4,0.2,1100.0,-3.4,-67.0,20.8,-4.4,29.7,288,18.0,86,81,2025-07-16 22:00:00+00:00
25.7,93,24.5,1002.4,1003.5,98,2,40,97,8.3,237,16.2,1.2,980.0,-3.0,-73.0,20.5,-4.2,29.0,289,19.2,86,79,2025-07-16 23:00:00+00:00
25.8,92,24.5,1002.7,1003.8,99,5,12,99,7.8,233,17.6,0.1,870.0,-2.5,-98.0,21.0,-4.0,23.3,282,19.2,90,80,2025-07-17 00:00:00+00:00
27.5,77,23.1,1002.4,1003.5,99,0,10,99,12.9,258,30.2,0.0,770.0,-2.9,-92.0,20.9,-4.0,22.2,279,20.4,93,77,2025-07-17 01:00:00+00:00
28.6,75,23.7,1003.2,1004.3,100,0,9,100,11.4,257,27.4,0.0,680.0,-3.5,-54.0,20.8,-4.0,22.8,282,24.3,99,74,2025-07-17 02:00:00+00:00
30.1,69,23.7,1003.5,1004.6,100,0,9,100,13.4,265,32.0,0.0,730.0,-3.2,-38.0,20.9,-4.0,23.2,286,24.5,101,73,2025-07-17 03:00:00+00:00
31.8,61,23.4,1003.6,1004.7,31,0,5,27,12.8,280,33.1,0.0,750.0,-3.6,-24.0,20.9,-3.7,23.5,292,24.7,104,73,2025-07-17 04:00:00+00:00
33.4,53,22.7,1003.5,1004.6,60,2,3,58,11.4,294,32.4,0.0,850.0,-3.6,-7.0,21.0,-3.7,23.8,296,23.3,102,71,2025-07-17 05:00:00+00:00
34.3,50,22.5,1002.9,1004.0,97,6,15,96,10.6,313,31.0,0.0,1070.0,-3.6,-2.0,20.4,-3.7,23.5,294,15.8,99,74,2025-07-17 06:00:00+00:00
34.5,50,22.7,1002.2,1003.3,100,7,12,100,5.7,349,30.2,0.0,1350.0,-4.1,-7.0,20.3,-3.7,24.7,295,13.7,105,78,2025-07-17 07:00:00+00:00
33.4,56,23.3,1001.8,1002.9,99,20,24,99,7.4,104,24.8,0.9,1460.0,-4.3,-19.0,20.2,-4.2,24.5,299,13.4,117,81,2025-07-17 08:00:00+00:00
30.6,73,25.1,1001.2,1002.3,100,3,15,100,13.4,123,34.2,0.1,1720.0,-4.2,-39.0,19.9,-4.2,21.4,294,13.0,124,80,2025-07-17 09:00:00+00:00
30.4,72,24.7,1000.5,1001.6,100,0,11,100,11.4,123,32.4,0.6,1890.0,-4.4,-45.0,20.0,-4.0,19.6,282,10.3,126,78,2025-07-17 10:00:00+00:00
30.2,74,25.0,1000.2,1001.3,100,0,13,100,13.3,152,32.0,0.3,2230.0,-4.3,-39.0,20.6,-3.7,22.6,289,11.3,122,79,2025-07-17 11:00:00+00:00
29.9,76,25.3,1000.6,1001.7,15,8,10,0,16.6,162,38.5,0.0,2010.0,-4.3,-28.0,21.0,-4.0,19.1,269,16.8,86,80,2025-07-17 12:00:00+00:00
28.4,82,25.1,1001.6,1002.7,100,0,39,100,7.2,243,28.8,0.2,2030.0,-3.8,-16.0,21.1,-3.5,17.7,258,18.0,90,82,2025-07-17 13:00:00+00:00
28.4,83,25.3,1002.6,1003.7,100,0,100,100,10.8,249,22.0,0.1,2290.0,-4.1,-20.0,20.9,-3.3,16.3,243,18.0,90,83,2025-07-17 14:00:00+00:00
28.2,84,25.1,1003.5,1004.6,100,0,100,100,8.9,232,23.4,0.0,2160.0,-4.2,-30.0,20.6,-3.5,16.9,232,14.8,104,81,2025-07-17 15:00:00+00:00
28.0,83,24.9,1004.2,1005.3,100,0,100,100,8.0,243,19.1,0.0,1910.0,-3.5,-32.0,20.6,-3.7,21.8,233,16.7,111,83,2025-07-17 16:00:00+00:00
27.9,80,24.2,1004.6,1005.7,88,7,20,84,9.8,257,20.9,0.0,1970.0,-3.8,-41.0,20.5,-4.0,22.9,239,16.7,120,84,2025-07-17 17:00:00+00:00
27.5,81,24.0,1004.0,1005.1,100,6,14,100,10.6,240,22.3,0.0,1290.0,-4.3,-43.0,20.0,-4.2,25.3,256,21.9,99,96,2025-07-17 18:00:00+00:00
27.2,83,24.0,1004.0,1005.1,100,0,20,100,10.2,225,23.0,0.0,1210.0,-4.1,-37.0,19.3,-4.2,29.3,266,16.7,111,83,2025-07-17 19:00:00+00:00
27.1,83,24.0,1003.2,1004.3,100,0,2,100,10.0,253,21.2,0.0,950.0,-3.5,-40.0,19.2,-4.4,31.4,279,14.0,110,77,2025-07-17 20:00:00+00:00
26.8,83,23.7,1002.9,1004.0,100,1,35,100,11.1,250,24.8,0.4,710.0,-2.7,-67.0,19.3,-4.4,34.0,288,11.8,114,77,2025-07-17 21:00:00+00:00
26.5,85,23.7,1002.8,1003.9,100,7,67,100,9.5,259,22.7,0.6,600.0,-2.5,-74.0,19.8,-4.4,34.4,292,12.4,119,78,2025-07-17 22:00:00+00:00
26.1,88,24.0,1002.8,1003.9,100,1,43,100,10.4,242,20.2,0.4,610.0,-3.2,-96.0,19.7,-4.4,35.1,293,11.1,131,81,2025-07-17 23:00:00+00:00
26.0,88,24.0,1002.7,1003.8,100,0,15,100,9.6,250,20.5,0.1,350.0,-3.1,-119.0,19.6,-4.2,27.5,294,10.3,159,73,2025-07-18 00:00:00+00:00
26.0,90,24.3,1003.6,1004.7,99,0,25,99,7.6,239,19.1,0.1,370.0,-2.8,-133.0,19.6,-4.2,24.7,293,12.0,180,72,2025-07-18 01:00:00+00:00
26.9,89,24.9,1004.2,1005.3,98,0,0,98,7.4,241,18.0,0.0,290.0,-2.4,-98.0,19.8,-4.4,20.5,291,13.7,195,71,2025-07-18 02:00:00+00:00
28.4,82,25.1,1004.8,1005.9,100,12,7,100,7.2,283,18.4,0.0,290.0,-2.6,-75.0,20.0,-4.4,17.6,287,14.0,200,71,2025-07-18 03:00:00+00:00
29.5,73,24.1,1004.7,1005.8,100,12,1,100,9.6,307,25.6,0.1,390.0,-2.8,-31.0,20.3,-4.0,16.6,286,13.7,195,72,2025-07-18 04:00:00+00:00
30.3,69,24.1,1004.4,1005.5,100,14,8,100,8.0,316,24.1,0.0,550.0,-2.9,-7.0,20.2,-3.7,16.4,289,13.4,190,72,2025-07-18 05:00:00+00:00
31.1,67,24.1,1003.9,1005.0,100,22,20,100,6.1,326,23.0,0.0,580.0,-2.7,-1.0,20.2,-3.3,15.6,291,13.7,232,71,2025-07-18 06:00:00+00:00
31.4,64,23.9,1003.0,1004.1,100,31,18,100,5.4,323,18.0,0.1,620.0,-3.1,-2.0,19.9,-3.0,16.0,285,11.3,238,70,2025-07-18 07:00:00+00:00
31.6,65,24.1,1002.2,1003.3,100,12,13,100,2.2,318,16.9,0.0,630.0,-3.2,-2.0,20.0,-3.0,16.6,279,9.9,256,70,2025-07-18 08:00:00+00:00
31.5,66,24.5,1001.6,1002.7,100,8,11,100,3.7,113,18.4,0.0,610.0,-3.2,-7.0,19.9,-3.0,18.5,280,9.7,277,72,2025-07-18 09:00:00+00:00
29.9,75,24.9,1001.1,1002.2,100,6,34,100,10.4,129,27.0,0.7,610.0,-3.3,-20.0,20.0,-3.0,20.9,281,8.0,297,73,2025-07-18 10:00:00+00:00
29.7,76,25.0,1000.6,1001.7,81,0,27,74,8.0,175,26.6,0.1,640.0,-3.3,-37.0,20.2,-3.0,23.1,285,8.7,304,72,2025-07-18 11:00:00+00:00
29.3,78,25.1,1000.8,1001.9,68,20,28,45,6.5,226,20.2,0.1,1150.0,-3.3,-39.0,19.8,-3.3,20.6,283,13.0,304,78,2025-07-18 12:00:00+00:00
28.2,86,25.7,1001.2,1002.3,100,0,3,100,6.0,159,13.7,0.0,2420.0,-3.5,-32.0,19.9,-3.0,22.4,276,11.9,315,76,2025-07-18 13:00:00+00:00
27.8,88,25.6,1002.2,1003.3,100,3,7,100,6.7,183,13.7,0.0,3150.0,-3.8,-33.0,19.9,-3.0,25.1,274,11.3,328,74,2025-07-18 14:00:00+00:00
27.9,89,25.8,1002.8,1003.9,100,5,12,100,7.3,171,15.5,0.0,2590.0,-3.8,-32.0,19.7,-3.0,24.6,272,10.3,339,78,2025-07-18 15:00:00+00:00
28.1,88,25.9,1003.3,1004.4,97,2,8,97,8.5,186,16.9,0.0,1560.0,-3.7,-23.0,19.9,-3.0,22.3,271,9.1,337,78,2025-07-18 16:00:00+00:00
28.1,87,25.8,1003.2,1004.3,74,4,10,70,9.8,187,19.4,0.0,1580.0,-4.1,-32.0,20.0,-3.3,27.9,266,6.1,349,81,2025-07-18 17:00:00+00:00
25.7,88,23.5,1003.9,1005.0,97,90,42,57,14.6,251,28.8,6.5,1120.0,-4.4,-38.0,19.7,-3.7,29.7,274,7.2,360,84,2025-07-18 18:00:00+00:00
25.3,90,23.6,1002.5,1003.6,94,1,28,92,10.4,255,28.4,1.1,1000.0,-3.9,-47.0,19.7,-4.0,32.3,279,7.2,360,86,2025-07-18 19:00:00+00:00
25.1,92,23.7,1001.6,1002.7,91,3,13,90,10.4,233,20.5,0.5,800.0,-3.6,-48.0,19.4,-4.0,34.3,287,5.4,333,84,2025-07-18 20:00:00+00:00
25.2,91,23.7,1001.2,1002.3,78,7,23,72,11.7,245,23.0,0.0,740.0,-3.3,-50.0,19.4,-4.0,34.7,293,7.7,309,86,2025-07-18 21:00:00+00:00
25.1,92,23.7,1001.0,1002.1,95,6,41,92,10.4,234,23.8,0.0,720.0,-2.6,-50.0,19.8,-4.0,35.9,297,6.0,307,86,2025-07-18 22:00:00+00:00
25.2,91,23.6,1000.9,1002.0,100,5,15,100,9.7,241,20.5,0.0,690.0,-2.3,-55.0,19.7,-4.0,38.1,298,6.0,307,80,2025-07-18 23:00:00+00:00
25.5,89,23.5,1001.1,1002.2,100,0,46,100,8.8,250,19.8,0.0,780.0,-2.2,-64.0,19.4,-4.0,31.2,308,7.7,309,78,2025-07-19 00:00:00+00:00
26.0,87,23.7,1001.3,1002.4,100,0,15,100,13.7,245,26.3,1.6,670.0,-1.8,-68.0,19.6,-4.2,31.0,311,9.4,310,78,2025-07-19 01:00:00+00:00
26.3,88,24.1,1002.1,1003.2,100,0,2,100,13.5,247,26.6,0.7,580.0,-2.3,-62.0,19.4,-4.0,29.3,317,10.3,306,77,2025-07-19 02:00:00+00:00
26.6,87,24.3,1002.8,1003.9,100,0,2,100,13.2,250,26.6,1.2,530.0,-2.6,-30.0,19.3,-4.0,26.4,316,11.1,311,74,2025-07-19 03:00:00+00:00
27.1,86,24.6,1003.0,1004.1,100,0,10,100,10.6,255,28.1,0.6,410.0,-2.8,-20.0,19.4,-4.0,23.8,315,11.1,311,74,2025-07-19 04:00:00+00:00
27.8,83,24.5,1002.7,1003.8,100,0,0,100,11.0,260,25.6,0.9,390.0,-2.9,-9.0,19.6,-4.0,21.6,314,11.9,315,73,2025-07-19 05:00:00+00:00
28.1,81,24.5,1002.1,1003.2,100,0,100,100,10.0,262,25.9,0.3,540.0,-3.1,-1.0,19.9,-3.7,20.7,311,17.2,335,76,2025-07-19 06:00:00+00:00
29.3,77,24.8,1001.2,1002.3,100,0,91,100,8.7,263,25.2,0.1,620.0,-3.6,-3.0,20.0,-4.0,20.9,306,15.2,342,77,2025-07-19 07:00:00+00:00
30.2,73,24.9,1000.2,1001.3,100,0,19,100,7.0,258,22.7,0.0,720.0,-3.4,-4.0,19.8,-4.2,20.6,301,15.2,342,79,2025-07-19 08:00:00+00:00
30.8,70,24.8,999.3,1000.4,100,0,1,100,7.3,240,19.4,0.0,890.0,-3.9,-12.0,19.9,-4.0,24.5,294,12.9,338,80,2025-07-19 09:00:00+00:00
30.9,67,24.1,998.4,999.5,100,0,0,100,8.3,219,21.6,0.0,1010.0,-3.9,-24.0,20.5,-3.7,28.4,292,12.9,338,82,2025-07-19 10:00:00+00:00
31.1,63,23.1,997.7,998.8,100,0,3,100,7.9,213,22.0,0.0,1100.0,-3.8,-26.0,20.6,-3.5,29.7,288,12.2,349,86,2025-07-19 11:00:00+00:00
30.2,71,24.3,998.1,999.2,100,0,10,100,7.6,198,18.7,0.0,1480.0,-3.8,-22.0,20.4,-3.0,32.1,285,12.1,354,88,2025-07-19 12:00:00+00:00
29.0,77,24.6,999.0,1000.1,100,0,22,100,9.9,280,21.6,0.0,1550.0,-3.0,-19.0,19.8,-3.0,28.7,271,12.1,6,88,2025-07-19 13:00:00+00:00
28.2,81,24.6,999.7,1000.8,100,0,13,100,7.2,256,20.5,0.0,1210.0,-4.0,-23.0,19.9,-3.3,29.7,265,11.1,13,87,2025-07-19 14:00:00+00:00
27.7,82,24.4,1000.4,1001.5,100,0,22,100,10.6,238,21.2,0.0,780.0,-3.5,-19.0,20.0,-3.5,34.6,269,10.9,6,84,2025-07-19 15:00:00+00:00
27.6,80,23.8,1001.4,1002.5,99,7,33,99,12.7,249,25.2,0.0,700.0,-3.3,-27.0,19.8,-3.5,33.7,272,9.9,14,84,2025-07-19 16:00:00+00:00
27.1,80,23.4,1001.6,1002.7,100,0,38,100,13.0,253,31.7,0.0,740.0,-3.0,-28.0,19.8,-3.7,35.6,274,7.6,18,84,2025-07-19 17:00:00+00:00
26.8,79,22.9,1001.4,1002.5,67,11,15,58,16.3,249,34.9,0.0,880.0,-3.0,-45.0,19.7,-4.2,31.9,287,13.4,27,86,2025-07-19 18:00:00+00:00
26.7,80,22.9,1000.5,1001.6,99,1,85,95,14.4,266,34.9,0.0,790.0,-2.9,-59.0,19.8,-4.2,37.4,292,11.8,24,88,2025-07-19 19:00:00+00:00
26.6,81,23.0,999.9,1001.0,99,10,92,90,13.0,265,30.6,0.0,610.0,-2.4,-80.0,19.9,-4.2,36.5,298,11.4,18,90,2025-07-19 20:00:00+00:00
26.7,80,22.9,999.6,1000.7,100,3,23,100,11.0,266,27.0,0.0,350.0,-2.1,-79.0,20.0,-4.4,40.4,298,12.0,360,90,2025-07-19 21:00:00+00:00
26.9,77,22.5,999.4,1000.5,100,1,16,100,11.2,275,23.4,0.0,200.0,-1.9,-71.0,20.2,-4.4,44.9,303,13.3,355,97,2025-07-19 22:00:00+00:00
26.8,76,22.2,999.6,1000.7,100,15,18,100,11.5,278,24.1,0.0,120.0,-1.9,-89.0,20.2,-4.4,46.3,304,14.6,351,96,2025-07-19 23:00:00+00:00
26.8,76,22.1,1000.1,1001.2,100,7,30,100,10.6,273,24.1,0.0,130.0,-1.8,-87.0,20.4,-4.0,35.5,314,8.0,333,90,2025-07-20 00:00:00+00:00
27.8,72,22.3,1000.2,1001.3,100,9,7,100,13.2,268,27.7,0.0,120.0,-2.1,-95.0,20.4,-4.0,36.1,314,9.1,337,91,2025-07-20 01:00:00+00:00
28.4,70,22.5,1000.9,1002.0,100,0,6,100,12.6,269,28.4,0.0,140.0,-2.2,-76.0,20.5,-4.2,34.8,315,9.7,330,88,2025-07-20 02:00:00+00:00
29.1,70,23.1,1001.5,1002.6,100,0,24,100,9.9,274,27.0,0.0,240.0,-2.2,-71.0,20.5,-4.2,32.9,317,10.3,339,87,2025-07-20 03:00:00+00:00
29.6,69,23.4,1002.0,1003.1,100,4,24,100,9.0,273,22.3,0.0,410.0,-2.2,-57.0,20.6,-4.0,32.2,316,9.7,353,88,2025-07-20 04:00:00+00:00
30.4,67,23.6,1001.9,1003.0,100,0,89,100,8.8,259,22.7,0.0,550.0,-2.2,-31.0,20.8,-4.0,32.9,318,10.7,333,83,2025-07-20 05:00:00+00:00
30.6,66,23.5,1001.6,1002.7,100,0,2,100,7.6,251,22.0,0.0,850.0,-2.7,-6.0,21.0,-4.2,34.2,323,15.0,331,83,2025-07-20 06:00:00+00:00
31.3,63,23.4,1000.6,1001.7,100,4,2,100,7.4,257,20.2,0.0,830.0,-2.6,-2.0,19.9,-4.4,30.1,311,15.0,331,84,2025-07-20 07:00:00+00:00
31.8,62,23.6,999.4,1000.5,100,9,8,100,6.4,243,23.0,0.0,820.0,-2.6,-18.0,19.7,-4.7,29.8,297,16.3,324,80,2025-07-20 08:00:00+00:00
32.6,60,23.8,998.2,999.3,79,7,8,75,5.9,243,21.6,0.0,970.0,-2.6,-6.0,20.2,-4.7,30.8,297,16.3,324,82,2025-07-20 09:00:00+00:00
32.4,60,23.6,997.5,998.6,83,24,33,73,8.3,265,23.8,0.2,1290.0,-2.8,-12.0,20.5,-4.7,32.0,300,17.3,326,86,2025-07-20 10:00:00+00:00
31.6,64,24.0,997.5,998.6,88,0,3,88,9.1,253,23.0,0.0,1780.0,-2.1,-72.0,20.4,-4.4,29.7,291,19.9,335,86,2025-07-20 11:00:00+00:00
31.2,67,24.4,997.8,998.9,100,0,7,100,6.0,229,21.2,0.0,2010.0,-2.9,-45.0,20.6,-4.0,29.2,284,22.4,344,87,2025-07-20 12:00:00+00:00
29.5,72,24.0,999.6,1000.7,100,0,83,100,6.5,210,15.5,0.0,2440.0,-2.5,-60.0,20.5,-3.5,26.9,270,21.9,351,82,2025-07-20 13:00:00+00:00
29.1,73,23.7,1000.7,1001.8,100,0,43,100,11.1,210,21.2,0.0,2360.0,-2.3,-83.0,20.6,-3.5,26.7,262,19.2,360,84,2025-07-20 14:00:00+00:00
28.5,75,23.6,1001.2,1002.3,100,0,6,100,13.0,219,26.3,0.0,600.0,-1.7,-111.0,20.5,-3.3,29.9,254,18.4,11,89,2025-07-20 15:00:00+00:00
28.0,77,23.6,1001.8,1002.9,100,2,20,100,13.7,231,29.9,0.0,400.0,-2.7,-105.0,20.6,-3.7,32.4,256,14.6,9,90,2025-07-20 16:00:00+00:00
27.8,78,23.6,1002.0,1003.1,100,1,10,100,13.2,224,28.8,0.0,500.0,-2.5,-112.0,20.3,-4.0,35.2,260,12.5,17,90,2025-07-20 17:00:00+00:00
27.4,78,23.3,1002.1,1003.2,100,0,94,100,12.2,229,27.4,0.0,570.0,-2.5,-113.0,20.0,-4.9,35.1,267,10.3,36,92,2025-07-20 18:00:00+00:00
27.4,77,23.0,1001.5,1002.6,100,0,68,100,11.9,260,25.6,0.0,670.0,-2.4,-99.0,20.0,-5.1,36.0,270,7.0,31,91,2025-07-20 19:00:00+00:00
27.3,76,22.7,1000.9,1002.0,100,1,96,100,9.0,272,24.8,0.0,540.0,-2.1,-98.0,20.2,-4.9,39.8,275,4.3,34,89,2025-07-20 20:00:00+00:00
27.0,77,22.7,1000.5,1001.6,100,0,99,100,7.4,269,18.4,0.0,370.0,-1.9,-89.0,20.4,-4.9,40.3,280,3.4,315,87,2025-07-20 21:00:00+00:00
26.7,79,22.7,1000.3,1001.4,100,0,98,100,6.0,263,15.1,0.0,290.0,-1.2,-81.0,20.5,-4.9,38.8,288,6.1,281,88,2025-07-20 22:00:00+00:00
26.7,79,22.7,1000.5,1001.6,100,0,100,98,6.3,273,13.0,0.0,240.0,-1.1,-49.0,20.4,-4.7,40.8,294,9.6,270,92,2025-07-20 23:00:00+00:00
26.2,83,23.1,1001.4,1002.5,100,1,100,100,4.0,275,13.0,0.1,310.0,-2.0,-32.0,19.4,-4.7,38.1,298,19.2,266,94,2025-07-21 00:00:00+00:00
26.0,87,23.6,1002.1,1003.2,100,0,5,100,11.5,273,22.7,0.5,230.0,-2.1,-27.0,19.3,-4.7,38.3,302,19.2,270,90,2025-07-21 01:00:00+00:00
26.0,87,23.6,1002.4,1003.5,100,0,2,100,10.7,256,22.7,0.5,180.0,-2.4,-34.0,19.3,-4.4,39.3,302,20.5,277,89,2025-07-21 02:00:00+00:00
26.8,86,24.2,1002.9,1004.0,100,0,62,100,10.1,245,23.8,0.2,180.0,-2.2,-32.0,19.4,-4.4,40.2,299,21.9,279,91,2025-07-21 03:00:00+00:00
27.4,82,24.1,1003.3,1004.4,100,0,100,100,9.4,239,24.5,0.1,190.0,-1.7,-39.0,19.6,-4.4,41.8,297,23.3,282,90,2025-07-21 04:00:00+00:00
27.5,81,24.0,1003.3,1004.4,100,0,5,100,10.3,237,24.1,0.2,160.0,-1.7,-14.0,19.7,-4.4,43.7,293,25.7,281,92,2025-07-21 05:00:00+00:00
28.8,75,23.9,1002.6,1003.7,100,0,4,100,12.0,256,29.9,0.3,290.0,-1.5,-3.0,19.7,-4.7,34.3,299,35.5,282,93,2025-07-21 06:00:00+00:00
29.3,73,24.0,1001.7,1002.8,100,0,100,100,11.6,262,30.6,0.1,330.0,-1.6,-10.0,19.8,-4.4,38.6,300,32.8,278,94,2025-07-21 07:00:00+00:00
29.7,73,24.4,1000.8,1001.9,100,3,100,100,10.7,258,29.5,0.1,440.0,-1.9,-6.0,18.8,-4.2,39.8,298,32.0,283,93,2025-07-21 08:00:00+00:00
29.0,77,24.5,1000.2,1001.3,100,3,100,100,8.1,267,27.4,0.3,580.0,-1.7,-5.0,19.2,-4.0,43.9,294,30.9,283,92,2025-07-21 09:00:00+00:00
29.3,77,24.8,999.8,1000.9,100,2,92,100,7.2,242,19.4,0.1,690.0,-1.7,-10.0,19.7,-4.0,48.8,286,30.8,291,96,2025-07-21 10:00:00+00:00
30.0,72,24.4,999.3,1000.4,100,0,100,100,9.4,225,22.0,0.0,870.0,-2.0,-9.0,19.8,-3.7,51.8,280,29.0,300,96,2025-07-21 11:00:00+00:00
29.6,76,25.0,1000.1,1001.2,100,8,100,99,7.2,198,22.0,0.0,1060.0,-1.7,-24.0,20.2,-3.7,43.7,278,30.1,293,97,2025-07-21 12:00:00+00:00
28.1,83,24.9,1000.9,1002.0,100,0,99,97,9.2,225,19.4,0.0,1220.0,-1.7,-53.0,20.0,-4.0,40.6,267,27.4,299,99,2025-07-21 13:00:00+00:00
27.5,84,24.5,1001.8,1002.9,100,0,99,100,8.2,230,19.1,0.0,1190.0,-1.3,-89.0,19.8,-4.0,34.5,258,26.3,294,92,2025-07-21 14:00:00+00:00
27.6,82,24.2,1002.7,1003.8,100,0,100,100,8.7,223,16.9,0.0,980.0,-1.4,-84.0,19.7,-4.0,34.6,249,22.4,286,89,2025-07-21 15:00:00+00:00
27.7,79,23.8,1003.6,1004.7,100,1,100,100,9.8,215,19.4,0.0,840.0,-2.0,-63.0,19.8,-4.2,33.3,251,21.7,276,88,2025-07-21 16:00:00+00:00
27.6,79,23.6,1003.7,1004.8,100,3,100,100,10.7,216,22.0,0.0,800.0,-1.9,-59.0,19.9,-4.2,33.1,258,21.6,273,90,2025-07-21 17:00:00+00:00
27.1,80,23.5,1003.4,1004.5,98,1,70,94,12.1,228,25.2,0.0,420.0,-1.6,-67.0,19.7,-4.2,36.0,271,21.0,283,88,2025-07-21 18:00:00+00:00
27.0,79,23.2,1002.6,1003.7,100,3,34,99,13.7,232,28.4,0.0,230.0,-1.7,-55.0,19.8,-4.0,37.3,278,21.9,279,99,2025-07-21 19:00:00+00:00
26.7,81,23.1,1002.0,1003.1,100,2,37,100,13.9,232,28.8,0.0,110.0,-2.0,-66.0,19.9,-4.2,39.2,283,22.9,276,96,2025-07-21 20:00:00+00:00
26.7,79,22.7,1001.7,1002.8,100,0,97,100,13.8,233,29.2,0.0,50.0,-2.0,-87.0,19.9,-4.0,47.3,283,24.0,273,94,2025-07-21 21:00:00+00:00
26.6,77,22.3,1001.7,1002.8,100,0,21,100,13.9,240,29.5,0.0,20.0,-1.4,-96.0,19.9,-4.0,52.0,287,22.9,276,94,2025-07-21 22:00:00+00:00
26.3,78,22.1,1002.2,1003.3,100,0,29,100,12.7,241,28.8,0.0,10.0,-1.5,-91.0,19.9,-4.0,54.6,288,23.1,279,93,2025-07-21 23:00:00+00:00
26.3,77,21.9,1002.6,1003.7,100,0,31,100,13.0,239,27.0,0.0,30.0,-0.9,-83.0,19.8,-3.5,51.9,290,18.0,266,93,2025-07-22 00:00:00+00:00
26.6,75,21.8,1002.6,1003.7,100,0,11,100,12.9,234,27.7,0.0,20.0,-0.8,-81.0,19.8,-3.5,53.6,289,18.0,270,92,2025-07-22 01:00:00+00:00
27.2,74,22.3,1003.4,1004.5,100,0,8,100,11.9,231,26.6,0.0,30.0,-0.5,-62.0,19.8,-3.5,53.5,289,15.6,270,91,2025-07-22 02:00:00+00:00
28.4,73,23.2,1003.6,1004.7,100,0,18,100,10.8,228,25.6,0.0,60.0,0.2,-73.0,19.7,-3.5,53.9,289,15.6,274,90,2025-07-22 03:00:00+00:00
29.6,68,23.1,1003.9,1005.0,100,0,30,100,14.3,233,33.5,0.0,120.0,-1.0,-39.0,19.8,-3.5,54.8,288,15.8,279,86,2025-07-22 04:00:00+00:00
30.9,62,22.9,1003.6,1004.7,92,4,31,88,16.0,237,38.2,0.0,110.0,-0.6,-3.0,19.9,-3.7,54.0,289,17.2,282,83,2025-07-22 05:00:00+00:00
31.7,60,22.9,1003.2,1004.3,100,7,73,100,19.1,252,48.6,0.0,120.0,-0.2,-3.0,19.4,-3.7,48.8,292,20.7,280,87,2025-07-22 06:00:00+00:00
31.1,60,22.6,1002.3,1003.4,100,26,58,100,17.7,253,49.7,0.2,220.0,-0.4,-1.0,18.8,-3.5,45.7,287,23.6,285,82,2025-07-22 07:00:00+00:00
32.0,58,22.6,1001.1,1002.2,100,2,23,100,16.6,253,45.0,0.0,260.0,-0.8,-1.0,19.6,-3.3,44.5,284,25.4,289,81,2025-07-22 08:00:00+00:00
30.8,66,23.7,1000.4,1001.5,99,20,60,96,19.5,279,48.2,0.7,240.0,-1.9,-6.0,19.8,-3.5,46.9,278,25.8,292,88,2025-07-22 09:00:00+00:00
30.3,71,24.4,999.1,1000.2,20,0,0,20,8.5,253,43.2,0.2,260.0,-1.3,-49.0,19.8,-3.5,50.9,277,24.1,297,83,2025-07-22 10:00:00+00:00
31.5,65,24.2,999.2,1000.3,66,28,27,50,11.5,245,31.7,0.0,340.0,-1.7,-38.0,19.7,-3.3,45.2,267,23.1,298,86,2025-07-22 11:00:00+00:00
30.0,70,23.9,999.9,1001.0,100,0,32,100,11.9,260,34.2,0.0,580.0,-1.8,-34.0,19.8,-3.3,44.2,271,24.7,299,83,2025-07-22 12:00:00+00:00
29.6,65,22.3,1000.3,1001.4,57,0,15,49,16.6,248,37.1,0.0,720.0,-1.8,-50.0,20.5,-3.3,46.5,269,22.3,306,84,2025-07-22 13:00:00+00:00
29.1,68,22.5,1001.2,1002.3,62,0,39,40,15.8,249,35.3,0.0,770.0,-2.3,-61.0,20.4,-3.5,48.8,268,19.7,308,83,2025-07-22 14:00:00+00:00
29.0,68,22.6,1002.0,1003.1,99,0,76,97,17.0,242,36.0,0.0,950.0,-3.2,-49.0,20.2,-3.5,45.8,264,18.0,307,90,2025-07-22 15:00:00+00:00
28.7,66,21.8,1003.0,1004.1,66,0,40,43,14.0,255,36.0,0.0,640.0,-3.2,-44.0,20.6,-3.5,48.5,265,16.3,306,93,2025-07-22 16:00:00+00:00
28.2,68,21.9,1003.5,1004.6,100,0,100,100,12.8,260,29.5,0.0,210.0,-2.3,-62.0,20.8,-3.7,54.3,267,15.0,299,99,2025-07-22 17:00:00+00:00
27.5,71,21.8,1003.1,1004.2,100,0,86,100,16.5,262,35.3,0.0,80.0,-1.1,-90.0,20.4,-4.2,55.9,276,20.6,306,100,2025-07-22 18:00:00+00:00
27.5,70,21.4,1002.6,1003.7,100,0,95,100,14.5,253,34.6,0.0,40.0,-0.9,-93.0,20.8,-4.4,58.5,278,20.4,298,94,2025-07-22 19:00:00+00:00
27.4,69,21.1,1001.7,1002.8,100,0,14,100,15.0,250,31.3,0.0,10.0,-1.0,-78.0,20.9,-4.4,57.7,286,22.1,292,90,2025-07-22 20:00:00+00:00
27.1,69,20.9,1001.5,1002.6,100,0,35,100,14.6,249,31.3,0.0,20.0,-0.5,-80.0,20.5,-4.2,62.8,288,24.3,290,91,2025-07-22 21:00:00+00:00
27.1,69,20.9,1001.3,1002.4,100,0,20,100,14.5,256,31.0,0.0,10.0,-0.7,-85.0,20.3,-3.7,65.1,289,26.2,286,93,2025-07-22 22:00:00+00:00
26.8,71,21.1,1001.4,1002.5,100,0,15,100,13.9,249,30.6,0.0,0.0,-1.0,-84.0,20.2,-3.5,66.6,288,27.7,288,93,2025-07-22 23:00:00+00:00
26.7,72,21.1,1001.6,1002.7,100,0,18,100,14.5,243,30.6,0.0,0.0,-1.4,-89.0,20.3,-4.0,75.2,288,31.2,270,93,2025-07-23 00:00:00+00:00
26.7,73,21.4,1001.7,1002.8,94,0,38,92,15.0,241,32.8,0.0,0.0,-1.1,-90.0,20.3,-4.0,76.4,288,31.2,270,94,2025-07-23 01:00:00+00:00
27.5,71,21.7,1002.2,1003.3,88,0,43,84,15.4,240,32.8,0.0,0.0,-0.9,-66.0,20.2,-4.0,76.3,290,32.5,274,91,2025-07-23 02:00:00+00:00
28.1,70,22.2,1002.9,1004.0,99,0,90,89,17.7,239,38.5,0.0,20.0,-0.5,-73.0,20.2,-4.0,74.1,289,34.1,280,89,2025-07-23 03:00:00+00:00
27.2,78,23.0,1003.3,1004.4,99,0,79,96,14.4,241,40.7,0.2,60.0,-0.5,-47.0,20.4,-4.0,71.8,291,36.7,281,91,2025-07-23 04:00:00+00:00
28.5,74,23.4,1003.3,1004.4,100,0,95,100,14.1,232,32.4,0.0,170.0,-0.3,-78.0,20.6,-4.0,72.2,290,41.2,278,91,2025-07-23 05:00:00+00:00
28.9,72,23.3,1002.9,1004.0,100,0,100,100,18.2,256,42.8,0.0,230.0,-0.5,-58.0,20.6,-4.2,73.5,291,44.0,281,89,2025-07-23 06:00:00+00:00
28.7,74,23.5,1002.2,1003.3,100,2,100,100,14.9,240,42.1,0.2,330.0,-0.5,-74.0,19.1,-3.7,58.5,275,42.4,278,90,2025-07-23 07:00:00+00:00
28.8,74,23.8,1001.5,1002.6,100,1,100,100,12.0,230,34.9,0.1,350.0,-1.0,-39.0,19.7,-3.7,54.9,279,42.2,275,91,2025-07-23 08:00:00+00:00
28.5,78,24.3,1000.6,1001.7,100,3,100,100,9.4,215,28.8,0.2,420.0,-1.2,-20.0,20.2,-4.0,54.6,276,43.2,272,92,2025-07-23 09:00:00+00:00
29.0,77,24.5,999.5,1000.6,100,0,100,100,9.6,197,23.0,0.0,440.0,-1.7,-36.0,20.4,-3.7,55.1,280,39.7,273,92,2025-07-23 10:00:00+00:00
29.6,74,24.5,999.4,1000.5,100,6,98,100,8.4,215,23.8,0.0,330.0,-1.3,-47.0,20.4,-3.5,54.1,280,37.7,279,90,2025-07-23 11:00:00+00:00
29.6,73,24.3,999.5,1000.6,100,1,92,100,8.1,219,19.1,0.0,680.0,-1.4,-55.0,20.0,-3.3,46.1,274,39.1,288,83,2025-07-23 12:00:00+00:00
28.1,87,25.7,1000.6,1001.7,100,4,24,100,2.7,200,16.2,0.0,800.0,-1.7,-64.0,20.2,-3.3,44.0,263,37.9,288,81,2025-07-23 13:00:00+00:00
27.2,85,24.5,1001.4,1002.5,100,2,33,100,9.8,242,19.8,0.1,860.0,-1.7,-39.0,20.2,-3.3,43.6,254,33.5,285,88,2025-07-23 14:00:00+00:00
26.3,87,24.1,1002.8,1003.9,100,0,82,100,13.9,260,29.5,0.1,900.0,-1.8,-48.0,20.2,-3.5,43.8,253,33.0,280,91,2025-07-23 15:00:00+00:00
25.5,93,24.3,1003.5,1004.6,100,22,77,100,7.9,257,28.4,2.0,870.0,-2.0,-31.0,19.8,-3.3,42.8,258,30.6,281,92,2025-07-23 16:00:00+00:00
25.6,92,24.2,1003.5,1004.6,100,3,17,100,7.9,243,18.4,0.9,930.0,-1.8,-23.0,19.7,-3.7,43.0,265,31.9,290,92,2025-07-23 17:00:00+00:00
25.6,91,24.1,1003.2,1004.3,100,0,10,100,8.7,243,15.8,0.0,1200.0,-1.5,-50.0,19.2,-4.0,54.3,272,32.8,278,92,2025-07-23 18:00:00+00:00
25.4,91,23.8,1002.6,1003.7,100,0,98,100,11.4,229,22.0,0.0,770.0,-2.0,-26.0,19.2,-3.7,62.9,277,32.6,276,93,2025-07-23 19:00:00+00:00
25.6,88,23.5,1001.5,1002.6,100,0,100,100,13.3,247,25.2,0.2,430.0,-1.5,-27.0,19.6,-3.7,65.8,278,28.8,270,91,2025-07-23 20:00:00+00:00
25.5,86,23.0,1001.0,1002.1,100,0,100,100,16.5,247,33.5,0.6,170.0,-1.2,-47.0,19.8,-3.5,68.5,282,28.9,265,93,2025-07-23 21:00:00+00:00
25.2,86,22.7,1000.6,1001.7,100,0,100,100,15.4,251,33.1,0.1,70.0,-1.5,-46.0,19.9,-3.7,71.0,286,30.0,268,90,2025-07-23 22:00:00+00:00
25.1,86,22.6,1001.0,1002.1,100,0,95,100,13.8,248,31.7,0.1,50.0,-1.1,-38.0,19.9,-3.7,72.2,286,27.7,265,89,2025-07-23 23:00:00+00:00
24.9,87,22.5,1001.5,1002.6,100,0,94,100,15.7,242,32.4,0.3,130.0,-0.7,-75.0,19.1,-3.7,71.4,286,35.1,262,86,2025-07-24 00:00:00+00:00
25.1,88,23.0,1001.4,1002.5,100,0,96,100,13.1,243,28.4,1.0,50.0,-0.7,-87.0,19.6,-4.0,70.6,285,36.3,262,83,2025-07-24 01:00:00+00:00
25.6,86,23.2,1002.0,1003.1,100,0,100,100,9.9,241,24.8,0.3,70.0,-0.2,-46.0,20.0,-4.0,65.9,287,39.8,265,93,2025-07-24 02:00:00+00:00
26.3,82,23.0,1002.4,1003.5,100,0,68,100,12.5,234,26.3,0.0,120.0,-0.5,-17.0,19.8,-4.0,67.5,285,38.5,266,92,2025-07-24 03:00:00+00:00
28.1,76,23.4,1002.8,1003.9,100,0,100,100,9.8,240,25.9,0.0,160.0,-1.0,-12.0,20.3,-4.2,70.6,285,39.6,268,87,2025-07-24 04:00:00+00:00
29.1,69,22.9,1002.7,1003.8,100,0,100,95,10.7,243,25.2,0.0,180.0,-1.2,-27.0,20.3,-4.0,70.2,287,40.8,272,91,2025-07-24 05:00:00+00:00
29.5,65,22.4,1002.5,1003.6,100,0,100,88,12.5,242,28.4,0.0,210.0,-2.2,-11.0,19.8,-3.7,68.5,285,49.2,270,86,2025-07-24 06:00:00+00:00
31.1,58,21.7,1001.7,1002.8,100,55,100,100,18.2,267,42.8,0.0,250.0,-2.4,-5.0,18.7,-3.7,48.7,281,46.8,270,81,2025-07-24 07:00:00+00:00
31.3,58,22.1,1000.4,1001.5,100,0,79,100,15.7,253,46.8,0.0,310.0,-1.5,-6.0,18.8,-3.7,56.5,272,45.6,268,79,2025-07-24 08:00:00+00:00
31.0,59,22.1,999.8,1000.9,100,0,21,100,16.8,251,39.2,0.0,370.0,-1.3,-8.0,19.2,-3.3,56.5,270,44.4,270,77,2025-07-24 09:00:00+00:00
30.7,62,22.6,999.5,1000.6,100,2,6,100,15.0,256,39.2,0.0,540.0,-1.4,-15.0,19.3,-2.6,49.2,270,46.9,266,83,2025-07-24 10:00:00+00:00
30.5,65,23.1,999.4,1000.5,100,5,11,100,13.7,238,32.0,0.0,780.0,-0.8,-48.0,19.3,-2.6,48.4,273,45.0,261,87,2025-07-24 11:00:00+00:00
29.5,69,23.1,1000.0,1001.1,100,1,22,100,13.8,248,31.0,0.0,940.0,-0.6,-32.0,19.8,-3.5,42.4,271,53.0,257,81,2025-07-24 12:00:00+00:00
29.2,81,25.5,1000.4,1001.5,100,3,18,100,4.1,193,8.3,0.0,680.0,-1.0,-36.0,19.4,-3.3,42.9,272,52.1,262,81,2025-07-24 13:00:00+00:00
28.6,81,25.1,1001.0,1002.1,100,0,32,100,6.8,205,13.3,0.0,730.0,-1.1,-78.0,19.4,-3.3,40.6,274,52.9,266,83,2025-07-24 14:00:00+00:00
28.2,83,25.0,1001.9,1003.0,100,1,45,100,7.0,209,13.7,0.0,630.0,-1.2,-81.0,19.3,-3.0,39.7,274,58.4,261,78,2025-07-24 15:00:00+00:00
27.9,75,23.1,1002.8,1003.9,100,10,21,100,16.4,225,32.8,0.0,280.0,-1.5,-61.0,19.2,-3.0,45.7,274,56.5,258,76,2025-07-24 16:00:00+00:00
26.4,79,22.4,1003.1,1004.2,100,13,16,100,15.1,229,41.0,0.0,170.0,-1.6,-48.0,19.1,-2.1,54.9,275,58.6,259,79,2025-07-24 17:00:00+00:00
26.4,79,22.5,1002.9,1004.0,100,0,16,100,12.0,233,30.2,0.0,150.0,-1.0,-34.0,20.0,-2.1,54.5,282,62.6,258,84,2025-07-24 18:00:00+00:00
26.2,81,22.7,1002.2,1003.3,100,0,73,100,11.4,233,24.1,0.0,90.0,-0.1,-53.0,20.6,-2.3,65.7,282,61.0,260,82,2025-07-24 19:00:00+00:00
26.3,81,22.7,1001.0,1002.1,100,0,97,100,12.8,239,26.6,0.0,40.0,0.2,-72.0,20.8,-2.8,69.6,284,59.2,263,80,2025-07-24 20:00:00+00:00
26.5,79,22.5,1000.7,1001.8,100,0,100,100,13.1,241,27.4,0.0,40.0,-0.5,-70.0,21.0,-3.3,72.5,283,55.4,265,80,2025-07-24 21:00:00+00:00
26.5,77,22.2,1000.6,1001.7,100,0,16,100,14.0,240,29.5,0.0,60.0,0.0,-83.0,20.8,-3.5,75.2,283,54.1,267,83,2025-07-24 22:00:00+00:00
26.6,76,22.0,1001.0,1002.1,100,4,12,100,14.7,239,31.0,0.0,70.0,0.3,-80.0,20.4,-3.3,76.8,282,58.8,270,78,2025-07-24 23:00:00+00:00
26.3,77,22.1,1001.2,1002.3,100,5,9,100,13.4,241,31.0,0.1,40.0,0.3,-66.0,20.4,-3.3,70.6,279,66.0,268,78,2025-07-25 00:00:00+00:00
26.7,79,22.8,1001.6,1002.7,100,5,77,100,8.3,214,19.1,0.0,60.0,-0.6,-59.0,20.9,-3.5,73.8,281,64.8,269,76,2025-07-25 01:00:00+00:00
27.5,77,23.0,1002.3,1003.4,100,2,58,100,9.1,216,20.9,0.0,60.0,-0.7,-34.0,20.6,-3.5,73.6,282,62.4,272,78,2025-07-25 02:00:00+00:00
28.3,73,23.1,1002.6,1003.7,100,0,17,100,12.6,223,27.7,0.0,80.0,0.1,-36.0,20.2,-3.7,74.7,281,59.1,276,79,2025-07-25 03:00:00+00:00
29.3,71,23.4,1002.7,1003.8,100,0,89,100,12.5,224,32.4,0.0,100.0,-0.3,-7.0,19.8,-3.7,78.4,281,51.8,275,86,2025-07-25 04:00:00+00:00
30.1,67,23.4,1002.5,1003.6,100,0,91,100,11.3,216,30.2,0.0,150.0,-0.4,-1.0,19.3,-4.0,80.5,282,51.6,271,82,2025-07-25 05:00:00+00:00
31.5,59,22.4,1002.7,1003.8,100,9,85,100,15.0,247,41.8,0.0,140.0,-0.8,-17.0,18.7,-3.3,62.0,282,55.2,271,81,2025-07-25 06:00:00+00:00
31.8,58,22.4,1001.7,1002.8,100,25,73,100,20.4,264,50.4,0.1,200.0,-0.5,-9.0,19.3,-2.8,56.7,281,51.6,270,82,2025-07-25 07:00:00+00:00
30.9,64,23.2,1000.9,1002.0,100,2,74,100,13.3,232,48.2,0.1,440.0,-0.3,-17.0,19.7,-3.3,63.5,281,52.8,271,80,2025-07-25 08:00:00+00:00
31.0,65,23.6,1000.2,1001.3,100,0,14,100,12.0,210,33.5,0.0,500.0,-0.4,-22.0,19.7,-3.3,62.4,282,53.0,275,82,2025-07-25 09:00:00+00:00
31.4,59,22.6,999.9,1001.0,100,10,92,100,17.0,275,37.8,0.3,590.0,-1.0,-26.0,19.6,-3.0,54.8,279,51.8,275,79,2025-07-25 10:00:00+00:00
27.6,84,24.7,999.9,1001.0,100,1,88,100,6.2,308,40.0,0.7,760.0,-0.7,-25.0,19.9,-2.8,51.4,277,49.3,274,82,2025-07-25 11:00:00+00:00
28.0,83,24.8,999.7,1000.8,100,2,100,100,3.8,188,15.1,0.0,960.0,-1.8,-26.0,20.3,-3.0,47.0,267,48.1,274,87,2025-07-25 12:00:00+00:00
29.2,74,24.2,999.9,1001.0,100,0,86,100,12.1,203,25.6,0.0,910.0,-0.9,-54.0,20.0,-3.3,46.1,268,42.3,277,94,2025-07-25 13:00:00+00:00
29.0,69,22.9,1001.0,1002.1,100,4,80,100,12.6,217,26.3,0.0,610.0,-1.3,-58.0,20.3,-3.5,45.3,276,42.1,273,91,2025-07-25 14:00:00+00:00
29.0,62,21.0,1001.9,1003.0,100,4,33,100,14.8,223,30.6,0.0,10.0,-1.4,-127.0,20.2,-3.3,64.0,275,43.6,278,86,2025-07-25 15:00:00+00:00
28.6,62,20.7,1002.6,1003.7,100,1,44,100,14.4,228,31.3,0.0,0.0,-0.7,-165.0,20.3,-3.3,70.2,273,41.2,278,91,2025-07-25 16:00:00+00:00
28.1,64,20.8,1003.2,1004.3,100,0,55,100,12.3,232,29.5,0.0,100.0,0.2,-63.0,20.5,-3.7,73.4,272,37.5,277,86,2025-07-25 17:00:00+00:00
27.7,66,20.9,1003.4,1004.5,100,1,98,100,12.8,235,25.6,0.0,60.0,0.1,0.0,19.8,-4.2,80.4,274,37.2,268,81,2025-07-25 18:00:00+00:00
27.9,65,20.7,1003.0,1004.1,100,1,33,100,14.4,248,30.6,0.0,20.0,0.8,0.0,19.9,-4.2,78.3,276,37.4,264,83,2025-07-25 19:00:00+00:00
27.5,67,20.8,1002.6,1003.7,100,0,78,100,12.5,258,36.0,0.0,10.0,0.8,0.0,20.2,-4.4,79.9,280,36.5,261,81,2025-07-25 20:00:00+00:00
26.2,74,21.3,1002.3,1003.4,100,0,94,100,14.5,243,29.2,0.0,0.0,0.1,0.0,20.6,-4.7,82.5,279,35.5,258,82,2025-07-25 21:00:00+00:00
25.7,77,21.4,1001.9,1003.0,100,0,100,100,15.3,248,35.6,0.2,0.0,0.5,0.0,20.5,-4.9,83.5,279,36.1,255,79,2025-07-25 22:00:00+00:00
25.6,80,21.8,1002.3,1003.4,100,1,77,100,10.8,216,31.0,0.6,0.0,0.8,-93.0,20.6,-4.7,84.2,282,34.4,245,77,2025-07-25 23:00:00+00:00
26.2,73,21.0,1002.2,1003.3,100,0,54,100,12.0,230,24.8,0.0,0.0,0.7,0.0,20.5,-4.2,74.8,281,34.4,245,76,2025-07-26 00:00:00+00:00
27.2,71,21.4,1002.6,1003.7,100,0,100,100,12.5,230,29.9,0.0,0.0,1.0,0.0,20.3,-4.0,77.0,281,35.4,242,74,2025-07-26 01:00:00+00:00
27.5,70,21.5,1003.4,1004.5,100,1,87,100,12.9,227,27.4,0.0,0.0,0.8,0.0,19.9,-4.0,78.5,279,35.6,237,73,2025-07-26 02:00:00+00:00
28.7,67,21.9,1004.0,1005.1,100,1,79,100,14.7,231,29.9,0.0,0.0,0.8,0.0,19.9,-4.0,80.6,278,37.9,235,76,2025-07-26 03:00:00+00:00
30.3,63,22.4,1004.3,1005.4,100,2,20,100,12.9,221,31.0,0.0,0.0,0.1,-64.0,19.8,-3.7,81.8,277,40.3,240,74,2025-07-26 04:00:00+00:00
31.7,55,21.7,1003.9,1005.0,100,0,32,100,17.3,242,40.3,0.0,20.0,-0.4,-21.0,20.2,-4.0,74.7,279,39.2,243,72,2025-07-26 05:00:00+00:00
32.5,52,21.5,1003.6,1004.7,100,3,54,100,19.6,252,46.4,0.0,110.0,-0.5,-36.0,19.1,-4.0,62.0,272,38.7,240,70,2025-07-26 06:00:00+00:00
33.1,49,20.9,1002.9,1004.0,100,4,57,100,19.4,264,57.2,0.0,170.0,-0.4,-43.0,20.0,-3.5,56.2,274,38.9,236,68,2025-07-26 07:00:00+00:00
34.3,46,20.9,1001.5,1002.6,100,0,50,100,16.2,273,45.0,0.0,170.0,-0.4,-77.0,20.4,-2.8,69.7,271,37.3,237,68,2025-07-26 08:00:00+00:00
33.4,51,22.0,1001.0,1002.1,100,11,36,100,17.2,250,38.9,0.0,190.0,-1.8,-45.0,20.2,-2.3,47.1,261,34.4,241,76,2025-07-26 09:00:00+00:00
33.5,52,22.3,1000.5,1001.6,100,3,61,100,15.8,262,36.7,0.0,200.0,-1.2,-36.0,20.5,-2.6,45.8,265,32.8,246,87,2025-07-26 10:00:00+00:00
31.7,61,23.3,1000.4,1001.5,100,0,32,100,4.5,286,41.0,0.3,210.0,-1.6,-48.0,20.6,-3.0,50.7,267,32.3,255,91,2025-07-26 11:00:00+00:00
31.7,67,24.7,1000.8,1001.9,100,3,25,100,4.2,265,10.4,0.0,400.0,-1.7,-96.0,20.4,-3.0,49.3,267,35.3,252,90,2025-07-26 12:00:00+00:00
30.9,61,22.4,1002.1,1003.2,100,6,94,100,11.2,237,25.9,0.0,480.0,-2.0,-59.0,20.2,-3.3,50.1,269,33.0,251,89,2025-07-26 13:00:00+00:00
29.4,63,21.7,1003.2,1004.3,100,0,100,100,13.4,265,31.7,0.0,460.0,-1.5,-58.0,19.9,-3.0,54.3,272,34.4,245,89,2025-07-26 14:00:00+00:00
28.7,67,21.8,1004.2,1005.3,100,0,100,100,12.3,248,27.0,0.0,410.0,-1.1,-38.0,19.7,-3.3,52.5,274,37.6,243,87,2025-07-26 15:00:00+00:00
29.3,62,21.4,1004.8,1005.9,100,1,100,100,17.2,242,35.3,0.0,300.0,-0.7,-50.0,19.2,-3.5,51.5,272,38.6,244,89,2025-07-26 16:00:00+00:00
28.2,69,21.9,1005.4,1006.5,100,0,100,100,19.6,240,41.8,0.0,210.0,0.1,-64.0,18.9,-4.0,54.0,275,40.3,247,89,2025-07-26 17:00:00+00:00
27.6,72,22.2,1005.3,1006.4,100,2,100,100,15.7,239,41.0,0.0,140.0,-0.1,-47.0,18.8,-4.7,56.3,289,40.2,253,88,2025-07-26 18:00:00+00:00
27.1,76,22.4,1005.1,1006.2,100,0,100,100,13.2,227,33.1,0.0,50.0,-0.3,-100.0,19.4,-4.9,66.8,286,45.9,250,88,2025-07-26 19:00:00+00:00
26.9,76,22.3,1004.4,1005.5,100,2,66,100,12.6,232,35.6,0.0,0.0,0.1,-170.0,19.6,-4.7,73.4,286,45.2,253,86,2025-07-26 20:00:00+00:00
26.6,76,22.1,1004.1,1005.2,100,4,56,100,11.2,237,34.6,0.0,10.0,0.7,-45.0,19.7,-4.2,74.9,285,44.5,256,83,2025-07-26 21:00:00+00:00
26.6,76,22.0,1004.0,1005.1,100,2,38,100,12.9,229,25.9,0.0,30.0,1.7,0.0,19.7,-4.0,76.7,284,39.9,254,80,2025-07-26 22:00:00+00:00
26.6,75,21.8,1004.1,1005.2,100,1,99,100,14.0,228,29.5,0.0,40.0,1.8,0.0,19.7,-4.2,76.3,285,37.0,257,78,2025-07-26 23:00:00+00:00
26.3,75,21.5,1004.6,1005.7,100,3,100,100,14.0,238,31.0,0.0,0.0,2.3,-62.0,18.9,-4.2,74.9,285,39.9,263,76,2025-07-27 00:00:00+00:00
27.2,71,21.4,1004.7,1005.8,100,0,100,100,11.3,250,28.1,0.1,0.0,2.7,-54.0,19.2,-4.0,74.2,284,39.8,265,74,2025-07-27 01:00:00+00:00
27.4,71,21.7,1005.3,1006.4,100,0,100,100,11.2,233,23.8,0.0,0.0,2.2,-59.0,19.2,-3.5,72.5,283,38.5,266,74,2025-07-27 02:00:00+00:00
27.9,70,22.0,1005.6,1006.7,100,0,100,100,13.9,243,29.5,0.0,20.0,2.5,-227.0,19.3,-3.3,73.1,282,37.2,270,73,2025-07-27 03:00:00+00:00
28.7,68,22.2,1005.9,1007.0,100,0,100,100,13.8,242,30.2,0.0,60.0,2.8,0.0,19.6,-3.5,72.0,281,34.8,272,71,2025-07-27 04:00:00+00:00
29.3,65,22.0,1005.6,1006.7,100,0,97,100,17.0,247,38.2,0.0,60.0,2.3,0.0,19.8,-3.3,69.3,279,37.2,270,71,2025-07-27 05:00:00+00:00
31.0,58,21.8,1004.9,1006.0,100,1,20,100,16.6,246,40.0,0.0,120.0,1.6,0.0,18.5,-3.3,56.3,279,44.4,272,69,2025-07-27 06:00:00+00:00
33.0,49,20.9,1004.2,1005.3,80,59,10,45,24.0,272,56.5,0.0,100.0,1.1,-27.0,19.4,-2.8,59.1,279,45.6,268,68,2025-07-27 07:00:00+00:00
33.6,47,20.8,1003.3,1004.4,100,22,28,100,21.3,274,57.2,0.0,120.0,1.0,-125.0,19.9,-2.8,59.1,279,48.1,267,68,2025-07-27 08:00:00+00:00
34.2,43,20.0,1002.3,1003.4,100,5,86,100,22.3,288,55.8,0.0,110.0,1.2,-211.0,19.9,-2.8,55.1,277,47.4,261,67,2025-07-27 09:00:00+00:00
34.9,41,19.9,1001.6,1002.7,99,5,87,95,14.7,281,51.1,0.0,160.0,1.1,-53.0,20.5,-2.8,58.6,279,45.2,253,68,2025-07-27 10:00:00+00:00
34.2,46,20.9,1001.0,1002.1,100,0,35,100,15.5,273,38.2,0.0,150.0,0.8,-36.0,21.5,-3.0,57.9,277,43.3,251,76,2025-07-27 11:00:00+00:00
33.5,48,20.8,1001.4,1002.5,100,0,17,99,14.0,263,34.2,0.0,160.0,0.3,-118.0,21.6,-3.3,59.4,274,40.8,246,81,2025-07-27 12:00:00+00:00
31.1,56,21.3,1002.9,1004.0,31,2,31,0,9.3,223,21.2,0.0,140.0,0.6,-123.0,21.4,-3.5,57.0,272,37.6,243,81,2025-07-27 13:00:00+00:00
30.7,56,20.9,1003.5,1004.6,42,2,42,0,9.4,234,19.8,0.0,190.0,0.8,-38.0,21.0,-3.5,49.2,268,36.0,240,84,2025-07-27 14:00:00+00:00
29.7,61,21.5,1004.6,1005.7,36,6,34,1,6.6,248,18.0,0.0,230.0,0.5,-40.0,20.6,-3.3,45.1,269,31.7,233,87,2025-07-27 15:00:00+00:00
28.9,65,21.7,1005.2,1006.3,21,0,21,0,7.3,222,13.7,0.0,410.0,0.8,-50.0,20.6,-3.5,44.7,274,30.5,225,89,2025-07-27 16:00:00+00:00
28.3,67,21.5,1005.7,1006.8,52,0,31,31,9.2,223,18.0,0.0,310.0,1.5,-16.0,19.8,-4.0,49.6,277,29.7,223,83,2025-07-27 17:00:00+00:00
28.2,66,21.1,1005.4,1006.5,100,0,1,100,12.3,252,23.4,0.0,20.0,2.1,0.0,19.8,-3.3,49.7,281,24.3,250,74,2025-07-27 18:00:00+00:00
28.2,65,20.9,1005.0,1006.1,100,0,2,100,13.6,255,28.1,0.0,0.0,2.1,0.0,20.0,-3.0,59.4,285,23.2,249,69,2025-07-27 19:00:00+00:00
27.9,65,20.7,1004.5,1005.6,100,0,0,100,14.1,260,29.2,0.0,0.0,2.3,0.0,20.4,-2.8,62.8,292,22.5,245,67,2025-07-27 20:00:00+00:00
27.4,65,20.3,1004.3,1005.4,97,0,0,97,11.6,264,29.2,0.0,0.0,2.3,0.0,20.3,-2.3,65.3,293,22.5,245,66,2025-07-27 21:00:00+00:00
26.4,71,20.8,1004.0,1005.1,100,0,0,100,9.0,257,23.4,0.0,0.0,2.8,0.0,20.6,-2.6,64.5,293,21.6,251,67,2025-07-27 22:00:00+00:00
25.9,74,20.9,1004.3,1005.4,88,0,0,88,8.8,251,18.0,0.0,0.0,3.4,0.0,20.8,-2.6,64.0,294,22.8,252,66,2025-07-27 23:00:00+00:00
25.6,73,20.4,1004.8,1005.9,76,0,0,76,9.0,254,18.0,0.0,0.0,4.0,0.0,20.3,-2.6,66.1,294,22.5,245,63,2025-07-28 00:00:00+00:00
26.9,64,19.4,1005.2,1006.3,100,0,0,100,12.2,253,25.9,0.0,0.0,4.3,0.0,20.4,-2.6,66.0,295,22.5,245,64,2025-07-28 01:00:00+00:00
27.9,63,20.2,1005.8,1006.9,88,0,0,88,9.7,255,25.9,0.0,0.0,4.1,0.0,20.5,-2.6,66.5,295,23.7,240,66,2025-07-28 02:00:00+00:00
29.5,58,20.4,1006.0,1007.1,66,0,0,66,11.1,263,26.6,0.0,0.0,3.7,0.0,20.4,-2.6,67.1,295,23.3,235,66,2025-07-28 03:00:00+00:00
30.9,54,20.5,1005.5,1006.6,92,0,0,92,10.4,272,29.9,0.0,0.0,2.8,0.0,20.4,-2.6,66.4,296,23.3,235,63,2025-07-28 04:00:00+00:00
32.6,48,20.2,1005.2,1006.3,100,97,1,96,18.5,289,44.3,0.0,10.0,2.3,0.0,18.6,-2.3,47.7,296,22.3,234,59,2025-07-28 05:00:00+00:00
33.4,45,19.8,1004.7,1005.8,100,100,73,63,18.5,295,47.9,0.0,10.0,1.5,0.0,18.6,-1.9,53.0,297,24.3,237,54,2025-07-28 06:00:00+00:00
35.0,40,19.3,1003.5,1004.6,95,5,94,9,17.6,296,43.9,0.0,20.0,0.7,-48.0,19.6,-1.9,50.3,292,23.7,240,53,2025-07-28 07:00:00+00:00
35.7,38,19.3,1002.3,1003.4,31,1,24,9,20.6,300,48.6,0.0,40.0,0.6,-57.0,20.4,-1.9,55.5,294,24.7,241,58,2025-07-28 08:00:00+00:00
35.9,38,19.5,1001.7,1002.8,45,1,34,16,15.3,302,48.6,0.0,60.0,0.4,-30.0,20.4,-2.1,35.9,288,26.3,246,79,2025-07-28 09:00:00+00:00
35.7,39,19.7,1001.4,1002.5,34,3,17,20,7.8,307,40.3,0.0,100.0,0.0,-81.0,21.1,-2.1,30.9,284,25.4,251,82,2025-07-28 10:00:00+00:00
34.7,42,19.9,1001.3,1002.4,36,6,21,16,0.6,124,27.4,0.0,160.0,-0.7,-71.0,21.5,-2.1,28.5,283,24.3,250,91,2025-07-28 11:00:00+00:00
32.6,56,22.7,1001.7,1002.8,68,4,62,15,8.4,135,23.0,0.0,320.0,-0.2,-89.0,21.1,-1.9,34.7,287,23.3,258,92,2025-07-28 12:00:00+00:00
32.2,54,21.8,1002.6,1003.7,22,0,20,3,4.2,170,17.6,0.0,490.0,-0.4,-67.0,21.2,-1.9,33.4,281,20.7,260,86,2025-07-28 13:00:00+00:00
30.8,63,22.9,1003.4,1004.5,24,3,23,2,4.6,198,11.2,0.0,910.0,-0.2,-75.0,21.2,-1.9,39.3,280,16.8,266,97,2025-07-28 14:00:00+00:00
30.7,58,21.6,1004.4,1005.5,27,5,26,1,8.5,263,15.8,0.0,1500.0,0.5,-49.0,21.2,-2.3,39.3,280,12.2,259,88,2025-07-28 15:00:00+00:00
30.7,55,20.7,1005.3,1006.4,17,0,17,1,14.6,266,28.8,0.0,1260.0,0.5,-25.0,20.9,-2.6,40.9,282,10.9,264,83,2025-07-28 16:00:00+00:00
30.4,56,20.5,1006.0,1007.1,14,0,13,2,13.8,249,31.0,0.0,740.0,-0.1,-37.0,20.2,-3.0,43.4,283,13.3,275,76,2025-07-28 17:00:00+00:00
29.8,57,20.4,1006.1,1007.2,38,0,19,24,14.8,246,29.9,0.0,40.0,-0.2,-91.0,20.9,-2.8,51.0,290,17.0,278,57,2025-07-28 18:00:00+00:00
29.2,59,20.5,1005.8,1006.9,21,0,21,0,13.4,242,29.9,0.0,10.0,0.2,-125.0,21.6,-2.8,53.6,289,15.8,279,63,2025-07-28 19:00:00+00:00
28.8,59,20.0,1005.0,1006.1,26,0,11,16,15.4,246,32.0,0.0,10.0,0.9,-36.0,21.5,-2.8,53.9,289,14.4,275,61,2025-07-28 20:00:00+00:00
28.4,58,19.4,1004.7,1005.8,29,0,0,29,14.4,254,32.8,0.0,10.0,1.9,0.0,21.7,-2.8,53.9,290,14.4,265,64,2025-07-28 21:00:00+00:00
27.7,59,19.1,1004.6,1005.7,2,0,0,2,13.0,251,30.2,0.0,0.0,2.9,0.0,21.5,-2.8,54.6,289,15.8,261,64,2025-07-28 22:00:00+00:00
27.3,59,18.6,1005.1,1006.2,2,0,0,2,13.9,251,29.2,0.0,0.0,3.5,0.0,21.4,-3.0,56.1,289,16.0,257,63,2025-07-28 23:00:00+00:00
26.9,60,18.5,1005.4,1006.5,40,0,0,40,13.3,254,29.5,0.0,0.0,4.1,0.0,21.1,-2.8,51.2,288,16.8,266,62,2025-07-29 00:00:00+00:00
28.0,56,18.5,1004.9,1006.0,2,0,0,2,17.5,270,38.9,0.0,0.0,4.0,0.0,21.1,-2.8,51.9,288,15.8,261,62,2025-07-29 01:00:00+00:00
28.8,55,18.9,1005.7,1006.8,13,0,0,13,14.8,264,39.2,0.0,0.0,3.0,0.0,21.1,-2.8,53.1,291,15.6,247,64,2025-07-29 02:00:00+00:00
30.1,53,19.4,1005.6,1006.7,50,0,0,49,16.0,271,38.9,0.0,0.0,2.1,0.0,20.9,-2.8,59.5,295,18.0,233,67,2025-07-29 03:00:00+00:00
31.5,50,19.8,1005.3,1006.4,13,2,0,12,15.8,269,40.3,0.0,0.0,1.5,0.0,20.8,-2.8,63.4,296,20.4,230,63,2025-07-29 04:00:00+00:00
33.6,44,19.7,1004.9,1006.0,80,32,0,71,21.9,280,51.5,0.0,10.0,1.0,0.0,20.8,-3.0,63.7,300,22.1,229,62,2025-07-29 05:00:00+00:00
35.3,38,19.0,1004.3,1005.4,94,9,83,63,21.1,284,57.6,0.0,30.0,0.4,0.0,18.6,-3.0,55.5,289,21.4,232,61,2025-07-29 06:00:00+00:00
36.6,35,18.6,1003.2,1004.3,97,1,77,86,22.1,291,54.0,0.0,30.0,-0.1,-14.0,19.3,-3.0,61.2,295,24.0,233,61,2025-07-29 07:00:00+00:00
36.5,35,18.7,1002.3,1003.4,97,1,59,91,20.3,297,55.4,0.0,20.0,-0.5,-1.0,20.2,-3.0,45.3,287,24.7,231,60,2025-07-29 08:00:00+00:00
37.3,34,18.8,1001.6,1002.7,99,2,15,99,19.9,280,51.5,0.0,30.0,-1.0,-13.0,21.2,-3.0,38.3,288,26.4,231,90,2025-07-29 09:00:00+00:00
36.7,36,19.3,1001.4,1002.5,93,2,6,92,16.0,289,50.8,0.0,60.0,-1.2,-3.0,21.8,-2.8,38.6,287,27.0,238,86,2025-07-29 10:00:00+00:00
37.0,35,19.0,1001.0,1002.1,93,2,28,90,16.0,278,41.8,0.0,90.0,-1.9,-14.0,22.3,-2.6,37.9,286,28.4,242,90,2025-07-29 11:00:00+00:00
36.3,37,19.3,1001.1,1002.2,80,2,22,74,17.8,290,42.5,0.0,150.0,-1.8,-51.0,21.5,-2.6,37.4,286,28.4,242,86,2025-07-29 12:00:00+00:00
33.3,49,21.2,1002.9,1004.0,84,2,11,82,5.3,294,34.9,0.0,280.0,-1.2,-29.0,21.5,-2.6,37.6,284,26.3,240,91,2025-07-29 13:00:00+00:00
32.1,61,23.5,1003.4,1004.5,92,2,12,90,3.2,322,10.8,0.0,390.0,-0.3,-33.0,21.4,-2.3,41.5,282,24.3,237,90,2025-07-29 14:00:00+00:00
31.5,61,23.0,1004.3,1005.4,96,3,65,89,5.8,296,9.4,0.0,510.0,0.0,-19.0,21.1,-2.3,44.0,280,23.1,231,91,2025-07-29 15:00:00+00:00
31.4,56,21.5,1005.4,1006.5,99,0,27,98,10.6,255,21.6,0.0,450.0,-0.1,-44.0,20.8,-2.6,46.1,284,22.1,225,94,2025-07-29 16:00:00+00:00
27.9,67,21.2,1006.3,1007.4,98,0,22,98,14.1,220,40.3,0.0,230.0,0.2,-11.0,20.9,-3.0,52.2,294,22.1,221,93,2025-07-29 17:00:00+00:00
28.2,69,21.9,1006.0,1007.1,99,0,10,99,12.9,233,27.0,0.0,110.0,0.6,-15.0,21.1,-3.3,48.1,296,23.7,240,88,2025-07-29 18:00:00+00:00
28.8,65,21.5,1005.4,1006.5,96,0,9,96,13.6,234,29.5,0.0,70.0,1.1,-24.0,21.0,-3.3,47.8,292,23.7,240,80,2025-07-29 19:00:00+00:00
28.5,65,21.3,1005.2,1006.3,98,0,11,98,12.3,236,28.1,0.0,40.0,0.8,0.0,21.0,-3.3,48.7,297,24.1,243,73,2025-07-29 20:00:00+00:00
28.3,64,20.8,1004.7,1005.8,97,0,3,97,11.9,238,25.6,0.0,30.0,0.8,0.0,21.0,-3.3,51.4,300,23.6,246,76,2025-07-29 21:00:00+00:00
27.8,64,20.5,1004.2,1005.3,99,0,1,99,11.6,238,24.8,0.0,20.0,1.5,0.0,20.9,-3.5,52.3,300,22.1,248,79,2025-07-29 22:00:00+00:00
27.6,64,20.3,1004.3,1005.4,100,0,0,100,11.8,242,24.5,0.0,10.0,2.1,0.0,21.1,-3.5,51.4,300,21.3,254,81,2025-07-29 23:00:00+00:00
27.4,65,20.2,1004.6,1005.7,100,0,0,100,12.1,243,25.2,0.0,0.0,3.2,0.0,21.0,-2.8,50.3,302,25.5,262,76,2025-07-30 00:00:00+00:00
28.4,62,20.3,1004.7,1005.8,33,0,0,33,14.6,254,31.0,0.0,0.0,3.2,0.0,20.6,-2.6,52.1,301,23.1,261,74,2025-07-30 01:00:00+00:00
29.4,59,20.6,1005.2,1006.3,96,0,0,96,11.7,249,30.6,0.0,0.0,2.6,0.0,20.4,-2.3,52.2,302,21.9,261,70,2025-07-30 02:00:00+00:00
31.0,54,20.6,1005.4,1006.5,100,0,0,100,14.4,260,35.3,0.0,0.0,2.4,0.0,20.2,-2.3,54.4,301,19.8,256,67,2025-07-30 03:00:00+00:00
32.3,51,20.8,1005.2,1006.3,99,0,0,99,14.1,266,36.0,0.0,10.0,1.7,0.0,20.0,-2.1,53.1,301,20.1,253,66,2025-07-30 04:00:00+00:00
33.7,47,20.7,1004.8,1005.9,100,0,0,100,12.6,269,36.0,0.0,30.0,1.3,-107.0,20.0,-2.1,53.5,300,21.6,251,67,2025-07-30 05:00:00+00:00
35.2,43,20.6,1004.5,1005.6,99,41,4,99,15.1,282,38.5,0.0,80.0,0.6,-30.0,19.4,-1.9,45.0,296,21.0,257,64,2025-07-30 06:00:00+00:00
36.4,39,20.1,1003.6,1004.7,87,9,18,84,14.7,292,42.5,0.0,90.0,0.2,-14.0,20.0,-1.9,42.3,292,20.1,253,63,2025-07-30 07:00:00+00:00
37.1,37,19.9,1002.6,1003.7,97,13,23,95,11.8,299,39.6,0.0,100.0,0.4,-29.0,19.9,-1.9,48.9,297,17.8,250,64,2025-07-30 08:00:00+00:00
37.3,36,19.8,1001.8,1002.9,100,10,60,100,2.7,28,34.2,0.0,130.0,0.5,-37.0,20.6,-1.9,31.6,276,17.8,250,69,2025-07-30 09:00:00+00:00
36.0,41,20.8,1001.2,1002.3,98,0,64,96,7.7,102,30.2,0.0,170.0,0.1,-55.0,21.5,-2.1,27.3,269,15.6,247,74,2025-07-30 10:00:00+00:00
33.1,58,23.8,1001.3,1002.4,99,4,36,99,13.0,108,33.1,0.4,170.0,0.0,-122.0,22.1,-2.1,27.4,265,12.9,248,83,2025-07-30 11:00:00+00:00
32.0,65,24.7,1001.5,1002.6,99,1,24,98,15.4,146,38.5,0.1,180.0,-0.2,-87.0,21.7,-1.4,27.4,267,13.4,260,81,2025-07-30 12:00:00+00:00
32.0,61,23.6,1002.9,1004.0,100,0,19,100,10.7,115,24.1,0.0,470.0,-0.8,-38.0,22.0,-1.6,31.0,267,9.6,270,87,2025-07-30 13:00:00+00:00
30.7,72,25.0,1003.6,1004.7,99,1,5,99,10.6,118,24.8,0.0,1490.0,-1.1,-53.0,22.1,-1.9,35.6,267,4.9,256,80,2025-07-30 14:00:00+00:00
29.9,78,25.7,1004.3,1005.4,100,0,10,100,11.9,138,23.8,0.0,950.0,-0.1,-47.0,22.0,-2.3,37.8,269,2.4,270,76,2025-07-30 15:00:00+00:00
29.8,74,24.7,1005.0,1006.1,100,0,16,100,12.4,167,25.6,0.0,920.0,0.8,-40.0,21.4,-2.8,39.6,270,0.0,270,74,2025-07-30 16:00:00+00:00
29.7,72,24.0,1005.5,1006.6,95,0,8,95,13.4,187,27.7,0.0,1260.0,0.7,-40.0,20.6,-3.3,39.2,272,2.7,153,83,2025-07-30 17:00:00+00:00
29.3,73,24.1,1005.5,1006.6,91,0,13,90,13.3,220,28.4,0.0,1620.0,0.1,-68.0,20.9,-3.0,39.9,277,6.1,259,83,2025-07-30 18:00:00+00:00
29.0,72,23.5,1005.2,1006.3,97,0,15,97,12.2,236,27.7,0.0,1520.0,0.0,-69.0,20.5,-3.3,38.8,283,7.6,252,83,2025-07-30 19:00:00+00:00
28.7,72,23.1,1004.5,1005.6,100,0,14,100,11.7,224,25.6,0.0,1040.0,0.0,-50.0,20.5,-3.7,34.8,284,9.7,240,82,2025-07-30 20:00:00+00:00
28.4,72,22.9,1004.1,1005.2,100,1,11,99,10.9,232,24.5,0.0,400.0,-0.1,-24.0,20.8,-3.5,30.9,278,11.1,229,86,2025-07-30 21:00:00+00:00
28.3,68,21.9,1003.8,1004.9,100,2,30,100,10.4,242,22.3,0.0,100.0,-0.2,-50.0,20.9,-3.5,33.0,276,11.9,225,87,2025-07-30 22:00:00+00:00
28.0,66,21.1,1004.1,1005.2,97,1,25,96,10.2,239,22.0,0.0,30.0,-0.2,-58.0,20.9,-3.0,35.3,281,13.7,218,83,2025-07-30 23:00:00+00:00
27.6,68,21.1,1004.5,1005.6,100,0,16,100,9.5,243,20.9,0.0,20.0,0.8,0.0,20.5,-2.8,30.4,279,10.3,201,82,2025-07-31 00:00:00+00:00
28.9,64,21.3,1004.5,1005.6,100,0,3,100,10.4,252,21.6,0.0,0.0,0.5,-34.0,20.4,-3.0,31.3,286,11.4,198,82,2025-07-31 01:00:00+00:00
29.9,61,21.6,1005.3,1006.4,100,0,2,100,9.6,254,22.3,0.0,0.0,0.8,-90.0,20.4,-2.8,32.0,290,12.2,191,83,2025-07-31 02:00:00+00:00
31.3,56,21.4,1005.7,1006.8,100,0,2,100,11.6,265,29.2,0.0,20.0,0.8,-65.0,20.3,-3.0,35.3,294,12.5,197,82,2025-07-31 03:00:00+00:00
32.7,53,21.7,1005.7,1006.8,100,0,0,100,11.8,279,32.0,0.0,80.0,0.4,-43.0,20.2,-3.0,35.9,296,14.8,194,81,2025-07-31 04:00:00+00:00
33.9,49,21.8,1005.3,1006.4,100,0,2,100,10.4,285,31.7,0.0,130.0,0.0,-57.0,20.2,-3.0,35.9,294,15.2,198,80,2025-07-31 05:00:00+00:00
35.1,46,21.6,1004.6,1005.7,100,1,4,100,8.5,291,36.0,0.0,350.0,0.0,-90.0,20.6,-2.6,34.7,298,15.2,198,76,2025-07-31 06:00:00+00:00
36.2,43,21.5,1003.8,1004.9,100,17,31,100,9.6,298,33.5,0.2,370.0,-0.1,-61.0,19.8,-2.6,33.0,290,14.5,204,74,2025-07-31 07:00:00+00:00
35.1,46,21.9,1003.1,1004.2,100,35,27,100,1.6,96,31.3,0.1,640.0,-0.4,-39.0,20.3,-2.3,33.7,289,14.0,211,74,2025-07-31 08:00:00+00:00
33.4,55,23.1,1002.3,1003.4,100,26,78,100,12.3,122,37.8,0.5,1020.0,-1.1,-74.0,19.7,-2.6,28.7,285,13.7,218,78,2025-07-31 09:00:00+00:00
31.1,64,23.6,1002.7,1003.8,100,3,74,99,6.1,175,35.3,1.1,1050.0,-1.7,-98.0,20.0,-2.3,20.2,276,12.0,217,80,2025-07-31 10:00:00+00:00
31.0,65,23.6,1002.3,1003.4,94,4,19,92,7.6,166,25.2,0.1,1090.0,-2.5,-83.0,20.4,-2.6,20.6,274,11.1,229,81,2025-07-31 11:00:00+00:00
31.2,64,23.5,1002.6,1003.7,87,2,23,83,5.7,167,20.9,0.0,1330.0,-2.5,-63.0,20.4,-2.6,27.8,288,8.7,214,80,2025-07-31 12:00:00+00:00
30.3,68,23.8,1003.9,1005.0,99,1,23,98,5.9,92,14.0,0.0,1430.0,-2.0,-72.0,20.8,-2.6,29.7,285,9.4,220,80,2025-07-31 13:00:00+00:00
29.7,73,24.5,1004.7,1005.8,90,1,36,84,7.9,147,18.7,0.0,840.0,-1.4,-67.0,21.0,-2.8,29.4,286,8.7,214,87,2025-07-31 14:00:00+00:00
29.6,74,24.4,1005.3,1006.4,98,0,28,97,7.2,162,18.7,0.0,930.0,-1.3,-60.0,20.3,-3.0,23.7,286,9.4,230,79,2025-07-31 15:00:00+00:00
29.5,77,25.1,1006.0,1007.1,100,2,22,100,9.5,161,18.7,0.0,1190.0,-1.3,-54.0,19.7,-3.0,21.4,281,7.7,231,84,2025-07-31 16:00:00+00:00
28.9,83,25.6,1006.2,1007.3,100,10,36,100,10.6,198,23.8,0.0,990.0,-1.4,-53.0,20.0,-3.3,28.0,286,3.6,180,93,2025-07-31 17:00:00+00:00
28.3,82,24.9,1006.1,1007.2,98,0,16,98,7.8,233,21.6,0.0,920.0,-1.4,-55.0,20.9,-3.5,29.3,296,8.7,164,84,2025-07-31 18:00:00+00:00
27.9,81,24.3,1005.6,1006.7,100,5,19,100,10.6,231,22.0,0.0,840.0,-1.3,-66.0,20.3,-3.5,36.1,296,7.3,171,82,2025-07-31 19:00:00+00:00
27.6,79,23.5,1004.6,1005.7,100,1,2,100,9.6,232,22.3,0.0,830.0,-1.2,-78.0,20.0,-3.5,36.7,297,9.9,166,81,2025-07-31 20:00:00+00:00
27.3,77,22.9,1004.0,1005.1,100,7,9,100,8.9,234,19.8,0.0,840.0,-1.1,-97.0,20.0,-3.3,37.7,297,12.2,169,78,2025-07-31 21:00:00+00:00
27.1,77,22.7,1003.7,1004.8,100,6,3,100,9.3,248,19.4,0.0,750.0,-1.1,-132.0,20.3,-3.3,37.3,298,12.0,180,77,2025-07-31 22:00:00+00:00
26.8,78,22.7,1004.0,1005.1,100,1,2,100,9.5,251,19.8,0.0,610.0,-1.2,-134.0,20.3,-3.3,37.4,302,13.3,175,78,2025-07-31 23:00:00+00:00
26.7,80,22.9,1004.6,1005.7,100,0,10,100,9.4,252,19.8,0.0,540.0,-1.5,-94.0,20.2,-3.0,32.6,313,15.6,184,74,2025-08-01 00:00:00+00:00
27.9,84,24.9,1004.6,1005.7,100,2,7,100,9.4,241,18.7,0.0,460.0,-1.5,-76.0,20.0,-2.8,31.6,316,15.6,184,77,2025-08-01 01:00:00+00:00
29.0,80,25.1,1005.2,1006.3,100,3,10,100,9.6,253,21.2,0.0,460.0,-1.9,-28.0,19.9,-2.8,29.8,320,14.4,185,76,2025-08-01 02:00:00+00:00
30.8,66,23.6,1005.4,1006.5,100,0,10,100,11.9,274,28.1,0.0,650.0,-1.3,-76.0,19.9,-2.8,28.3,322,12.1,186,74,2025-08-01 03:00:00+00:00
31.9,57,22.3,1005.4,1006.5,100,0,18,100,13.1,286,32.8,0.0,440.0,-0.7,-101.0,19.9,-2.8,26.0,322,10.3,201,73,2025-08-01 04:00:00+00:00
33.0,52,21.9,1005.0,1006.1,100,0,22,100,11.2,294,32.4,0.0,240.0,-0.6,-93.0,20.0,-2.8,23.9,318,9.1,203,71,2025-08-01 05:00:00+00:00
34.0,49,21.8,1004.4,1005.5,100,1,1,100,10.4,302,29.5,0.0,180.0,-0.7,-44.0,20.4,-2.6,21.3,317,4.9,166,66,2025-08-01 06:00:00+00:00
35.0,45,21.3,1003.6,1004.7,100,6,15,100,8.9,318,30.2,0.0,170.0,-0.7,-27.0,20.0,-2.6,19.8,308,1.2,180,64,2025-08-01 07:00:00+00:00
35.1,45,21.3,1002.6,1003.7,99,5,11,99,5.1,32,27.4,0.0,130.0,-0.8,-35.0,20.5,-2.3,14.1,295,1.7,45,69,2025-08-01 08:00:00+00:00
34.8,46,21.4,1002.2,1003.3,99,12,25,99,5.6,73,21.2,0.1,140.0,-1.2,-52.0,21.1,-2.3,14.4,281,3.8,18,82,2025-08-01 09:00:00+00:00
33.5,55,23.2,1001.7,1002.8,100,2,20,100,11.1,103,29.9,0.1,510.0,-1.1,-77.0,21.7,-2.3,19.3,278,5.4,27,84,2025-08-01 10:00:00+00:00
32.3,59,23.1,1001.6,1002.7,100,6,20,100,11.5,115,31.3,0.1,1270.0,-0.9,-70.0,21.7,-2.1,22.6,279,7.0,31,74,2025-08-01 11:00:00+00:00
31.5,62,23.3,1002.0,1003.1,100,4,68,99,9.6,137,28.8,0.0,1540.0,-1.2,-69.0,21.6,-1.9,22.5,288,10.3,21,74,2025-08-01 12:00:00+00:00
30.7,70,24.5,1002.7,1003.8,100,0,5,100,7.5,111,24.1,0.0,970.0,-1.5,-85.0,21.8,-1.9,21.6,288,11.3,32,74,2025-08-01 13:00:00+00:00
30.2,75,25.2,1003.6,1004.7,100,3,12,100,8.3,141,17.3,0.0,1670.0,-1.7,-91.0,21.8,-1.9,21.8,290,12.4,29,76,2025-08-01 14:00:00+00:00
30.0,76,25.3,1004.5,1005.6,100,7,21,100,9.6,164,19.8,0.0,1460.0,-1.9,-79.0,21.8,-1.9,20.8,289,14.0,31,74,2025-08-01 15:00:00+00:00
29.9,73,24.5,1005.2,1006.3,98,8,27,98,9.8,167,21.6,0.0,1360.0,-2.3,-55.0,22.0,-1.9,20.3,290,16.3,36,80,2025-08-01 16:00:00+00:00
29.6,76,24.9,1005.8,1006.9,100,7,34,100,9.0,170,19.8,0.0,1320.0,-2.3,-58.0,22.0,-1.9,19.6,298,19.0,35,86,2025-08-01 17:00:00+00:00
29.1,79,25.1,1005.2,1006.3,100,2,21,100,14.3,174,28.4,0.0,1510.0,-2.3,-60.0,21.6,-2.1,21.1,321,18.7,50,88,2025-08-01 18:00:00+00:00
28.2,78,23.9,1005.0,1006.1,100,5,16,100,14.7,199,33.1,0.0,1720.0,-2.2,-55.0,20.9,-2.1,13.0,324,20.6,54,87,2025-08-01 19:00:00+00:00
27.5,77,23.2,1004.9,1006.0,100,2,52,100,17.0,203,35.3,0.0,1120.0,-2.5,-46.0,20.5,-2.3,7.0,328,19.7,52,83,2025-08-01 20:00:00+00:00
26.6,83,23.5,1004.3,1005.4,99,2,9,99,14.1,199,36.4,0.1,700.0,-2.4,-46.0,19.7,-2.8,6.5,258,21.0,59,80,2025-08-01 21:00:00+00:00
26.2,86,23.6,1004.2,1005.3,100,4,15,100,11.7,205,29.9,0.0,580.0,-2.2,-50.0,19.8,-2.8,8.0,294,23.2,69,88,2025-08-01 22:00:00+00:00
25.9,88,23.7,1004.3,1005.4,100,4,7,100,11.7,218,24.8,0.0,830.0,-1.8,-46.0,20.0,-2.1,9.5,305,23.3,78,91,2025-08-01 23:00:00+00:00
25.8,88,23.6,1004.4,1005.5,100,6,1,100,11.4,219,25.9,0.0,610.0,-1.8,-51.0,19.7,-1.9,8.7,317,22.9,84,81,2025-08-02 00:00:00+00:00
27.0,78,22.8,1004.5,1005.6,100,0,0,100,7.9,225,20.9,0.0,760.0,-1.6,-51.0,19.6,-2.1,9.7,315,24.0,90,82,2025-08-02 01:00:00+00:00
27.9,73,22.7,1005.0,1006.1,100,0,1,100,6.6,233,17.6,0.0,880.0,-1.8,-34.0,19.4,-2.1,9.5,325,24.1,96,83,2025-08-02 02:00:00+00:00
29.1,69,22.8,1005.5,1006.6,100,0,1,100,5.0,240,17.3,0.0,1090.0,-1.6,-21.0,19.6,-2.1,10.0,330,23.1,99,81,2025-08-02 03:00:00+00:00
31.5,61,23.0,1005.5,1006.6,100,0,0,100,4.2,282,17.3,0.0,1310.0,-1.4,-16.0,19.7,-2.3,9.6,329,23.3,102,80,2025-08-02 04:00:00+00:00
33.7,50,21.9,1005.1,1006.2,100,10,9,100,6.3,345,22.0,0.0,1060.0,-1.6,-11.0,19.7,-2.6,9.0,315,23.3,102,80,2025-08-02 05:00:00+00:00
34.7,46,21.4,1004.6,1005.7,100,5,4,100,6.0,5,23.4,0.0,1270.0,-1.5,-3.0,19.9,-2.3,8.8,309,25.9,103,79,2025-08-02 06:00:00+00:00
35.4,45,21.5,1004.0,1005.1,100,11,11,100,3.6,33,22.0,0.0,1280.0,-1.9,-5.0,19.9,-2.8,11.0,294,26.2,106,79,2025-08-02 07:00:00+00:00
35.8,43,21.5,1003.0,1004.1,47,11,12,35,3.3,77,19.8,0.0,1550.0,-2.3,-11.0,19.9,-3.0,11.3,284,24.7,104,76,2025-08-02 08:00:00+00:00
35.8,43,21.4,1002.0,1003.1,39,8,21,17,6.2,97,25.2,0.1,1570.0,-2.4,-18.0,20.4,-3.3,13.4,280,23.6,105,70,2025-08-02 09:00:00+00:00
34.7,47,21.7,1001.2,1002.3,98,13,41,96,9.1,100,28.8,0.1,1650.0,-1.9,-41.0,20.5,-3.3,15.3,280,22.1,103,68,2025-08-02 10:00:00+00:00
33.5,50,21.8,1000.9,1002.0,97,3,22,96,9.8,95,29.2,0.0,1820.0,-2.4,-63.0,21.0,-3.0,16.9,284,23.3,102,68,2025-08-02 11:00:00+00:00
32.7,53,21.8,1001.1,1002.2,61,0,8,57,8.1,111,27.4,0.0,1970.0,-2.3,-55.0,21.2,-2.6,12.0,288,21.3,106,78,2025-08-02 12:00:00+00:00
31.6,61,23.3,1002.5,1003.6,100,2,3,100,8.9,109,21.2,0.0,2310.0,-2.5,-55.0,21.5,-2.8,11.8,286,23.3,102,69,2025-08-02 13:00:00+00:00
30.7,71,25.0,1003.3,1004.4,100,0,2,100,9.3,127,20.5,0.0,2760.0,-2.5,-60.0,21.5,-2.6,11.2,282,23.6,105,73,2025-08-02 14:00:00+00:00
30.1,78,25.8,1004.0,1005.1,100,0,0,100,9.4,138,20.9,0.0,2740.0,-2.5,-59.0,21.4,-2.8,10.5,272,24.7,104,78,2025-08-02 15:00:00+00:00
29.7,81,26.1,1004.5,1005.6,86,0,3,86,9.1,150,20.5,0.0,2820.0,-2.9,-59.0,21.1,-3.0,11.2,258,25.9,103,81,2025-08-02 16:00:00+00:00
29.6,80,25.7,1005.0,1006.1,95,0,10,94,8.9,172,19.4,0.0,3120.0,-3.1,-57.0,20.8,-3.5,9.8,248,24.7,104,82,2025-08-02 17:00:00+00:00
29.4,78,25.3,1005.3,1006.4,100,3,32,100,8.3,185,18.7,0.0,2860.0,-2.8,-43.0,20.3,-4.0,4.1,243,23.6,105,80,2025-08-02 18:00:00+00:00
27.0,83,23.8,1006.1,1007.2,100,14,71,100,13.1,207,32.4,3.1,2210.0,-2.9,-50.0,19.9,-4.2,5.8,225,21.9,99,81,2025-08-02 19:00:00+00:00
26.8,84,23.9,1004.9,1006.0,100,2,33,99,11.5,231,25.6,0.2,1600.0,-2.7,-40.0,19.8,-4.2,3.9,249,21.6,93,82,2025-08-02 20:00:00+00:00
26.7,82,23.4,1004.3,1005.4,96,3,9,96,6.1,236,23.0,0.0,1530.0,-2.3,-43.0,20.0,-4.4,3.3,236,22.9,84,87,2025-08-02 21:00:00+00:00
26.5,82,23.2,1004.0,1005.1,100,12,44,100,5.4,262,12.6,0.0,1660.0,-2.5,-51.0,19.9,-4.2,4.9,202,25.2,87,89,2025-08-02 22:00:00+00:00
26.6,85,23.8,1004.3,1005.4,100,0,51,100,1.7,221,11.2,0.2,1440.0,-2.7,-52.0,19.9,-4.2,3.1,243,25.5,98,86,2025-08-02 23:00:00+00:00
26.2,84,23.3,1004.9,1006.0,100,42,72,100,8.1,227,17.6,0.1,610.0,-2.4,-61.0,20.4,-4.0,7.3,356,22.9,96,83,2025-08-03 00:00:00+00:00
28.1,79,24.2,1004.4,1005.5,99,0,6,99,8.2,262,16.9,0.0,360.0,-2.2,-56.0,20.3,-4.0,7.3,353,25.3,95,82,2025-08-03 01:00:00+00:00
29.2,75,24.3,1005.4,1006.5,100,0,2,100,8.0,262,18.7,0.0,350.0,-2.1,-33.0,20.3,-3.7,9.2,351,27.7,95,81,2025-08-03 02:00:00+00:00
30.7,69,24.3,1005.8,1006.9,100,1,1,100,8.3,286,21.6,0.0,490.0,-3.0,-23.0,20.0,-3.7,9.4,346,30.1,95,80,2025-08-03 03:00:00+00:00
31.9,60,23.1,1006.1,1007.2,100,5,1,100,11.0,302,28.8,0.0,750.0,-3.0,-9.0,19.9,-3.5,9.2,351,31.2,88,80,2025-08-03 04:00:00+00:00
32.6,55,22.5,1005.9,1007.0,100,0,2,100,8.0,297,28.8,0.0,900.0,-2.8,-5.0,19.9,-3.7,8.7,354,32.5,86,82,2025-08-03 05:00:00+00:00
33.2,53,22.3,1005.2,1006.3,100,1,1,100,6.4,292,22.0,0.0,1460.0,-3.2,-9.0,19.9,-4.0,6.3,21,31.6,81,80,2025-08-03 06:00:00+00:00
33.9,49,21.8,1004.7,1005.8,100,7,10,100,2.7,312,19.1,0.0,1770.0,-3.2,-15.0,20.0,-4.0,4.9,326,33.2,77,80,2025-08-03 07:00:00+00:00
34.6,47,21.8,1003.7,1004.8,100,0,4,100,4.5,40,17.6,0.0,2120.0,-2.6,-41.0,20.0,-4.0,7.0,302,31.5,72,79,2025-08-03 08:00:00+00:00
34.8,47,22.0,1002.9,1004.0,100,0,1,100,7.2,78,22.7,0.0,1660.0,-3.0,-60.0,20.3,-4.0,6.8,312,32.8,66,79,2025-08-03 09:00:00+00:00
32.9,59,23.7,1002.6,1003.7,100,6,35,100,14.3,117,35.6,0.2,1230.0,-3.5,-45.0,20.3,-3.7,3.2,315,36.1,69,80,2025-08-03 10:00:00+00:00
30.8,75,25.7,1003.0,1004.1,100,0,19,100,14.3,147,38.5,0.0,1560.0,-3.1,-59.0,20.4,-3.5,1.6,34,39.5,70,80,2025-08-03 11:00:00+00:00
30.5,73,25.1,1003.3,1004.4,100,0,7,100,14.7,155,35.6,0.0,1790.0,-3.0,-53.0,20.4,-4.0,4.8,343,45.2,73,79,2025-08-03 12:00:00+00:00
29.6,78,25.3,1004.3,1005.4,100,9,22,100,9.0,179,27.0,0.0,1840.0,-3.2,-57.0,20.5,-3.7,4.7,331,46.4,80,81,2025-08-03 13:00:00+00:00
29.1,76,24.4,1005.1,1006.2,100,0,91,100,7.9,201,20.2,0.0,1480.0,-3.3,-55.0,20.6,-3.7,5.5,318,46.8,89,79,2025-08-03 14:00:00+00:00
29.0,78,24.7,1005.7,1006.8,100,0,100,97,6.7,185,16.9,0.0,1050.0,-3.6,-53.0,20.6,-4.0,6.0,279,46.8,91,81,2025-08-03 15:00:00+00:00
28.8,82,25.5,1006.2,1007.3,100,0,100,100,7.2,183,15.5,0.0,950.0,-3.7,-56.0,20.5,-4.2,5.9,270,43.3,93,81,2025-08-03 16:00:00+00:00
28.6,85,25.7,1006.4,1007.5,100,0,100,84,7.4,209,16.2,0.0,940.0,-3.6,-65.0,20.4,-4.7,5.2,255,40.9,93,81,2025-08-03 17:00:00+00:00
28.5,86,25.9,1006.4,1007.5,100,2,100,55,8.6,200,18.4,0.0,1010.0,-3.7,-59.0,20.2,-4.7,5.3,301,46.0,105,80,2025-08-03 18:00:00+00:00
26.5,90,24.7,1006.5,1007.6,100,16,100,84,10.7,207,28.1,4.1,830.0,-3.5,-61.0,19.9,-4.7,6.1,297,43.7,106,80,2025-08-03 19:00:00+00:00
26.5,91,25.0,1005.4,1006.5,98,2,63,96,6.9,247,19.8,0.3,660.0,-3.6,-61.0,20.2,-4.9,7.2,305,44.6,114,78,2025-08-03 20:00:00+00:00
26.2,92,24.7,1005.5,1006.6,99,25,76,96,7.6,275,16.9,2.0,660.0,-3.7,-71.0,19.6,-4.4,10.3,283,47.2,117,82,2025-08-03 21:00:00+00:00
25.6,93,24.3,1005.2,1006.3,100,0,100,100,6.9,223,14.4,6.4,620.0,-3.9,-76.0,19.7,-4.2,14.1,285,43.5,118,81,2025-08-03 22:00:00+00:00
25.9,91,24.3,1004.9,1006.0,100,3,99,100,10.1,265,20.2,0.4,670.0,-3.5,-73.0,19.9,-4.4,15.9,294,38.6,116,82,2025-08-03 23:00:00+00:00
26.0,90,24.3,1005.4,1006.5,100,2,97,100,8.1,217,18.7,0.0,650.0,-2.7,-94.0,19.7,-4.4,10.8,292,40.8,114,81,2025-08-04 00:00:00+00:00
27.2,83,24.1,1005.4,1006.5,100,0,30,99,9.5,243,19.4,0.1,480.0,-2.1,-103.0,20.0,-4.2,12.5,303,40.3,113,78,2025-08-04 01:00:00+00:00
28.3,82,24.8,1006.2,1007.3,99,0,22,99,8.4,260,19.8,0.0,470.0,-2.4,-80.0,20.2,-4.2,11.6,318,41.4,112,78,2025-08-04 02:00:00+00:00
30.2,73,24.8,1006.1,1007.2,100,1,7,100,10.6,274,26.6,0.0,570.0,-2.7,-43.0,19.9,-4.2,11.0,322,38.7,106,80,2025-08-04 03:00:00+00:00
31.9,63,23.9,1006.3,1007.4,100,0,9,100,12.4,289,31.7,0.0,790.0,-3.1,-18.0,19.9,-4.2,9.1,323,39.6,104,79,2025-08-04 04:00:00+00:00
33.0,59,23.8,1006.4,1007.5,100,0,36,100,9.8,336,31.7,0.1,970.0,-2.6,-5.0,19.8,-4.2,8.1,322,39.3,102,79,2025-08-04 05:00:00+00:00
33.3,58,23.9,1005.8,1006.9,100,3,10,100,8.2,19,28.1,0.1,1680.0,-2.9,-5.0,19.9,-3.7,8.4,311,37.0,103,74,2025-08-04 06:00:00+00:00
33.4,57,23.7,1005.4,1006.5,100,6,8,100,7.5,35,25.2,0.1,2010.0,-3.0,-9.0,19.9,-3.7,10.3,315,36.7,101,71,2025-08-04 07:00:00+00:00
33.2,57,23.6,1004.8,1005.9,100,7,13,100,6.7,54,23.8,0.1,2100.0,-3.3,-12.0,20.0,-3.5,11.9,317,36.3,98,70,2025-08-04 08:00:00+00:00
32.9,59,23.8,1003.7,1004.8,100,4,16,100,5.6,86,21.6,0.0,1880.0,-3.5,-17.0,20.0,-3.3,11.4,323,36.2,96,71,2025-08-04 09:00:00+00:00
32.2,63,24.1,1003.1,1004.2,100,2,2,100,9.1,105,25.2,0.0,1620.0,-3.4,-21.0,20.0,-3.0,10.0,336,37.5,97,69,2025-08-04 10:00:00+00:00
31.6,66,24.4,1002.7,1003.8,100,3,4,100,9.1,111,26.6,0.0,1330.0,-3.0,-34.0,20.0,-3.3,10.8,345,38.7,97,68,2025-08-04 11:00:00+00:00
30.7,71,24.9,1003.3,1004.4,100,1,11,100,10.2,122,28.4,0.0,1670.0,-3.4,-35.0,20.5,-3.3,13.2,356,38.5,94,64,2025-08-04 12:00:00+00:00
30.2,80,26.5,1003.7,1004.8,96,0,22,95,5.6,149,17.6,0.0,1740.0,-3.1,-44.0,20.6,-2.8,12.3,4,38.7,97,64,2025-08-04 13:00:00+00:00
27.3,88,25.1,1005.4,1006.5,97,91,16,68,11.7,285,23.4,4.3,1950.0,-3.2,-53.0,20.4,-2.6,13.0,12,38.7,97,66,2025-08-04 14:00:00+00:00
25.6,92,24.3,1005.6,1006.8,100,21,56,99,4.4,81,29.9,3.1,2070.0,-3.2,-49.0,20.2,-2.3,10.5,18,41.4,100,67,2025-08-04 15:00:00+00:00
26.1,93,24.9,1006.9,1008.0,89,19,54,80,7.3,260,15.5,0.0,2370.0,-3.6,-40.0,19.9,-2.6,9.9,34,41.7,102,67,2025-08-04 16:00:00+00:00
26.5,93,25.2,1007.0,1008.1,99,1,52,98,4.4,218,15.8,0.1,2030.0,-3.5,-30.0,20.0,-2.8,10.8,36,40.7,104,68,2025-08-04 17:00:00+00:00
26.3,95,25.5,1006.3,1007.4,100,2,40,100,7.6,225,14.8,0.1,880.0,-3.1,-36.0,19.8,-3.5,10.5,34,37.5,97,72,2025-08-04 18:00:00+00:00
26.2,95,25.3,1005.7,1006.8,95,1,7,94,7.9,243,18.0,0.1,760.0,-2.7,-52.0,19.6,-3.5,9.2,27,36.7,101,71,2025-08-04 19:00:00+00:00
26.1,96,25.4,1005.1,1006.2,98,16,35,97,8.1,235,16.2,0.0,550.0,-2.6,-79.0,19.3,-3.7,7.4,22,35.5,102,74,2025-08-04 20:00:00+00:00
25.9,95,25.1,1004.9,1006.0,100,17,20,99,9.5,251,20.5,0.0,310.0,-2.8,-89.0,19.3,-3.7,7.1,15,34.6,104,73,2025-08-04 21:00:00+00:00
25.7,94,24.7,1004.6,1005.7,100,0,14,100,9.8,246,23.8,0.0,120.0,-2.2,-82.0,19.3,-3.7,7.0,11,32.3,105,72,2025-08-04 22:00:00+00:00
25.6,93,24.4,1005.0,1006.1,100,2,23,100,10.0,257,20.5,0.0,100.0,-2.0,-88.0,19.3,-4.0,5.5,9,32.3,105,74,2025-08-04 23:00:00+00:00
25.5,92,24.1,1005.1,1006.3,100,5,9,100,8.3,248,20.5,0.0,260.0,-2.0,-98.0,19.4,-4.0,6.8,48,31.2,113,78,2025-08-05 00:00:00+00:00
26.5,85,23.7,1005.3,1006.4,100,4,11,100,8.8,229,18.0,0.0,280.0,-1.7,-124.0,19.3,-4.0,5.2,45,31.7,115,77,2025-08-05 01:00:00+00:00
27.4,81,23.8,1006.3,1007.4,99,8,13,99,6.8,222,18.0,0.0,360.0,-2.0,-83.0,19.3,-3.7,6.8,42,32.2,117,74,2025-08-05 02:00:00+00:00
28.9,74,23.9,1006.7,1007.8,100,11,10,100,6.5,222,18.4,0.0,490.0,-2.2,-49.0,19.3,-3.5,7.4,43,32.8,118,74,2025-08-05 03:00:00+00:00
30.6,66,23.6,1006.9,1008.0,100,4,4,100,7.9,227,23.4,0.0,850.0,-2.1,-21.0,19.3,-3.5,8.1,43,32.3,121,76,2025-08-05 04:00:00+00:00
31.9,60,23.2,1006.6,1007.7,100,2,4,100,5.2,214,23.0,0.0,1020.0,-2.2,-9.0,19.4,-3.0,7.5,38,31.7,119,77,2025-08-05 05:00:00+00:00
32.8,55,22.6,1005.6,1006.7,100,9,10,100,4.9,178,19.4,0.1,1540.0,-2.1,-5.0,19.9,-3.3,6.8,48,31.5,108,77,2025-08-05 06:00:00+00:00
32.9,54,22.4,1005.2,1006.3,99,25,20,98,7.1,156,23.0,0.1,1810.0,-2.2,-11.0,19.3,-3.3,3.5,337,31.2,106,76,2025-08-05 07:00:00+00:00
32.8,59,23.9,1004.0,1005.1,64,1,20,55,10.3,144,28.4,0.3,1940.0,-2.1,-21.0,19.4,-3.3,4.8,319,32.0,103,74,2025-08-05 08:00:00+00:00
30.6,72,25.0,1003.5,1004.6,49,11,5,40,11.8,149,36.0,2.7,1710.0,-1.6,-30.0,20.3,-3.0,5.8,342,32.0,103,74,2025-08-05 09:00:00+00:00
31.1,69,24.8,1002.6,1003.7,4,0,1,3,11.0,152,31.3,0.0,1920.0,-1.5,-35.0,20.2,-2.8,5.9,356,32.0,103,72,2025-08-05 10:00:00+00:00
30.6,70,24.6,1002.2,1003.3,2,0,1,1,12.7,155,32.0,0.0,1950.0,-1.0,-49.0,20.2,-2.3,6.6,344,33.8,107,69,2025-08-05 11:00:00+00:00
29.8,72,24.2,1002.6,1003.7,2,0,1,1,12.9,161,32.8,0.0,2460.0,-0.7,-58.0,20.5,-2.3,8.8,348,33.0,109,72,2025-08-05 12:00:00+00:00
29.3,77,25.0,1003.2,1004.3,55,1,2,54,10.2,156,27.4,0.0,2170.0,-0.8,-67.0,20.5,-2.1,7.8,3,35.0,112,69,2025-08-05 13:00:00+00:00
28.8,83,25.6,1004.0,1005.1,75,0,2,74,9.4,175,23.4,0.0,2000.0,-1.1,-70.0,20.6,-2.1,7.0,11,36.6,113,69,2025-08-05 14:00:00+00:00
28.6,85,25.9,1004.9,1006.0,43,0,2,42,9.6,172,21.2,0.0,2040.0,-1.4,-62.0,20.5,-2.3,5.6,14,38.8,112,69,2025-08-05 15:00:00+00:00
28.5,83,25.3,1005.6,1006.7,7,2,5,2,9.8,174,20.2,0.0,2160.0,-1.7,-53.0,20.4,-2.3,4.1,354,40.6,109,70,2025-08-05 16:00:00+00:00
28.3,85,25.6,1006.0,1007.1,8,6,7,0,9.4,179,20.2,0.0,2320.0,-1.7,-38.0,19.8,-2.3,2.0,297,40.6,109,71,2025-08-05 17:00:00+00:00
26.4,89,24.4,1006.4,1007.5,92,62,24,73,12.0,223,27.0,0.7,2210.0,-1.4,-43.0,19.2,-2.8,6.3,210,35.7,110,77,2025-08-05 18:00:00+00:00
26.2,88,24.1,1005.5,1006.6,20,0,16,5,5.5,259,24.1,0.3,1140.0,-1.4,-40.0,19.1,-3.0,9.4,219,35.0,112,78,2025-08-05 19:00:00+00:00
25.7,91,24.2,1004.8,1005.9,3,0,0,3,5.6,255,13.0,0.0,860.0,-1.9,-35.0,18.9,-3.5,11.8,234,34.4,115,76,2025-08-05 20:00:00+00:00
25.6,92,24.2,1004.5,1005.6,22,0,12,12,4.0,280,11.2,0.0,990.0,-2.0,-35.0,19.2,-3.5,11.2,243,32.8,118,72,2025-08-05 21:00:00+00:00
25.5,93,24.2,1004.2,1005.3,0,0,0,0,2.3,247,7.9,0.0,1110.0,-2.0,-33.0,19.3,-3.3,12.9,247,34.4,119,71,2025-08-05 22:00:00+00:00
25.4,93,24.3,1004.4,1005.5,4,0,0,4,2.0,170,4.7,0.0,1130.0,-2.2,-38.0,19.4,-3.5,13.2,256,34.4,119,72,2025-08-05 23:00:00+00:00
25.4,93,24.2,1004.6,1005.8,39,0,1,38,4.3,178,8.6,0.0,930.0,-2.2,-50.0,19.4,-3.7,10.0,254,34.6,124,72,2025-08-06 00:00:00+00:00
27.3,88,25.0,1004.8,1005.9,59,1,2,58,4.9,262,10.1,0.0,690.0,-2.4,-58.0,19.4,-3.7,9.7,259,34.6,124,71,2025-08-06 01:00:00+00:00
28.4,81,24.9,1005.3,1006.4,50,2,2,49,5.4,255,14.8,0.0,600.0,-3.0,-50.0,19.6,-3.7,10.0,267,35.6,123,68,2025-08-06 02:00:00+00:00
29.9,72,24.3,1005.7,1006.8,98,0,1,98,6.9,264,19.8,0.0,640.0,-3.2,-33.0,19.6,-3.7,10.5,272,35.6,123,64,2025-08-06 03:00:00+00:00
31.6,63,23.8,1005.8,1006.9,80,0,0,80,6.7,286,22.0,0.0,580.0,-3.5,-18.0,19.6,-3.7,11.9,277,35.6,123,61,2025-08-06 04:00:00+00:00
32.9,57,23.2,1005.4,1006.5,61,12,15,53,3.5,336,21.2,0.0,730.0,-3.6,-2.0,19.4,-3.5,13.6,284,34.6,124,61,2025-08-06 05:00:00+00:00
33.5,54,23.0,1004.9,1006.0,54,11,17,38,3.6,63,20.2,0.1,950.0,-3.6,-4.0,20.0,-3.5,10.6,277,34.1,129,62,2025-08-06 06:00:00+00:00
33.7,54,23.0,1004.2,1005.3,34,19,12,14,6.1,71,24.8,0.2,890.0,-3.8,-7.0,20.3,-3.5,12.2,283,31.5,130,76,2025-08-06 07:00:00+00:00
33.2,59,24.1,1003.3,1004.4,25,8,17,1,9.4,91,31.7,0.1,820.0,-4.2,-26.0,19.8,-3.5,10.6,280,29.0,128,76,2025-08-06 08:00:00+00:00
31.7,65,24.3,1002.7,1003.8,40,30,25,0,9.3,71,33.1,1.3,1100.0,-4.3,-42.0,19.9,-3.5,11.3,284,25.0,125,77,2025-08-06 09:00:00+00:00
31.9,64,24.4,1001.9,1003.0,21,2,20,0,9.0,105,27.4,0.1,1680.0,-4.8,-44.0,20.3,-3.5,12.4,287,23.3,125,80,2025-08-06 10:00:00+00:00
31.3,66,24.2,1001.7,1002.8,19,4,18,0,11.0,116,28.8,0.0,1840.0,-4.8,-50.0,20.5,-3.7,11.3,284,20.4,130,76,2025-08-06 11:00:00+00:00
30.4,70,24.3,1001.7,1002.8,20,5,18,0,11.3,136,29.2,0.0,2340.0,-4.4,-63.0,20.8,-3.5,9.7,311,22.1,131,76,2025-08-06 12:00:00+00:00
30.3,77,25.8,1002.3,1003.4,12,8,4,0,7.1,124,23.8,0.0,2510.0,-4.5,-63.0,20.9,-3.5,10.0,300,24.0,127,79,2025-08-06 13:00:00+00:00
29.8,82,26.3,1003.1,1004.2,2,1,1,0,6.6,154,16.6,0.0,2880.0,-4.6,-44.0,20.8,-3.5,9.8,292,25.0,125,78,2025-08-06 14:00:00+00:00
29.4,83,26.3,1004.1,1005.2,80,7,2,79,6.6,189,16.6,0.0,2830.0,-4.6,-42.0,20.4,-3.5,11.1,289,28.0,121,79,2025-08-06 15:00:00+00:00
29.3,84,26.3,1004.7,1005.8,94,0,2,94,3.2,180,13.7,0.0,2720.0,-4.7,-47.0,20.2,-3.3,10.2,291,28.6,123,77,2025-08-06 16:00:00+00:00
28.8,86,26.2,1005.4,1006.5,38,7,8,31,4.3,213,8.6,0.0,2520.0,-4.7,-47.0,19.9,-3.5,8.8,291,29.3,125,78,2025-08-06 17:00:00+00:00
28.1,87,25.7,1005.2,1006.3,26,14,19,5,6.3,182,13.0,0.0,2980.0,-4.3,-47.0,20.0,-3.5,9.7,319,27.6,124,79,2025-08-06 18:00:00+00:00
27.3,87,25.0,1004.7,1005.8,98,13,38,97,8.7,193,18.4,0.0,2000.0,-4.3,-45.0,20.2,-4.2,9.4,309,22.6,122,80,2025-08-06 19:00:00+00:00
26.0,90,24.2,1004.7,1005.8,84,11,35,74,13.5,232,31.0,0.1,2090.0,-4.5,-44.0,19.9,-4.0,10.5,304,24.7,119,88,2025-08-06 20:00:00+00:00
25.6,91,24.0,1004.3,1005.4,96,11,14,95,10.4,210,29.5,0.0,1320.0,-4.4,-37.0,19.8,-3.5,10.9,303,26.3,114,87,2025-08-06 21:00:00+00:00
25.5,91,23.9,1004.0,1005.1,84,8,6,82,11.8,213,27.7,0.0,980.0,-4.5,-41.0,19.9,-4.4,11.0,300,19.3,120,74,2025-08-06 22:00:00+00:00
25.3,93,24.1,1004.5,1005.7,97,20,2,97,12.0,240,25.9,0.0,1150.0,-4.8,-40.0,19.8,-4.4,12.1,304,16.3,126,74,2025-08-06 23:00:00+00:00
25.3,93,24.1,1004.6,1005.8,80,5,1,78,9.7,246,26.6,0.0,1400.0,-4.6,-35.0,19.9,-4.7,6.8,340,23.1,129,76,2025-08-07 00:00:00+00:00
25.9,89,24.0,1004.9,1006.0,94,2,3,93,9.2,227,21.6,0.0,1400.0,-4.4,-34.0,19.9,-4.7,7.1,333,20.4,130,71,2025-08-07 01:00:00+00:00
27.1,85,24.3,1005.6,1006.7,42,1,3,41,7.5,243,22.7,0.0,1200.0,-3.9,-36.0,19.8,-4.4,5.8,321,22.1,131,68,2025-08-07 02:00:00+00:00
28.9,78,24.7,1005.4,1006.5,97,0,0,97,6.5,247,19.8,0.0,900.0,-3.8,-35.0,19.7,-4.7,5.8,315,21.2,133,63,2025-08-07 03:00:00+00:00
30.7,69,24.4,1005.2,1006.3,96,0,0,96,4.2,250,19.4,0.0,960.0,-4.2,-21.0,19.7,-4.4,4.6,323,22.1,131,61,2025-08-07 04:00:00+00:00
32.0,64,24.5,1004.9,1006.0,29,0,0,29,3.6,171,16.2,0.0,1080.0,-4.3,-4.0,19.7,-4.4,4.3,328,21.4,128,59,2025-08-07 05:00:00+00:00
32.9,61,24.3,1004.5,1005.6,94,12,13,92,5.7,145,20.5,0.0,1290.0,-4.5,-7.0,20.3,-4.4,3.1,333,23.7,120,57,2025-08-07 06:00:00+00:00
33.0,61,24.4,1004.0,1005.1,27,18,16,1,8.9,133,26.6,0.1,1290.0,-4.9,-12.0,20.6,-4.4,5.5,279,22.0,119,59,2025-08-07 07:00:00+00:00
32.2,68,25.6,1003.2,1004.3,41,4,39,0,10.1,129,30.2,0.4,1330.0,-5.0,-32.0,20.4,-4.4,8.2,267,21.5,117,73,2025-08-07 08:00:00+00:00
31.7,71,25.8,1002.6,1003.7,25,10,22,0,11.3,143,31.0,0.0,2580.0,-5.3,-40.0,20.3,-4.4,10.5,270,21.0,114,70,2025-08-07 09:00:00+00:00
31.8,67,24.9,1001.9,1003.0,20,8,17,1,10.6,154,31.7,0.0,3170.0,-5.7,-29.0,20.2,-4.2,12.8,276,22.1,112,68,2025-08-07 10:00:00+00:00
31.3,69,25.0,1001.4,1002.5,23,11,20,0,10.9,142,28.8,0.0,2720.0,-5.7,-42.0,20.4,-4.0,13.9,281,21.6,109,67,2025-08-07 11:00:00+00:00
30.5,69,24.2,1001.7,1002.8,2,0,2,0,11.1,146,29.9,0.0,3360.0,-5.5,-60.0,20.9,-3.7,12.8,266,12.9,112,68,2025-08-07 12:00:00+00:00
30.0,79,25.9,1002.1,1003.2,19,3,6,13,9.7,145,27.0,0.0,3170.0,-5.2,-66.0,20.6,-3.7,10.6,260,13.4,100,70,2025-08-07 13:00:00+00:00
29.4,83,26.2,1003.2,1004.3,75,7,15,70,10.0,144,21.6,0.0,3030.0,-5.4,-56.0,20.4,-3.5,9.4,256,13.3,95,69,2025-08-07 14:00:00+00:00
28.7,86,26.2,1004.8,1005.9,83,14,22,77,1.7,13,20.9,2.6,2750.0,-5.3,-50.0,20.5,-3.7,7.9,260,12.0,90,70,2025-08-07 15:00:00+00:00
27.3,92,25.9,1005.3,1006.4,100,26,7,100,8.2,116,16.9,3.2,2710.0,-4.6,-43.0,20.3,-3.7,7.5,245,14.4,85,72,2025-08-07 16:00:00+00:00
26.0,95,25.2,1006.9,1008.1,100,95,52,100,12.2,324,24.1,0.5,2260.0,-4.8,-44.0,19.8,-3.7,6.1,228,14.4,85,76,2025-08-07 17:00:00+00:00
25.7,96,25.0,1006.0,1007.2,96,12,7,95,4.5,227,26.6,1.8,2270.0,-4.7,-41.0,20.0,-3.7,8.5,234,18.2,82,74,2025-08-07 18:00:00+00:00
25.4,96,24.6,1006.1,1007.3,93,45,23,85,10.1,268,20.5,1.7,1820.0,-4.6,-36.0,20.0,-4.0,9.8,248,16.8,86,73,2025-08-07 19:00:00+00:00
24.8,95,23.9,1004.8,1006.0,99,8,7,98,10.5,207,20.9,4.9,1230.0,-4.2,-36.0,20.0,-4.0,8.7,270,15.8,81,67,2025-08-07 20:00:00+00:00
24.6,94,23.5,1004.3,1005.5,100,28,44,100,9.0,237,21.6,2.2,930.0,-4.3,-25.0,19.6,-4.0,14.4,259,18.6,75,70,2025-08-07 21:00:00+00:00
24.8,93,23.7,1004.5,1005.7,98,2,21,97,2.2,81,16.6,5.8,640.0,-4.3,-26.0,20.0,-4.4,14.6,268,13.3,95,68,2025-08-07 22:00:00+00:00
24.8,95,23.9,1005.0,1006.2,99,16,49,98,6.7,276,13.7,0.5,570.0,-4.0,-28.0,20.2,-4.7,11.8,286,9.9,104,70,2025-08-07 23:00:00+00:00
24.8,96,24.1,1004.9,1006.1,100,4,7,100,5.2,254,13.0,0.2,300.0,-3.0,-42.0,19.7,-4.7,15.7,278,17.3,124,71,2025-08-08 00:00:00+00:00
25.7,91,24.1,1004.8,1005.9,100,0,3,100,6.7,301,15.5,0.0,190.0,-3.2,-52.0,19.7,-4.7,13.8,287,13.7,128,66,2025-08-08 01:00:00+00:00
26.6,88,24.5,1005.6,1006.7,100,0,2,100,2.4,312,13.3,0.0,110.0,-3.2,-49.0,19.8,-4.4,12.4,294,13.6,135,63,2025-08-08 02:00:00+00:00
28.0,82,24.7,1006.6,1007.7,100,0,0,100,0.9,360,9.7,0.0,140.0,-3.3,-51.0,19.9,-4.4,9.8,298,12.0,143,61,2025-08-08 03:00:00+00:00
29.4,75,24.4,1006.7,1007.8,100,41,0,100,6.4,8,18.0,0.0,230.0,-3.5,-29.0,20.0,-4.4,7.4,292,10.3,144,59,2025-08-08 04:00:00+00:00
30.8,67,24.0,1006.3,1007.4,100,28,5,100,7.5,17,22.3,0.0,430.0,-3.9,-13.0,20.2,-4.2,7.4,281,8.7,146,59,2025-08-08 05:00:00+00:00
31.4,64,23.8,1006.1,1007.2,100,70,4,100,6.3,55,21.6,0.0,640.0,-3.9,-6.0,20.3,-4.4,8.2,289,12.4,151,58,2025-08-08 06:00:00+00:00
31.0,69,24.7,1005.8,1006.9,99,32,8,99,9.1,81,25.9,0.0,820.0,-4.3,-7.0,19.3,-4.2,6.9,293,9.7,150,59,2025-08-08 07:00:00+00:00
29.7,79,25.7,1005.3,1006.4,100,52,15,99,10.0,75,30.2,0.7,990.0,-4.8,-11.0,19.8,-4.2,10.0,286,10.3,144,63,2025-08-08 08:00:00+00:00
30.2,75,25.3,1004.6,1005.7,64,27,10,45,8.8,78,27.7,0.0,1420.0,-5.0,-20.0,19.4,-4.4,14.5,283,8.0,153,64,2025-08-08 09:00:00+00:00
29.6,78,25.4,1004.0,1005.1,37,28,7,10,11.0,71,28.8,0.0,1500.0,-4.3,-39.0,19.8,-4.4,17.8,283,6.8,135,68,2025-08-08 10:00:00+00:00
29.5,78,25.3,1004.1,1005.2,36,22,14,14,6.1,95,28.8,0.0,1200.0,-4.3,-53.0,19.7,-4.2,15.8,282,8.0,117,70,2025-08-08 11:00:00+00:00
29.3,79,25.3,1005.0,1006.1,99,29,15,99,6.0,93,17.3,0.0,1670.0,-4.5,-60.0,20.2,-4.2,15.3,297,7.2,90,69,2025-08-08 12:00:00+00:00
28.7,83,25.5,1005.4,1006.5,100,1,8,100,3.4,74,15.1,1.0,1470.0,-4.8,-38.0,20.2,-4.2,11.8,298,8.5,82,71,2025-08-08 13:00:00+00:00
28.5,89,26.5,1006.4,1007.5,100,4,7,100,2.0,80,6.8,0.0,1280.0,-5.2,-26.0,20.2,-4.0,7.8,291,9.7,83,74,2025-08-08 14:00:00+00:00
28.5,89,26.6,1007.2,1008.3,100,9,11,100,1.6,186,5.8,0.0,1160.0,-5.0,-22.0,19.8,-4.0,4.1,276,8.4,90,76,2025-08-08 15:00:00+00:00
25.9,92,24.5,1008.4,1009.6,97,16,29,95,13.8,242,29.2,3.1,1140.0,-4.8,-22.0,19.4,-3.7,3.6,230,9.7,83,74,2025-08-08 16:00:00+00:00
25.7,92,24.4,1008.9,1010.1,99,13,22,99,9.0,244,27.0,0.1,1210.0,-4.2,-27.0,19.3,-3.7,3.6,220,10.9,96,77,2025-08-08 17:00:00+00:00
25.0,94,24.0,1009.1,1010.3,99,31,7,98,13.2,272,26.3,2.9,1140.0,-4.2,-29.0,19.1,-3.7,5.7,299,12.2,79,79,2025-08-08 18:00:00+00:00
25.0,92,23.7,1008.0,1009.2,97,18,18,96,5.8,274,25.9,0.2,780.0,-4.1,-26.0,18.9,-4.0,10.1,275,14.4,85,84,2025-08-08 19:00:00+00:00
24.9,92,23.6,1007.4,1008.6,96,9,40,93,7.9,213,14.4,0.1,660.0,-3.9,-47.0,19.3,-4.2,14.6,270,16.0,77,87,2025-08-08 20:00:00+00:00
24.4,96,23.7,1007.2,1008.4,99,4,53,98,5.6,268,24.5,0.6,760.0,-4.4,-48.0,19.2,-4.7,15.5,270,9.9,76,83,2025-08-08 21:00:00+00:00
24.2,95,23.3,1008.0,1009.2,100,100,44,99,4.2,277,12.6,4.3,770.0,-4.3,-43.0,18.9,-5.1,19.1,270,13.2,90,77,2025-08-08 22:00:00+00:00
24.1,95,23.2,1007.2,1008.4,100,4,98,100,5.0,199,14.4,1.9,860.0,-3.7,-60.0,19.4,-5.6,19.5,281,13.2,90,71,2025-08-08 23:00:00+00:00
24.3,97,23.8,1007.6,1008.8,100,1,39,100,6.7,211,11.9,0.7,730.0,-3.4,-88.0,19.4,-5.4,14.8,279,9.6,90,72,2025-08-09 00:00:00+00:00
26.3,87,24.1,1007.1,1008.2,98,0,0,98,9.2,259,20.9,0.0,650.0,-3.4,-103.0,19.6,-5.6,14.8,281,11.1,77,70,2025-08-09 01:00:00+00:00
27.0,86,24.5,1007.6,1008.7,100,0,5,100,6.5,275,19.1,0.0,550.0,-2.5,-86.0,19.8,-5.6,14.5,283,12.9,68,69,2025-08-09 02:00:00+00:00
28.1,82,24.7,1007.9,1009.0,100,0,2,100,4.4,282,15.5,0.0,730.0,-2.3,-62.0,19.9,-5.6,12.4,278,12.9,68,68,2025-08-09 03:00:00+00:00
29.6,75,24.7,1008.1,1009.2,100,0,2,100,3.4,270,13.3,0.0,1050.0,-2.5,-40.0,19.9,-5.6,11.5,263,13.4,63,67,2025-08-09 04:00:00+00:00
30.6,71,24.8,1008.3,1009.4,100,0,4,100,3.1,177,13.7,0.0,1450.0,-2.4,-41.0,19.9,-5.6,12.8,253,15.0,61,68,2025-08-09 05:00:00+00:00
31.0,69,24.6,1008.0,1009.1,100,10,5,100,5.5,163,17.6,0.0,1430.0,-2.5,-39.0,19.8,-5.6,10.0,267,11.9,45,69,2025-08-09 06:00:00+00:00
30.9,70,24.7,1007.7,1008.8,100,13,7,100,7.7,156,21.6,0.0,1440.0,-2.7,-14.0,19.9,-5.6,11.5,263,11.9,45,79,2025-08-09 07:00:00+00:00
30.4,73,25.1,1007.0,1008.1,100,20,25,100,10.2,159,26.6,0.2,1720.0,-3.0,-16.0,19.2,-5.6,11.9,266,13.0,34,77,2025-08-09 08:00:00+00:00
29.7,81,26.0,1005.8,1006.9,100,9,10,100,12.8,156,31.7,0.0,2040.0,-3.6,-44.0,19.2,-4.9,13.8,253,12.8,41,76,2025-08-09 09:00:00+00:00
29.4,79,25.5,1005.1,1006.2,100,14,15,100,11.3,166,32.0,0.0,2280.0,-3.7,-56.0,19.7,-5.1,18.6,245,12.0,37,80,2025-08-09 10:00:00+00:00
30.3,70,24.3,1004.7,1005.8,100,6,10,100,9.4,192,27.4,0.0,2120.0,-3.4,-53.0,19.7,-4.9,21.4,241,12.8,41,77,2025-08-09 11:00:00+00:00
30.3,70,24.3,1004.5,1005.6,99,0,4,99,7.9,184,22.7,0.0,2290.0,-3.4,-56.0,19.9,-5.1,13.7,266,7.3,9,79,2025-08-09 12:00:00+00:00
29.0,87,26.6,1005.8,1006.9,100,0,6,100,7.5,165,15.8,0.0,1640.0,-2.9,-78.0,19.9,-4.9,15.3,253,9.1,23,70,2025-08-09 13:00:00+00:00
28.7,88,26.4,1006.5,1007.6,100,5,16,100,7.7,191,16.9,0.0,1920.0,-3.0,-75.0,19.8,-4.7,14.3,261,11.1,41,69,2025-08-09 14:00:00+00:00
28.3,86,25.8,1007.2,1008.3,100,0,16,100,9.7,225,19.8,0.0,2220.0,-2.3,-76.0,19.9,-4.4,13.2,266,11.3,58,67,2025-08-09 15:00:00+00:00
27.9,85,25.1,1007.8,1008.9,99,0,3,99,8.2,238,20.2,0.0,2190.0,-2.7,-66.0,19.8,-4.4,13.3,264,12.2,79,66,2025-08-09 16:00:00+00:00
27.4,84,24.5,1008.4,1009.5,100,0,14,100,8.4,228,17.3,0.0,2050.0,-3.1,-63.0,19.4,-4.7,13.2,266,14.6,81,68,2025-08-09 17:00:00+00:00
27.0,84,24.0,1008.4,1009.5,98,0,1,98,8.1,225,17.6,0.0,1850.0,-2.9,-68.0,19.1,-4.9,14.2,266,15.8,99,71,2025-08-09 18:00:00+00:00
25.9,88,23.8,1008.7,1009.9,100,66,12,100,13.1,213,26.6,1.8,1240.0,-3.4,-57.0,19.1,-4.9,15.7,262,14.5,114,76,2025-08-09 19:00:00+00:00
25.5,91,24.0,1007.0,1008.2,100,0,0,100,7.7,254,25.9,0.0,550.0,-2.9,-65.0,19.4,-5.6,19.7,265,12.8,139,76,2025-08-09 20:00:00+00:00
25.0,93,23.7,1006.7,1007.9,100,0,0,100,10.9,220,23.4,0.2,870.0,-2.9,-53.0,19.7,-5.8,21.0,274,13.4,153,68,2025-08-09 21:00:00+00:00
24.8,92,23.4,1006.1,1007.3,100,0,8,100,11.1,238,22.3,0.0,1020.0,-2.9,-44.0,19.4,-5.6,20.8,280,13.7,165,66,2025-08-09 22:00:00+00:00
25.0,91,23.4,1006.4,1007.6,99,0,0,99,10.1,241,22.3,0.0,1050.0,-3.3,-32.0,19.1,-5.8,19.1,282,12.1,174,66,2025-08-09 23:00:00+00:00
25.0,91,23.4,1006.5,1007.7,100,0,0,100,7.7,239,19.8,0.0,860.0,-3.4,-42.0,19.2,-5.6,19.9,279,12.2,191,63,2025-08-10 00:00:00+00:00
27.0,83,23.9,1006.7,1007.8,99,2,47,97,6.9,227,15.8,0.0,740.0,-3.6,-43.0,19.2,-5.8,16.1,278,11.8,204,63,2025-08-10 01:00:00+00:00
27.9,81,24.2,1007.6,1008.7,96,0,6,96,4.4,238,14.0,0.0,600.0,-3.6,-43.0,19.6,-5.8,15.5,273,12.0,217,62,2025-08-10 02:00:00+00:00
29.4,72,23.9,1008.0,1009.1,100,0,12,100,7.6,251,20.2,0.0,640.0,-3.0,-39.0,19.6,-5.8,16.0,268,12.0,217,63,2025-08-10 03:00:00+00:00
30.8,64,23.1,1008.2,1009.3,100,0,75,99,9.6,273,25.6,0.0,920.0,-2.9,-36.0,19.6,-5.6,16.5,265,12.8,221,64,2025-08-10 04:00:00+00:00
31.8,59,22.7,1008.0,1009.1,100,0,98,100,9.0,290,26.6,0.0,1060.0,-3.3,-66.0,19.6,-5.4,17.0,264,15.4,231,68,2025-08-10 05:00:00+00:00
32.5,55,22.4,1007.5,1008.6,100,0,13,100,8.3,297,26.6,0.0,1110.0,-3.1,-64.0,19.3,-5.6,17.8,257,22.6,238,74,2025-08-10 06:00:00+00:00
33.5,51,22.0,1006.8,1007.9,100,5,18,100,3.6,323,25.9,0.0,1140.0,-3.2,-22.0,19.3,-5.6,18.1,260,24.7,241,76,2025-08-10 07:00:00+00:00
32.9,52,21.9,1006.0,1007.1,100,10,14,100,6.9,53,20.9,0.0,1150.0,-3.2,-3.0,19.4,-5.8,18.3,264,25.8,242,72,2025-08-10 08:00:00+00:00
31.0,66,23.8,1005.3,1006.4,100,13,21,100,11.7,94,32.8,1.2,1100.0,-3.8,-5.0,19.6,-5.8,18.2,269,27.9,245,72,2025-08-10 09:00:00+00:00
29.9,73,24.6,1004.3,1005.4,100,26,35,100,11.6,144,34.2,0.0,1110.0,-3.5,-24.0,19.6,-5.4,17.3,272,28.4,242,78,2025-08-10 10:00:00+00:00
30.2,69,23.8,1004.2,1005.3,100,7,23,100,12.8,170,31.7,1.8,1700.0,-3.5,-52.0,19.4,-4.9,18.2,269,22.0,241,76,2025-08-10 11:00:00+00:00
28.4,79,24.4,1004.7,1005.8,100,4,1,100,8.6,211,29.2,2.6,2060.0,-3.2,-29.0,19.7,-4.0,15.9,270,23.3,235,71,2025-08-10 12:00:00+00:00
26.4,87,24.1,1006.4,1007.5,100,25,100,100,11.4,257,24.5,0.7,2470.0,-2.7,-30.0,19.6,-3.7,20.5,270,21.2,227,63,2025-08-10 13:00:00+00:00
25.5,89,23.5,1006.9,1008.1,100,0,92,100,10.6,240,29.2,0.3,2580.0,-2.9,-27.0,19.7,-3.5,19.8,262,21.4,232,60,2025-08-10 14:00:00+00:00
25.5,90,23.7,1007.1,1008.3,100,0,42,100,11.9,256,23.4,0.5,2280.0,-3.1,-35.0,19.4,-3.3,19.5,254,20.4,230,61,2025-08-10 15:00:00+00:00
25.3,90,23.5,1007.7,1008.9,100,0,100,100,12.3,263,25.9,0.3,1520.0,-3.1,-47.0,18.9,-3.5,21.8,247,18.7,230,72,2025-08-10 16:00:00+00:00
25.3,91,23.7,1008.3,1009.5,100,0,100,100,10.9,261,24.5,0.2,1140.0,-2.1,-61.0,18.3,-4.0,27.1,253,18.7,230,72,2025-08-10 17:00:00+00:00
25.6,91,24.0,1008.0,1009.2,100,0,100,96,11.3,253,23.0,0.0,970.0,-2.2,-48.0,18.7,-4.0,30.5,269,15.6,238,88,2025-08-10 18:00:00+00:00
25.7,87,23.4,1007.5,1008.7,100,0,100,68,11.3,256,23.4,0.1,1240.0,-1.9,-51.0,18.8,-4.0,34.3,274,15.0,241,83,2025-08-10 19:00:00+00:00
25.6,86,23.0,1006.6,1007.8,100,0,10,100,11.4,254,23.4,0.0,1460.0,-2.2,-51.0,18.8,-4.2,36.0,283,15.6,238,77,2025-08-10 20:00:00+00:00
25.4,86,22.9,1006.1,1007.3,100,6,60,100,12.1,253,24.8,0.0,1450.0,-1.5,-49.0,18.6,-4.4,35.7,293,15.6,238,77,2025-08-10 21:00:00+00:00
25.4,86,22.9,1006.0,1007.2,100,15,69,100,11.5,243,24.8,0.0,1270.0,-1.6,-43.0,18.5,-4.2,34.4,298,17.1,231,77,2025-08-10 22:00:00+00:00
25.0,90,23.3,1006.2,1007.4,100,15,67,100,9.8,229,24.1,0.0,1120.0,-1.8,-52.0,18.5,-4.2,36.1,299,17.8,228,78,2025-08-10 23:00:00+00:00
25.1,90,23.3,1006.4,1007.6,100,2,22,100,8.1,245,20.5,0.0,780.0,-1.9,-83.0,18.7,-4.4,36.1,304,14.0,239,79,2025-08-11 00:00:00+00:00
24.8,87,22.5,1006.8,1008.0,100,9,67,100,11.6,212,29.2,0.0,680.0,-1.7,-101.0,18.9,-4.4,35.7,300,13.0,236,82,2025-08-11 01:00:00+00:00
25.8,87,23.4,1007.3,1008.5,100,4,100,98,9.8,232,24.1,0.0,660.0,-1.5,-67.0,19.1,-4.4,34.4,296,11.8,246,87,2025-08-11 02:00:00+00:00
27.2,81,23.7,1007.7,1008.8,100,0,100,100,11.0,244,25.6,0.0,670.0,-1.1,-63.0,19.2,-4.2,34.7,295,11.3,238,91,2025-08-11 03:00:00+00:00
28.5,75,23.6,1007.9,1009.0,96,0,13,95,11.2,248,27.4,0.0,590.0,-1.2,-39.0,19.3,-4.0,35.1,295,14.0,239,90,2025-08-11 04:00:00+00:00
30.6,64,22.9,1007.9,1009.0,92,0,29,89,12.9,258,32.8,0.0,370.0,-1.2,-19.0,19.4,-3.7,34.7,293,15.6,238,88,2025-08-11 05:00:00+00:00
32.1,55,21.9,1007.3,1008.4,100,0,5,100,14.1,266,40.3,0.0,470.0,-1.2,-3.0,19.3,-3.5,34.5,294,18.7,230,84,2025-08-11 06:00:00+00:00
32.5,55,22.3,1006.4,1007.5,100,8,61,100,13.6,278,40.7,0.0,530.0,-1.7,0.0,18.3,-3.3,31.3,286,20.4,225,81,2025-08-11 07:00:00+00:00
32.6,56,22.6,1004.9,1006.0,100,3,31,100,11.0,268,40.0,0.0,580.0,-2.0,-1.0,18.9,-3.0,34.3,289,23.8,225,79,2025-08-11 08:00:00+00:00
33.0,54,22.6,1003.8,1004.9,100,8,35,100,9.9,258,33.8,0.0,660.0,-1.6,-2.0,19.1,-3.0,33.0,288,24.6,223,79,2025-08-11 09:00:00+00:00
33.1,53,22.2,1002.7,1003.8,100,42,23,100,10.4,253,30.2,0.0,1040.0,-1.3,-14.0,19.2,-3.0,37.6,289,25.5,221,78,2025-08-11 10:00:00+00:00
30.7,64,23.1,1002.8,1003.9,98,26,35,96,12.0,224,30.6,0.6,900.0,-0.4,-44.0,18.8,-2.8,36.1,284,25.5,229,78,2025-08-11 11:00:00+00:00
28.9,72,23.5,1003.5,1004.6,99,12,54,98,7.3,237,31.3,0.2,1270.0,-1.2,-16.0,18.5,-3.5,31.6,285,19.9,245,74,2025-08-11 12:00:00+00:00
29.4,69,23.1,1004.0,1005.1,96,0,30,95,10.9,232,25.6,0.0,1330.0,-1.1,-40.0,18.8,-2.6,36.0,283,18.3,238,74,2025-08-11 13:00:00+00:00
28.2,74,23.1,1004.7,1005.8,99,0,31,99,10.1,223,22.7,0.0,1470.0,-0.7,-52.0,19.2,-2.3,37.5,280,16.7,240,77,2025-08-11 14:00:00+00:00
27.7,78,23.6,1005.5,1006.6,100,0,100,97,10.3,224,22.0,0.0,1380.0,-0.7,-47.0,19.3,-2.3,41.0,278,12.0,233,78,2025-08-11 15:00:00+00:00
27.5,80,23.7,1006.8,1007.9,100,0,94,100,9.9,224,21.2,0.8,1220.0,-0.6,-64.0,19.2,-2.3,41.3,277,7.7,219,81,2025-08-11 16:00:00+00:00
26.6,86,24.1,1007.8,1008.9,100,2,98,100,12.0,216,22.0,2.0,1190.0,-0.3,-77.0,19.2,-2.3,44.0,277,7.0,211,84,2025-08-11 17:00:00+00:00
25.1,91,23.6,1007.7,1008.9,87,12,60,70,12.6,271,28.8,6.3,1480.0,-0.8,-81.0,19.1,-3.3,45.8,283,8.7,236,86,2025-08-11 18:00:00+00:00
24.1,96,23.4,1006.7,1007.9,100,6,90,96,4.2,282,28.1,11.4,1600.0,-1.2,-89.0,18.9,-3.3,46.6,282,11.1,229,90,2025-08-11 19:00:00+00:00
24.1,95,23.3,1005.2,1006.4,97,1,51,94,8.8,227,17.6,6.5,1610.0,-1.2,-84.0,18.9,-3.3,48.2,280,13.7,232,90,2025-08-11 20:00:00+00:00
24.3,95,23.4,1004.7,1005.9,100,1,100,99,8.3,229,18.0,2.1,1480.0,-1.5,-82.0,19.1,-3.7,48.7,284,16.7,240,90,2025-08-11 21:00:00+00:00
24.5,94,23.4,1004.0,1005.2,100,3,81,100,9.1,243,22.7,3.2,1230.0,-2.3,-87.0,19.2,-4.0,49.6,287,19.0,252,91,2025-08-11 22:00:00+00:00
24.6,91,23.1,1004.0,1005.2,100,1,67,100,12.8,246,24.5,3.5,1000.0,-2.2,-99.0,19.1,-4.4,49.8,293,18.4,259,92,2025-08-11 23:00:00+00:00
24.7,91,23.0,1004.6,1005.8,100,3,100,100,12.2,239,25.6,3.9,1040.0,-1.7,-90.0,19.2,-4.2,46.3,295,13.4,243,88,2025-08-12 00:00:00+00:00
26.0,87,23.7,1004.8,1005.9,100,2,100,100,9.0,271,17.6,0.0,690.0,-1.7,-85.0,19.2,-4.2,44.5,301,14.5,246,90,2025-08-12 01:00:00+00:00
26.4,82,23.1,1004.9,1006.0,100,0,8,100,11.7,268,24.5,0.1,490.0,-1.9,-57.0,19.3,-4.0,43.5,305,13.7,255,88,2025-08-12 02:00:00+00:00
27.2,75,22.4,1005.9,1007.0,100,0,90,100,11.2,265,25.9,0.0,410.0,-2.0,-47.0,19.6,-4.2,42.2,308,13.2,270,86,2025-08-12 03:00:00+00:00
27.4,73,22.2,1006.1,1007.2,100,0,93,100,12.2,261,26.3,0.0,410.0,-2.2,-40.0,19.6,-4.9,41.5,309,13.3,275,84,2025-08-12 04:00:00+00:00
27.9,73,22.6,1005.7,1006.8,100,0,100,100,11.4,259,27.4,0.0,330.0,-2.5,-23.0,19.8,-5.1,39.3,308,17.0,278,81,2025-08-12 05:00:00+00:00
29.0,69,22.6,1005.3,1006.4,100,0,67,100,14.0,279,32.0,0.1,570.0,-2.6,-8.0,20.4,-5.4,39.9,309,23.2,291,82,2025-08-12 06:00:00+00:00
28.4,73,23.0,1005.0,1006.1,100,0,100,100,12.6,274,35.6,0.1,700.0,-2.6,0.0,20.5,-5.4,42.6,308,25.2,295,82,2025-08-12 07:00:00+00:00
28.0,77,23.5,1004.0,1005.1,100,0,94,100,12.0,258,29.5,0.6,700.0,-2.6,0.0,20.5,-5.6,46.1,308,26.6,306,84,2025-08-12 08:00:00+00:00
28.6,74,23.5,1002.7,1003.8,100,0,31,100,11.9,250,29.5,0.1,690.0,-2.4,0.0,19.1,-5.6,40.9,301,28.0,313,89,2025-08-12 09:00:00+00:00
29.8,66,22.9,1001.9,1003.0,100,0,5,100,13.2,265,31.0,0.0,850.0,-2.9,0.0,18.6,-5.6,45.0,297,28.9,312,88,2025-08-12 10:00:00+00:00
30.2,64,22.5,1001.4,1002.5,100,0,7,100,13.1,271,32.8,0.0,810.0,-2.8,-1.0,18.9,-5.1,47.2,293,30.0,307,84,2025-08-12 11:00:00+00:00
29.5,69,23.2,1001.7,1002.8,100,0,38,100,10.8,255,29.9,0.0,1050.0,-2.9,-1.0,19.3,-5.1,42.4,298,30.7,301,82,2025-08-12 12:00:00+00:00
27.9,74,22.9,1003.0,1004.1,100,5,31,100,8.2,255,25.9,0.0,1290.0,-2.4,-16.0,19.3,-5.4,41.2,296,30.1,293,82,2025-08-12 13:00:00+00:00
27.3,77,22.9,1003.5,1004.6,100,4,98,100,9.1,236,18.4,0.0,1310.0,-2.3,-38.0,19.4,-5.1,38.5,294,38.9,304,81,2025-08-12 14:00:00+00:00
27.1,81,23.5,1004.0,1005.1,100,0,25,100,7.6,227,18.4,0.0,1200.0,-1.7,-52.0,20.2,-5.4,43.1,290,39.7,331,84,2025-08-12 15:00:00+00:00
27.0,83,23.9,1004.6,1005.7,100,0,15,100,8.6,234,17.3,0.0,1070.0,-1.1,-70.0,19.8,-5.4,48.0,282,32.8,352,87,2025-08-12 16:00:00+00:00
26.9,85,24.1,1005.0,1006.1,100,0,92,100,8.4,227,18.0,0.0,980.0,-0.6,-59.0,19.2,-5.1,50.3,275,28.8,358,90,2025-08-12 17:00:00+00:00
26.8,82,23.5,1005.1,1006.2,100,2,100,100,12.1,235,24.5,0.0,850.0,-1.5,-50.0,18.7,-5.1,52.1,274,18.8,333,91,2025-08-12 18:00:00+00:00
26.8,77,22.4,1004.4,1005.5,100,0,100,100,14.3,253,30.6,0.0,940.0,-1.8,-45.0,18.6,-4.7,50.7,273,14.0,340,97,2025-08-12 19:00:00+00:00
25.9,77,21.7,1003.5,1004.6,100,1,20,100,15.4,251,33.8,0.0,980.0,-1.8,-47.0,18.6,-4.9,52.8,277,15.0,331,94,2025-08-12 20:00:00+00:00
25.0,82,21.7,1002.7,1003.8,100,1,11,100,15.4,244,32.0,0.0,740.0,-1.9,-44.0,18.7,-5.6,56.2,283,14.4,318,92,2025-08-12 21:00:00+00:00
24.7,84,21.8,1002.3,1003.5,100,1,14,100,14.2,252,32.0,0.0,510.0,-1.8,-43.0,18.9,-5.8,53.9,287,16.3,306,93,2025-08-12 22:00:00+00:00
24.8,85,22.0,1002.7,1003.9,100,1,100,100,13.3,254,29.9,0.1,330.0,-1.7,-21.0,19.4,-5.6,49.2,293,17.8,290,93,2025-08-12 23:00:00+00:00
24.8,85,22.2,1002.8,1004.0,100,0,74,100,14.5,259,30.6,0.1,200.0,-2.5,-17.0,19.1,-5.4,44.1,300,19.2,274,97,2025-08-13 00:00:00+00:00
25.9,82,22.6,1003.0,1004.1,100,0,0,100,12.5,259,25.9,0.2,150.0,-2.2,-40.0,19.3,-5.4,42.8,301,24.0,267,93,2025-08-13 01:00:00+00:00
26.0,83,22.8,1003.7,1004.8,100,0,1,100,11.2,267,25.6,0.3,120.0,-2.1,-25.0,19.3,-5.6,46.2,307,28.9,265,93,2025-08-13 02:00:00+00:00
26.6,83,23.4,1004.0,1005.1,100,0,6,100,8.8,265,23.4,0.1,150.0,-1.9,-11.0,19.3,-5.6,47.6,309,31.6,261,91,2025-08-13 03:00:00+00:00
27.7,78,23.5,1004.2,1005.3,100,0,26,100,11.1,263,25.6,0.0,190.0,-1.9,-9.0,19.2,-5.6,47.5,311,35.8,256,96,2025-08-13 04:00:00+00:00
28.4,72,23.0,1004.1,1005.2,100,0,94,100,13.2,267,29.9,0.0,280.0,-1.8,-11.0,19.1,-5.4,44.8,312,38.1,257,97,2025-08-13 05:00:00+00:00
28.5,70,22.6,1003.9,1005.0,100,0,100,100,14.6,279,33.1,0.0,320.0,-1.7,-9.0,18.9,-5.1,44.0,304,37.6,253,96,2025-08-13 06:00:00+00:00
28.5,72,22.9,1003.6,1004.7,100,1,4,100,13.8,287,33.5,0.2,410.0,-1.4,-12.0,18.5,-5.1,45.6,302,39.1,252,94,2025-08-13 07:00:00+00:00
28.9,70,22.9,1002.9,1004.0,100,0,1,100,13.2,287,34.2,0.2,400.0,-1.6,-18.0,17.9,-4.7,41.6,295,39.5,250,92,2025-08-13 08:00:00+00:00
29.1,71,23.4,1002.2,1003.3,100,6,2,100,10.7,277,31.0,0.2,430.0,-1.2,-17.0,18.0,-4.7,46.3,296,40.2,253,91,2025-08-13 09:00:00+00:00
28.8,74,23.6,1001.7,1002.8,100,1,0,100,9.4,246,25.9,0.2,530.0,-1.1,-52.0,18.5,-4.9,50.4,293,39.9,254,92,2025-08-13 10:00:00+00:00
28.4,78,24.3,1001.5,1002.6,100,1,9,100,9.1,234,22.7,0.2,650.0,-1.1,-42.0,18.7,-4.2,50.2,287,35.8,256,90,2025-08-13 11:00:00+00:00
28.0,82,24.5,1001.6,1002.7,100,0,13,100,8.8,226,20.5,0.2,680.0,-0.8,-39.0,18.6,-4.0,50.7,284,37.3,255,87,2025-08-13 12:00:00+00:00
26.8,84,23.9,1002.5,1003.6,100,0,4,100,8.2,229,19.4,0.0,730.0,-0.3,-37.0,18.7,-3.5,47.3,277,34.9,254,88,2025-08-13 13:00:00+00:00
26.6,85,23.8,1003.3,1004.4,100,0,23,100,8.4,217,17.3,0.0,690.0,0.1,-63.0,18.8,-3.7,48.3,272,33.8,253,93,2025-08-13 14:00:00+00:00
26.7,83,23.6,1004.1,1005.2,100,0,80,100,8.0,218,16.6,0.0,670.0,0.5,-69.0,18.9,-4.0,48.3,269,36.8,251,93,2025-08-13 15:00:00+00:00
26.5,83,23.4,1004.8,1005.9,100,1,73,100,5.9,218,16.2,0.0,540.0,1.0,-54.0,18.8,-4.4,51.0,269,38.4,256,89,2025-08-13 16:00:00+00:00
26.3,83,23.3,1005.4,1006.5,100,1,8,100,7.1,207,14.0,0.0,440.0,1.6,-15.0,18.7,-4.2,52.4,270,37.7,261,83,2025-08-13 17:00:00+00:00
25.9,85,23.2,1005.1,1006.2,100,0,19,100,9.2,215,18.4,0.0,630.0,1.7,-54.0,18.6,-3.7,51.1,273,39.9,254,83,2025-08-13 18:00:00+00:00
25.7,86,23.2,1004.6,1005.7,100,1,20,100,11.8,214,24.1,0.0,870.0,1.4,-49.0,18.2,-4.2,49.2,270,38.7,254,84,2025-08-13 19:00:00+00:00
25.6,87,23.2,1004.0,1005.1,100,0,1,100,11.8,218,24.1,0.0,880.0,1.0,-40.0,18.0,-4.2,48.4,274,39.9,254,84,2025-08-13 20:00:00+00:00
25.5,87,23.2,1003.7,1004.8,100,2,8,100,11.2,224,23.8,0.0,790.0,0.6,-63.0,18.3,-4.0,48.9,279,40.2,253,86,2025-08-13 21:00:00+00:00
25.4,88,23.2,1003.6,1004.7,100,0,20,100,10.4,217,22.7,0.0,470.0,0.7,-53.0,19.1,-4.4,46.1,282,37.9,252,88,2025-08-13 22:00:00+00:00
25.3,88,23.1,1003.8,1004.9,100,0,18,100,9.9,233,21.2,0.0,200.0,1.0,-73.0,19.4,-4.2,43.8,284,35.0,248,87,2025-08-13 23:00:00+00:00
25.3,87,23.0,1003.8,1004.9,100,0,0,100,10.5,243,21.2,0.0,200.0,1.3,-37.0,19.4,-4.4,39.2,285,36.1,249,88,2025-08-14 00:00:00+00:00
26.0,84,23.1,1004.5,1005.6,100,0,9,100,8.1,239,16.6,0.0,80.0,1.2,0.0,19.4,-4.2,39.6,285,37.2,249,90,2025-08-14 01:00:00+00:00
27.0,79,22.9,1005.1,1006.2,100,0,10,100,9.0,235,19.8,0.0,30.0,1.0,0.0,19.6,-4.0,39.0,284,39.5,250,87,2025-08-14 02:00:00+00:00
28.2,74,23.1,1005.4,1006.5,100,0,13,100,9.7,235,22.0,0.0,20.0,0.8,0.0,19.6,-3.7,39.8,283,42.9,252,84,2025-08-14 03:00:00+00:00
29.5,67,22.7,1005.6,1006.7,100,0,36,99,12.2,242,29.2,0.0,30.0,0.2,0.0,19.6,-4.0,40.7,283,46.6,258,80,2025-08-14 04:00:00+00:00
30.6,62,22.6,1005.1,1006.2,85,0,11,84,14.0,250,34.2,0.0,70.0,-0.4,-27.0,19.4,-3.7,42.6,280,47.5,260,73,2025-08-14 05:00:00+00:00
31.7,58,22.3,1004.6,1005.7,95,0,9,95,15.4,254,37.4,0.0,160.0,-0.5,-19.0,19.3,-3.5,41.4,281,43.8,261,76,2025-08-14 06:00:00+00:00
32.4,54,22.0,1003.9,1005.0,100,1,5,100,14.1,251,42.1,0.0,340.0,-0.3,-26.0,19.4,-3.3,43.8,278,40.7,256,78,2025-08-14 07:00:00+00:00
32.8,52,21.7,1002.7,1003.8,100,1,5,100,12.6,248,40.7,0.0,370.0,-1.1,-21.0,18.6,-3.0,33.7,271,36.4,253,83,2025-08-14 08:00:00+00:00
32.7,53,21.9,1001.8,1002.9,98,2,9,98,12.5,258,35.3,0.0,590.0,-1.2,-18.0,18.9,-2.8,37.4,267,34.2,252,80,2025-08-14 09:00:00+00:00
31.9,56,22.1,1000.6,1001.7,76,12,31,65,7.6,211,31.3,0.0,720.0,-0.5,-96.0,19.8,-2.8,45.6,269,28.1,250,78,2025-08-14 10:00:00+00:00
31.5,58,22.4,1000.8,1001.9,98,17,94,63,11.3,241,25.9,0.1,740.0,-1.1,-48.0,19.4,-2.8,44.2,269,24.7,247,79,2025-08-14 11:00:00+00:00
25.7,93,24.6,1001.9,1003.0,100,0,100,100,8.1,225,45.7,3.4,810.0,-1.6,-74.0,19.1,-3.3,31.1,266,28.5,255,83,2025-08-14 12:00:00+00:00
28.5,78,24.2,1002.5,1003.6,100,0,47,100,3.8,259,13.0,0.0,1090.0,-2.1,-42.0,19.2,-3.0,32.2,263,25.4,251,78,2025-08-14 13:00:00+00:00
28.1,79,24.1,1003.2,1004.3,97,6,65,91,6.2,255,11.9,0.0,1190.0,-1.4,-44.0,19.1,-3.3,33.2,261,23.1,242,83,2025-08-14 14:00:00+00:00
27.5,79,23.6,1004.0,1005.1,100,0,100,98,6.6,292,15.8,0.0,920.0,-1.7,-46.0,19.2,-3.3,36.7,263,22.3,234,83,2025-08-14 15:00:00+00:00
27.1,82,23.8,1004.8,1005.9,79,4,51,56,5.6,253,13.0,0.0,890.0,-1.0,-41.0,19.1,-3.0,38.2,262,21.2,227,79,2025-08-14 16:00:00+00:00
26.8,84,23.9,1005.0,1006.1,66,6,12,61,6.0,224,11.2,0.0,830.0,-0.2,-17.0,19.2,-3.3,35.5,261,21.2,227,80,2025-08-14 17:00:00+00:00
26.6,85,23.9,1004.3,1005.4,98,0,7,98,7.4,221,16.2,0.0,1250.0,-0.4,-113.0,19.1,-3.7,38.3,270,22.8,252,78,2025-08-14 18:00:00+00:00
26.3,86,23.7,1004.0,1005.1,100,0,18,100,7.1,236,14.8,0.0,960.0,-0.6,-85.0,18.7,-3.7,43.8,269,22.5,245,81,2025-08-14 19:00:00+00:00
26.2,84,23.3,1003.3,1004.4,100,0,21,100,9.9,248,19.8,0.0,820.0,-0.6,-60.0,18.7,-4.0,45.2,267,23.3,235,80,2025-08-14 20:00:00+00:00
26.1,83,23.0,1002.8,1003.9,100,0,16,100,9.9,243,20.2,0.0,690.0,-0.8,-82.0,19.1,-4.2,45.2,268,24.3,237,80,2025-08-14 21:00:00+00:00
26.2,81,22.7,1002.5,1003.6,100,0,5,100,11.4,243,23.0,0.0,430.0,-1.0,-97.0,19.3,-4.4,48.8,269,25.2,245,77,2025-08-14 22:00:00+00:00
26.2,78,22.2,1002.7,1003.8,100,0,7,100,12.2,246,25.6,0.0,180.0,-0.2,-109.0,19.4,-4.7,50.6,273,23.6,246,71,2025-08-14 23:00:00+00:00
26.1,76,21.5,1003.1,1004.2,100,0,16,100,11.6,248,25.9,0.0,110.0,0.0,-123.0,19.7,-4.7,44.9,283,23.6,255,73,2025-08-15 00:00:00+00:00
26.5,74,21.6,1003.4,1004.5,100,0,19,100,11.0,244,22.3,0.0,10.0,0.0,-120.0,19.7,-4.9,45.8,280,22.4,254,80,2025-08-15 01:00:00+00:00
27.1,70,21.1,1004.0,1005.1,100,0,22,100,12.8,248,27.0,0.0,10.0,-0.6,-114.0,19.7,-4.9,43.8,282,22.4,254,82,2025-08-15 02:00:00+00:00
28.0,68,21.7,1004.6,1005.7,100,0,22,100,10.8,244,27.4,0.0,50.0,-1.0,-98.0,19.8,-4.7,43.5,280,22.8,252,84,2025-08-15 03:00:00+00:00
29.4,64,21.9,1004.8,1005.9,100,0,13,100,13.4,244,31.7,0.0,190.0,-1.3,-38.0,19.8,-4.7,43.5,275,22.8,252,87,2025-08-15 04:00:00+00:00
30.5,61,22.0,1004.4,1005.5,100,0,1,100,13.9,241,34.9,0.0,260.0,-1.7,-9.0,20.0,-4.4,43.9,274,21.6,251,88,2025-08-15 05:00:00+00:00
31.5,56,21.7,1003.9,1005.0,100,84,8,100,16.5,256,42.5,0.0,300.0,-2.0,-1.0,20.0,-4.2,43.9,285,27.6,272,89,2025-08-15 06:00:00+00:00
31.6,56,21.8,1003.0,1004.1,100,19,22,100,15.3,250,38.9,0.0,460.0,-1.6,-2.0,19.4,-3.7,36.7,281,26.6,278,88,2025-08-15 07:00:00+00:00
32.7,54,22.1,1001.7,1002.8,100,9,17,100,13.6,241,37.8,0.0,540.0,-1.1,-8.0,19.2,-3.5,36.2,276,25.9,283,84,2025-08-15 08:00:00+00:00
32.1,55,21.9,1000.4,1001.5,100,15,24,99,16.1,242,40.3,0.1,460.0,-1.2,-11.0,19.6,-3.3,35.3,276,25.1,287,80,2025-08-15 09:00:00+00:00
32.2,56,22.4,999.8,1000.9,100,6,9,100,12.5,226,39.2,0.0,650.0,-0.7,-15.0,19.8,-2.8,36.5,274,23.9,288,87,2025-08-15 10:00:00+00:00
30.3,67,23.6,999.8,1000.9,100,16,64,99,12.5,262,36.7,1.3,800.0,-0.5,-22.0,19.2,-3.3,35.2,266,23.9,288,87,2025-08-15 11:00:00+00:00
29.7,72,24.1,1000.1,1001.2,99,9,41,99,2.5,188,28.8,0.2,520.0,-1.0,-26.0,19.9,-3.0,27.8,269,29.7,284,84,2025-08-15 12:00:00+00:00
30.3,65,22.9,1000.9,1002.0,80,12,38,67,11.8,192,26.3,0.1,610.0,-0.9,-38.0,19.8,-3.3,28.5,263,26.6,288,93,2025-08-15 13:00:00+00:00
28.4,73,23.2,1001.8,1002.9,69,1,33,54,13.9,220,30.2,0.4,670.0,-0.6,-67.0,19.7,-3.7,31.1,256,22.1,292,96,2025-08-15 14:00:00+00:00
27.1,80,23.4,1002.8,1003.9,100,3,100,62,11.2,222,29.9,0.0,730.0,-1.8,-68.0,19.4,-3.7,38.2,255,21.6,289,87,2025-08-15 15:00:00+00:00
26.8,83,23.7,1003.2,1004.3,100,0,26,100,7.1,240,23.0,0.0,480.0,-1.9,-38.0,19.3,-4.0,43.3,258,17.8,290,84,2025-08-15 16:00:00+00:00
26.7,84,23.8,1003.5,1004.6,100,5,96,99,10.3,224,21.6,0.1,650.0,-2.1,-26.0,19.4,-3.7,44.9,264,19.8,284,98,2025-08-15 17:00:00+00:00
26.8,84,23.9,1003.0,1004.1,100,0,100,100,10.3,218,23.0,0.0,1090.0,-1.9,-42.0,19.6,-4.0,41.9,271,21.0,283,83,2025-08-15 18:00:00+00:00
26.7,86,24.1,1002.4,1003.5,100,0,57,100,10.9,226,22.7,0.0,1040.0,-2.0,-49.0,19.6,-4.0,48.2,277,20.4,273,84,2025-08-15 19:00:00+00:00
26.6,85,23.9,1001.2,1002.3,100,1,29,100,12.0,223,24.8,0.0,820.0,-2.0,-41.0,19.7,-4.0,53.4,278,21.6,270,82,2025-08-15 20:00:00+00:00
26.4,84,23.5,1000.9,1002.0,100,2,31,100,12.5,225,26.3,0.1,670.0,-1.8,-43.0,19.6,-4.2,56.0,277,21.6,267,78,2025-08-15 21:00:00+00:00
26.1,85,23.3,1000.6,1001.7,100,0,17,100,11.9,240,26.3,0.1,530.0,-1.8,-63.0,19.9,-4.2,57.3,280,20.5,263,71,2025-08-15 22:00:00+00:00
26.0,83,22.8,1000.8,1001.9,100,0,20,100,11.4,246,24.1,0.0,410.0,-1.0,-100.0,20.0,-4.2,57.6,283,22.8,267,71,2025-08-15 23:00:00+00:00
25.8,81,22.3,1001.2,1002.3,100,0,64,100,10.2,240,23.4,0.0,300.0,-0.9,-106.0,20.0,-4.2,60.2,291,24.0,273,81,2025-08-16 00:00:00+00:00
26.7,77,22.3,1000.8,1001.9,100,0,1,100,11.9,238,25.2,0.1,220.0,-1.0,-98.0,20.2,-4.4,59.6,291,26.5,275,86,2025-08-16 01:00:00+00:00
27.2,76,22.7,1001.7,1002.8,100,0,58,100,10.5,231,24.8,0.0,190.0,-1.0,-91.0,19.9,-4.4,60.9,293,26.8,280,83,2025-08-16 02:00:00+00:00
27.9,76,23.3,1002.4,1003.5,100,0,25,100,9.3,226,23.0,0.0,240.0,-0.8,-131.0,20.2,-4.2,60.4,291,27.1,283,79,2025-08-16 03:00:00+00:00
28.3,72,22.8,1002.5,1003.6,100,0,92,100,14.0,242,32.4,0.2,360.0,-0.9,-118.0,20.2,-4.0,60.0,290,30.0,286,86,2025-08-16 04:00:00+00:00
29.9,67,23.1,1002.1,1003.2,98,0,20,98,13.0,246,33.1,0.0,380.0,-1.2,-73.0,20.4,-4.2,62.6,291,33.0,289,84,2025-08-16 05:00:00+00:00
30.6,64,23.1,1001.9,1003.0,100,6,100,100,12.2,271,40.0,0.0,520.0,-0.9,-45.0,20.5,-4.4,63.4,297,37.2,291,86,2025-08-16 06:00:00+00:00
28.0,78,23.8,1001.4,1002.5,100,6,62,100,11.9,219,31.7,0.4,530.0,-1.0,-58.0,18.9,-4.4,49.9,286,34.9,297,83,2025-08-16 07:00:00+00:00
29.2,76,24.5,1000.1,1001.2,100,1,52,100,7.0,212,29.5,0.2,570.0,-1.6,-66.0,19.7,-4.2,44.9,285,33.8,297,81,2025-08-16 08:00:00+00:00
29.6,74,24.5,999.4,1000.5,100,20,32,100,7.3,187,27.0,0.3,630.0,-1.9,-63.0,19.9,-4.2,42.8,282,35.0,301,80,2025-08-16 09:00:00+00:00
29.5,73,24.2,998.5,999.6,98,1,7,97,6.6,215,26.3,0.2,650.0,-2.5,-14.0,19.8,-4.2,42.8,278,29.6,302,83,2025-08-16 10:00:00+00:00
30.1,72,24.4,998.4,999.5,100,0,25,100,7.7,213,19.4,0.2,760.0,-2.3,-13.0,20.2,-4.2,45.9,280,27.0,302,88,2025-08-16 11:00:00+00:00
29.7,74,24.6,998.8,999.9,100,0,7,100,10.7,221,23.4,0.1,1590.0,-2.2,-28.0,20.0,-4.2,43.3,282,29.6,302,88,2025-08-16 12:00:00+00:00
28.2,87,25.7,999.5,1000.6,100,1,37,100,11.9,185,24.5,0.0,1650.0,-2.1,-40.0,19.8,-4.2,40.6,279,26.0,304,87,2025-08-16 13:00:00+00:00
27.9,87,25.5,1001.0,1002.1,100,1,100,100,8.7,202,24.5,1.0,1460.0,-2.4,-45.0,20.0,-4.2,40.2,275,23.3,305,86,2025-08-16 14:00:00+00:00
27.2,88,25.0,1001.4,1002.5,100,0,44,100,9.1,240,18.0,0.0,740.0,-2.7,-68.0,19.9,-4.4,41.6,274,22.5,295,81,2025-08-16 15:00:00+00:00
26.7,88,24.6,1002.3,1003.4,95,1,56,89,13.4,253,26.3,0.0,710.0,-3.0,-89.0,20.0,-4.4,45.3,275,22.6,302,84,2025-08-16 16:00:00+00:00
26.1,87,23.8,1002.6,1003.7,100,0,95,91,13.1,257,29.5,0.1,790.0,-2.8,-89.0,19.3,-4.4,46.3,277,19.3,300,84,2025-08-16 17:00:00+00:00
25.7,87,23.4,1002.4,1003.5,99,3,44,99,12.8,253,27.4,0.2,920.0,-2.5,-77.0,19.2,-4.4,46.5,278,26.6,288,87,2025-08-16 18:00:00+00:00
25.8,86,23.2,1001.7,1002.8,99,0,18,99,11.2,244,26.3,0.1,960.0,-2.2,-56.0,19.7,-4.4,54.5,288,25.9,283,86,2025-08-16 19:00:00+00:00
25.4,88,23.3,1000.9,1002.0,100,0,42,100,9.7,239,22.3,0.2,990.0,-1.9,-54.0,19.4,-4.9,58.7,290,27.8,277,83,2025-08-16 20:00:00+00:00
25.3,88,23.2,1000.4,1001.5,100,0,19,100,10.1,239,21.2,0.0,950.0,-2.0,-52.0,19.3,-4.9,57.8,289,26.4,270,84,2025-08-16 21:00:00+00:00
25.4,87,23.0,1000.4,1001.5,100,0,15,100,10.5,239,21.2,0.0,760.0,-1.9,-46.0,19.4,-4.9,57.1,290,26.5,265,83,2025-08-16 22:00:00+00:00
25.4,86,22.9,1001.0,1002.1,100,0,22,100,9.2,249,21.2,0.0,590.0,-1.7,-53.0,19.7,-4.9,53.5,290,28.5,255,84,2025-08-16 23:00:00+00:00
25.3,86,22.7,1001.2,1002.3,100,0,21,100,9.5,248,19.1,0.0,570.0,-1.2,-47.0,19.7,-5.1,53.6,295,37.9,252,82,2025-08-17 00:00:00+00:00
26.0,87,23.7,1001.1,1002.2,100,0,99,100,9.7,239,18.0,0.2,380.0,-1.2,-68.0,19.8,-5.1,53.0,292,39.5,250,83,2025-08-17 01:00:00+00:00
26.0,87,23.7,1001.8,1002.9,100,0,100,100,9.7,243,20.2,0.1,290.0,-1.7,-61.0,20.2,-5.1,53.0,292,43.5,264,80,2025-08-17 02:00:00+00:00
26.5,87,24.1,1002.7,1003.8,100,0,100,100,7.6,225,19.4,0.2,300.0,-2.2,-28.0,20.3,-5.1,52.8,291,45.7,273,80,2025-08-17 03:00:00+00:00
26.8,87,24.4,1003.2,1004.3,100,0,100,100,7.6,225,17.3,0.5,450.0,-2.0,-25.0,20.3,-4.9,53.8,291,42.1,273,82,2025-08-17 04:00:00+00:00
27.5,84,24.5,1003.4,1004.5,100,0,16,100,7.8,222,19.1,0.6,560.0,-1.9,-25.0,20.0,-4.9,56.5,288,39.8,275,83,2025-08-17 05:00:00+00:00
28.2,80,24.5,1002.8,1003.9,100,0,100,100,6.8,235,20.2,0.2,770.0,-1.5,-22.0,20.2,-4.9,56.9,289,42.4,278,86,2025-08-17 06:00:00+00:00
28.2,80,24.3,1002.0,1003.1,100,0,98,100,7.0,244,18.4,0.3,720.0,-0.6,-42.0,19.9,-4.7,51.5,283,41.4,280,88,2025-08-17 07:00:00+00:00
28.8,77,24.5,1000.9,1002.0,100,5,15,100,7.0,230,19.1,0.1,1000.0,-1.0,-44.0,18.7,-4.4,40.1,273,41.7,282,82,2025-08-17 08:00:00+00:00
29.6,73,24.2,1000.3,1001.4,100,18,25,100,9.0,227,30.6,0.2,1220.0,-1.6,-17.0,19.4,-4.4,43.4,274,40.5,282,84,2025-08-17 09:00:00+00:00
29.3,74,24.1,999.7,1000.8,100,17,9,100,9.4,220,29.9,0.2,1360.0,-2.1,-13.0,19.6,-4.0,44.2,271,40.5,282,83,2025-08-17 10:00:00+00:00
29.6,72,24.0,999.9,1001.0,100,39,31,100,10.8,218,30.2,0.7,1320.0,-2.4,-22.0,19.6,-4.0,44.7,266,39.6,284,89,2025-08-17 11:00:00+00:00
26.6,90,24.8,1001.2,1002.3,100,22,81,100,10.9,261,25.9,6.2,1140.0,-2.5,-12.0,19.7,-4.4,47.9,272,44.8,286,87,2025-08-17 12:00:00+00:00
27.5,88,25.3,1001.7,1002.8,100,0,100,100,6.6,209,14.0,0.0,1470.0,-2.4,-20.0,19.6,-4.7,46.1,267,38.7,286,88,2025-08-17 13:00:00+00:00
26.9,88,24.8,1002.6,1003.7,100,2,100,100,13.2,219,24.5,0.8,1540.0,-2.3,-17.0,18.9,-4.7,45.7,261,33.5,285,78,2025-08-17 14:00:00+00:00
26.1,88,24.0,1003.1,1004.2,100,0,100,100,15.4,234,29.9,0.9,1010.0,-2.5,-23.0,18.8,-4.4,56.4,276,37.4,276,72,2025-08-17 15:00:00+00:00
25.8,88,23.6,1003.8,1004.9,100,0,100,100,14.5,239,31.3,0.5,1060.0,-2.4,-28.0,19.6,-4.7,63.5,278,43.3,273,71,2025-08-17 16:00:00+00:00
25.6,89,23.7,1004.1,1005.2,100,0,100,100,12.5,231,28.8,0.1,800.0,-2.2,-48.0,19.7,-4.7,64.3,273,45.6,270,73,2025-08-17 17:00:00+00:00
25.7,88,23.6,1003.8,1004.9,100,0,100,100,13.8,239,28.4,0.0,730.0,-1.8,-91.0,19.7,-4.4,68.1,278,37.5,277,77,2025-08-17 18:00:00+00:00
25.8,86,23.3,1003.4,1004.5,100,0,100,100,14.7,244,30.6,0.0,530.0,-1.3,-146.0,19.8,-4.4,68.4,277,37.4,276,76,2025-08-17 19:00:00+00:00
25.7,86,23.1,1003.0,1004.1,100,0,100,100,15.3,240,32.4,0.0,280.0,-1.2,-69.0,19.8,-4.4,68.0,277,38.4,272,80,2025-08-17 20:00:00+00:00
25.5,85,22.8,1002.5,1003.6,100,0,100,100,15.2,241,32.0,0.0,150.0,-1.1,-51.0,19.8,-4.7,68.6,278,38.7,277,78,2025-08-17 21:00:00+00:00
25.4,83,22.4,1002.3,1003.4,100,0,100,100,16.3,242,34.6,0.0,140.0,-0.9,-46.0,19.8,-4.9,71.2,280,39.6,284,84,2025-08-17 22:00:00+00:00
25.3,83,22.3,1002.9,1004.0,100,0,100,100,14.5,240,34.6,0.0,130.0,-0.9,-31.0,19.7,-4.9,73.4,281,37.7,279,89,2025-08-17 23:00:00+00:00
25.2,84,22.3,1003.4,1004.5,100,0,100,100,13.6,236,30.6,0.0,210.0,-0.7,-42.0,19.2,-4.9,74.5,282,41.0,275,78,2025-08-18 00:00:00+00:00
25.5,88,23.3,1003.5,1004.6,100,6,100,100,14.0,234,28.4,0.5,180.0,-0.7,-43.0,18.9,-4.9,75.6,284,42.0,270,71,2025-08-18 01:00:00+00:00
25.7,85,23.1,1004.4,1005.5,100,11,100,100,14.6,238,31.0,0.4,200.0,-0.7,-48.0,19.1,-5.1,72.4,286,45.0,261,73,2025-08-18 02:00:00+00:00
26.0,84,23.1,1005.1,1006.2,100,0,100,100,12.0,231,30.2,0.1,280.0,-0.4,-81.0,19.2,-5.1,68.7,283,48.7,260,81,2025-08-18 03:00:00+00:00
26.6,84,23.7,1005.3,1006.4,100,0,98,100,10.2,231,25.2,0.0,420.0,-0.8,-69.0,19.7,-5.4,64.1,279,53.0,257,87,2025-08-18 04:00:00+00:00
27.8,80,23.9,1005.3,1006.4,100,0,97,100,10.7,225,25.6,0.0,480.0,-1.4,-37.0,19.7,-5.1,63.8,280,52.3,261,90,2025-08-18 05:00:00+00:00
29.0,73,23.7,1005.1,1006.2,100,5,100,100,13.1,221,32.0,0.0,590.0,-1.7,-22.0,19.8,-5.1,66.8,284,61.2,271,83,2025-08-18 06:00:00+00:00
29.2,71,23.4,1004.5,1005.6,100,7,85,100,13.0,224,32.0,0.0,520.0,-3.0,-1.0,19.3,-5.1,63.7,279,64.8,269,83,2025-08-18 07:00:00+00:00
29.6,69,23.4,1003.9,1005.0,100,7,14,100,15.1,242,48.2,0.1,540.0,-2.3,0.0,19.1,-4.7,61.9,277,58.8,268,83,2025-08-18 08:00:00+00:00
30.0,68,23.5,1003.1,1004.2,100,9,94,100,13.7,235,35.3,0.1,500.0,-2.9,0.0,19.3,-4.9,63.0,273,57.6,270,87,2025-08-18 09:00:00+00:00
29.9,68,23.4,1002.4,1003.5,100,11,6,100,13.8,244,32.0,0.0,540.0,-2.7,-4.0,18.9,-4.2,58.8,268,60.8,255,79,2025-08-18 10:00:00+00:00
30.3,66,23.3,1002.0,1003.1,100,0,20,100,13.4,244,46.1,0.0,890.0,-2.5,-3.0,19.2,-4.2,62.0,268,57.7,258,80,2025-08-18 11:00:00+00:00
29.6,68,23.0,1002.1,1003.2,100,0,2,100,14.0,263,30.2,0.0,1130.0,-2.7,-10.0,19.1,-4.2,57.0,270,52.9,267,84,2025-08-18 12:00:00+00:00
27.5,83,24.3,1002.8,1003.9,100,0,100,100,8.3,226,19.8,0.4,1150.0,-2.3,-25.0,19.2,-4.0,65.8,275,49.4,276,87,2025-08-18 13:00:00+00:00
26.3,86,23.9,1004.1,1005.2,100,8,99,100,8.5,258,22.0,0.4,720.0,-2.1,-21.0,18.6,-4.2,65.7,273,51.5,282,89,2025-08-18 14:00:00+00:00
25.9,89,24.0,1004.7,1005.8,100,0,100,100,5.3,225,23.0,0.8,490.0,-1.5,-39.0,18.7,-4.4,62.0,272,50.6,292,87,2025-08-18 15:00:00+00:00
26.2,86,23.7,1005.2,1006.3,100,0,100,100,8.3,226,13.7,0.1,300.0,-2.0,-66.0,19.2,-4.7,60.7,273,45.6,297,87,2025-08-18 16:00:00+00:00
26.2,84,23.4,1005.7,1006.8,100,0,96,100,15.1,234,29.5,0.1,140.0,-2.4,-96.0,19.4,-4.9,60.6,270,54.7,285,86,2025-08-18 17:00:00+00:00
26.0,81,22.5,1005.5,1006.6,100,0,34,100,15.2,237,32.4,0.0,200.0,-2.3,-47.0,19.4,-5.6,69.5,281,67.2,272,77,2025-08-18 18:00:00+00:00
25.8,81,22.2,1004.8,1005.9,100,0,0,100,13.4,238,31.0,0.0,210.0,-1.1,-29.0,19.7,-5.8,68.6,282,68.9,263,73,2025-08-18 19:00:00+00:00
25.6,81,22.1,1004.2,1005.3,100,0,0,100,13.2,239,27.4,0.1,160.0,0.7,-71.0,19.7,-4.7,70.3,282,64.3,256,73,2025-08-18 20:00:00+00:00
25.5,81,21.9,1003.5,1004.6,100,0,0,100,12.6,234,27.7,0.2,120.0,1.7,-60.0,19.6,-4.9,72.0,283,67.3,259,73,2025-08-18 21:00:00+00:00
25.2,83,22.1,1003.6,1004.7,100,0,1,100,10.9,218,25.6,0.2,110.0,2.3,-63.0,19.6,-4.9,73.9,283,69.7,259,73,2025-08-18 22:00:00+00:00
25.1,84,22.2,1004.0,1005.2,100,0,10,100,11.3,216,22.7,0.0,120.0,2.4,0.0,19.7,-5.1,71.2,283,64.3,261,73,2025-08-18 23:00:00+00:00
25.2,81,21.8,1004.1,1005.3,100,0,19,100,12.8,220,25.9,0.0,50.0,2.8,0.0,19.6,-4.2,76.6,284,60.0,258,79,2025-08-19 00:00:00+00:00
26.7,71,20.9,1004.4,1005.5,100,0,100,100,14.6,236,32.0,0.0,30.0,3.3,0.0,19.6,-4.7,74.3,284,56.0,260,77,2025-08-19 01:00:00+00:00
26.9,70,21.0,1005.3,1006.4,100,0,100,100,14.2,232,31.3,0.0,0.0,2.4,0.0,19.3,-4.4,73.2,282,53.5,261,74,2025-08-19 02:00:00+00:00
27.1,70,21.2,1006.1,1007.2,100,0,94,100,13.1,234,30.2,0.0,20.0,2.5,-184.0,19.6,-4.2,72.0,279,49.6,263,72,2025-08-19 03:00:00+00:00
28.0,67,21.2,1006.2,1007.3,100,0,100,99,14.4,238,32.8,0.0,50.0,1.7,-184.0,20.0,-4.0,73.5,280,48.0,269,73,2025-08-19 04:00:00+00:00
28.8,66,21.8,1005.8,1006.9,100,0,100,99,12.2,224,31.3,0.0,60.0,1.6,-57.0,20.3,-4.2,73.8,281,48.0,271,72,2025-08-19 05:00:00+00:00
29.0,65,21.7,1005.6,1006.7,100,1,100,99,11.9,214,28.8,0.0,120.0,2.3,-64.0,19.2,-3.0,56.4,280,50.4,270,72,2025-08-19 06:00:00+00:00
29.4,64,21.8,1005.0,1006.1,100,12,100,96,12.8,215,29.5,0.0,180.0,2.2,-20.0,18.8,-2.8,43.7,271,49.2,269,73,2025-08-19 07:00:00+00:00
29.5,64,21.9,1003.9,1005.0,100,2,100,99,15.2,221,35.3,0.0,240.0,1.2,-24.0,19.6,-2.3,60.2,271,47.0,264,81,2025-08-19 08:00:00+00:00
30.1,64,22.7,1002.8,1003.9,100,3,97,100,10.1,211,34.6,0.0,310.0,1.3,-25.0,19.7,-1.6,54.4,274,42.8,259,87,2025-08-19 09:00:00+00:00
31.0,64,23.3,1002.0,1003.1,100,0,70,100,9.2,215,23.0,0.0,230.0,1.4,-43.0,20.2,-1.2,46.1,273,39.1,259,87,2025-08-19 10:00:00+00:00
31.1,65,23.7,1001.8,1002.9,99,1,15,99,8.2,195,21.6,0.0,250.0,1.7,-118.0,20.5,-0.7,41.5,268,34.4,258,84,2025-08-19 11:00:00+00:00
30.1,76,25.3,1001.8,1002.9,99,0,2,99,6.7,175,16.9,0.0,490.0,-0.3,-102.0,20.2,-2.1,41.1,266,34.9,286,82,2025-08-19 12:00:00+00:00
29.4,71,23.5,1002.8,1003.9,92,0,24,90,5.2,250,14.8,0.0,630.0,0.2,-254.0,20.6,-2.1,44.7,262,30.1,293,83,2025-08-19 13:00:00+00:00
28.6,72,22.9,1003.7,1004.8,99,0,18,99,7.8,238,15.1,0.0,750.0,-0.5,-190.0,20.6,-2.1,43.3,258,26.3,300,76,2025-08-19 14:00:00+00:00
28.6,65,21.3,1004.4,1005.5,100,0,9,100,12.4,249,23.4,0.0,1250.0,-1.2,-102.0,20.5,-2.1,41.3,256,20.0,303,71,2025-08-19 15:00:00+00:00
28.0,63,20.3,1005.1,1006.2,100,0,100,41,9.3,233,25.6,0.0,1810.0,-1.2,-70.0,20.3,-2.6,40.2,257,15.0,299,73,2025-08-19 16:00:00+00:00
27.7,62,19.8,1005.8,1006.9,100,0,100,100,11.5,231,22.0,0.0,2030.0,-0.6,-123.0,19.9,-3.0,41.9,258,9.7,300,73,2025-08-19 17:00:00+00:00
28.1,57,18.8,1005.9,1007.0,100,0,91,99,15.1,252,30.2,0.0,780.0,1.7,0.0,19.4,-3.7,44.0,257,13.4,297,63,2025-08-19 18:00:00+00:00
27.9,57,18.7,1005.3,1006.4,100,0,2,100,16.3,262,33.5,0.0,500.0,1.9,0.0,19.1,-3.7,43.6,263,11.1,283,66,2025-08-19 19:00:00+00:00
27.2,61,18.9,1004.9,1006.0,100,0,0,100,14.7,262,33.5,0.0,10.0,2.0,0.0,18.9,-4.0,52.7,276,10.9,264,66,2025-08-19 20:00:00+00:00
26.5,64,19.2,1004.4,1005.5,100,0,2,100,12.4,249,30.2,0.0,0.0,2.6,0.0,18.9,-4.2,55.4,282,10.3,249,66,2025-08-19 21:00:00+00:00
26.0,68,19.5,1004.7,1005.8,100,0,2,100,11.1,241,25.2,0.0,0.0,2.4,0.0,19.3,-4.4,54.2,287,11.3,238,69,2025-08-19 22:00:00+00:00
25.6,71,19.8,1005.2,1006.4,100,0,23,100,9.6,230,22.3,0.0,0.0,2.5,0.0,19.4,-4.7,55.9,291,12.8,229,72,2025-08-19 23:00:00+00:00
25.4,72,20.0,1005.8,1007.0,100,0,0,100,9.6,227,19.4,0.0,0.0,2.5,0.0,19.2,-4.4,54.4,292,11.8,246,76,2025-08-20 00:00:00+00:00
26.3,74,21.2,1005.6,1006.7,95,0,18,94,8.5,218,18.0,0.0,0.0,2.2,0.0,19.4,-4.0,54.1,291,11.9,225,80,2025-08-20 01:00:00+00:00
27.2,75,22.4,1006.4,1007.5,95,0,25,94,8.5,205,18.0,0.0,0.0,1.2,-44.0,19.3,-3.5,50.9,290,11.1,221,78,2025-08-20 02:00:00+00:00
28.3,72,22.7,1006.9,1008.0,77,0,58,45,9.5,205,22.7,0.0,40.0,0.7,-91.0,19.7,-3.0,48.9,288,11.1,221,80,2025-08-20 03:00:00+00:00
29.1,69,22.8,1007.3,1008.4,100,0,100,64,11.6,213,27.0,0.0,70.0,0.0,-99.0,19.7,-3.0,46.4,288,9.4,230,82,2025-08-20 04:00:00+00:00
29.5,66,22.5,1006.9,1008.0,100,0,100,74,12.7,219,29.9,0.0,50.0,-0.6,-92.0,20.2,-3.0,48.0,290,9.4,220,84,2025-08-20 05:00:00+00:00
30.7,61,22.3,1006.6,1007.7,97,0,68,92,12.5,242,31.0,0.0,60.0,-0.8,-51.0,20.5,-2.8,41.3,292,11.1,229,81,2025-08-20 06:00:00+00:00
32.7,53,21.8,1005.5,1006.6,99,29,30,97,14.6,266,37.8,0.0,70.0,-0.8,-36.0,20.9,-2.8,44.5,294,9.4,230,81,2025-08-20 07:00:00+00:00
33.2,51,21.6,1004.4,1005.5,100,38,5,99,14.8,273,40.0,0.0,120.0,-0.2,-11.0,18.5,-2.6,33.6,278,10.2,225,79,2025-08-20 08:00:00+00:00
33.8,48,21.4,1003.2,1004.3,100,69,48,99,11.1,250,37.4,0.0,210.0,-0.2,-9.0,19.8,-2.6,30.1,273,8.5,225,80,2025-08-20 09:00:00+00:00
33.2,51,21.8,1002.5,1003.6,100,2,3,100,8.1,193,28.8,0.0,350.0,-1.4,-9.0,19.9,-2.8,34.6,269,6.8,225,79,2025-08-20 10:00:00+00:00
31.8,68,25.2,1001.9,1003.0,99,0,1,99,7.9,168,19.8,0.0,340.0,-1.8,-24.0,19.8,-3.0,27.8,260,5.4,207,78,2025-08-20 11:00:00+00:00
30.5,77,26.1,1002.4,1003.5,12,2,6,7,8.9,146,20.2,0.0,560.0,-1.7,-45.0,20.3,-2.6,27.2,261,11.3,212,72,2025-08-20 12:00:00+00:00
29.8,75,24.8,1003.8,1004.9,15,0,15,0,3.4,164,14.8,0.0,510.0,-2.0,-59.0,20.8,-2.6,29.4,257,8.7,196,73,2025-08-20 13:00:00+00:00
29.5,77,25.1,1004.9,1006.0,8,1,4,3,5.3,135,11.2,0.0,860.0,-1.8,-55.0,21.0,-2.6,30.7,263,8.4,180,71,2025-08-20 14:00:00+00:00
28.9,82,25.5,1005.6,1006.7,0,0,0,0,4.1,157,10.4,0.0,1890.0,-1.7,-55.0,21.1,-2.6,31.9,268,9.9,166,70,2025-08-20 15:00:00+00:00
28.6,80,24.9,1006.6,1007.7,18,0,18,1,9.1,187,18.0,0.0,1860.0,-1.2,-57.0,21.1,-2.3,33.7,271,10.7,153,70,2025-08-20 16:00:00+00:00
28.2,79,24.1,1007.3,1008.4,9,1,9,0,10.4,198,20.5,0.0,1730.0,-0.4,-72.0,20.9,-2.3,36.7,277,11.3,148,72,2025-08-20 17:00:00+00:00
27.8,79,23.7,1007.2,1008.3,10,0,8,2,11.0,208,22.3,0.0,1720.0,-0.3,-82.0,20.6,-2.6,37.7,278,12.8,139,73,2025-08-20 18:00:00+00:00
27.3,78,23.2,1006.9,1008.0,29,0,0,29,11.2,217,22.7,0.0,1600.0,-1.0,-75.0,20.2,-2.3,37.8,278,12.8,139,76,2025-08-20 19:00:00+00:00
27.0,79,23.0,1006.6,1007.7,24,0,3,22,10.8,218,22.7,0.0,1190.0,-0.4,-67.0,19.9,-2.3,32.6,276,13.7,142,72,2025-08-20 20:00:00+00:00
26.8,79,22.8,1006.3,1007.4,95,0,1,95,10.7,220,22.3,0.0,840.0,0.6,-100.0,19.7,-2.3,28.3,274,15.6,148,73,2025-08-20 21:00:00+00:00
26.5,77,22.2,1006.0,1007.1,74,0,9,72,10.0,231,21.6,0.0,520.0,1.2,-32.0,19.8,-2.8,24.6,273,18.0,143,77,2025-08-20 22:00:00+00:00
26.3,75,21.4,1006.6,1007.7,6,0,0,6,9.5,234,20.2,0.0,220.0,1.1,-222.0,19.8,-3.3,21.2,279,19.7,142,78,2025-08-20 23:00:00+00:00
26.0,74,21.1,1006.9,1008.1,20,0,8,13,9.0,235,19.1,0.0,140.0,0.9,-163.0,19.7,-3.3,21.6,283,16.3,144,79,2025-08-21 00:00:00+00:00
26.9,74,21.9,1008.1,1009.2,99,0,72,96,9.7,231,19.1,0.0,50.0,0.7,-43.0,19.7,-3.5,18.2,292,19.0,145,80,2025-08-21 01:00:00+00:00
27.9,68,21.6,1008.6,1009.7,99,0,58,98,9.8,244,23.0,0.0,40.0,-0.1,-92.0,19.6,-3.7,17.1,299,18.3,148,81,2025-08-21 02:00:00+00:00
29.3,63,21.5,1009.1,1010.2,96,0,23,94,11.2,248,25.9,0.0,120.0,0.1,-88.0,19.6,-3.7,15.9,297,18.3,148,79,2025-08-21 03:00:00+00:00
30.6,58,21.4,1009.2,1010.3,96,0,36,94,12.4,257,30.6,0.0,310.0,-0.1,-59.0,19.4,-3.7,15.7,300,16.7,150,77,2025-08-21 04:00:00+00:00
31.6,55,21.5,1009.0,1010.1,91,0,16,90,11.2,265,31.0,0.0,460.0,-0.3,-33.0,19.6,-3.7,16.1,299,15.6,148,76,2025-08-21 05:00:00+00:00
32.7,53,21.8,1008.1,1009.2,78,0,1,78,8.7,274,29.2,0.0,420.0,0.0,-22.0,19.7,-3.7,14.3,301,14.0,149,74,2025-08-21 06:00:00+00:00
33.6,51,22.0,1007.3,1008.4,87,0,5,87,6.5,293,25.2,0.0,480.0,-1.0,-5.0,19.8,-3.7,16.3,300,13.0,146,72,2025-08-21 07:00:00+00:00
33.8,50,22.0,1006.1,1007.2,99,8,19,99,5.2,329,23.4,0.0,470.0,-1.8,-4.0,19.9,-3.3,15.5,294,12.0,143,69,2025-08-21 08:00:00+00:00
33.4,52,22.2,1005.5,1006.6,100,12,16,100,1.4,90,21.2,0.1,610.0,-1.9,-12.0,19.9,-3.0,14.2,277,9.4,140,79,2025-08-21 09:00:00+00:00
32.9,55,22.7,1004.4,1005.5,100,11,12,100,4.0,126,16.2,0.0,630.0,-2.3,-42.0,20.3,-3.0,14.6,266,7.7,141,79,2025-08-21 10:00:00+00:00
32.3,58,23.0,1003.8,1004.9,100,7,8,100,7.5,140,20.5,0.0,700.0,-2.3,-83.0,20.4,-3.0,16.4,268,5.1,135,81,2025-08-21 11:00:00+00:00
31.0,64,23.5,1004.0,1005.1,100,5,5,100,11.8,142,28.1,0.0,1180.0,-2.0,-70.0,20.3,-3.0,17.5,285,7.6,108,74,2025-08-21 12:00:00+00:00
29.6,73,24.3,1005.4,1006.5,100,0,4,100,8.3,138,28.1,0.0,2380.0,-2.1,-82.0,20.5,-3.0,20.3,286,7.3,81,70,2025-08-21 13:00:00+00:00
29.2,76,24.6,1006.1,1007.2,100,2,5,100,7.2,162,17.3,0.0,1810.0,-2.8,-69.0,20.8,-2.8,24.2,290,9.1,67,66,2025-08-21 14:00:00+00:00
29.2,78,25.0,1007.1,1008.2,100,1,5,100,9.5,170,19.4,0.0,1370.0,-3.1,-54.0,20.8,-2.8,26.1,295,11.3,58,67,2025-08-21 15:00:00+00:00
29.1,78,24.9,1007.8,1008.9,100,0,6,100,9.6,171,20.2,0.0,1600.0,-2.8,-51.0,20.8,-2.8,27.1,297,12.4,61,69,2025-08-21 16:00:00+00:00
28.8,81,25.1,1008.3,1009.4,100,0,14,100,8.8,178,19.8,0.0,1780.0,-2.7,-55.0,20.8,-2.8,28.5,299,14.0,70,70,2025-08-21 17:00:00+00:00
28.6,83,25.4,1008.1,1009.2,100,0,20,100,8.5,184,18.0,0.0,2300.0,-2.4,-50.0,20.4,-3.5,25.9,301,15.6,94,73,2025-08-21 18:00:00+00:00
28.4,85,25.6,1007.7,1008.8,100,1,26,100,7.9,192,17.6,0.0,2520.0,-2.4,-51.0,20.3,-3.5,24.9,301,15.6,94,76,2025-08-21 19:00:00+00:00
28.2,85,25.5,1007.3,1008.4,100,5,49,100,7.4,198,16.2,0.0,2840.0,-2.6,-54.0,20.0,-3.7,20.8,299,14.6,99,74,2025-08-21 20:00:00+00:00
27.7,88,25.4,1007.1,1008.2,99,6,36,98,11.4,204,22.0,0.0,2570.0,-2.6,-59.0,19.4,-4.4,17.8,293,12.5,107,74,2025-08-21 21:00:00+00:00
26.4,89,24.3,1007.4,1008.5,99,16,79,96,12.8,219,37.1,0.1,1750.0,-2.8,-53.0,18.7,-4.7,15.1,286,13.4,100,79,2025-08-21 22:00:00+00:00
25.9,87,23.6,1008.1,1009.3,99,17,21,99,16.7,225,35.6,0.1,1170.0,-2.5,-46.0,18.8,-4.7,13.7,291,9.9,104,76,2025-08-21 23:00:00+00:00
25.2,90,23.5,1007.8,1009.0,100,0,15,99,11.9,221,35.6,0.0,1790.0,-2.6,-47.0,18.8,-4.7,18.1,304,12.0,90,70,2025-08-22 00:00:00+00:00
25.8,86,23.3,1007.9,1009.1,100,0,5,100,12.4,199,30.2,0.0,1280.0,-2.4,-40.0,18.7,-4.9,16.5,294,10.8,90,73,2025-08-22 01:00:00+00:00
26.9,82,23.5,1008.9,1010.0,100,0,14,100,12.3,198,28.8,0.0,1070.0,-3.0,-20.0,18.8,-4.9,15.9,294,10.8,90,76,2025-08-22 02:00:00+00:00
28.5,72,22.9,1009.0,1010.1,100,5,21,100,15.0,196,35.6,0.0,1030.0,-3.1,-8.0,18.9,-4.7,14.8,288,12.2,101,79,2025-08-22 03:00:00+00:00
30.0,66,23.0,1009.4,1010.5,100,6,25,100,14.8,201,36.7,0.0,1310.0,-3.1,-3.0,18.9,-4.7,14.1,285,11.8,114,79,2025-08-22 04:00:00+00:00
31.3,61,22.9,1008.9,1010.0,100,15,15,100,12.9,213,37.8,0.1,1430.0,-3.6,-1.0,18.7,-4.7,13.9,281,12.8,131,79,2025-08-22 05:00:00+00:00
32.3,57,22.7,1007.9,1009.0,100,9,6,100,11.5,222,33.8,0.1,2040.0,-3.7,-1.0,18.7,-4.2,11.3,284,8.0,117,73,2025-08-22 06:00:00+00:00
33.1,54,22.7,1006.6,1007.7,100,11,4,100,10.4,233,32.8,0.0,2410.0,-3.8,-2.0,18.9,-4.2,14.2,276,6.8,135,70,2025-08-22 07:00:00+00:00
33.9,51,22.5,1005.4,1006.5,100,11,4,100,6.7,216,31.3,0.0,2070.0,-3.8,-4.0,19.4,-4.2,17.8,270,5.1,135,69,2025-08-22 08:00:00+00:00
33.6,52,22.4,1004.7,1005.8,100,29,9,100,8.5,173,25.6,0.0,1950.0,-3.5,-13.0,19.8,-4.2,19.6,274,3.4,135,69,2025-08-22 09:00:00+00:00
32.1,59,23.1,1004.0,1005.1,100,18,14,100,13.0,174,33.5,0.0,1810.0,-3.1,-28.0,19.8,-4.0,19.7,277,1.7,135,70,2025-08-22 10:00:00+00:00
31.2,67,24.4,1003.8,1004.9,99,12,9,98,14.3,170,36.7,0.5,1620.0,-3.4,-49.0,19.6,-4.0,16.6,278,1.2,90,68,2025-08-22 11:00:00+00:00
30.3,71,24.5,1004.4,1005.5,100,17,18,100,11.9,179,36.0,0.0,2850.0,-4.0,-48.0,20.0,-4.4,16.0,285,3.6,180,64,2025-08-22 12:00:00+00:00
29.2,75,24.3,1005.4,1006.5,100,29,57,100,2.0,153,31.0,3.9,3230.0,-4.5,-49.0,20.3,-4.4,16.0,285,2.7,153,68,2025-08-22 13:00:00+00:00
29.0,80,25.3,1005.8,1006.9,100,0,1,100,2.0,265,7.6,0.1,3710.0,-4.5,-51.0,20.4,-4.7,17.2,287,1.2,180,68,2025-08-22 14:00:00+00:00
28.8,85,25.9,1006.5,1007.6,100,1,2,100,3.6,143,7.2,0.2,3480.0,-4.5,-60.0,20.4,-4.7,17.8,283,1.2,180,71,2025-08-22 15:00:00+00:00
28.6,87,26.2,1007.4,1008.5,100,2,8,100,5.2,200,9.7,0.0,3220.0,-4.3,-62.0,20.6,-4.7,17.1,279,1.2,180,70,2025-08-22 16:00:00+00:00
28.0,84,25.0,1008.2,1009.3,100,9,52,100,11.4,219,22.3,0.6,2870.0,-3.9,-60.0,19.9,-4.9,15.7,278,2.7,207,69,2025-08-22 17:00:00+00:00
26.5,87,24.2,1007.8,1008.9,100,0,65,100,14.9,202,30.6,0.7,3040.0,-4.3,-53.0,19.7,-4.9,12.4,287,1.2,360,73,2025-08-22 18:00:00+00:00
25.2,92,23.8,1007.5,1008.7,99,26,30,98,13.6,220,29.5,3.2,3010.0,-4.7,-55.0,19.6,-4.9,13.3,278,2.7,117,77,2025-08-22 19:00:00+00:00
24.7,93,23.5,1007.3,1008.5,100,17,30,100,21.5,220,42.8,10.3,2250.0,-4.4,-54.0,19.7,-5.4,14.1,270,2.7,153,84,2025-08-22 20:00:00+00:00
24.7,92,23.3,1006.6,1007.8,100,3,57,100,9.9,251,42.1,0.2,1650.0,-4.4,-46.0,19.6,-5.1,14.8,259,1.7,45,79,2025-08-22 21:00:00+00:00
24.7,92,23.4,1006.3,1007.5,100,1,1,100,10.5,246,21.6,0.2,1520.0,-4.3,-47.0,19.4,-6.1,19.1,258,4.3,214,73,2025-08-22 22:00:00+00:00
24.7,92,23.4,1006.2,1007.4,100,0,24,100,12.0,240,23.4,0.3,1350.0,-4.5,-47.0,19.2,-5.8,20.2,256,3.8,198,68,2025-08-22 23:00:00+00:00
24.7,92,23.2,1006.5,1007.7,100,1,100,100,12.0,246,24.1,0.3,1190.0,-4.1,-62.0,19.2,-6.3,20.6,266,6.5,292,77,2025-08-23 00:00:00+00:00
24.4,94,23.4,1007.2,1008.4,100,0,100,100,6.3,257,20.9,3.5,1050.0,-3.9,-74.0,19.4,-6.1,18.0,279,7.6,288,73,2025-08-23 01:00:00+00:00
24.5,93,23.3,1007.3,1008.5,100,0,100,100,9.3,307,16.9,3.4,920.0,-3.7,-58.0,19.4,-6.1,16.4,289,8.0,297,69,2025-08-23 02:00:00+00:00
24.7,94,23.7,1008.3,1009.5,100,0,100,100,8.6,211,19.1,3.1,870.0,-3.3,-54.0,19.4,-6.3,14.7,286,8.0,297,64,2025-08-23 03:00:00+00:00
25.2,91,23.6,1008.3,1009.5,100,0,14,100,11.5,210,23.8,1.2,960.0,-3.2,-35.0,19.3,-6.3,13.9,279,9.4,310,64,2025-08-23 04:00:00+00:00
27.1,83,23.9,1007.7,1008.8,100,0,85,100,9.0,218,24.8,0.1,1100.0,-2.8,-26.0,19.2,-6.5,13.7,268,9.4,310,64,2025-08-23 05:00:00+00:00
28.7,75,23.9,1007.2,1008.3,100,0,66,100,8.6,192,22.3,0.0,1250.0,-2.5,-25.0,19.1,-6.3,10.5,275,12.8,319,61,2025-08-23 06:00:00+00:00
29.2,74,24.1,1006.7,1007.8,100,0,26,100,11.0,185,27.4,0.0,1090.0,-2.8,-20.0,19.1,-6.1,14.2,266,12.8,319,59,2025-08-23 07:00:00+00:00
29.4,73,24.2,1005.6,1006.7,100,0,0,100,9.7,180,27.7,0.0,1350.0,-3.1,-4.0,19.2,-6.1,17.8,266,12.0,307,66,2025-08-23 08:00:00+00:00
30.2,72,24.7,1004.5,1005.6,100,0,0,100,9.6,177,25.6,0.0,1620.0,-3.5,-4.0,19.6,-6.1,22.4,265,13.0,304,76,2025-08-23 09:00:00+00:00
30.3,74,25.2,1003.7,1004.8,100,6,4,100,7.6,168,24.5,0.0,1460.0,-4.1,-7.0,19.8,-5.8,24.6,270,15.0,299,80,2025-08-23 10:00:00+00:00
29.7,78,25.6,1003.4,1004.5,100,0,13,100,10.4,160,24.5,0.0,1420.0,-4.1,-28.0,19.9,-5.8,25.7,277,17.2,295,79,2025-08-23 11:00:00+00:00
28.7,81,25.1,1003.8,1004.9,100,0,4,100,13.3,159,28.4,0.0,1740.0,-4.2,-49.0,20.0,-5.4,27.9,285,22.3,306,71,2025-08-23 12:00:00+00:00
29.1,82,25.7,1004.8,1005.9,100,1,8,100,7.8,167,15.1,0.0,2180.0,-4.8,-45.0,20.3,-5.4,27.2,284,22.1,311,70,2025-08-23 13:00:00+00:00
28.5,86,25.9,1005.9,1007.0,100,0,4,100,9.7,178,19.1,0.0,2570.0,-4.4,-35.0,20.3,-5.4,26.3,279,20.4,320,70,2025-08-23 14:00:00+00:00
28.1,85,25.3,1006.7,1007.8,100,0,18,100,9.0,192,20.2,0.0,2550.0,-4.0,-36.0,20.2,-5.1,27.9,276,17.1,321,68,2025-08-23 15:00:00+00:00
27.8,86,25.3,1007.5,1008.6,100,0,24,100,9.0,192,18.4,0.0,2420.0,-4.1,-46.0,20.3,-5.1,27.9,274,15.6,328,70,2025-08-23 16:00:00+00:00
27.5,87,25.2,1008.0,1009.1,100,0,26,100,8.6,200,18.4,0.0,2650.0,-3.7,-51.0,20.3,-5.1,28.3,272,14.0,329,78,2025-08-23 17:00:00+00:00
27.2,89,25.1,1007.7,1008.8,100,4,17,100,8.0,216,17.3,0.0,2780.0,-4.1,-48.0,19.7,-5.6,28.8,275,18.0,307,81,2025-08-23 18:00:00+00:00
26.8,90,25.0,1007.6,1008.7,100,1,9,100,10.6,247,22.0,0.0,2650.0,-3.9,-46.0,19.6,-5.6,30.2,274,14.0,301,78,2025-08-23 19:00:00+00:00
26.5,89,24.6,1006.6,1007.7,100,0,6,100,8.9,232,22.0,0.0,2550.0,-3.8,-53.0,19.7,-5.6,32.2,278,11.8,294,68,2025-08-23 20:00:00+00:00
26.3,88,24.1,1006.1,1007.2,100,1,14,100,9.8,247,19.8,0.0,2380.0,-3.9,-52.0,19.7,-5.6,36.6,281,12.1,276,56,2025-08-23 21:00:00+00:00
26.0,85,23.3,1005.6,1006.7,36,2,13,26,9.0,241,19.8,0.0,2200.0,-3.9,-66.0,18.9,-5.6,36.6,281,12.1,264,53,2025-08-23 22:00:00+00:00
25.8,84,22.8,1006.0,1007.2,42,5,7,37,9.0,233,18.4,0.0,2060.0,-3.8,-52.0,18.8,-5.8,34.7,287,12.2,259,56,2025-08-23 23:00:00+00:00
25.5,84,22.5,1006.3,1007.5,54,1,0,53,9.3,238,19.8,0.0,1810.0,-3.4,-63.0,18.9,-5.8,28.2,293,14.6,279,63,2025-08-24 00:00:00+00:00
27.0,79,23.1,1006.9,1008.0,26,0,16,11,10.1,251,20.5,0.0,1480.0,-2.9,-73.0,19.1,-5.8,23.7,293,15.8,279,72,2025-08-24 01:00:00+00:00
27.9,75,23.2,1007.5,1008.6,56,0,13,49,8.6,262,21.2,0.0,1160.0,-3.0,-43.0,19.2,-5.6,21.8,296,14.6,279,70,2025-08-24 02:00:00+00:00
29.4,70,23.4,1008.1,1009.2,17,0,5,13,8.8,271,22.3,0.0,980.0,-2.5,-29.0,19.4,-5.6,21.2,298,14.6,279,73,2025-08-24 03:00:00+00:00
30.8,65,23.4,1008.0,1009.1,6,0,2,4,10.0,283,25.9,0.0,880.0,-2.3,-35.0,19.6,-5.6,21.6,295,15.6,274,77,2025-08-24 04:00:00+00:00
32.0,58,22.8,1008.0,1009.1,39,0,0,39,11.0,288,29.2,0.0,610.0,-2.4,-23.0,19.8,-5.6,22.1,292,18.0,270,76,2025-08-24 05:00:00+00:00
33.0,55,22.6,1007.5,1008.6,42,0,0,42,10.4,285,30.2,0.0,1090.0,-3.0,-13.0,20.2,-5.4,21.1,292,20.5,277,74,2025-08-24 06:00:00+00:00
33.8,52,22.5,1006.6,1007.7,43,3,5,39,9.9,285,30.6,0.0,1220.0,-3.5,-3.0,20.3,-5.4,21.8,293,21.7,276,72,2025-08-24 07:00:00+00:00
34.0,51,22.6,1005.5,1006.6,83,2,5,82,7.9,291,30.2,0.0,1030.0,-3.6,-12.0,20.0,-5.1,22.4,299,24.1,276,70,2025-08-24 08:00:00+00:00
33.9,52,22.7,1004.5,1005.6,79,3,7,77,3.8,3,26.6,0.0,920.0,-3.6,-14.0,19.6,-4.9,17.4,300,25.3,275,64,2025-08-24 09:00:00+00:00
33.0,58,23.6,1004.1,1005.2,100,0,23,100,6.6,81,20.5,0.1,840.0,-3.3,-32.0,19.8,-4.9,15.3,293,26.5,275,64,2025-08-24 10:00:00+00:00
30.7,74,25.6,1003.9,1005.0,90,3,45,82,10.9,110,28.8,0.0,810.0,-3.7,-69.0,19.8,-4.7,18.6,287,27.8,277,67,2025-08-24 11:00:00+00:00
29.2,79,25.1,1004.8,1005.9,86,0,63,63,10.7,229,27.7,0.1,1640.0,-4.1,-70.0,19.7,-4.9,19.9,286,27.1,283,59,2025-08-24 12:00:00+00:00
29.0,81,25.5,1005.5,1006.6,42,0,16,32,7.6,166,15.1,0.0,3130.0,-4.9,-56.0,19.9,-5.1,23.9,291,28.2,282,70,2025-08-24 13:00:00+00:00
28.6,84,25.6,1006.1,1007.2,71,0,9,69,11.6,172,26.3,0.0,3600.0,-5.2,-52.0,20.0,-5.1,26.9,294,28.5,285,63,2025-08-24 14:00:00+00:00
28.5,83,25.4,1006.7,1007.8,81,0,8,79,8.2,171,23.4,0.0,2870.0,-4.9,-55.0,20.2,-4.9,24.9,296,30.1,293,66,2025-08-24 15:00:00+00:00
28.3,86,25.7,1007.6,1008.7,83,0,10,81,9.9,175,19.8,0.0,2720.0,-4.6,-52.0,20.5,-4.7,25.6,301,28.4,298,60,2025-08-24 16:00:00+00:00
28.1,86,25.6,1008.2,1009.3,99,0,2,99,7.9,196,20.2,0.0,2480.0,-4.1,-52.0,20.5,-4.7,26.2,301,29.0,300,62,2025-08-24 17:00:00+00:00
27.8,88,25.7,1007.7,1008.8,99,2,4,99,8.4,214,16.6,0.0,2620.0,-4.5,-51.0,20.4,-4.9,28.1,302,30.3,304,63,2025-08-24 18:00:00+00:00
27.5,89,25.5,1007.2,1008.3,100,2,5,100,9.2,206,18.4,0.0,2800.0,-4.5,-46.0,20.2,-4.9,30.2,299,30.3,304,64,2025-08-24 19:00:00+00:00
27.4,88,25.1,1006.9,1008.0,100,2,7,100,9.3,208,18.7,0.0,2960.0,-4.4,-52.0,20.0,-5.1,32.1,293,30.7,309,62,2025-08-24 20:00:00+00:00
27.2,89,25.2,1006.3,1007.4,100,0,0,100,10.0,213,20.5,0.0,2970.0,-4.4,-55.0,20.0,-5.1,33.8,296,29.8,310,62,2025-08-24 21:00:00+00:00
27.0,91,25.4,1006.1,1007.2,100,0,0,100,8.5,222,20.2,0.0,3010.0,-3.9,-64.0,19.7,-5.1,34.3,300,29.3,305,58,2025-08-24 22:00:00+00:00
26.7,93,25.5,1006.2,1007.3,21,0,0,21,8.7,236,17.3,0.0,2510.0,-3.1,-71.0,18.9,-5.1,31.0,296,28.3,306,57,2025-08-24 23:00:00+00:00
26.4,93,25.3,1006.5,1007.6,47,0,0,47,9.0,244,18.4,0.0,1980.0,-2.8,-69.0,18.8,-4.9,25.3,296,29.0,308,59,2025-08-25 00:00:00+00:00
27.4,95,26.6,1006.5,1007.6,100,0,0,100,11.2,238,23.0,0.0,1670.0,-1.7,-62.0,19.1,-4.9,22.2,296,27.4,308,58,2025-08-25 01:00:00+00:00
28.2,83,25.1,1007.2,1008.3,80,0,0,80,10.3,248,23.4,0.0,1160.0,-0.4,-22.0,19.3,-4.7,21.8,296,27.4,308,58,2025-08-25 02:00:00+00:00
29.9,63,22.1,1007.5,1008.6,99,0,0,99,11.0,265,27.7,0.0,770.0,-0.3,0.0,19.6,-4.9,20.6,292,25.7,307,54,2025-08-25 03:00:00+00:00
30.3,57,20.7,1007.5,1008.6,100,0,0,100,11.5,281,28.8,0.0,100.0,-0.5,-27.0,19.8,-4.7,20.5,291,26.4,309,54,2025-08-25 04:00:00+00:00
31.0,54,20.5,1007.4,1008.5,100,0,0,100,10.4,285,29.5,0.0,30.0,-0.5,-52.0,20.0,-4.7,20.5,291,26.0,304,56,2025-08-25 05:00:00+00:00
32.0,52,21.0,1006.6,1007.7,100,0,0,100,9.4,293,27.7,0.0,140.0,-0.5,-5.0,20.4,-4.2,19.6,288,27.4,299,57,2025-08-25 06:00:00+00:00
33.3,49,21.2,1005.7,1006.8,100,0,1,100,9.3,285,28.1,0.0,260.0,-0.2,-13.0,20.5,-4.0,22.0,297,27.9,295,57,2025-08-25 07:00:00+00:00
34.3,44,20.3,1004.5,1005.6,100,0,3,100,7.1,289,29.9,0.0,380.0,-0.2,-78.0,20.5,-3.7,24.3,308,28.5,292,56,2025-08-25 08:00:00+00:00
34.5,42,19.7,1003.4,1004.5,100,4,2,100,5.0,46,27.0,0.0,390.0,0.0,-91.0,19.9,-4.0,18.1,311,28.1,290,51,2025-08-25 09:00:00+00:00
32.9,51,21.6,1002.7,1003.8,100,11,6,100,11.7,77,31.7,0.0,300.0,0.0,-78.0,20.2,-4.2,16.7,305,28.1,290,42,2025-08-25 10:00:00+00:00
31.5,57,22.0,1002.7,1003.8,98,1,14,98,12.2,110,32.8,0.0,380.0,-0.5,-36.0,20.5,-4.4,20.1,303,29.2,289,46,2025-08-25 11:00:00+00:00
30.3,61,21.9,1002.8,1003.9,100,0,6,100,8.9,124,30.6,0.0,710.0,-1.4,-41.0,19.8,-4.2,20.0,300,28.8,287,42,2025-08-25 12:00:00+00:00
30.0,68,23.4,1003.9,1005.0,100,1,3,100,7.6,115,16.2,0.0,1600.0,-1.5,-97.0,19.7,-4.4,19.4,300,27.4,285,38,2025-08-25 13:00:00+00:00
29.0,74,23.8,1004.6,1005.7,100,0,1,100,7.7,120,16.6,0.0,1950.0,-0.5,-158.0,20.0,-4.2,22.1,302,25.7,281,34,2025-08-25 14:00:00+00:00
29.0,72,23.4,1005.0,1006.1,100,0,0,100,7.6,162,14.8,0.0,2030.0,0.1,-196.0,20.3,-4.2,26.3,298,25.5,278,34,2025-08-25 15:00:00+00:00
28.9,76,24.2,1005.8,1006.9,100,0,0,100,8.3,167,16.6,0.0,1590.0,0.2,-131.0,20.5,-4.2,30.0,294,25.7,281,36,2025-08-25 16:00:00+00:00
28.5,79,24.6,1006.2,1007.3,100,0,0,100,8.6,192,17.3,0.0,1370.0,0.0,-99.0,20.6,-4.0,29.7,291,27.1,283,36,2025-08-25 17:00:00+00:00
28.1,80,24.2,1005.8,1006.9,100,0,0,100,8.9,204,17.6,0.0,1310.0,-0.4,-118.0,20.2,-4.2,27.9,294,28.1,290,34,2025-08-25 18:00:00+00:00
27.5,80,23.8,1005.7,1006.8,100,0,0,100,9.4,212,18.7,0.0,1410.0,-0.9,-18.0,20.3,-4.4,28.7,288,28.1,290,34,2025-08-25 19:00:00+00:00
27.0,81,23.5,1005.1,1006.2,99,0,1,99,9.0,226,18.7,0.0,1380.0,-1.1,-74.0,20.2,-4.7,30.0,283,30.1,299,36,2025-08-25 20:00:00+00:00
26.7,81,23.2,1004.9,1006.0,100,0,0,100,9.7,230,19.4,0.0,1460.0,-0.7,-93.0,20.3,-4.4,30.7,281,31.0,306,42,2025-08-25 21:00:00+00:00
26.5,78,22.4,1004.9,1006.0,100,0,0,100,11.6,228,23.4,0.0,1720.0,-0.9,-92.0,20.3,-4.4,32.2,277,32.2,315,51,2025-08-25 22:00:00+00:00
26.3,77,22.0,1005.6,1006.7,100,5,1,100,13.0,227,26.6,0.0,2200.0,0.1,-106.0,19.9,-4.7,33.0,276,30.6,318,68,2025-08-25 23:00:00+00:00
25.9,84,23.1,1006.0,1007.1,100,1,1,100,12.8,231,26.6,0.0,1860.0,0.6,-108.0,19.3,-4.2,32.6,276,30.7,309,68,2025-08-26 00:00:00+00:00
27.6,86,25.0,1006.0,1007.1,100,0,14,100,14.8,220,31.7,0.0,1640.0,-0.7,-86.0,18.9,-4.2,31.2,276,28.1,310,49,2025-08-26 01:00:00+00:00
28.4,78,24.1,1006.3,1007.4,100,0,9,100,12.0,231,31.0,0.0,1430.0,-1.4,-52.0,18.7,-4.0,29.2,271,28.0,313,68,2025-08-26 02:00:00+00:00
29.7,70,23.7,1006.8,1007.9,100,0,3,100,12.9,240,32.4,0.0,1600.0,-0.6,-63.0,18.8,-4.2,27.3,269,27.2,315,54,2025-08-26 03:00:00+00:00
30.9,64,23.2,1007.0,1008.1,100,0,8,100,13.1,233,33.8,0.0,1830.0,-0.4,-41.0,19.1,-4.2,26.9,266,27.2,315,42,2025-08-26 04:00:00+00:00
32.2,55,22.0,1006.8,1007.9,98,0,9,98,13.4,238,38.5,0.0,2060.0,-0.8,-16.0,19.2,-4.2,27.4,266,28.0,313,29,2025-08-26 05:00:00+00:00
33.4,49,21.3,1006.3,1007.4,100,1,28,100,12.7,247,38.9,0.0,920.0,-0.4,-5.0,19.7,-3.5,29.6,272,27.6,304,33,2025-08-26 06:00:00+00:00
34.0,45,20.5,1005.5,1006.6,100,7,38,100,13.6,255,36.4,0.0,480.0,-0.1,-4.0,19.9,-4.2,31.0,271,26.6,306,30,2025-08-26 07:00:00+00:00
33.6,44,19.5,1004.3,1005.4,100,3,42,100,13.7,257,36.7,0.0,470.0,0.1,-13.0,20.4,-5.1,30.1,270,25.3,301,32,2025-08-26 08:00:00+00:00
34.2,40,18.8,1003.1,1004.2,100,0,87,100,12.3,248,34.9,0.0,370.0,-0.4,-5.0,20.6,-5.6,30.5,268,24.1,297,33,2025-08-26 09:00:00+00:00
34.2,41,18.9,1002.5,1003.6,100,0,3,100,10.7,237,32.0,0.0,440.0,-2.1,-10.0,20.8,-5.4,33.4,265,21.6,273,33,2025-08-26 10:00:00+00:00
34.1,40,18.8,1002.0,1003.1,92,0,1,92,10.1,197,28.4,0.0,380.0,-3.4,-34.0,21.0,-4.7,35.1,268,25.2,270,48,2025-08-26 11:00:00+00:00
32.5,54,21.8,1002.2,1003.3,100,0,1,100,12.3,166,28.8,0.0,380.0,-3.8,-18.0,20.8,-4.2,28.8,275,24.1,264,83,2025-08-26 12:00:00+00:00
32.7,43,18.6,1003.2,1004.3,100,0,2,100,6.7,200,21.6,0.0,560.0,-3.9,-20.0,20.6,-4.0,27.4,272,20.5,277,77,2025-08-26 13:00:00+00:00
31.6,52,20.7,1003.9,1005.0,100,0,0,100,7.3,190,14.8,0.0,1040.0,-2.8,-28.0,20.4,-3.7,29.2,269,19.5,313,69,2025-08-26 14:00:00+00:00
30.3,67,23.4,1004.4,1005.5,100,0,4,100,9.9,175,20.2,0.0,2600.0,-2.1,-27.0,20.5,-4.0,35.4,263,20.7,350,91,2025-08-26 15:00:00+00:00
29.5,74,24.3,1005.4,1006.5,100,0,14,100,12.0,196,26.3,0.0,2250.0,-1.5,-33.0,20.6,-3.7,38.3,261,21.7,6,74,2025-08-26 16:00:00+00:00
29.1,76,24.4,1005.7,1006.8,100,0,19,100,10.8,212,25.6,0.0,2570.0,-1.5,-54.0,20.5,-4.2,38.7,261,14.4,5,90,2025-08-26 17:00:00+00:00
28.6,76,24.0,1005.8,1006.9,63,3,20,53,11.9,236,24.8,0.0,2560.0,-1.5,-59.0,20.2,-3.5,40.3,276,13.7,322,92,2025-08-26 18:00:00+00:00
28.6,70,22.5,1005.3,1006.4,99,9,29,99,12.4,240,26.3,0.0,2670.0,-1.0,-64.0,19.6,-3.5,45.2,279,11.8,294,91,2025-08-26 19:00:00+00:00
28.4,65,21.2,1004.7,1005.8,100,4,48,100,11.4,232,27.0,0.0,1960.0,-0.8,-79.0,19.1,-4.0,46.6,282,17.5,286,84,2025-08-26 20:00:00+00:00
27.1,70,21.1,1004.6,1005.7,100,16,79,99,11.7,345,23.4,0.0,1360.0,-0.3,-89.0,18.9,-4.7,43.8,279,14.6,279,90,2025-08-26 21:00:00+00:00
25.6,77,21.3,1004.6,1005.7,100,6,81,98,7.7,319,32.4,0.1,710.0,-0.3,-123.0,19.2,-4.4,40.3,275,16.3,287,83,2025-08-26 22:00:00+00:00
26.4,73,21.2,1004.4,1005.5,100,1,37,100,8.4,223,14.8,0.0,330.0,-0.8,-80.0,19.6,-4.4,40.8,276,17.0,278,88,2025-08-26 23:00:00+00:00
27.0,72,21.4,1004.8,1005.9,100,0,26,100,11.0,232,22.3,0.0,420.0,-1.5,-57.0,19.3,-4.2,43.1,280,21.7,264,88,2025-08-27 00:00:00+00:00
28.4,64,21.0,1003.9,1005.0,100,0,17,100,12.9,254,27.0,0.0,140.0,-1.5,-49.0,19.4,-4.2,44.2,284,21.6,267,88,2025-08-27 01:00:00+00:00
28.9,63,21.1,1004.7,1005.8,100,0,21,100,14.2,255,31.7,0.0,60.0,-1.7,-52.0,19.3,-4.2,45.0,288,21.6,267,89,2025-08-27 02:00:00+00:00
29.7,61,21.4,1005.3,1006.4,100,0,21,100,14.4,261,32.8,0.0,40.0,-1.5,-20.0,19.2,-4.0,44.8,289,21.7,264,89,2025-08-27 03:00:00+00:00
30.6,58,21.4,1005.3,1006.4,100,0,11,100,15.9,260,39.2,0.0,50.0,-1.8,-9.0,19.2,-4.0,45.7,289,22.1,257,88,2025-08-27 04:00:00+00:00
31.6,55,21.3,1005.0,1006.1,100,0,5,100,13.8,263,38.9,0.0,80.0,-2.0,-7.0,19.3,-3.7,46.3,287,22.4,254,89,2025-08-27 05:00:00+00:00
31.6,55,21.6,1004.4,1005.5,100,2,3,100,14.9,272,37.4,0.0,240.0,-2.2,-4.0,19.2,-3.5,37.9,294,25.4,251,88,2025-08-27 06:00:00+00:00
32.3,53,21.4,1003.9,1005.0,100,28,18,100,14.5,275,38.5,0.0,270.0,-1.9,-21.0,18.8,-3.5,37.8,290,25.1,253,87,2025-08-27 07:00:00+00:00
33.0,50,21.3,1002.9,1004.0,100,8,11,100,10.4,261,37.1,0.0,390.0,-2.3,-2.0,18.9,-3.5,35.1,286,27.1,257,84,2025-08-27 08:00:00+00:00
33.8,47,21.0,1001.5,1002.6,100,0,6,100,8.2,262,33.8,0.0,430.0,-2.5,-2.0,19.6,-3.5,36.7,277,28.2,258,87,2025-08-27 09:00:00+00:00
31.9,56,22.1,1001.6,1002.7,100,9,60,100,14.2,286,34.9,1.9,480.0,-2.2,-26.0,19.8,-3.3,36.0,271,28.5,255,90,2025-08-27 10:00:00+00:00
27.4,84,24.6,1002.2,1003.3,100,0,47,100,5.6,184,36.7,4.7,690.0,-2.2,-52.0,19.2,-3.3,35.1,257,30.0,254,90,2025-08-27 11:00:00+00:00
28.1,81,24.5,1002.5,1003.6,100,2,64,100,5.2,243,20.2,0.1,1210.0,-2.2,-44.0,19.3,-3.3,35.1,245,33.7,266,91,2025-08-27 12:00:00+00:00
30.0,68,23.6,1002.8,1003.9,100,3,59,100,14.9,165,33.1,0.0,1410.0,-2.3,-25.0,19.9,-3.7,40.6,244,30.0,268,94,2025-08-27 13:00:00+00:00
29.4,73,24.0,1004.1,1005.2,100,9,66,100,9.7,199,34.9,0.0,1270.0,-2.9,-25.0,20.0,-3.7,44.3,248,26.5,265,87,2025-08-27 14:00:00+00:00
25.8,94,24.7,1005.3,1006.4,100,46,100,100,12.8,294,30.6,14.8,1470.0,-3.8,-41.0,19.9,-3.5,45.0,250,24.7,256,83,2025-08-27 15:00:00+00:00
25.7,94,24.7,1005.1,1006.2,100,1,16,100,2.6,141,28.4,1.4,1340.0,-3.1,-38.0,19.7,-3.5,48.0,253,23.6,255,87,2025-08-27 16:00:00+00:00
26.4,91,24.7,1005.7,1006.8,100,3,17,100,8.3,237,15.5,0.0,1550.0,-2.9,-31.0,19.4,-3.7,47.8,255,21.0,246,81,2025-08-27 17:00:00+00:00
26.2,87,24.0,1005.5,1006.6,100,2,21,100,11.2,237,22.3,0.0,770.0,-1.7,-130.0,19.1,-4.4,45.8,251,30.2,263,84,2025-08-27 18:00:00+00:00
25.9,85,23.1,1004.9,1006.0,100,7,18,100,11.2,232,23.0,0.0,540.0,-1.5,-92.0,19.2,-4.4,47.3,254,29.4,258,90,2025-08-27 19:00:00+00:00
25.9,83,22.8,1004.4,1005.5,100,1,30,100,10.9,226,23.0,0.0,260.0,-2.3,-46.0,19.2,-4.4,47.9,267,29.2,261,91,2025-08-27 20:00:00+00:00
25.9,83,22.8,1003.6,1004.7,100,1,21,100,11.5,225,23.0,0.0,180.0,-2.2,-42.0,19.7,-4.2,49.9,276,26.8,260,91,2025-08-27 21:00:00+00:00
25.9,83,22.7,1003.5,1004.6,100,1,36,100,11.7,229,23.4,0.0,100.0,-2.3,-32.0,19.8,-4.2,53.6,276,26.8,260,91,2025-08-27 22:00:00+00:00
26.0,82,22.6,1003.7,1004.8,100,1,50,100,12.5,235,25.9,0.0,0.0,-1.8,-35.0,19.9,-4.4,55.2,281,26.2,254,89,2025-08-27 23:00:00+00:00
26.1,80,22.4,1004.4,1005.5,100,0,27,100,11.8,250,26.3,0.0,10.0,-2.4,-54.0,20.3,-4.2,46.1,279,32.3,255,87,2025-08-28 00:00:00+00:00
27.1,77,22.7,1004.1,1005.2,100,0,6,100,9.9,226,20.9,0.0,20.0,-2.7,-62.0,20.2,-4.2,49.0,276,30.9,257,87,2025-08-28 01:00:00+00:00
27.7,75,22.8,1004.9,1006.0,100,0,23,100,9.4,227,22.3,0.0,10.0,-1.9,-44.0,20.3,-4.2,49.4,274,28.1,250,87,2025-08-28 02:00:00+00:00
28.8,70,22.8,1005.5,1006.6,100,0,23,100,9.8,232,23.0,0.0,50.0,-1.5,-31.0,20.2,-4.0,51.7,275,26.3,246,86,2025-08-28 03:00:00+00:00
30.2,63,22.4,1005.5,1006.6,100,0,27,100,12.6,229,30.6,0.0,100.0,-2.0,-22.0,20.3,-3.7,51.9,277,23.1,242,86,2025-08-28 04:00:00+00:00
31.2,58,22.1,1004.7,1005.8,100,0,4,100,13.5,239,33.8,0.0,140.0,-1.5,-1.0,20.4,-3.5,51.4,277,23.1,242,86,2025-08-28 05:00:00+00:00
32.5,54,22.1,1003.7,1004.8,100,0,3,100,13.1,236,34.2,0.0,220.0,-0.8,-1.0,20.9,-3.3,41.7,276,24.1,243,84,2025-08-28 06:00:00+00:00
33.5,51,22.0,1002.8,1003.9,100,3,1,100,14.7,243,39.2,0.0,370.0,-1.6,-1.0,21.1,-3.5,44.1,278,24.3,237,83,2025-08-28 07:00:00+00:00
34.3,49,22.0,1001.6,1002.7,100,3,5,100,11.9,235,39.2,0.0,350.0,-2.0,-1.0,19.7,-3.5,35.2,266,25.7,233,81,2025-08-28 08:00:00+00:00
34.5,49,22.1,1000.3,1001.4,100,7,12,100,11.3,216,34.9,0.0,460.0,-2.3,-1.0,20.4,-3.5,38.5,264,26.4,231,79,2025-08-28 09:00:00+00:00
33.6,52,22.5,999.9,1001.0,100,5,8,100,11.6,185,33.1,0.2,470.0,-2.4,-1.0,20.3,-3.3,42.5,265,30.3,236,79,2025-08-28 10:00:00+00:00
31.7,64,24.0,1000.2,1001.3,100,20,96,100,14.0,198,37.4,0.7,390.0,-2.7,-13.0,20.0,-3.0,34.6,254,30.1,241,84,2025-08-28 11:00:00+00:00
26.8,88,24.5,1001.5,1002.6,100,0,100,100,10.1,241,36.7,9.1,950.0,-3.6,-32.0,19.9,-2.6,34.1,247,35.5,246,73,2025-08-28 12:00:00+00:00
29.0,74,23.8,1001.9,1003.0,100,4,17,100,8.6,190,23.4,0.0,980.0,-3.4,-49.0,19.9,-2.8,36.7,243,33.3,240,79,2025-08-28 13:00:00+00:00
28.6,76,23.9,1002.7,1003.8,100,3,75,100,6.7,194,18.4,0.0,1020.0,-3.2,-40.0,19.9,-3.0,41.4,245,31.3,238,82,2025-08-28 14:00:00+00:00
27.2,83,24.1,1004.3,1005.4,100,14,97,100,6.4,278,20.9,3.2,1070.0,-3.1,-51.0,20.3,-3.0,46.6,250,30.3,236,79,2025-08-28 15:00:00+00:00
27.1,86,24.6,1004.9,1006.0,100,0,3,100,5.4,195,12.6,0.2,1920.0,-3.0,-39.0,19.9,-3.0,47.4,250,31.3,238,78,2025-08-28 16:00:00+00:00
27.2,86,24.7,1004.7,1005.8,100,0,50,100,4.8,222,9.4,0.0,2470.0,-2.8,-39.0,19.6,-3.5,45.6,250,30.1,241,83,2025-08-28 17:00:00+00:00
27.1,87,24.8,1004.6,1005.7,99,1,60,98,7.4,241,13.3,0.0,2900.0,-3.1,-31.0,19.9,-3.5,39.6,247,32.3,239,81,2025-08-28 18:00:00+00:00
27.0,88,24.9,1004.3,1005.4,100,2,77,100,9.6,237,18.0,0.0,2390.0,-2.7,-62.0,19.8,-3.7,39.1,255,31.3,238,83,2025-08-28 19:00:00+00:00
27.0,84,24.0,1003.6,1004.7,100,3,100,100,12.2,232,24.8,0.0,1220.0,-1.4,-90.0,19.9,-4.0,42.5,266,30.0,233,91,2025-08-28 20:00:00+00:00
26.9,82,23.6,1003.5,1004.6,100,0,100,95,10.6,238,24.8,0.0,560.0,-1.3,-102.0,20.0,-4.2,46.5,268,29.8,230,89,2025-08-28 21:00:00+00:00
26.7,83,23.6,1003.5,1004.6,100,0,100,100,8.6,244,20.9,0.0,390.0,-0.2,-103.0,20.0,-4.2,48.4,267,28.9,222,90,2025-08-28 22:00:00+00:00
26.6,83,23.5,1004.1,1005.2,100,0,100,100,8.9,234,18.0,0.0,360.0,-0.7,-105.0,20.2,-4.2,50.1,271,28.1,220,90,2025-08-28 23:00:00+00:00
26.5,82,23.2,1004.6,1005.7,100,0,100,98,7.8,232,18.0,0.0,400.0,-0.3,-73.0,20.0,-4.2,48.8,270,29.6,212,82,2025-08-29 00:00:00+00:00
27.3,77,23.0,1004.5,1005.6,100,0,5,100,10.3,243,22.3,0.0,390.0,-0.6,-86.0,20.0,-4.2,49.2,270,26.8,207,84,2025-08-29 01:00:00+00:00
28.2,76,23.6,1005.2,1006.3,100,0,23,100,7.5,226,21.2,0.0,470.0,-0.6,-49.0,20.4,-4.2,47.0,273,27.0,201,82,2025-08-29 02:00:00+00:00
30.0,68,23.4,1006.0,1007.1,100,0,100,100,8.0,220,20.9,0.0,620.0,-0.6,-28.0,20.5,-4.7,44.4,276,26.8,190,78,2025-08-29 03:00:00+00:00
30.9,60,22.2,1006.0,1007.1,100,0,98,100,11.1,234,27.7,0.0,870.0,-0.2,-41.0,20.4,-4.4,45.0,277,27.8,187,77,2025-08-29 04:00:00+00:00
31.4,57,21.9,1005.7,1006.8,100,0,3,100,11.0,229,29.9,0.0,570.0,-0.2,-39.0,20.3,-4.2,45.0,277,28.5,195,74,2025-08-29 05:00:00+00:00
33.2,51,21.7,1004.8,1005.9,100,0,0,100,10.4,228,29.5,0.0,600.0,-0.6,-17.0,20.5,-4.0,39.7,279,27.0,201,78,2025-08-29 06:00:00+00:00
34.2,48,21.7,1004.1,1005.2,100,18,16,100,13.3,245,38.9,0.1,660.0,-0.6,-7.0,20.3,-3.5,38.0,275,29.0,210,73,2025-08-29 07:00:00+00:00
34.5,48,21.7,1003.0,1004.1,100,4,5,100,12.8,230,37.1,0.1,650.0,-0.5,-14.0,19.3,-3.0,31.1,265,29.3,215,76,2025-08-29 08:00:00+00:00
34.9,45,21.2,1002.0,1003.1,99,5,10,99,13.6,219,35.6,0.0,690.0,-0.5,-20.0,19.4,-3.0,25.7,253,29.0,218,76,2025-08-29 09:00:00+00:00
34.7,44,20.7,1002.0,1003.1,99,7,12,99,14.3,220,36.4,0.1,670.0,-0.6,-14.0,19.3,-2.8,23.5,241,34.1,219,78,2025-08-29 10:00:00+00:00
33.9,45,20.5,1002.0,1003.1,99,11,42,99,14.6,207,36.7,0.4,660.0,-1.1,-4.0,19.6,-2.6,24.2,238,37.7,217,80,2025-08-29 11:00:00+00:00
32.2,57,22.6,1002.4,1003.5,95,5,25,94,13.3,182,34.9,0.2,1330.0,-1.3,-12.0,19.7,-2.8,24.8,238,33.2,221,79,2025-08-29 12:00:00+00:00
30.8,65,23.3,1003.6,1004.7,46,0,5,42,12.9,174,31.7,0.0,2310.0,-2.2,-35.0,19.9,-2.8,32.0,234,31.4,223,81,2025-08-29 13:00:00+00:00
30.1,72,24.6,1004.3,1005.4,100,0,3,100,11.1,166,28.8,0.0,2580.0,-3.1,-49.0,20.4,-3.3,34.7,240,29.8,230,79,2025-08-29 14:00:00+00:00
29.8,76,25.2,1005.3,1006.4,99,0,12,99,11.2,179,27.0,0.0,2500.0,-3.5,-38.0,20.8,-3.5,33.8,243,26.6,234,81,2025-08-29 15:00:00+00:00
29.6,78,25.3,1006.3,1007.4,100,0,22,100,14.5,185,31.0,0.0,2800.0,-3.7,-33.0,20.8,-4.0,32.5,239,23.1,231,74,2025-08-29 16:00:00+00:00
29.5,76,24.9,1006.7,1007.8,99,0,42,98,15.8,187,34.2,0.0,2580.0,-3.5,-30.0,20.8,-4.0,35.9,244,19.3,210,71,2025-08-29 17:00:00+00:00
29.3,76,24.6,1006.5,1007.6,100,1,19,100,14.5,197,33.8,0.0,2920.0,-3.5,-30.0,20.6,-3.7,38.9,260,18.6,195,66,2025-08-29 18:00:00+00:00
28.8,74,23.8,1006.0,1007.1,95,0,11,94,10.3,216,30.2,0.0,2930.0,-3.4,-40.0,20.6,-3.7,39.4,265,20.4,183,69,2025-08-29 19:00:00+00:00
28.4,73,23.1,1005.0,1006.1,22,0,13,11,9.3,216,21.2,0.0,2730.0,-2.8,-61.0,20.3,-3.7,38.8,266,21.6,183,72,2025-08-29 20:00:00+00:00
27.9,73,22.6,1004.9,1006.0,92,0,3,92,9.5,217,19.8,0.0,2420.0,-1.7,-100.0,20.2,-3.5,33.7,261,18.2,188,74,2025-08-29 21:00:00+00:00
27.6,74,22.4,1005.0,1006.1,96,0,7,96,8.8,221,19.4,0.0,1960.0,-1.2,-119.0,20.0,-3.3,32.5,259,17.0,188,78,2025-08-29 22:00:00+00:00
27.3,74,22.2,1005.5,1006.6,92,0,0,92,9.1,232,18.4,0.0,1410.0,-1.0,-115.0,19.9,-3.5,33.0,264,16.3,197,79,2025-08-29 23:00:00+00:00
27.1,73,21.9,1006.1,1007.2,95,0,0,95,10.1,241,20.5,0.0,1590.0,-1.1,-160.0,19.8,-4.0,26.6,263,13.7,195,80,2025-08-30 00:00:00+00:00
28.5,68,22.0,1006.2,1007.3,100,0,6,100,9.4,244,18.7,0.0,830.0,-1.2,-171.0,19.9,-4.0,27.8,270,16.1,207,80,2025-08-30 01:00:00+00:00
30.0,62,22.0,1006.4,1007.5,89,0,36,83,9.4,241,22.0,0.0,360.0,-1.8,-112.0,19.8,-4.2,26.9,272,15.6,203,77,2025-08-30 02:00:00+00:00
31.7,56,21.8,1006.9,1008.0,95,0,16,94,13.6,259,33.5,0.0,150.0,-2.3,-69.0,19.8,-4.2,27.4,274,15.6,203,73,2025-08-30 03:00:00+00:00
33.0,52,21.9,1006.6,1007.7,15,0,2,13,13.5,262,36.0,0.0,150.0,-2.4,-55.0,19.9,-4.0,27.9,276,16.0,193,72,2025-08-30 04:00:00+00:00
34.4,48,21.8,1006.4,1007.5,2,0,0,2,11.5,266,35.3,0.0,340.0,-2.4,-33.0,20.0,-4.0,27.1,278,16.3,197,71,2025-08-30 05:00:00+00:00
35.9,43,21.2,1005.8,1006.9,13,4,7,4,10.6,281,33.8,0.0,700.0,-2.4,-21.0,20.8,-3.7,32.1,288,15.6,203,72,2025-08-30 06:00:00+00:00
36.8,39,20.4,1005.0,1006.1,30,0,28,2,9.3,279,32.0,0.0,660.0,-2.6,-15.0,20.6,-3.5,37.1,286,16.1,207,80,2025-08-30 07:00:00+00:00
36.8,38,20.0,1003.9,1005.0,48,0,47,1,8.5,271,29.9,0.1,880.0,-2.7,-17.0,20.0,-3.5,25.3,277,14.5,204,78,2025-08-30 08:00:00+00:00
36.0,40,20.4,1003.3,1004.4,48,7,43,4,4.5,254,28.8,0.3,910.0,-3.2,-35.0,20.2,-3.3,20.6,274,13.0,214,78,2025-08-30 09:00:00+00:00
35.5,43,21.1,1002.8,1003.9,43,20,35,4,2.2,138,20.9,0.4,950.0,-3.2,-67.0,20.5,-3.5,18.3,267,10.3,216,79,2025-08-30 10:00:00+00:00
31.1,66,24.0,1003.5,1004.6,65,18,58,8,14.5,169,36.0,0.1,1520.0,-3.5,-31.0,20.8,-3.5,22.9,264,8.5,225,72,2025-08-30 11:00:00+00:00
31.1,66,23.9,1003.3,1004.4,49,10,45,2,9.1,155,36.0,0.1,2410.0,-3.6,-24.0,20.6,-3.3,21.9,270,9.7,210,73,2025-08-30 12:00:00+00:00
31.0,69,24.6,1004.2,1005.3,26,1,11,16,5.2,94,13.0,0.0,2060.0,-3.5,-56.0,20.5,-3.5,21.3,260,10.3,216,83,2025-08-30 13:00:00+00:00
30.2,78,25.9,1005.4,1006.5,43,4,42,1,4.0,122,12.2,0.0,2150.0,-3.3,-54.0,20.8,-3.0,25.3,256,7.0,211,81,2025-08-30 14:00:00+00:00
29.7,81,26.1,1006.4,1007.5,46,9,44,3,2.8,35,7.9,0.0,2110.0,-3.9,-39.0,20.0,-3.3,26.8,252,4.9,194,93,2025-08-30 15:00:00+00:00
27.2,91,25.6,1007.9,1009.0,100,77,51,98,4.3,228,9.0,11.8,1860.0,-3.8,-64.0,20.3,-3.5,27.4,255,1.2,180,84,2025-08-30 16:00:00+00:00
26.5,91,24.9,1008.0,1009.1,100,12,39,100,11.2,169,24.8,7.1,1510.0,-3.4,-76.0,20.4,-3.5,29.7,266,4.9,166,81,2025-08-30 17:00:00+00:00
26.5,91,25.0,1007.7,1008.8,100,5,49,100,5.2,284,22.3,2.3,770.0,-2.1,-124.0,20.5,-4.0,45.1,284,1.7,135,84,2025-08-30 18:00:00+00:00
26.5,92,25.0,1007.4,1008.5,95,1,10,94,6.0,295,14.0,0.1,440.0,-2.2,-119.0,19.8,-4.0,46.6,286,1.7,225,87,2025-08-30 19:00:00+00:00
26.1,93,24.9,1006.3,1007.4,100,2,15,100,3.9,326,12.2,0.0,260.0,-2.0,-85.0,19.6,-4.2,47.8,288,5.4,297,81,2025-08-30 20:00:00+00:00
25.9,93,24.6,1005.9,1007.0,100,7,12,100,3.5,348,8.3,0.0,350.0,-2.2,-79.0,19.3,-4.2,42.8,287,5.4,297,80,2025-08-30 21:00:00+00:00
26.0,91,24.4,1005.6,1006.7,100,0,11,100,2.6,282,7.6,0.0,430.0,-2.8,-75.0,19.4,-4.0,43.7,288,5.4,297,83,2025-08-30 22:00:00+00:00
26.1,88,24.0,1005.4,1006.5,100,0,6,100,8.3,257,16.2,0.0,400.0,-2.9,-63.0,19.8,-3.7,46.0,291,4.9,284,80,2025-08-30 23:00:00+00:00
26.0,86,23.6,1005.7,1006.8,96,0,4,96,8.8,255,17.6,0.0,650.0,-2.7,-63.0,19.7,-4.4,48.1,296,13.0,304,76,2025-08-31 00:00:00+00:00
26.3,86,23.8,1006.4,1007.5,100,0,5,100,9.2,253,22.0,0.0,630.0,-2.3,-76.0,19.8,-4.2,47.5,297,11.3,302,74,2025-08-31 01:00:00+00:00
26.7,88,24.6,1006.8,1007.9,100,0,22,100,8.5,241,18.0,0.0,610.0,-2.0,-59.0,19.9,-4.2,47.3,295,11.9,315,73,2025-08-31 02:00:00+00:00
27.8,84,24.8,1007.3,1008.4,100,0,30,100,9.7,246,22.3,0.0,510.0,-2.1,-58.0,20.2,-4.4,47.6,292,11.1,311,73,2025-08-31 03:00:00+00:00
28.8,76,24.2,1007.4,1008.5,99,0,15,99,9.3,246,24.5,0.0,340.0,-2.3,-32.0,20.3,-4.2,47.0,290,8.7,286,71,2025-08-31 04:00:00+00:00
30.4,66,23.5,1007.3,1008.4,100,0,20,100,10.3,248,26.6,0.0,340.0,-2.3,-12.0,20.4,-4.2,47.9,289,9.9,284,71,2025-08-31 05:00:00+00:00
31.9,59,23.0,1006.3,1007.4,93,3,15,91,12.8,259,32.4,0.0,820.0,-2.5,-37.0,19.4,-4.4,35.1,293,17.8,312,71,2025-08-31 06:00:00+00:00
33.3,53,22.6,1005.3,1006.4,75,15,5,69,15.9,286,41.8,0.0,920.0,-2.6,-12.0,19.8,-4.4,31.0,290,19.7,308,72,2025-08-31 07:00:00+00:00
34.0,52,22.6,1003.9,1005.0,86,4,7,85,14.3,285,41.0,0.0,1020.0,-2.7,-2.0,20.3,-4.4,32.0,290,22.1,311,72,2025-08-31 08:00:00+00:00
34.6,49,22.4,1002.4,1003.5,41,1,9,35,13.0,276,39.2,0.0,1030.0,-3.2,-8.0,19.9,-4.2,31.0,290,21.2,313,71,2025-08-31 09:00:00+00:00
33.8,50,21.9,1001.5,1002.6,33,4,13,21,13.2,281,37.1,0.0,1080.0,-3.8,-32.0,20.0,-4.2,33.1,288,20.4,315,73,2025-08-31 10:00:00+00:00
33.3,53,22.4,1001.3,1002.4,17,3,17,0,7.0,288,32.0,0.0,1070.0,-4.5,-68.0,20.3,-4.2,31.1,288,19.5,313,73,2025-08-31 11:00:00+00:00
32.7,57,23.1,1001.7,1002.8,24,1,17,8,4.0,234,19.1,0.0,1610.0,-4.8,-64.0,20.3,-4.9,34.7,293,21.0,329,67,2025-08-31 12:00:00+00:00
29.0,82,25.7,1003.4,1004.5,42,1,36,12,10.0,157,26.3,0.0,2070.0,-4.6,-57.0,20.3,-4.9,31.8,289,19.3,330,67,2025-08-31 13:00:00+00:00
28.8,81,25.3,1004.2,1005.3,100,0,36,100,6.0,213,20.2,0.0,2720.0,-5.2,-45.0,20.3,-5.1,31.9,284,17.7,332,69,2025-08-31 14:00:00+00:00
28.5,82,25.1,1004.8,1005.9,99,4,24,99,5.2,241,12.2,0.1,2880.0,-4.8,-52.0,20.6,-5.1,33.6,279,17.7,332,71,2025-08-31 15:00:00+00:00
27.7,81,24.1,1005.7,1006.8,87,4,18,84,5.8,244,14.4,0.1,2790.0,-5.2,-45.0,20.6,-5.1,34.0,277,16.1,333,73,2025-08-31 16:00:00+00:00
27.1,82,23.7,1006.3,1007.4,82,8,63,52,1.0,31,16.2,4.1,2600.0,-5.1,-44.0,20.0,-4.9,30.6,274,16.3,343,80,2025-08-31 17:00:00+00:00
25.7,91,24.1,1006.1,1007.3,100,77,82,99,11.2,202,21.6,6.8,510.0,-5.1,-41.0,19.7,-5.1,41.1,285,14.8,346,79,2025-08-31 18:00:00+00:00
25.7,93,24.4,1004.8,1005.9,100,2,29,100,15.1,244,33.8,0.4,550.0,-5.0,-41.0,19.6,-5.1,42.3,286,11.3,328,80,2025-08-31 19:00:00+00:00
25.6,90,23.9,1003.6,1004.7,100,0,3,100,9.0,240,30.2,0.3,520.0,-4.5,-52.0,20.0,-5.1,47.0,290,10.2,315,77,2025-08-31 20:00:00+00:00
25.2,90,23.5,1002.9,1004.0,100,0,20,100,12.5,235,24.5,0.8,490.0,-4.1,-60.0,20.2,-5.1,49.8,291,13.0,304,78,2025-08-31 21:00:00+00:00
25.1,91,23.5,1002.8,1003.9,100,0,18,100,11.6,235,24.5,0.2,360.0,-3.9,-67.0,20.3,-5.1,49.9,297,14.0,301,77,2025-08-31 22:00:00+00:00
25.0,92,23.5,1002.9,1004.0,99,1,5,99,11.1,230,23.0,0.0,250.0,-3.6,-70.0,20.2,-4.9,51.6,299,14.0,290,79,2025-08-31 23:00:00+00:00
25.2,91,23.5,1003.6,1004.7,100,0,25,100,9.9,243,22.3,0.0,510.0,-2.7,-88.0,20.0,-5.6,48.8,303,20.6,306,86,2025-09-01 00:00:00+00:00
26.5,83,23.4,1003.7,1004.8,100,0,39,100,12.5,265,28.1,0.3,300.0,-2.7,-98.0,20.0,-5.4,48.8,303,21.5,297,86,2025-09-01 01:00:00+00:00
27.2,82,23.8,1004.3,1005.4,100,2,38,100,7.6,262,25.9,0.0,300.0,-2.9,-77.0,19.9,-5.4,49.4,303,24.1,297,88,2025-09-01 02:00:00+00:00
28.1,79,24.2,1004.8,1005.9,100,3,49,100,8.7,249,20.5,0.0,320.0,-2.9,-65.0,19.9,-5.6,47.7,306,24.1,297,87,2025-09-01 03:00:00+00:00
29.3,72,23.8,1004.9,1006.0,100,1,42,100,8.4,247,22.0,0.0,360.0,-3.0,-36.0,19.9,-5.8,48.5,304,26.8,297,88,2025-09-01 04:00:00+00:00
29.0,72,23.5,1005.7,1006.8,100,25,99,100,8.9,251,33.1,1.1,330.0,-2.9,-19.0,19.9,-6.3,48.8,307,27.9,295,87,2025-09-01 05:00:00+00:00
28.2,77,23.9,1005.0,1006.1,100,1,79,100,8.1,275,32.4,0.4,610.0,-3.6,-18.0,20.2,-5.4,50.4,307,32.0,304,88,2025-09-01 06:00:00+00:00
28.6,76,24.1,1004.1,1005.2,100,1,38,100,7.8,275,21.2,0.3,740.0,-3.4,-10.0,19.1,-5.6,47.6,304,31.3,302,86,2025-09-01 07:00:00+00:00
29.4,72,23.8,1002.2,1003.3,100,0,18,100,9.1,263,24.8,0.2,870.0,-3.3,-3.0,19.2,-5.8,43.6,297,30.0,307,82,2025-09-01 08:00:00+00:00
30.3,69,24.0,1000.9,1002.0,100,0,1,100,9.1,252,24.5,0.2,880.0,-3.8,-11.0,19.9,-5.8,47.5,299,30.6,312,79,2025-09-01 09:00:00+00:00
31.0,66,23.8,1000.1,1001.2,100,6,10,100,6.0,241,23.8,0.0,1070.0,-3.8,-7.0,20.0,-5.8,49.5,297,28.9,312,78,2025-09-01 10:00:00+00:00
31.4,65,24.0,1000.0,1001.1,100,4,17,100,5.5,207,17.6,0.0,1150.0,-4.1,-10.0,20.0,-5.6,43.9,294,27.2,311,77,2025-09-01 11:00:00+00:00
30.8,69,24.4,1000.3,1001.4,100,1,17,100,6.3,219,16.2,0.0,970.0,-3.8,-18.0,20.0,-5.1,40.6,293,28.8,315,79,2025-09-01 12:00:00+00:00
29.3,71,23.6,1001.9,1003.0,100,0,30,100,8.4,285,25.6,0.0,870.0,-3.4,-25.0,20.2,-4.4,38.3,288,25.5,319,83,2025-09-01 13:00:00+00:00
28.7,74,23.7,1002.5,1003.6,100,0,35,100,7.2,284,16.2,0.0,950.0,-3.2,-34.0,20.3,-4.2,38.7,285,23.8,319,90,2025-09-01 14:00:00+00:00
28.4,74,23.4,1003.6,1004.7,100,0,36,100,8.8,250,18.4,0.0,1070.0,-3.0,-40.0,20.4,-4.4,42.2,281,22.9,317,88,2025-09-01 15:00:00+00:00
27.9,76,23.3,1004.3,1005.4,100,0,59,100,6.4,299,25.6,0.0,1340.0,-3.0,-35.0,20.3,-4.4,41.8,284,21.2,317,86,2025-09-01 16:00:00+00:00
27.6,79,23.6,1004.4,1005.5,100,1,33,100,4.2,239,12.6,0.0,1090.0,-2.7,-40.0,19.7,-4.4,42.9,285,19.5,313,88,2025-09-01 17:00:00+00:00
27.3,85,24.5,1003.9,1005.0,100,5,52,100,2.2,275,9.0,0.0,1160.0,-2.8,-49.0,19.7,-5.1,42.9,289,17.8,318,89,2025-09-01 18:00:00+00:00
27.3,82,23.9,1003.1,1004.2,100,6,21,100,4.5,220,7.9,0.0,600.0,-2.7,-76.0,19.8,-4.9,43.6,296,19.3,300,91,2025-09-01 19:00:00+00:00
27.3,82,24.1,1002.4,1003.5,99,1,8,99,7.9,207,15.8,0.0,380.0,-1.9,-74.0,19.9,-4.9,44.9,300,19.9,295,93,2025-09-01 20:00:00+00:00
27.0,83,23.9,1002.0,1003.1,100,3,6,100,8.5,226,16.9,0.0,220.0,-1.8,-88.0,19.9,-4.7,46.2,301,21.0,294,92,2025-09-01 21:00:00+00:00
27.1,77,22.8,1001.7,1002.8,100,1,1,100,11.9,255,24.1,0.0,70.0,-1.7,-113.0,20.0,-4.4,47.4,303,20.4,298,91,2025-09-01 22:00:00+00:00
26.9,73,21.7,1001.7,1002.8,100,0,1,100,12.7,264,26.6,0.0,10.0,-1.9,-135.0,20.0,-4.4,48.9,304,19.9,295,90,2025-09-01 23:00:00+00:00
26.5,72,21.1,1002.3,1003.4,100,0,6,100,11.6,262,26.6,0.0,10.0,-1.1,-155.0,20.0,-4.4,48.2,305,17.3,304,89,2025-09-02 00:00:00+00:00
27.7,64,20.2,1002.8,1003.9,100,0,22,100,13.1,257,28.1,0.0,0.0,-0.8,-153.0,20.0,-4.4,49.1,307,17.7,298,90,2025-09-02 01:00:00+00:00
28.3,61,20.0,1003.9,1005.0,100,0,84,100,13.7,266,30.2,0.0,0.0,-1.0,-110.0,20.0,-4.4,51.2,309,17.2,295,91,2025-09-02 02:00:00+00:00
28.9,60,20.4,1004.7,1005.8,100,0,49,100,10.6,261,31.3,0.0,10.0,-1.0,-145.0,20.0,-4.2,51.8,310,16.7,291,89,2025-09-02 03:00:00+00:00
30.3,56,20.7,1004.4,1005.5,100,0,58,100,12.6,269,31.0,0.0,30.0,-1.5,-112.0,20.0,-4.2,51.0,311,17.2,295,89,2025-09-02 04:00:00+00:00
31.7,53,21.1,1004.1,1005.2,100,0,12,100,13.3,286,34.2,0.0,120.0,-1.6,-58.0,20.4,-4.2,51.0,312,17.7,298,88,2025-09-02 05:00:00+00:00
33.5,48,21.1,1003.6,1004.7,100,18,5,100,17.0,291,46.8,0.0,440.0,-2.2,-28.0,20.5,-4.4,44.5,312,18.8,297,86,2025-09-02 06:00:00+00:00
34.6,44,20.6,1002.3,1003.4,100,4,7,100,15.1,288,45.7,0.0,540.0,-2.7,-1.0,19.6,-4.2,42.1,301,21.6,304,86,2025-09-02 07:00:00+00:00
36.0,40,20.3,1000.9,1002.0,100,22,18,100,13.7,297,42.8,0.0,440.0,-3.1,-1.0,19.1,-4.2,37.5,299,21.4,308,83,2025-09-02 08:00:00+00:00
35.7,40,20.2,1000.0,1001.1,100,17,66,100,15.4,297,38.5,0.0,600.0,-2.9,-2.0,19.4,-4.2,31.0,294,21.4,308,82,2025-09-02 09:00:00+00:00
32.6,53,21.7,999.8,1000.9,100,1,31,100,6.9,237,44.3,0.5,640.0,-2.7,-7.0,19.9,-4.0,24.7,286,20.4,310,84,2025-09-02 10:00:00+00:00
33.2,52,21.9,999.7,1000.8,100,0,16,100,2.9,292,20.2,0.0,570.0,-3.1,-12.0,20.3,-3.7,27.0,286,17.1,309,84,2025-09-02 11:00:00+00:00
32.2,54,21.7,1000.7,1001.8,100,6,75,100,4.2,310,13.0,0.0,900.0,-3.0,-20.0,20.2,-4.2,35.0,291,16.7,300,86,2025-09-02 12:00:00+00:00
30.4,63,22.5,1001.8,1002.9,100,0,33,100,6.4,315,24.1,0.4,890.0,-2.7,-37.0,20.3,-4.0,39.9,287,14.0,301,80,2025-09-02 13:00:00+00:00
30.2,64,22.6,1002.4,1003.5,100,3,42,100,2.6,304,13.3,0.0,890.0,-2.6,-51.0,20.2,-4.0,41.1,283,11.8,294,80,2025-09-02 14:00:00+00:00
30.2,64,22.7,1003.3,1004.4,100,3,9,100,7.0,241,16.9,0.0,900.0,-2.5,-52.0,19.9,-4.0,37.3,278,12.2,281,87,2025-09-02 15:00:00+00:00
27.5,79,23.4,1004.6,1005.7,100,16,33,100,13.5,245,29.2,3.6,930.0,-2.8,-63.0,20.0,-4.0,40.2,275,13.7,285,87,2025-09-02 16:00:00+00:00
25.7,88,23.5,1004.8,1005.9,100,3,87,100,13.0,260,30.2,5.9,790.0,-2.5,-54.0,20.2,-4.0,45.7,274,14.8,284,92,2025-09-02 17:00:00+00:00
26.4,84,23.5,1004.3,1005.4,100,0,37,100,9.8,256,24.5,0.0,440.0,-2.1,-58.0,20.2,-4.2,51.8,280,18.3,293,96,2025-09-02 18:00:00+00:00
26.2,86,23.7,1003.7,1004.8,100,4,32,100,7.5,237,19.1,0.0,230.0,-2.0,-61.0,20.0,-4.2,52.6,282,19.0,288,93,2025-09-02 19:00:00+00:00
26.2,86,23.7,1002.7,1003.8,100,3,28,100,8.1,249,15.8,0.0,220.0,-1.5,-64.0,19.8,-4.4,52.2,284,19.0,288,92,2025-09-02 20:00:00+00:00
26.5,80,22.8,1002.2,1003.3,100,5,28,100,11.8,253,24.1,0.0,230.0,-1.5,-105.0,19.9,-4.7,49.9,286,18.6,285,90,2025-09-02 21:00:00+00:00
26.6,76,22.0,1001.9,1003.0,100,6,38,99,12.7,257,26.6,0.0,220.0,-1.6,-87.0,19.7,-4.7,50.0,287,18.4,281,96,2025-09-02 22:00:00+00:00
26.6,75,21.8,1001.9,1003.0,100,7,17,100,12.1,252,27.0,0.0,140.0,-1.2,-76.0,19.8,-4.7,48.8,292,17.0,278,96,2025-09-02 23:00:00+00:00
26.4,76,21.8,1002.2,1003.3,99,1,11,99,11.3,252,25.2,0.0,120.0,-1.4,-81.0,19.8,-4.2,52.6,302,22.1,283,94,2025-09-03 00:00:00+00:00
27.0,75,22.2,1003.0,1004.1,100,1,100,100,12.8,254,30.6,0.0,40.0,-1.2,-78.0,20.0,-4.2,52.1,303,20.5,277,89,2025-09-03 01:00:00+00:00
27.8,72,22.3,1003.7,1004.8,100,0,71,100,11.3,271,27.4,0.0,30.0,-0.9,-66.0,20.0,-4.0,51.8,307,18.0,274,89,2025-09-03 02:00:00+00:00
28.9,69,22.6,1004.1,1005.2,100,0,24,100,10.2,279,24.8,0.0,40.0,-0.1,-84.0,19.9,-3.7,51.6,308,16.8,266,88,2025-09-03 03:00:00+00:00
30.7,62,22.5,1004.2,1005.3,100,0,4,100,11.0,275,28.8,0.0,80.0,-0.5,-108.0,19.8,-3.5,51.2,309,16.8,266,89,2025-09-03 04:00:00+00:00
31.9,58,22.6,1004.2,1005.3,100,1,4,100,10.7,286,29.2,0.0,150.0,-0.5,-62.0,20.0,-3.5,49.2,306,18.0,266,90,2025-09-03 05:00:00+00:00
33.2,54,22.6,1003.6,1004.7,100,13,9,100,14.0,286,42.1,0.0,560.0,-0.9,-15.0,19.2,-3.5,37.5,307,22.9,276,89,2025-09-03 06:00:00+00:00
34.2,49,22.1,1002.6,1003.7,100,7,12,100,13.5,293,42.1,0.0,750.0,-1.3,-36.0,19.8,-3.3,38.5,301,21.9,279,87,2025-09-03 07:00:00+00:00
35.0,46,21.7,1001.4,1002.5,100,14,8,100,12.4,309,38.5,0.0,1130.0,-1.4,-11.0,19.8,-3.5,40.2,305,20.5,277,84,2025-09-03 08:00:00+00:00
35.8,44,21.7,1000.1,1001.2,100,6,19,100,8.9,322,35.3,0.0,1180.0,-1.2,-8.0,19.9,-3.5,35.1,300,19.2,270,83,2025-09-03 09:00:00+00:00
27.6,81,24.0,1001.2,1002.3,100,39,90,100,14.4,267,46.1,10.3,1050.0,-1.3,-12.0,20.2,-3.3,33.2,291,18.4,259,81,2025-09-03 10:00:00+00:00
28.0,83,24.9,1000.8,1001.9,100,7,73,100,8.9,220,31.7,0.9,930.0,-1.6,-17.0,20.3,-3.5,30.1,280,18.0,266,77,2025-09-03 11:00:00+00:00
28.5,78,24.3,1001.3,1002.4,100,1,13,100,10.8,218,23.8,0.0,1430.0,-2.1,-71.0,19.8,-3.5,25.6,265,18.0,270,80,2025-09-03 12:00:00+00:00
29.1,74,23.9,1002.1,1003.2,100,1,14,100,8.1,181,20.5,0.0,1560.0,-2.3,-88.0,19.7,-3.5,29.2,247,18.2,278,84,2025-09-03 13:00:00+00:00
28.5,79,24.6,1003.1,1004.2,100,5,32,100,11.5,188,24.1,0.0,1580.0,-2.2,-81.0,19.8,-3.7,30.1,252,17.2,282,83,2025-09-03 14:00:00+00:00
28.5,77,24.2,1004.0,1005.1,100,0,28,100,10.1,196,24.1,0.0,1470.0,-2.8,-56.0,20.0,-4.0,31.3,262,15.6,274,91,2025-09-03 15:00:00+00:00
28.3,78,24.2,1005.0,1006.1,99,3,78,94,8.9,199,21.2,0.0,1320.0,-2.9,-59.0,19.4,-3.7,33.1,263,13.3,265,88,2025-09-03 16:00:00+00:00
28.1,77,23.7,1005.5,1006.6,100,3,89,100,11.4,199,21.6,0.0,1130.0,-3.4,-62.0,19.6,-3.7,33.9,265,8.7,254,86,2025-09-03 17:00:00+00:00
26.0,82,22.7,1005.7,1006.8,100,12,100,70,21.3,225,42.1,1.7,820.0,-3.4,-59.0,19.6,-4.4,34.7,267,13.7,255,87,2025-09-03 18:00:00+00:00
24.5,92,23.1,1005.3,1006.5,100,4,100,91,20.1,203,43.9,1.5,790.0,-3.2,-69.0,19.6,-4.4,36.0,273,15.0,241,78,2025-09-03 19:00:00+00:00
24.8,90,23.1,1004.4,1005.6,94,0,45,91,17.9,216,41.8,0.7,740.0,-2.6,-60.0,19.6,-4.4,39.0,276,18.3,238,71,2025-09-03 20:00:00+00:00
24.8,89,22.8,1003.4,1004.6,97,0,36,95,14.0,218,35.6,0.0,650.0,-2.2,-79.0,19.2,-4.4,43.8,279,20.0,237,74,2025-09-03 21:00:00+00:00
24.7,89,22.9,1003.2,1004.4,69,1,3,68,12.4,229,27.7,0.0,530.0,-1.0,-135.0,19.2,-4.4,44.0,280,20.6,234,71,2025-09-03 22:00:00+00:00
24.9,88,22.7,1003.6,1004.8,94,0,37,91,12.4,237,25.2,0.0,470.0,-0.8,-115.0,19.3,-4.2,42.6,283,21.4,232,72,2025-09-03 23:00:00+00:00
25.2,86,22.6,1003.8,1004.9,60,2,4,58,12.0,242,25.2,0.0,330.0,-0.6,-60.0,19.6,-4.2,35.8,285,22.1,229,74,2025-09-04 00:00:00+00:00
27.5,74,22.4,1004.5,1005.6,100,0,2,100,13.4,250,29.9,0.0,250.0,-0.1,-35.0,19.7,-4.2,35.7,284,20.4,225,74,2025-09-04 01:00:00+00:00
28.6,69,22.3,1005.0,1006.1,100,0,3,100,12.9,255,30.6,0.0,160.0,-0.4,-25.0,19.8,-4.0,34.4,285,20.6,216,73,2025-09-04 02:00:00+00:00
30.1,62,22.0,1005.7,1006.8,98,0,19,98,15.0,260,35.3,0.0,120.0,-0.2,0.0,20.0,-3.7,35.7,287,20.0,213,73,2025-09-04 03:00:00+00:00
31.4,56,21.5,1005.6,1006.7,100,0,2,100,15.3,271,38.9,0.0,90.0,0.1,-28.0,19.9,-3.7,38.5,289,19.3,210,71,2025-09-04 04:00:00+00:00
32.7,53,21.8,1005.3,1006.4,99,0,11,99,14.1,280,37.8,0.0,160.0,-0.2,-30.0,20.0,-3.5,41.2,290,18.3,212,67,2025-09-04 05:00:00+00:00
34.4,46,21.0,1004.5,1005.6,97,4,13,97,13.5,286,36.7,0.0,460.0,-0.4,-21.0,20.2,-3.5,37.0,292,18.7,220,63,2025-09-04 06:00:00+00:00
35.2,42,20.4,1003.3,1004.4,100,1,9,100,13.0,294,38.5,0.0,400.0,-0.6,-44.0,20.2,-3.3,44.3,294,18.0,217,67,2025-09-04 07:00:00+00:00
35.9,39,19.9,1002.2,1003.3,100,2,12,100,11.8,294,37.8,0.0,210.0,-0.7,-36.0,20.2,-3.0,36.2,289,17.3,214,72,2025-09-04 08:00:00+00:00
35.6,39,19.6,1001.4,1002.5,100,4,22,100,6.8,318,32.0,0.2,250.0,-1.0,-49.0,19.9,-3.0,27.7,284,17.7,208,72,2025-09-04 09:00:00+00:00
35.0,40,19.3,1001.0,1002.1,77,3,29,67,1.6,63,22.7,0.4,300.0,-1.4,-57.0,20.4,-2.8,24.5,285,18.3,203,63,2025-09-04 10:00:00+00:00
34.2,45,20.5,1000.9,1002.0,100,12,16,100,3.6,90,15.1,0.2,330.0,-1.8,-76.0,20.6,-3.0,22.7,280,16.1,207,74,2025-09-04 11:00:00+00:00
33.0,54,22.5,1001.3,1002.4,100,7,20,99,7.9,125,19.8,0.0,490.0,-1.8,-76.0,20.6,-3.0,21.4,272,18.3,212,62,2025-09-04 12:00:00+00:00
33.4,45,19.8,1001.9,1003.0,96,0,10,95,5.5,167,11.2,0.0,3130.0,-2.1,-76.0,21.1,-3.3,25.1,272,17.7,208,81,2025-09-04 13:00:00+00:00
31.3,62,23.3,1003.1,1004.2,99,0,16,99,12.4,179,26.3,0.0,2750.0,-2.6,-46.0,21.1,-3.5,25.4,255,15.4,219,72,2025-09-04 14:00:00+00:00
30.6,67,23.7,1004.0,1005.1,100,0,22,100,11.3,181,26.3,0.0,2390.0,-2.8,-36.0,20.9,-4.0,31.6,237,15.6,212,83,2025-09-04 15:00:00+00:00
30.1,71,24.2,1005.2,1006.3,95,0,40,92,11.5,179,24.8,0.0,2380.0,-3.2,-37.0,20.9,-3.7,31.8,245,16.3,216,82,2025-09-04 16:00:00+00:00
29.9,73,24.5,1005.7,1006.8,88,2,28,83,9.7,180,23.8,0.0,2830.0,-3.5,-49.0,20.4,-3.5,33.3,261,16.1,222,91,2025-09-04 17:00:00+00:00
29.4,76,24.8,1005.9,1007.0,73,0,48,47,10.4,200,21.6,0.0,3070.0,-3.5,-57.0,20.4,-3.7,36.1,274,15.6,247,87,2025-09-04 18:00:00+00:00
28.9,78,24.6,1005.5,1006.6,39,4,35,3,8.8,226,21.6,0.0,3020.0,-3.0,-49.0,20.4,-4.0,35.4,278,13.4,260,77,2025-09-04 19:00:00+00:00
28.2,79,24.2,1004.9,1006.0,70,0,38,52,11.0,245,23.0,0.0,2830.0,-2.4,-47.0,20.2,-4.2,37.1,281,14.4,270,70,2025-09-04 20:00:00+00:00
27.7,78,23.6,1004.6,1005.7,81,2,35,71,14.5,225,31.0,0.0,2350.0,-1.5,-90.0,19.7,-4.4,38.6,282,14.4,270,71,2025-09-04 21:00:00+00:00
27.4,77,23.0,1004.7,1005.8,87,5,40,79,13.7,230,31.0,0.0,1620.0,-1.0,-131.0,19.4,-4.7,35.1,280,13.2,270,61,2025-09-04 22:00:00+00:00
27.2,76,22.6,1005.0,1006.1,64,2,55,19,9.8,242,29.2,0.0,710.0,-1.3,-82.0,19.6,-4.4,29.5,279,14.4,275,61,2025-09-04 23:00:00+00:00
27.0,79,23.0,1005.5,1006.6,49,0,27,30,9.2,239,20.2,0.0,1130.0,-1.7,-107.0,19.7,-4.4,24.7,293,16.8,266,64,2025-09-05 00:00:00+00:00
27.5,79,23.5,1006.2,1007.3,84,0,77,30,8.9,242,20.5,0.0,420.0,-1.5,-96.0,19.8,-4.4,21.7,292,14.4,265,62,2025-09-05 01:00:00+00:00
28.8,72,23.2,1007.2,1008.3,80,0,77,15,9.1,263,21.6,0.0,160.0,-1.2,-87.0,19.7,-4.2,19.7,289,12.1,264,60,2025-09-05 02:00:00+00:00
30.7,58,21.6,1007.2,1008.3,22,0,1,22,11.9,280,29.5,0.0,140.0,-0.7,-96.0,19.7,-4.0,18.6,281,11.1,257,59,2025-09-05 03:00:00+00:00
32.4,51,21.0,1007.1,1008.2,31,0,3,28,12.3,293,33.5,0.0,170.0,-0.8,-59.0,19.7,-3.7,18.7,273,11.1,257,58,2025-09-05 04:00:00+00:00
33.9,46,20.8,1006.8,1007.9,16,0,5,12,11.8,299,33.8,0.0,230.0,-0.9,-24.0,19.9,-3.3,19.6,267,9.7,263,58,2025-09-05 05:00:00+00:00
35.2,43,20.6,1006.0,1007.1,100,0,1,100,10.1,299,33.1,0.0,600.0,-1.3,-5.0,20.0,-3.7,22.8,270,11.4,288,57,2025-09-05 06:00:00+00:00
36.5,37,19.7,1004.6,1005.7,92,0,7,92,8.3,303,32.8,0.0,590.0,-1.6,-4.0,20.4,-3.5,24.6,270,11.8,294,51,2025-09-05 07:00:00+00:00
36.8,36,19.1,1003.3,1004.4,87,6,29,81,1.1,90,28.4,0.0,510.0,-1.4,-8.0,20.4,-3.5,25.5,272,12.4,299,50,2025-09-05 08:00:00+00:00
36.0,39,19.8,1002.4,1003.5,29,8,21,9,6.3,90,24.1,0.0,510.0,-1.6,-24.0,20.8,-3.5,25.5,272,12.8,311,60,2025-09-05 09:00:00+00:00
34.6,47,21.6,1002.0,1003.1,29,6,26,1,10.5,110,32.0,0.2,320.0,-1.7,-79.0,21.0,-3.5,17.4,265,13.6,315,72,2025-09-05 10:00:00+00:00
32.5,62,24.4,1001.8,1002.9,33,5,30,0,14.8,123,38.5,0.2,830.0,-2.5,-94.0,20.8,-3.3,21.0,268,13.7,322,70,2025-09-05 11:00:00+00:00
31.1,68,24.6,1002.4,1003.5,15,2,14,0,16.4,138,38.9,0.2,2000.0,-2.7,-77.0,20.9,-3.5,21.4,271,12.5,343,93,2025-09-05 12:00:00+00:00
30.7,65,23.5,1003.8,1004.9,11,0,11,0,12.1,142,27.7,0.0,2620.0,-3.4,-76.0,20.6,-3.5,21.9,268,13.4,350,64,2025-09-05 13:00:00+00:00
30.4,67,23.7,1004.7,1005.8,4,0,4,0,11.5,151,27.4,0.0,2240.0,-3.8,-62.0,20.8,-3.5,22.8,273,13.7,345,64,2025-09-05 14:00:00+00:00
30.0,72,24.4,1005.6,1006.7,16,4,16,0,11.5,149,26.3,0.0,2300.0,-3.8,-62.0,21.4,-3.3,24.9,284,13.3,5,64,2025-09-05 15:00:00+00:00
29.6,79,25.5,1006.4,1007.5,11,1,11,0,10.3,155,24.8,0.0,2210.0,-3.5,-59.0,21.5,-2.8,22.2,285,10.7,27,71,2025-09-05 16:00:00+00:00
29.4,79,25.4,1006.9,1008.0,34,7,33,0,11.6,185,23.8,0.0,2540.0,-3.2,-61.0,21.4,-2.6,19.9,279,9.4,50,77,2025-09-05 17:00:00+00:00
28.3,78,24.2,1006.9,1008.0,58,7,54,6,15.6,219,35.6,0.1,2910.0,-2.6,-58.0,20.8,-2.3,17.8,257,9.4,50,84,2025-09-05 18:00:00+00:00
27.6,80,23.9,1006.4,1007.5,54,7,31,34,11.4,205,34.6,0.0,2850.0,-2.3,-52.0,20.3,-2.1,23.2,242,8.7,56,88,2025-09-05 19:00:00+00:00
27.3,83,24.3,1005.7,1006.8,90,0,16,88,9.1,210,24.8,0.0,2370.0,-1.9,-47.0,19.6,-2.1,27.0,233,3.8,72,87,2025-09-05 20:00:00+00:00
27.2,84,24.2,1005.4,1006.5,91,0,1,91,9.7,207,21.2,0.0,2480.0,-1.8,-50.0,19.8,-2.3,29.6,250,2.4,360,92,2025-09-05 21:00:00+00:00
26.8,83,23.8,1005.3,1006.4,5,1,3,2,9.9,195,22.3,0.0,2450.0,-1.1,-59.0,19.9,-2.6,24.3,265,6.0,360,81,2025-09-05 22:00:00+00:00
26.6,84,23.6,1005.9,1007.0,18,4,8,11,9.8,208,22.7,0.0,2260.0,-0.6,-56.0,20.2,-2.6,18.8,293,8.0,27,71,2025-09-05 23:00:00+00:00
26.4,86,23.8,1006.7,1007.8,12,4,2,6,7.8,220,20.5,0.0,1980.0,-0.7,-61.0,19.9,-2.8,17.9,322,7.7,51,58,2025-09-06 00:00:00+00:00
27.4,87,25.1,1007.1,1008.2,45,0,41,6,9.3,199,20.2,0.0,1700.0,-0.8,-67.0,19.9,-2.6,19.2,332,8.0,63,54,2025-09-06 01:00:00+00:00
28.5,83,25.3,1007.8,1008.9,22,0,8,16,8.7,210,22.3,0.0,1460.0,-0.9,-40.0,19.4,-2.6,16.8,338,7.6,72,62,2025-09-06 02:00:00+00:00
30.3,72,24.7,1008.3,1009.4,68,0,6,66,7.4,227,22.3,0.0,1690.0,-0.9,-25.0,19.3,-2.6,13.1,340,8.5,82,70,2025-09-06 03:00:00+00:00
32.2,61,23.6,1008.4,1009.5,9,0,4,6,6.0,261,22.7,0.0,1760.0,-0.7,-14.0,19.3,-2.6,11.3,328,7.3,81,66,2025-09-06 04:00:00+00:00
33.5,52,22.5,1008.0,1009.1,13,2,10,2,6.4,320,24.8,0.0,1140.0,-1.1,-6.0,19.6,-2.6,10.8,306,7.2,90,58,2025-09-06 05:00:00+00:00
34.2,50,22.2,1007.6,1008.7,18,13,9,0,2.8,35,24.8,0.0,950.0,-1.0,-6.0,20.2,-2.3,17.3,288,5.4,63,47,2025-09-06 06:00:00+00:00
34.4,49,22.2,1006.5,1007.6,15,9,8,0,3.5,105,22.7,0.0,730.0,-1.0,-10.0,19.6,-2.6,17.8,283,5.4,63,41,2025-09-06 07:00:00+00:00
34.4,50,22.6,1005.3,1006.4,11,5,6,0,7.8,119,30.2,0.0,480.0,-0.9,-19.0,19.9,-2.8,15.5,284,5.4,63,52,2025-09-06 08:00:00+00:00
33.0,55,22.6,1004.2,1005.3,98,18,98,1,10.3,126,37.8,0.5,310.0,-0.9,-46.0,20.6,-2.6,16.1,278,4.3,56,53,2025-09-06 09:00:00+00:00
32.6,59,23.6,1003.1,1004.2,15,0,14,1,11.5,135,32.8,0.0,660.0,-1.1,-64.0,21.0,-2.6,16.0,275,5.1,45,68,2025-09-06 10:00:00+00:00
31.9,61,23.6,1002.8,1003.9,16,4,15,1,11.0,142,32.0,0.0,2450.0,-1.6,-67.0,21.2,-2.6,21.5,274,4.3,34,78,2025-09-06 11:00:00+00:00
31.1,68,24.6,1003.0,1004.1,6,0,5,1,11.9,150,29.9,0.0,3310.0,-1.5,-77.0,21.4,-3.0,24.2,282,3.8,72,66,2025-09-06 12:00:00+00:00
30.8,68,24.1,1004.1,1005.2,24,0,23,2,8.5,132,28.1,0.0,1750.0,-2.0,-95.0,21.1,-3.0,21.5,276,2.4,90,62,2025-09-06 13:00:00+00:00
30.5,71,24.6,1005.3,1006.4,46,0,7,42,8.5,144,20.5,0.0,2490.0,-2.6,-92.0,21.1,-3.0,21.5,274,1.2,180,68,2025-09-06 14:00:00+00:00
30.1,75,25.2,1006.0,1007.1,94,0,4,93,8.9,155,20.9,0.0,2440.0,-3.2,-65.0,21.4,-3.3,21.8,281,3.6,180,74,2025-09-06 15:00:00+00:00
29.9,77,25.3,1006.9,1008.0,98,1,7,97,7.7,183,20.2,0.0,2300.0,-3.9,-47.0,21.4,-3.3,20.3,286,7.6,162,72,2025-09-06 16:00:00+00:00
29.7,76,25.0,1007.4,1008.5,100,1,8,100,8.8,195,18.4,0.0,2410.0,-4.1,-38.0,21.5,-3.3,19.9,286,8.7,146,72,2025-09-06 17:00:00+00:00
29.2,78,25.1,1007.2,1008.3,100,0,24,100,10.2,201,22.0,0.0,2640.0,-4.2,-34.0,21.0,-3.5,14.6,268,9.7,120,89,2025-09-06 18:00:00+00:00
28.8,78,24.5,1006.6,1007.7,21,1,21,0,10.7,215,21.6,0.0,3000.0,-3.9,-41.0,19.9,-3.7,22.3,239,6.8,135,84,2025-09-06 19:00:00+00:00
28.7,75,23.9,1005.8,1006.9,20,2,15,6,11.4,208,24.1,0.0,1840.0,-3.5,-46.0,19.7,-3.5,24.7,247,4.3,146,81,2025-09-06 20:00:00+00:00
28.5,72,22.9,1005.2,1006.3,10,2,9,0,11.5,212,24.1,0.0,1840.0,-3.4,-55.0,20.0,-4.0,20.9,259,4.9,194,80,2025-09-06 21:00:00+00:00
28.2,70,22.2,1005.0,1006.1,48,2,48,0,11.1,231,23.8,0.0,1870.0,-3.3,-49.0,20.3,-3.7,16.9,273,3.8,198,80,2025-09-06 22:00:00+00:00
28.1,68,21.6,1005.2,1006.3,57,5,56,1,10.3,241,22.7,0.0,1740.0,-3.2,-45.0,20.3,-3.5,16.7,287,4.3,214,71,2025-09-06 23:00:00+00:00
28.0,67,21.3,1005.7,1006.8,69,5,63,18,10.5,235,22.0,0.0,1360.0,-2.8,-51.0,19.6,-4.0,20.7,311,4.9,256,74,2025-09-07 00:00:00+00:00
27.4,76,22.8,1006.8,1007.9,100,8,53,99,12.7,232,30.6,0.3,1100.0,-2.7,-47.0,19.6,-4.0,21.7,321,6.0,270,79,2025-09-07 01:00:00+00:00
28.1,73,22.9,1007.5,1008.6,41,10,18,24,7.2,238,26.3,0.1,950.0,-3.1,-19.0,19.6,-3.7,21.5,328,6.0,270,78,2025-09-07 02:00:00+00:00
30.2,65,23.0,1007.9,1009.0,46,6,24,25,6.7,243,20.9,0.0,1010.0,-2.3,-10.0,19.4,-3.7,19.6,332,4.9,284,77,2025-09-07 03:00:00+00:00
31.6,59,22.8,1008.1,1009.2,91,15,23,87,6.5,256,25.9,0.0,1310.0,-2.1,-4.0,19.2,-3.5,17.5,332,5.4,297,77,2025-09-07 04:00:00+00:00
33.1,54,22.7,1007.5,1008.6,100,5,11,100,6.0,295,26.3,0.0,1020.0,-1.8,-2.0,19.1,-3.5,15.6,322,7.0,301,78,2025-09-07 05:00:00+00:00
34.4,50,22.4,1006.5,1007.6,98,14,13,97,6.5,318,27.0,0.0,1270.0,-1.7,-2.0,19.2,-3.5,17.0,324,9.1,337,74,2025-09-07 06:00:00+00:00
35.4,45,21.8,1005.4,1006.5,97,76,11,85,4.0,10,26.3,0.0,1710.0,-1.8,-6.0,19.1,-3.5,16.5,312,9.7,330,74,2025-09-07 07:00:00+00:00
34.9,47,21.7,1004.3,1005.4,81,78,28,4,7.0,94,26.6,0.0,1870.0,-2.2,-15.0,19.2,-3.5,15.7,292,9.7,330,77,2025-09-07 08:00:00+00:00
32.7,57,23.0,1003.5,1004.6,69,17,26,50,10.8,127,36.7,1.2,2030.0,-2.1,-14.0,19.4,-3.5,16.4,289,12.4,331,74,2025-09-07 09:00:00+00:00
32.7,58,23.3,1002.8,1003.9,43,4,13,34,10.4,118,32.8,0.1,2330.0,-2.0,-27.0,19.8,-3.7,19.8,293,13.0,326,71,2025-09-07 10:00:00+00:00
31.8,62,23.6,1002.5,1003.6,83,2,25,77,10.5,131,29.5,0.0,2260.0,-2.3,-32.0,19.9,-3.5,21.3,286,14.6,325,69,2025-09-07 11:00:00+00:00
31.1,64,23.5,1003.1,1004.2,86,0,9,85,10.5,147,28.1,0.0,2420.0,-2.7,-29.0,20.6,-3.3,22.8,286,10.7,333,71,2025-09-07 12:00:00+00:00
30.6,64,23.0,1004.1,1005.2,92,0,4,91,10.6,133,31.3,0.0,1570.0,-3.5,-59.0,20.6,-3.7,22.5,288,11.8,336,74,2025-09-07 13:00:00+00:00
30.1,73,24.6,1004.9,1006.0,97,0,13,96,10.1,129,23.0,0.0,1590.0,-3.7,-67.0,20.5,-3.7,20.8,296,9.1,337,76,2025-09-07 14:00:00+00:00
29.8,78,25.5,1005.6,1006.7,98,0,16,98,7.6,117,20.9,0.0,1970.0,-3.9,-54.0,20.9,-3.7,21.7,303,10.3,339,66,2025-09-07 15:00:00+00:00
29.6,79,25.5,1006.4,1007.5,100,0,10,100,6.0,163,15.1,0.0,2540.0,-4.1,-43.0,20.9,-3.7,22.8,307,10.8,360,58,2025-09-07 16:00:00+00:00
29.4,78,25.2,1006.7,1007.8,71,0,62,24,4.7,182,13.3,0.0,2860.0,-3.9,-50.0,21.0,-3.7,22.9,305,12.1,354,68,2025-09-07 17:00:00+00:00
29.2,77,24.8,1006.8,1007.9,53,3,53,0,7.9,246,15.8,0.0,3380.0,-3.7,-52.0,20.6,-4.2,22.8,323,13.2,360,66,2025-09-07 18:00:00+00:00
28.7,77,24.3,1006.4,1007.5,1,1,0,0,9.0,241,18.7,0.0,3690.0,-3.6,-49.0,20.4,-4.0,17.4,319,15.8,9,72,2025-09-07 19:00:00+00:00
28.3,76,23.7,1005.7,1006.8,11,4,9,2,8.6,244,19.1,0.0,2600.0,-3.6,-43.0,19.6,-4.2,14.5,294,14.4,360,74,2025-09-07 20:00:00+00:00
28.0,73,22.8,1004.8,1005.9,7,0,2,5,7.6,262,17.6,0.0,1200.0,-3.2,-39.0,19.9,-4.0,14.9,310,14.6,351,78,2025-09-07 21:00:00+00:00
27.7,71,21.9,1004.7,1005.8,96,1,8,96,6.8,270,15.5,0.0,860.0,-3.1,-37.0,19.7,-4.0,17.4,315,14.4,355,76,2025-09-07 22:00:00+00:00
27.6,68,21.3,1004.9,1006.0,98,4,8,98,8.1,267,16.6,0.0,1040.0,-2.9,-40.0,19.4,-4.0,20.3,318,16.8,360,88,2025-09-07 23:00:00+00:00
27.4,69,21.1,1005.7,1006.8,86,3,5,85,8.4,261,17.3,0.0,860.0,-2.4,-31.0,18.9,-4.4,21.3,340,15.6,360,80,2025-09-08 00:00:00+00:00
26.1,85,23.4,1007.1,1008.3,100,39,60,100,11.2,213,22.7,1.2,970.0,-2.2,-32.0,18.8,-4.4,18.0,344,15.6,4,81,2025-09-08 01:00:00+00:00
27.0,81,23.5,1007.5,1008.6,97,1,27,96,7.4,247,23.8,0.3,1110.0,-2.5,-22.0,18.6,-4.2,14.6,340,16.8,4,86,2025-09-08 02:00:00+00:00
29.5,69,23.2,1007.5,1008.6,96,0,13,96,5.6,264,19.1,0.0,1340.0,-1.8,-19.0,18.7,-4.0,12.8,333,19.2,4,84,2025-09-08 03:00:00+00:00
31.3,61,22.7,1007.3,1008.4,97,0,8,97,7.4,264,23.0,0.0,1470.0,-1.3,-7.0,18.8,-4.0,10.6,317,20.5,7,80,2025-09-08 04:00:00+00:00
33.1,53,22.3,1006.7,1007.8,96,0,0,96,5.4,296,23.0,0.0,870.0,-1.4,-9.0,18.8,-4.0,10.8,292,20.4,3,76,2025-09-08 05:00:00+00:00
34.5,49,22.2,1006.0,1007.1,71,7,5,67,4.1,337,22.0,0.0,1420.0,-1.7,-7.0,18.9,-3.7,12.3,301,20.4,3,73,2025-09-08 06:00:00+00:00
35.1,46,21.8,1004.8,1005.9,57,27,19,35,3.8,59,20.5,0.0,1250.0,-1.8,-11.0,18.8,-3.7,10.3,283,20.4,360,73,2025-09-08 07:00:00+00:00
34.6,48,21.8,1003.7,1004.8,42,9,12,29,6.6,112,27.7,0.1,1240.0,-2.1,-26.0,19.3,-3.7,11.2,282,19.2,4,72,2025-09-08 08:00:00+00:00
33.0,55,22.7,1002.9,1004.0,87,10,55,68,9.8,125,34.9,0.7,1650.0,-2.3,-30.0,19.4,-3.5,14.1,285,19.3,7,72,2025-09-08 09:00:00+00:00
32.6,58,23.2,1002.5,1003.6,40,10,21,21,11.3,126,32.8,0.1,2300.0,-2.6,-39.0,19.8,-3.3,17.9,285,17.5,16,71,2025-09-08 10:00:00+00:00
31.8,61,23.4,1002.1,1003.2,19,0,15,4,14.0,145,35.3,0.1,2190.0,-2.7,-60.0,20.5,-3.3,20.9,281,18.3,23,71,2025-09-08 11:00:00+00:00
30.8,69,24.4,1002.6,1003.7,91,0,10,90,12.5,145,34.9,0.0,2280.0,-2.9,-45.0,20.8,-3.3,18.6,281,18.3,23,77,2025-09-08 12:00:00+00:00
30.6,73,25.2,1003.8,1004.9,37,4,37,0,8.8,147,24.8,0.0,2780.0,-3.3,-54.0,20.8,-3.3,19.0,281,17.7,28,82,2025-09-08 13:00:00+00:00
30.2,72,24.5,1004.9,1006.0,18,0,17,1,8.7,138,20.9,0.0,2950.0,-3.5,-68.0,20.6,-3.5,19.2,288,16.3,36,82,2025-09-08 14:00:00+00:00
29.8,78,25.5,1005.7,1006.8,36,0,35,2,7.9,145,19.8,0.0,2650.0,-3.7,-50.0,20.6,-3.7,17.6,291,16.1,42,80,2025-09-08 15:00:00+00:00
29.6,80,25.8,1006.3,1007.4,49,0,49,0,9.8,148,20.9,0.0,2700.0,-3.5,-44.0,20.6,-3.7,16.2,302,17.8,48,80,2025-09-08 16:00:00+00:00
29.5,78,25.3,1006.8,1007.9,39,0,39,0,10.4,150,22.7,0.0,2630.0,-3.6,-42.0,20.8,-3.7,16.5,312,17.8,48,80,2025-09-08 17:00:00+00:00
29.3,78,25.2,1006.5,1007.6,33,0,33,0,8.8,149,21.6,0.0,2520.0,-3.8,-46.0,20.9,-3.7,20.7,320,17.1,39,80,2025-09-08 18:00:00+00:00
29.0,81,25.4,1006.3,1007.4,39,0,39,0,5.7,193,18.0,0.0,2510.0,-3.7,-48.0,20.9,-3.7,20.7,320,17.8,42,82,2025-09-08 19:00:00+00:00
28.8,83,25.6,1005.9,1007.0,97,0,97,0,4.0,252,11.5,0.0,2650.0,-3.5,-51.0,20.6,-3.5,20.4,321,18.7,45,80,2025-09-08 20:00:00+00:00
28.3,84,25.4,1005.9,1007.0,100,0,100,0,7.3,250,14.8,0.0,2810.0,-3.4,-52.0,20.5,-3.5,19.3,326,20.4,50,77,2025-09-08 21:00:00+00:00
27.9,85,25.2,1005.7,1006.8,86,1,86,0,7.2,243,16.6,0.0,2810.0,-3.5,-53.0,20.4,-3.5,18.8,328,20.6,54,73,2025-09-08 22:00:00+00:00
27.7,86,25.1,1006.0,1007.1,0,0,0,0,6.8,235,14.8,0.0,2940.0,-2.9,-57.0,20.2,-3.7,17.2,328,16.3,54,71,2025-09-08 23:00:00+00:00
27.4,87,25.0,1006.4,1007.5,12,1,12,0,9.9,238,20.5,0.0,2970.0,-1.4,-70.0,20.0,-3.7,17.4,337,15.4,39,69,2025-09-09 00:00:00+00:00
26.0,86,23.6,1006.5,1007.6,3,0,3,0,11.2,258,23.4,0.2,2710.0,-1.3,-72.0,19.9,-3.7,16.5,336,15.4,39,67,2025-09-09 01:00:00+00:00
27.8,78,23.6,1007.2,1008.3,15,0,1,14,8.1,252,21.6,0.0,2610.0,-1.7,-47.0,19.8,-3.7,15.7,338,15.4,39,66,2025-09-09 02:00:00+00:00
30.3,68,23.7,1007.9,1009.0,43,0,0,43,7.8,226,22.7,0.0,2570.0,-1.7,-21.0,19.7,-4.0,13.0,342,13.7,38,64,2025-09-09 03:00:00+00:00
32.6,56,22.8,1008.1,1009.2,38,1,9,31,9.0,213,27.0,0.0,2620.0,-1.3,-9.0,19.6,-3.7,10.2,339,14.4,42,64,2025-09-09 04:00:00+00:00
34.3,46,21.0,1007.7,1008.8,36,0,15,26,5.7,212,27.0,0.0,2650.0,-1.5,-3.0,19.3,-3.7,7.5,322,14.4,48,66,2025-09-09 05:00:00+00:00
35.2,41,20.1,1007.0,1008.1,57,7,17,47,1.6,174,21.6,0.1,2380.0,-2.4,-2.0,18.9,-3.5,4.6,281,13.7,38,63,2025-09-09 06:00:00+00:00
35.2,42,20.3,1006.0,1007.1,84,13,17,78,4.2,121,19.8,0.1,2320.0,-2.6,-8.0,19.3,-3.5,6.9,266,13.0,34,63,2025-09-09 07:00:00+00:00
35.0,43,20.7,1004.8,1005.9,96,26,31,94,6.9,127,24.8,0.1,2460.0,-3.0,-16.0,19.6,-3.5,9.6,270,10.3,21,63,2025-09-09 08:00:00+00:00
34.5,48,21.8,1003.8,1004.9,93,1,9,92,10.3,125,29.5,0.1,2780.0,-3.4,-35.0,19.7,-3.7,10.9,270,10.3,21,68,2025-09-09 09:00:00+00:00
33.4,53,22.5,1003.3,1004.4,99,24,59,96,11.6,145,34.2,0.6,2830.0,-3.8,-39.0,20.5,-3.3,10.1,278,10.3,21,70,2025-09-09 10:00:00+00:00
33.1,51,21.7,1003.2,1004.3,100,0,20,100,9.9,148,32.0,0.4,3200.0,-3.6,-40.0,20.4,-3.3,9.6,275,11.3,32,67,2025-09-09 11:00:00+00:00
32.2,57,22.5,1003.6,1004.7,100,3,32,100,9.6,150,26.6,0.0,3800.0,-3.5,-46.0,20.9,-3.0,12.5,280,13.4,27,66,2025-09-09 12:00:00+00:00
30.5,70,24.5,1004.3,1005.4,76,1,12,72,7.3,150,24.1,0.0,3400.0,-3.9,-50.0,20.8,-3.0,12.4,278,14.6,35,64,2025-09-09 13:00:00+00:00
29.9,77,25.4,1005.5,1006.6,94,0,15,93,8.1,162,18.4,0.0,3060.0,-4.0,-52.0,20.9,-3.0,12.1,281,14.6,35,63,2025-09-09 14:00:00+00:00
29.6,80,25.8,1006.4,1007.5,71,0,9,68,10.7,168,22.0,0.0,2970.0,-4.0,-49.0,20.9,-3.0,10.6,277,15.4,39,63,2025-09-09 15:00:00+00:00
29.5,78,25.3,1007.2,1008.3,81,0,4,80,11.0,175,23.8,0.0,2840.0,-3.9,-49.0,20.9,-3.3,9.1,267,16.3,36,67,2025-09-09 16:00:00+00:00
29.2,81,25.7,1007.4,1008.5,22,0,2,21,11.2,182,23.0,0.0,2920.0,-4.1,-48.0,20.9,-3.5,10.3,257,18.0,37,73,2025-09-09 17:00:00+00:00
28.9,82,25.5,1007.1,1008.2,6,0,6,1,11.5,190,23.4,0.0,3230.0,-4.5,-49.0,21.0,-3.7,12.3,292,20.0,33,78,2025-09-09 18:00:00+00:00
28.6,83,25.5,1006.5,1007.6,9,0,9,0,11.1,196,24.1,0.0,3270.0,-4.0,-51.0,20.9,-3.7,10.5,275,18.0,37,79,2025-09-09 19:00:00+00:00
28.2,86,25.6,1006.2,1007.3,71,0,13,67,9.1,207,22.7,0.0,3720.0,-3.8,-49.0,19.9,-4.0,14.2,237,16.7,30,73,2025-09-09 20:00:00+00:00
27.8,86,25.1,1006.3,1007.4,63,7,57,12,11.1,230,22.7,0.0,2140.0,-3.7,-49.0,19.9,-4.4,18.6,234,14.6,35,84,2025-09-09 21:00:00+00:00
27.6,87,25.3,1005.8,1006.9,55,2,24,40,11.1,233,24.8,0.0,1890.0,-3.6,-49.0,19.9,-4.2,18.1,242,11.9,45,77,2025-09-09 22:00:00+00:00
27.1,86,24.5,1006.2,1007.3,25,3,17,10,13.5,227,28.1,0.0,1470.0,-3.4,-55.0,19.8,-4.0,18.0,249,11.3,58,76,2025-09-09 23:00:00+00:00
26.6,82,23.3,1006.2,1007.3,21,2,4,17,10.5,232,29.2,0.0,1470.0,-3.2,-50.0,19.8,-4.0,11.3,249,10.7,63,71,2025-09-10 00:00:00+00:00
27.4,84,24.5,1007.2,1008.3,50,5,14,39,7.8,212,22.3,0.0,1280.0,-3.5,-55.0,20.2,-4.0,10.3,257,11.4,72,74,2025-09-10 01:00:00+00:00
28.6,78,24.4,1007.8,1008.9,67,3,8,64,8.8,203,21.6,0.0,1410.0,-2.6,-56.0,20.0,-4.0,10.7,258,12.1,84,71,2025-09-10 02:00:00+00:00
30.6,68,24.0,1008.0,1009.1,23,0,1,23,11.3,216,29.2,0.0,1760.0,-2.6,-34.0,20.0,-4.0,10.7,258,12.0,90,71,2025-09-10 03:00:00+00:00
32.7,57,23.1,1008.1,1009.2,34,1,3,32,12.4,229,33.1,0.0,2060.0,-2.9,-14.0,20.2,-4.0,11.5,263,10.8,90,72,2025-09-10 04:00:00+00:00
34.5,48,21.9,1007.7,1008.8,35,0,4,32,12.0,220,34.6,0.0,1870.0,-3.6,-2.0,20.3,-4.0,14.1,268,9.6,90,72,2025-09-10 05:00:00+00:00
35.5,44,21.4,1007.0,1008.1,27,2,15,13,10.0,197,33.5,0.0,1890.0,-3.9,-2.0,20.3,-4.0,14.4,281,7.6,72,66,2025-09-10 06:00:00+00:00
35.7,43,21.2,1006.0,1007.1,40,13,18,16,9.0,175,30.2,0.0,1940.0,-4.3,-5.0,19.9,-4.2,16.0,268,6.5,68,62,2025-09-10 07:00:00+00:00
36.2,42,21.1,1004.6,1005.7,31,14,10,11,9.3,167,29.5,0.0,1960.0,-4.2,-22.0,20.4,-4.2,15.7,260,7.0,59,59,2025-09-10 08:00:00+00:00
35.9,42,21.1,1003.4,1004.5,25,18,10,2,10.0,166,31.0,0.0,2340.0,-4.4,-30.0,20.6,-4.0,19.3,263,7.7,51,56,2025-09-10 09:00:00+00:00
34.9,49,22.5,1002.3,1003.4,82,11,80,1,12.3,153,33.5,0.0,3540.0,-5.1,-41.0,20.8,-4.4,23.4,264,8.5,45,63,2025-09-10 10:00:00+00:00
31.8,70,25.6,1002.7,1003.8,38,10,31,8,12.0,172,36.7,2.8,3510.0,-4.9,-46.0,20.8,-4.2,23.7,267,6.0,53,62,2025-09-10 11:00:00+00:00
31.7,68,25.1,1003.0,1004.1,33,1,15,22,9.7,176,29.9,0.1,3520.0,-5.1,-48.0,20.5,-4.0,18.3,267,6.0,360,62,2025-09-10 12:00:00+00:00
30.3,72,24.6,1004.4,1005.5,17,0,13,5,8.2,209,18.4,0.0,3420.0,-5.3,-53.0,20.9,-3.7,16.0,272,7.3,9,63,2025-09-10 13:00:00+00:00
29.7,75,24.7,1005.3,1006.4,17,1,9,8,9.3,207,22.0,0.0,3610.0,-5.5,-56.0,21.1,-4.0,14.2,276,7.6,18,69,2025-09-10 14:00:00+00:00
29.2,76,24.6,1006.0,1007.1,25,0,14,13,7.1,204,21.2,0.0,3770.0,-5.6,-70.0,21.2,-4.0,12.9,278,4.9,14,74,2025-09-10 15:00:00+00:00
28.9,79,24.8,1007.2,1008.3,57,3,52,10,3.5,249,15.5,0.0,3720.0,-5.8,-60.0,21.2,-4.4,12.3,268,7.0,31,77,2025-09-10 16:00:00+00:00
28.4,80,24.7,1007.1,1008.2,50,0,50,0,5.9,227,12.2,0.0,3300.0,-5.4,-63.0,20.9,-4.7,15.3,253,10.3,36,81,2025-09-10 17:00:00+00:00
27.9,80,24.1,1007.3,1008.4,95,4,76,81,11.8,224,23.0,1.1,2750.0,-4.8,-83.0,20.6,-4.4,15.7,260,12.0,53,83,2025-09-10 18:00:00+00:00
25.8,90,24.0,1006.9,1008.1,89,0,73,58,16.6,222,38.9,3.2,2020.0,-4.4,-86.0,20.3,-4.7,19.0,259,10.2,45,83,2025-09-10 19:00:00+00:00
25.5,91,23.9,1005.6,1006.8,90,6,29,86,13.8,239,32.0,0.1,1670.0,-5.0,-70.0,20.4,-4.7,21.2,261,8.7,56,81,2025-09-10 20:00:00+00:00
25.7,88,23.7,1005.4,1006.5,58,1,17,49,13.0,272,31.7,0.0,1480.0,-4.7,-68.0,20.5,-4.7,22.4,266,7.0,59,83,2025-09-10 21:00:00+00:00
25.9,83,22.7,1005.4,1006.5,89,4,29,84,16.9,271,35.6,0.0,1360.0,-4.3,-80.0,20.6,-4.7,21.5,274,4.3,56,86,2025-09-10 22:00:00+00:00
25.9,81,22.4,1005.3,1006.4,74,0,14,70,12.0,282,34.9,0.0,1170.0,-3.7,-99.0,20.4,-4.4,20.8,279,4.3,34,83,2025-09-10 23:00:00+00:00
26.0,79,22.1,1005.5,1006.6,94,0,26,93,13.9,290,28.8,0.0,770.0,-4.2,-110.0,19.9,-4.4,18.8,264,6.1,101,86,2025-09-11 00:00:00+00:00
26.8,84,23.8,1005.7,1006.8,89,0,19,87,5.7,288,13.3,0.0,710.0,-4.1,-101.0,19.8,-4.7,19.6,269,5.4,117,87,2025-09-11 01:00:00+00:00
28.0,79,24.1,1006.3,1007.4,93,0,5,93,6.0,299,14.8,0.0,710.0,-4.0,-69.0,19.8,-4.9,20.5,271,3.8,108,86,2025-09-11 02:00:00+00:00
29.7,72,24.0,1006.6,1007.7,100,0,0,100,6.5,289,17.6,0.0,850.0,-3.8,-33.0,19.9,-4.9,20.7,278,4.9,104,84,2025-09-11 03:00:00+00:00
31.1,64,23.4,1007.0,1008.1,99,0,10,99,8.7,291,24.1,0.0,800.0,-3.5,-16.0,20.0,-4.9,20.6,283,6.5,112,82,2025-09-11 04:00:00+00:00
32.3,59,23.3,1006.6,1007.7,100,0,2,100,9.9,299,27.4,0.0,880.0,-3.4,-3.0,19.9,-4.7,19.0,291,6.5,112,83,2025-09-11 05:00:00+00:00
33.0,57,23.2,1005.9,1007.0,100,5,2,100,8.8,317,28.8,0.0,950.0,-3.8,-1.0,19.4,-4.4,16.3,288,3.6,90,84,2025-09-11 06:00:00+00:00
32.7,57,23.1,1004.9,1006.0,100,8,8,100,5.8,279,29.2,0.1,1370.0,-4.0,-1.0,19.2,-4.4,16.6,291,2.7,63,81,2025-09-11 07:00:00+00:00
33.2,55,23.0,1003.9,1005.0,100,5,6,99,2.2,355,23.0,0.0,1830.0,-3.7,-1.0,19.1,-4.4,18.5,290,3.8,18,81,2025-09-11 08:00:00+00:00
33.2,56,23.3,1002.9,1004.0,100,67,27,99,4.8,65,20.5,0.0,2290.0,-2.9,-20.0,19.1,-4.4,21.7,292,4.9,346,82,2025-09-11 09:00:00+00:00
29.5,77,25.0,1003.2,1004.3,100,81,86,100,6.4,43,24.1,3.5,2250.0,-2.4,-45.0,19.6,-4.0,23.5,294,6.0,360,80,2025-09-11 10:00:00+00:00
28.0,83,24.8,1003.3,1004.4,100,2,51,100,10.8,184,26.6,1.6,1890.0,-2.7,-65.0,19.9,-4.2,25.3,298,6.1,349,82,2025-09-11 11:00:00+00:00
28.2,83,25.0,1003.7,1004.8,100,8,26,100,8.2,158,26.3,0.1,1690.0,-2.7,-65.0,19.2,-4.0,28.1,295,9.4,320,82,2025-09-11 12:00:00+00:00
30.9,70,24.7,1004.0,1005.1,100,2,34,100,2.8,198,6.1,0.0,2130.0,-4.0,-70.0,19.1,-4.2,29.9,291,7.6,342,79,2025-09-11 13:00:00+00:00
30.3,72,24.7,1005.5,1006.6,100,4,54,100,5.1,231,9.7,0.0,1810.0,-4.4,-35.0,19.3,-4.7,29.0,286,6.8,315,78,2025-09-11 14:00:00+00:00
30.0,71,24.2,1006.1,1007.2,100,1,66,100,5.4,255,12.2,0.0,1980.0,-4.6,-42.0,19.2,-4.7,28.4,286,5.4,297,79,2025-09-11 15:00:00+00:00
29.7,68,23.3,1007.1,1008.2,100,0,81,100,7.0,260,15.5,0.0,2070.0,-4.4,-47.0,19.3,-4.9,29.6,284,5.1,315,76,2025-09-11 16:00:00+00:00
29.0,73,23.6,1007.2,1008.3,100,2,37,100,5.7,212,14.0,0.0,1840.0,-3.5,-49.0,19.2,-4.9,31.2,282,4.3,326,72,2025-09-11 17:00:00+00:00
28.0,80,24.2,1006.9,1008.0,100,0,14,100,6.4,220,12.6,0.0,1600.0,-2.6,-55.0,19.4,-4.7,31.8,289,7.0,329,77,2025-09-11 18:00:00+00:00
27.3,83,24.1,1006.1,1007.2,100,0,18,100,9.1,205,18.4,0.0,1570.0,-2.0,-70.0,19.3,-4.7,32.3,286,6.0,307,79,2025-09-11 19:00:00+00:00
27.1,82,23.8,1005.2,1006.3,100,0,29,100,10.0,218,20.9,0.0,1530.0,-1.4,-70.0,19.4,-4.9,33.6,288,7.0,301,81,2025-09-11 20:00:00+00:00
27.1,79,23.1,1004.7,1005.8,100,0,30,100,10.0,234,20.9,0.0,1480.0,-1.4,-63.0,19.7,-5.4,36.6,291,7.6,288,81,2025-09-11 21:00:00+00:00
26.9,75,22.2,1004.2,1005.3,100,0,10,100,9.3,246,20.5,0.0,1380.0,-1.4,-55.0,19.7,-5.6,41.8,294,10.7,297,83,2025-09-11 22:00:00+00:00
26.9,74,21.8,1004.5,1005.6,100,0,0,100,7.6,255,18.7,0.0,1220.0,-0.9,-57.0,19.6,-5.6,44.4,296,15.6,293,84,2025-09-11 23:00:00+00:00
26.8,73,21.6,1004.7,1005.8,100,0,11,100,6.5,256,15.5,0.0,980.0,-0.8,-64.0,19.7,-5.8,40.3,304,16.3,287,82,2025-09-12 00:00:00+00:00
27.4,80,23.7,1005.5,1006.6,100,2,11,100,6.4,252,16.9,0.0,1040.0,-1.2,-58.0,19.6,-5.8,40.0,311,17.8,290,84,2025-09-12 01:00:00+00:00
28.1,78,23.9,1006.4,1007.5,100,0,11,100,6.8,245,13.0,0.0,1040.0,-1.9,-30.0,19.7,-6.1,36.8,318,19.9,295,87,2025-09-12 02:00:00+00:00
29.0,73,23.7,1006.7,1007.8,100,0,47,100,6.2,262,14.0,0.0,1050.0,-1.8,-14.0,19.7,-5.8,35.5,319,21.0,294,86,2025-09-12 03:00:00+00:00
31.2,61,22.9,1006.7,1007.8,100,13,20,100,10.4,309,25.9,0.0,1000.0,-1.8,-2.0,19.6,-5.8,34.2,317,21.6,289,84,2025-09-12 04:00:00+00:00
32.0,57,22.4,1006.6,1007.7,100,12,13,100,11.0,326,30.2,0.0,550.0,-2.1,0.0,19.4,-5.6,32.6,317,22.1,283,83,2025-09-12 05:00:00+00:00
33.5,51,22.1,1005.7,1006.8,100,9,20,100,9.2,321,30.2,0.0,280.0,-2.6,-1.0,19.1,-5.4,25.1,323,17.2,295,81,2025-09-12 06:00:00+00:00
34.3,47,21.4,1004.8,1005.9,100,6,5,100,6.5,352,30.2,0.0,190.0,-2.1,-2.0,18.7,-5.4,18.4,310,16.7,291,77,2025-09-12 07:00:00+00:00
33.8,49,21.6,1003.7,1004.8,99,10,4,99,5.7,79,24.5,0.0,260.0,-2.1,-2.0,19.2,-5.1,18.6,295,14.0,290,70,2025-09-12 08:00:00+00:00
32.3,61,23.9,1003.2,1004.3,100,4,20,100,10.9,99,31.3,0.2,340.0,-2.4,-9.0,19.4,-4.7,20.9,286,11.8,294,62,2025-09-12 09:00:00+00:00
30.6,68,24.1,1003.2,1004.3,100,4,35,100,11.5,94,32.8,0.2,390.0,-2.7,-24.0,19.6,-4.4,22.5,288,8.5,315,60,2025-09-12 10:00:00+00:00
30.0,72,24.4,1002.9,1004.0,100,2,26,100,9.8,114,29.5,0.1,350.0,-2.8,-25.0,19.3,-4.4,20.0,287,8.7,344,74,2025-09-12 11:00:00+00:00
29.9,73,24.4,1003.6,1004.7,100,3,52,100,6.9,123,24.5,0.0,980.0,-2.9,-31.0,19.6,-3.7,20.0,287,8.5,315,66,2025-09-12 12:00:00+00:00
28.3,83,25.1,1004.3,1005.4,100,2,10,100,6.9,147,25.2,0.1,1300.0,-3.0,-45.0,19.4,-3.5,21.9,287,5.4,333,63,2025-09-12 13:00:00+00:00
28.3,82,25.0,1005.2,1006.3,100,0,21,100,4.3,178,14.4,0.0,1950.0,-2.4,-36.0,19.7,-3.5,25.9,288,2.4,360,66,2025-09-12 14:00:00+00:00
28.1,85,25.4,1005.7,1006.8,100,0,15,100,6.1,175,12.2,0.0,1970.0,-3.1,-24.0,19.9,-3.5,28.5,287,1.2,90,63,2025-09-12 15:00:00+00:00
27.7,86,25.2,1006.4,1007.5,100,0,21,100,6.3,182,14.4,0.0,2050.0,-2.6,-29.0,19.9,-3.5,30.6,285,5.1,135,61,2025-09-12 16:00:00+00:00
27.3,85,24.7,1006.5,1007.6,100,0,9,100,5.3,218,13.0,0.0,2120.0,-2.3,-35.0,19.7,-3.5,30.9,292,7.0,149,68,2025-09-12 17:00:00+00:00
26.9,85,24.2,1006.5,1007.6,100,2,21,100,5.8,210,11.5,0.0,2120.0,-2.4,-33.0,19.7,-4.2,34.6,288,1.2,270,59,2025-09-12 18:00:00+00:00
26.7,84,23.8,1006.1,1007.2,100,2,36,100,7.3,216,14.8,0.0,2200.0,-2.7,-31.0,19.4,-4.2,36.3,290,2.7,207,59,2025-09-12 19:00:00+00:00
26.5,85,23.8,1005.5,1006.6,82,0,21,77,7.9,219,16.2,0.0,2520.0,-2.6,-34.0,19.4,-4.2,39.1,287,3.4,225,60,2025-09-12 20:00:00+00:00
26.4,86,23.8,1005.1,1006.2,100,0,6,100,8.2,230,17.3,0.0,2620.0,-2.7,-36.0,19.6,-4.0,39.7,283,3.8,198,59,2025-09-12 21:00:00+00:00
26.4,86,23.9,1005.0,1006.1,100,1,3,100,7.9,240,16.6,0.0,2360.0,-2.7,-41.0,19.4,-3.7,37.3,282,4.9,194,61,2025-09-12 22:00:00+00:00
26.5,86,23.9,1005.2,1006.3,100,2,5,100,9.8,230,19.4,0.0,1910.0,-2.0,-47.0,19.3,-3.7,35.6,283,6.5,202,68,2025-09-12 23:00:00+00:00
26.5,85,23.8,1005.6,1006.7,100,1,5,100,12.8,228,25.6,0.0,1280.0,-1.3,-42.0,19.1,-4.4,33.9,292,2.4,180,83,2025-09-13 00:00:00+00:00
27.3,81,23.7,1006.2,1007.3,100,1,14,100,10.1,213,20.5,0.0,1070.0,-1.4,-56.0,19.1,-4.4,34.2,291,5.4,207,82,2025-09-13 01:00:00+00:00
27.2,77,22.9,1007.1,1008.2,100,11,100,96,16.1,220,36.0,0.1,830.0,-1.8,-40.0,19.1,-4.4,34.2,291,7.3,189,81,2025-09-13 02:00:00+00:00
27.8,78,23.6,1007.6,1008.7,100,0,61,99,11.2,206,36.7,0.3,860.0,-2.4,-19.0,19.1,-4.2,34.0,290,10.8,180,80,2025-09-13 03:00:00+00:00
28.8,75,24.0,1007.6,1008.7,100,0,3,100,9.3,233,26.6,0.0,1470.0,-2.2,-11.0,19.1,-3.7,32.3,289,14.6,189,79,2025-09-13 04:00:00+00:00
30.3,69,24.0,1007.3,1008.4,100,4,26,100,8.6,241,28.4,0.1,1750.0,-1.7,-7.0,19.1,-3.5,31.1,284,17.8,200,81,2025-09-13 05:00:00+00:00
31.9,61,23.5,1006.3,1007.4,100,4,16,100,6.5,242,29.5,0.0,2280.0,-1.3,0.0,19.6,-3.7,32.4,281,16.3,197,79,2025-09-13 06:00:00+00:00
32.9,57,23.4,1005.7,1006.8,100,11,61,100,3.6,264,26.6,0.0,2360.0,-1.8,-3.0,19.9,-3.7,34.4,281,14.5,204,78,2025-09-13 07:00:00+00:00
32.9,57,23.1,1004.2,1005.3,100,14,22,100,3.5,219,22.0,0.0,2370.0,-1.9,-9.0,20.0,-4.4,32.0,281,15.4,219,79,2025-09-13 08:00:00+00:00
32.1,61,23.6,1003.3,1004.4,100,15,12,100,5.1,157,23.0,0.1,2310.0,-2.0,-11.0,20.4,-4.9,35.2,280,17.8,228,81,2025-09-13 09:00:00+00:00
31.4,66,24.2,1002.4,1003.5,100,5,15,100,8.0,155,28.4,0.1,2440.0,-2.6,-14.0,21.0,-4.2,37.4,279,19.5,227,82,2025-09-13 10:00:00+00:00
30.5,74,25.4,1002.7,1003.8,100,2,11,100,10.8,156,28.1,0.0,2210.0,-2.8,-26.0,20.5,-3.3,38.2,278,18.7,225,80,2025-09-13 11:00:00+00:00
29.9,75,24.9,1003.2,1004.3,100,1,19,100,10.4,162,27.7,0.0,2510.0,-3.0,-53.0,20.0,-3.5,33.9,275,17.8,228,78,2025-09-13 12:00:00+00:00
29.4,74,24.2,1004.8,1005.9,100,0,9,100,2.3,198,7.2,0.0,2180.0,-3.2,-53.0,19.7,-3.0,37.0,273,17.8,222,78,2025-09-13 13:00:00+00:00
28.9,80,25.0,1005.5,1006.6,100,0,27,100,2.8,195,5.8,0.0,2220.0,-3.1,-49.0,19.6,-2.8,36.5,273,16.3,216,76,2025-09-13 14:00:00+00:00
28.3,85,25.4,1005.7,1006.8,100,0,15,100,6.2,192,12.6,0.0,2350.0,-3.3,-41.0,19.4,-2.6,35.1,273,16.1,207,72,2025-09-13 15:00:00+00:00
28.0,87,25.7,1006.6,1007.7,100,1,100,100,5.2,166,13.0,0.0,2420.0,-3.4,-39.0,19.2,-2.8,34.2,270,13.7,195,62,2025-09-13 16:00:00+00:00
28.0,89,26.0,1006.9,1008.0,100,1,100,100,7.0,159,13.7,0.0,2540.0,-3.4,-41.0,19.1,-2.8,31.1,265,10.9,186,50,2025-09-13 17:00:00+00:00
28.2,89,26.1,1006.9,1008.0,100,0,100,100,7.6,168,15.5,0.0,3040.0,-3.7,-36.0,19.2,-3.0,24.9,262,3.8,198,49,2025-09-13 18:00:00+00:00
28.2,88,26.1,1006.6,1007.7,100,0,100,98,5.3,162,15.1,0.1,3190.0,-3.8,-38.0,18.9,-3.3,22.7,260,4.8,180,44,2025-09-13 19:00:00+00:00
28.0,89,26.0,1006.1,1007.2,100,4,100,97,3.0,128,10.1,0.3,2810.0,-3.9,-34.0,19.1,-3.3,21.7,260,2.7,153,49,2025-09-13 20:00:00+00:00
27.9,90,26.0,1005.7,1006.8,100,10,100,82,5.1,162,8.6,0.2,3060.0,-3.7,-41.0,19.1,-3.3,21.6,263,4.3,146,47,2025-09-13 21:00:00+00:00
24.7,97,24.2,1005.9,1007.1,100,95,23,92,6.1,247,19.8,13.3,2110.0,-3.7,-55.0,18.8,-3.5,21.4,268,7.7,129,52,2025-09-13 22:00:00+00:00
23.8,95,22.9,1006.3,1007.5,100,78,66,100,7.4,104,18.0,15.7,1660.0,-3.6,-67.0,18.9,-3.5,23.3,274,7.3,99,60,2025-09-13 23:00:00+00:00
24.0,96,23.4,1006.6,1007.8,99,23,26,98,0.9,37,15.8,0.5,1710.0,-3.1,-71.0,18.6,-4.0,22.9,264,9.1,157,71,2025-09-14 00:00:00+00:00
24.8,92,23.4,1007.6,1008.8,100,29,24,100,5.7,235,20.9,0.1,1410.0,-2.9,-75.0,18.5,-4.0,24.2,272,8.0,153,78,2025-09-14 01:00:00+00:00
25.4,92,24.0,1007.8,1009.0,98,1,2,98,3.3,193,12.6,0.0,1400.0,-2.9,-51.0,18.2,-4.2,21.9,274,10.2,135,79,2025-09-14 02:00:00+00:00
26.5,90,24.8,1008.1,1009.2,78,1,1,78,2.7,262,10.4,0.1,1550.0,-3.0,-29.0,18.2,-4.2,20.1,270,12.8,131,79,2025-09-14 03:00:00+00:00
28.5,84,25.6,1008.2,1009.3,10,3,2,6,3.1,291,14.8,0.0,1770.0,-3.0,-9.0,18.6,-4.0,17.0,262,13.0,124,71,2025-09-14 04:00:00+00:00
30.2,74,25.1,1008.0,1009.1,3,1,2,1,5.5,311,19.8,0.0,1840.0,-3.1,-2.0,19.3,-3.7,16.8,257,12.4,119,62,2025-09-14 05:00:00+00:00
31.1,67,24.2,1007.2,1008.3,47,1,4,44,5.2,335,22.0,0.0,1550.0,-4.0,-5.0,19.7,-3.7,17.4,276,8.0,117,49,2025-09-14 06:00:00+00:00
31.7,62,23.6,1006.7,1007.8,94,7,19,92,3.0,57,18.0,0.0,1220.0,-4.4,-23.0,19.8,-4.0,17.0,276,8.7,124,63,2025-09-14 07:00:00+00:00
31.2,66,24.2,1005.9,1007.0,87,4,13,84,5.8,99,25.2,0.1,1080.0,-3.9,-62.0,19.6,-4.0,19.3,277,7.0,121,67,2025-09-14 08:00:00+00:00
30.5,71,24.5,1005.1,1006.2,72,21,39,49,9.4,119,31.7,1.1,1650.0,-4.0,-70.0,19.2,-4.2,18.8,277,6.5,112,68,2025-09-14 09:00:00+00:00
29.9,77,25.3,1004.2,1005.3,100,0,12,100,10.1,125,28.1,0.1,2240.0,-4.3,-65.0,19.7,-4.2,20.1,273,8.7,106,88,2025-09-14 10:00:00+00:00
29.5,77,25.0,1004.0,1005.1,27,1,8,20,9.9,138,26.3,0.0,2660.0,-4.5,-57.0,19.9,-4.4,18.8,263,8.5,98,74,2025-09-14 11:00:00+00:00
29.1,79,25.1,1004.4,1005.5,12,1,9,3,10.5,145,24.5,0.0,2760.0,-4.7,-58.0,19.8,-4.2,16.0,268,13.4,80,69,2025-09-14 12:00:00+00:00
28.8,83,25.6,1005.5,1006.6,100,0,8,100,11.0,142,22.3,0.0,2520.0,-4.8,-64.0,20.0,-4.2,15.0,256,13.7,75,68,2025-09-14 13:00:00+00:00
28.5,85,25.7,1006.1,1007.2,100,0,3,100,11.3,158,22.7,0.0,2380.0,-4.5,-63.0,20.6,-4.2,17.9,255,14.8,76,71,2025-09-14 14:00:00+00:00
28.4,85,25.6,1006.7,1007.8,100,0,4,100,11.7,155,24.5,0.0,2330.0,-4.7,-60.0,20.8,-4.2,22.5,256,14.8,76,76,2025-09-14 15:00:00+00:00
28.3,84,25.4,1007.4,1008.5,100,0,1,100,11.0,162,23.0,0.0,2270.0,-4.8,-47.0,20.8,-4.4,24.6,259,14.8,76,69,2025-09-14 16:00:00+00:00
28.2,85,25.4,1007.8,1008.9,100,0,9,100,12.1,168,24.5,0.0,2210.0,-4.5,-36.0,20.6,-4.7,22.1,262,17.0,82,66,2025-09-14 17:00:00+00:00
28.1,86,25.5,1007.4,1008.5,100,0,9,100,11.3,179,24.5,0.0,2570.0,-4.8,-30.0,20.4,-4.9,20.8,260,18.8,63,68,2025-09-14 18:00:00+00:00
27.8,87,25.5,1007.3,1008.4,100,0,17,100,10.8,198,23.0,0.0,2880.0,-4.7,-33.0,20.0,-4.9,19.2,245,21.5,63,62,2025-09-14 19:00:00+00:00
27.6,86,25.1,1006.8,1007.9,100,0,14,100,12.1,205,24.5,0.0,2390.0,-4.2,-63.0,19.7,-4.9,17.9,232,22.5,65,50,2025-09-14 20:00:00+00:00
27.4,86,24.9,1005.9,1007.0,100,4,0,100,13.0,213,27.0,0.0,1950.0,-3.2,-81.0,19.6,-4.9,18.1,231,24.3,70,44,2025-09-14 21:00:00+00:00
27.1,85,24.4,1005.8,1006.9,95,1,10,94,10.2,219,26.6,0.0,1840.0,-3.1,-103.0,19.4,-4.7,19.0,235,23.1,81,47,2025-09-14 22:00:00+00:00
26.6,85,24.0,1006.0,1007.1,82,0,2,82,10.1,235,20.5,0.0,1510.0,-3.3,-103.0,19.6,-4.7,19.4,240,21.6,87,50,2025-09-14 23:00:00+00:00
26.1,86,23.6,1006.2,1007.3,89,0,2,89,10.3,224,21.6,0.0,1230.0,-3.3,-92.0,19.4,-4.7,20.3,236,22.1,77,48,2025-09-15 00:00:00+00:00
26.8,85,24.2,1006.7,1007.8,100,0,0,100,9.0,210,19.4,0.0,1000.0,-3.6,-82.0,19.4,-4.9,21.9,239,20.5,83,43,2025-09-15 01:00:00+00:00
27.7,84,24.7,1007.2,1008.3,100,0,2,100,8.0,208,18.4,0.0,930.0,-4.0,-58.0,19.3,-5.1,22.2,242,24.0,87,40,2025-09-15 02:00:00+00:00
29.0,79,24.9,1007.6,1008.7,100,0,1,100,7.8,217,20.9,0.0,1160.0,-3.8,-33.0,19.4,-5.1,20.8,251,27.6,90,37,2025-09-15 03:00:00+00:00
30.5,70,24.5,1007.4,1008.5,99,0,0,99,7.5,250,21.6,0.0,1590.0,-3.4,-12.0,19.7,-4.9,19.8,262,26.4,90,34,2025-09-15 04:00:00+00:00
32.0,63,24.0,1007.3,1008.4,99,4,9,99,6.7,286,21.2,0.0,1580.0,-3.3,-1.0,19.9,-4.9,18.7,270,24.0,90,39,2025-09-15 05:00:00+00:00
33.2,55,22.8,1006.0,1007.1,100,2,7,100,7.4,299,22.0,0.0,1590.0,-2.5,-2.0,20.2,-5.1,18.8,276,24.0,90,54,2025-09-15 06:00:00+00:00
33.9,51,22.2,1005.1,1006.2,100,2,17,100,5.5,314,22.0,0.0,1050.0,-3.0,-6.0,20.4,-5.1,21.1,276,21.6,93,60,2025-09-15 07:00:00+00:00
33.7,51,22.2,1003.6,1004.7,100,3,21,100,1.3,74,18.4,0.0,790.0,-3.4,-12.0,19.8,-5.1,17.3,273,19.3,97,67,2025-09-15 08:00:00+00:00
32.3,65,24.9,1002.8,1003.9,100,3,14,100,8.7,107,23.8,0.0,820.0,-3.9,-28.0,20.0,-5.4,20.1,271,18.4,101,66,2025-09-15 09:00:00+00:00
30.5,77,26.0,1002.3,1003.4,83,4,11,80,13.1,117,32.4,0.0,1650.0,-3.8,-73.0,20.8,-5.4,22.8,267,17.2,102,77,2025-09-15 10:00:00+00:00
30.4,73,25.1,1002.2,1003.3,10,0,8,3,10.8,134,32.0,0.0,2830.0,-3.9,-72.0,20.3,-5.4,22.6,262,15.8,99,72,2025-09-15 11:00:00+00:00
29.6,79,25.5,1002.6,1003.7,10,0,6,3,13.5,127,31.7,0.0,3360.0,-4.4,-70.0,20.6,-5.1,19.3,263,16.0,103,61,2025-09-15 12:00:00+00:00
28.9,84,26.0,1003.9,1005.0,85,0,3,84,11.4,128,22.7,0.0,2460.0,-4.7,-76.0,20.6,-4.7,20.9,259,14.6,99,60,2025-09-15 13:00:00+00:00
28.8,85,26.0,1005.0,1006.1,92,0,7,92,10.4,127,23.4,0.0,2740.0,-4.9,-69.0,20.8,-4.7,19.5,259,13.3,95,68,2025-09-15 14:00:00+00:00
28.7,85,26.0,1006.1,1007.2,97,0,14,96,10.4,127,21.2,0.0,2700.0,-5.0,-66.0,20.6,-4.7,17.0,262,12.0,90,67,2025-09-15 15:00:00+00:00
28.7,86,26.1,1007.3,1008.4,99,4,20,99,10.9,130,22.0,0.0,2570.0,-4.4,-58.0,20.8,-5.1,15.7,262,13.2,90,73,2025-09-15 16:00:00+00:00
28.6,86,26.1,1007.4,1008.5,97,6,26,96,10.7,139,22.0,0.0,2660.0,-4.7,-46.0,20.9,-5.1,14.7,254,15.6,86,82,2025-09-15 17:00:00+00:00
26.9,83,23.8,1007.7,1008.8,97,62,64,84,11.0,268,21.2,5.1,3130.0,-4.4,-34.0,20.4,-5.4,9.8,242,19.8,76,80,2025-09-15 18:00:00+00:00
25.1,93,23.9,1007.7,1008.9,100,22,68,100,8.0,308,31.0,14.9,3190.0,-4.1,-41.0,20.3,-4.9,9.2,237,20.5,69,77,2025-09-15 19:00:00+00:00
25.3,94,24.4,1007.0,1008.2,100,25,25,100,6.2,249,16.2,0.3,2600.0,-3.8,-34.0,19.8,-4.0,10.1,198,21.3,74,80,2025-09-15 20:00:00+00:00
25.2,96,24.5,1006.2,1007.4,100,5,1,100,4.8,236,13.7,0.2,1280.0,-3.1,-37.0,19.2,-4.4,20.8,206,16.8,86,78,2025-09-15 21:00:00+00:00
25.0,95,24.2,1005.4,1006.6,100,0,5,100,4.8,225,11.9,0.1,1640.0,-2.5,-44.0,19.3,-5.1,19.0,215,9.7,83,78,2025-09-15 22:00:00+00:00
24.9,94,24.0,1005.6,1006.8,100,0,1,100,6.0,226,11.5,0.0,1560.0,-2.7,-52.0,19.3,-5.1,20.4,230,10.3,69,73,2025-09-15 23:00:00+00:00
24.8,94,23.9,1006.0,1007.2,98,1,2,98,6.0,245,12.6,0.0,1620.0,-3.2,-46.0,19.2,-5.1,17.7,222,9.7,97,70,2025-09-16 00:00:00+00:00
25.9,92,24.5,1006.8,1008.0,100,0,100,100,6.2,253,13.0,0.0,1610.0,-3.5,-33.0,19.2,-5.1,18.2,217,8.7,106,66,2025-09-16 01:00:00+00:00
26.0,91,24.4,1007.4,1008.6,100,0,100,100,6.1,227,13.0,0.0,1550.0,-3.9,-25.0,19.2,-5.1,18.0,216,8.5,98,64,2025-09-16 02:00:00+00:00
26.2,90,24.4,1007.8,1009.0,100,0,100,100,6.2,240,14.0,0.2,1590.0,-3.6,-16.0,19.3,-4.9,18.5,218,9.7,97,63,2025-09-16 03:00:00+00:00
27.0,85,24.4,1008.2,1009.3,100,0,89,100,6.8,245,16.6,0.1,1770.0,-3.2,-6.0,19.3,-4.9,20.7,220,9.6,90,62,2025-09-16 04:00:00+00:00
28.3,81,24.6,1007.9,1009.0,100,0,27,100,8.7,252,23.0,0.5,1800.0,-3.9,-3.0,19.4,-4.9,22.6,223,9.7,83,62,2025-09-16 05:00:00+00:00
30.0,74,24.8,1007.0,1008.1,100,2,28,100,8.0,264,23.8,0.0,1590.0,-3.9,-7.0,19.6,-4.7,19.7,230,5.1,45,72,2025-09-16 06:00:00+00:00
31.4,66,24.2,1005.7,1006.8,100,10,22,100,8.4,247,25.6,0.4,1390.0,-3.8,-11.0,19.6,-4.7,18.9,233,6.0,37,72,2025-09-16 07:00:00+00:00
32.2,63,24.3,1004.4,1005.5,100,9,9,100,6.8,228,25.6,0.0,1570.0,-3.9,-33.0,19.7,-4.7,20.4,241,7.0,31,74,2025-09-16 08:00:00+00:00
31.4,68,24.8,1003.6,1004.7,99,15,25,98,7.3,164,24.5,0.0,1700.0,-3.9,-40.0,19.8,-4.7,21.0,246,6.5,22,70,2025-09-16 09:00:00+00:00
29.9,78,25.7,1003.1,1004.2,69,21,45,36,12.0,139,29.9,0.1,1840.0,-3.6,-40.0,19.9,-4.7,21.1,248,6.5,22,71,2025-09-16 10:00:00+00:00
29.3,78,25.1,1002.6,1003.7,75,15,10,68,12.5,140,30.2,0.0,2260.0,-3.6,-46.0,20.3,-4.7,22.3,250,7.0,31,69,2025-09-16 11:00:00+00:00
28.7,82,25.4,1002.9,1004.0,100,11,14,100,12.7,157,29.9,0.0,1960.0,-3.2,-53.0,20.0,-4.4,20.7,262,10.7,63,66,2025-09-16 12:00:00+00:00
29.4,79,25.3,1004.0,1005.1,99,0,0,99,5.9,160,11.2,0.0,3010.0,-3.3,-63.0,20.5,-4.2,21.4,259,11.4,72,67,2025-09-16 13:00:00+00:00
28.8,81,25.1,1005.1,1006.2,100,0,0,100,6.5,167,13.3,0.0,2350.0,-3.5,-63.0,20.9,-4.0,21.3,260,13.4,80,67,2025-09-16 14:00:00+00:00
28.3,84,25.4,1005.8,1006.9,100,0,0,100,8.3,160,16.2,0.0,2150.0,-3.3,-72.0,20.9,-4.0,19.8,262,14.4,85,70,2025-09-16 15:00:00+00:00
28.1,87,25.8,1006.6,1007.7,95,0,4,95,10.2,163,20.2,0.0,2320.0,-3.5,-66.0,20.6,-4.0,18.7,266,15.6,86,74,2025-09-16 16:00:00+00:00
28.1,87,25.7,1006.6,1007.7,80,1,5,79,9.7,176,20.5,0.0,2410.0,-4.1,-55.0,20.4,-4.0,18.3,267,16.8,86,79,2025-09-16 17:00:00+00:00
27.8,89,25.9,1006.8,1007.9,45,8,42,4,9.1,231,19.4,0.5,2420.0,-4.1,-48.0,20.2,-4.0,17.3,282,16.8,86,82,2025-09-16 18:00:00+00:00
24.9,93,23.7,1006.3,1007.5,79,10,26,69,6.2,237,33.5,7.5,2360.0,-4.0,-45.0,19.2,-4.0,12.3,270,18.2,82,82,2025-09-16 19:00:00+00:00
24.8,94,23.8,1005.9,1007.1,94,14,27,91,4.7,268,15.1,3.6,1920.0,-3.1,-40.0,19.4,-4.7,14.6,268,18.2,82,90,2025-09-16 20:00:00+00:00
24.7,96,24.0,1005.5,1006.7,89,4,19,87,4.3,163,9.0,0.4,1690.0,-2.6,-38.0,19.4,-4.4,12.4,276,13.3,95,88,2025-09-16 21:00:00+00:00
24.8,95,24.0,1005.3,1006.5,95,0,17,94,5.6,184,13.0,0.1,1250.0,-3.4,-40.0,19.3,-4.4,15.1,286,14.4,95,83,2025-09-16 22:00:00+00:00
25.0,96,24.3,1005.9,1007.1,94,5,5,94,5.5,193,10.8,0.0,1270.0,-3.4,-33.0,19.3,-4.7,13.0,288,14.8,104,78,2025-09-16 23:00:00+00:00
25.0,96,24.3,1006.4,1007.6,100,0,18,100,9.9,195,19.4,0.0,980.0,-2.5,-48.0,18.9,-4.7,12.0,261,11.4,108,76,2025-09-17 00:00:00+00:00
25.7,89,23.7,1006.8,1008.0,79,1,1,79,11.3,277,23.4,0.0,860.0,-2.7,-62.0,18.8,-4.9,11.6,259,10.3,111,70,2025-09-17 01:00:00+00:00
26.8,87,24.4,1007.5,1008.6,99,0,1,99,9.4,277,21.6,0.0,850.0,-2.7,-47.0,18.8,-4.9,10.5,265,10.3,111,67,2025-09-17 02:00:00+00:00
28.2,78,23.9,1008.2,1009.3,100,5,0,100,10.2,263,26.3,0.0,1020.0,-2.8,-28.0,18.8,-4.7,11.9,266,11.4,108,66,2025-09-17 03:00:00+00:00
29.3,75,24.3,1008.5,1009.6,100,0,0,100,7.0,258,25.6,0.0,1180.0,-3.0,-9.0,18.9,-4.4,13.2,266,11.8,114,66,2025-09-17 04:00:00+00:00
30.4,69,24.1,1008.1,1009.2,99,13,3,99,6.2,255,20.5,0.0,1400.0,-3.3,-7.0,19.2,-4.2,13.2,268,11.4,108,64,2025-09-17 05:00:00+00:00
31.0,68,24.3,1007.6,1008.7,100,20,4,100,5.4,250,20.5,0.0,1840.0,-3.7,-9.0,18.9,-4.0,12.9,278,7.2,90,67,2025-09-17 06:00:00+00:00
31.3,68,24.7,1006.3,1007.4,100,24,5,100,5.3,215,20.5,0.0,1900.0,-3.8,-17.0,18.9,-4.0,13.9,279,7.2,90,67,2025-09-17 07:00:00+00:00
31.0,70,25.0,1004.8,1005.9,99,10,4,99,5.7,169,20.2,0.1,1820.0,-3.7,-30.0,18.6,-3.7,12.8,276,6.1,79,67,2025-09-17 08:00:00+00:00
28.5,82,25.2,1004.0,1005.1,81,39,13,66,9.8,172,29.9,3.9,2060.0,-3.8,-32.0,18.6,-3.7,13.3,276,6.5,68,67,2025-09-17 09:00:00+00:00
29.4,80,25.5,1003.2,1004.3,30,7,2,23,10.4,162,27.0,0.1,1850.0,-3.6,-26.0,18.9,-3.7,15.6,277,7.6,72,66,2025-09-17 10:00:00+00:00
29.1,78,24.8,1003.1,1004.2,63,33,10,39,12.3,157,29.2,0.2,1810.0,-3.2,-38.0,19.2,-3.5,12.4,278,6.5,68,68,2025-09-17 11:00:00+00:00
28.6,83,25.4,1003.6,1004.7,17,14,4,0,11.7,179,31.3,0.0,1870.0,-3.4,-44.0,20.2,-3.7,12.8,287,10.7,63,71,2025-09-17 12:00:00+00:00
28.8,83,25.7,1004.6,1005.7,2,2,0,0,7.4,174,18.4,0.0,1820.0,-3.2,-36.0,20.4,-3.7,11.5,277,11.3,58,73,2025-09-17 13:00:00+00:00
28.5,87,26.0,1005.6,1006.7,4,0,4,0,8.5,180,16.9,0.0,2120.0,-3.2,-39.0,20.4,-3.7,11.4,272,11.8,66,72,2025-09-17 14:00:00+00:00
28.2,88,26.0,1006.7,1007.8,16,0,15,0,8.9,193,18.4,0.0,2100.0,-3.6,-38.0,20.2,-3.5,11.9,272,13.7,75,70,2025-09-17 15:00:00+00:00
28.0,88,25.9,1007.4,1008.5,5,2,3,0,8.2,199,18.0,0.0,2230.0,-4.0,-33.0,19.6,-3.5,15.0,268,16.0,77,73,2025-09-17 16:00:00+00:00
27.7,89,25.7,1007.9,1009.0,65,1,15,59,7.4,203,16.6,0.0,2380.0,-4.4,-32.0,19.3,-3.7,13.8,262,14.8,76,71,2025-09-17 17:00:00+00:00
27.5,88,25.4,1007.4,1008.5,100,7,20,100,9.1,214,18.0,0.0,1930.0,-4.0,-39.0,18.9,-4.0,11.9,266,19.4,68,73,2025-09-17 18:00:00+00:00
27.1,89,25.2,1006.7,1007.8,71,3,4,69,11.2,246,24.1,0.0,1310.0,-3.8,-39.0,19.2,-4.2,12.5,260,18.4,79,76,2025-09-17 19:00:00+00:00
26.2,91,24.7,1005.7,1006.8,77,0,8,75,9.9,254,23.4,0.0,1080.0,-3.6,-36.0,19.4,-4.7,13.9,261,16.8,86,77,2025-09-17 20:00:00+00:00
25.8,91,24.2,1005.3,1006.4,75,0,7,73,6.8,252,22.3,0.0,870.0,-3.6,-36.0,19.4,-4.7,15.9,270,14.8,104,80,2025-09-17 21:00:00+00:00
25.6,91,24.0,1005.2,1006.4,81,4,4,81,7.2,257,14.8,0.0,750.0,-3.1,-39.0,19.3,-4.7,21.0,275,14.8,104,82,2025-09-17 22:00:00+00:00
25.5,91,24.0,1005.4,1006.6,94,2,6,94,6.2,263,14.4,0.0,720.0,-2.9,-54.0,19.2,-4.7,22.2,279,14.8,104,76,2025-09-17 23:00:00+00:00
25.4,91,23.8,1005.7,1006.9,83,5,1,82,4.8,243,12.6,0.0,680.0,-2.6,-83.0,19.1,-4.4,21.5,275,19.0,108,76,2025-09-18 00:00:00+00:00
26.8,86,24.2,1006.0,1007.1,77,6,8,75,4.8,200,9.0,0.0,710.0,-2.3,-95.0,19.1,-4.4,19.9,286,17.5,106,71,2025-09-18 01:00:00+00:00
27.6,83,24.4,1006.7,1007.8,25,6,4,18,6.2,226,15.5,0.0,800.0,-2.7,-56.0,18.9,-4.4,18.0,291,16.3,107,68,2025-09-18 02:00:00+00:00
28.9,77,24.5,1007.1,1008.2,69,5,0,67,7.3,239,19.8,0.0,1000.0,-3.1,-32.0,18.9,-4.4,15.5,294,16.0,103,66,2025-09-18 03:00:00+00:00
30.1,72,24.5,1007.3,1008.4,78,7,1,76,8.0,247,22.7,0.0,1130.0,-3.2,-19.0,18.9,-4.4,13.3,292,13.3,95,63,2025-09-18 04:00:00+00:00
31.2,66,24.0,1007.0,1008.1,23,10,10,13,7.0,270,22.7,0.1,1340.0,-3.7,-6.0,18.9,-4.4,13.7,285,12.0,90,63,2025-09-18 05:00:00+00:00
32.0,62,23.7,1006.2,1007.3,74,9,9,69,5.2,282,21.2,0.0,1660.0,-3.8,-5.0,19.2,-4.4,16.1,286,10.8,90,67,2025-09-18 06:00:00+00:00
32.4,61,23.9,1005.5,1006.6,84,4,11,82,1.3,344,19.4,0.0,1950.0,-4.2,-9.0,19.1,-4.4,16.7,281,9.7,83,68,2025-09-18 07:00:00+00:00
32.3,63,24.2,1004.2,1005.3,83,11,7,79,2.5,111,16.9,0.0,2230.0,-4.3,-22.0,19.2,-4.4,16.9,284,8.7,74,71,2025-09-18 08:00:00+00:00
29.9,74,24.8,1003.3,1004.4,96,38,73,82,12.8,119,32.4,2.8,1860.0,-4.2,-46.0,19.3,-4.2,18.7,288,7.6,72,77,2025-09-18 09:00:00+00:00
29.1,80,25.2,1003.0,1004.1,41,4,16,28,9.1,162,33.1,1.5,1140.0,-4.4,-43.0,19.8,-4.0,20.8,289,5.4,63,72,2025-09-18 10:00:00+00:00
29.4,77,24.9,1003.2,1004.3,25,17,4,7,8.9,152,23.4,0.1,1470.0,-4.5,-50.0,20.0,-4.2,20.3,286,7.6,72,74,2025-09-18 11:00:00+00:00
27.9,82,24.6,1004.6,1005.7,62,41,13,27,9.8,224,23.8,1.7,1540.0,-4.3,-35.0,20.0,-4.0,15.8,303,6.0,37,79,2025-09-18 12:00:00+00:00
26.8,87,24.4,1005.0,1006.1,61,0,14,55,5.5,191,20.2,0.0,1860.0,-3.9,-25.0,20.2,-4.0,13.0,295,5.4,63,80,2025-09-18 13:00:00+00:00
26.5,90,24.6,1005.8,1006.9,54,4,32,32,3.8,199,12.2,0.0,2200.0,-4.0,-22.0,20.0,-4.0,10.1,288,6.5,68,79,2025-09-18 14:00:00+00:00
26.4,89,24.3,1006.9,1008.0,38,0,37,0,7.6,205,15.8,0.0,2460.0,-4.1,-25.0,19.9,-4.0,9.1,273,9.7,83,78,2025-09-18 15:00:00+00:00
26.4,89,24.4,1007.9,1009.0,6,3,4,2,7.1,214,16.2,0.0,2660.0,-3.9,-36.0,19.7,-4.0,9.4,256,12.1,84,78,2025-09-18 16:00:00+00:00
26.2,90,24.5,1008.0,1009.2,38,2,26,22,8.1,239,16.6,0.0,2320.0,-3.6,-40.0,19.4,-3.5,11.2,243,13.3,85,83,2025-09-18 17:00:00+00:00
26.0,91,24.4,1007.7,1008.9,64,9,13,57,12.2,253,24.8,0.0,1120.0,-3.3,-42.0,19.3,-4.2,6.9,293,14.0,70,76,2025-09-18 18:00:00+00:00
25.6,89,23.7,1007.2,1008.4,100,3,39,100,12.1,272,27.7,0.0,850.0,-3.9,-63.0,19.2,-4.4,12.4,278,13.3,85,73,2025-09-18 19:00:00+00:00
25.3,88,23.2,1006.0,1007.2,100,1,12,100,14.3,258,31.0,0.0,850.0,-2.9,-83.0,19.2,-4.7,16.2,280,11.1,77,74,2025-09-18 20:00:00+00:00
25.2,88,23.0,1005.5,1006.7,100,0,37,100,13.3,279,29.9,0.0,630.0,-2.7,-102.0,19.1,-4.4,18.5,286,10.9,84,76,2025-09-18 21:00:00+00:00
25.5,86,22.9,1005.7,1006.9,100,8,28,100,11.1,277,28.1,0.0,230.0,-2.5,-93.0,18.8,-4.7,20.1,291,11.1,77,73,2025-09-18 22:00:00+00:00
25.4,87,23.0,1006.4,1007.6,100,3,31,100,5.6,243,22.7,0.6,310.0,-2.1,-81.0,18.7,-4.9,20.6,298,9.9,76,69,2025-09-18 23:00:00+00:00
25.4,88,23.2,1006.4,1007.6,100,2,6,100,7.6,273,14.4,0.8,550.0,-1.6,-101.0,19.1,-4.7,25.9,304,11.1,77,74,2025-09-19 00:00:00+00:00
26.3,81,22.8,1006.4,1007.5,100,0,26,100,12.9,279,34.2,0.0,640.0,-1.3,-152.0,18.9,-4.9,27.2,305,11.4,72,74,2025-09-19 01:00:00+00:00
27.0,79,23.1,1006.9,1008.0,100,0,26,100,11.0,276,26.6,0.0,690.0,-1.4,-125.0,18.8,-4.9,25.6,309,12.5,73,74,2025-09-19 02:00:00+00:00
27.9,76,23.3,1007.8,1008.9,100,0,33,100,10.3,272,25.2,0.0,930.0,-2.1,-92.0,18.7,-4.9,24.9,311,12.5,73,74,2025-09-19 03:00:00+00:00
28.8,72,23.2,1008.3,1009.4,100,0,7,100,8.9,261,24.8,0.0,1200.0,-2.6,-62.0,18.7,-4.9,23.8,315,12.5,73,74,2025-09-19 04:00:00+00:00
29.6,68,23.1,1008.2,1009.3,100,0,13,100,8.6,248,23.4,0.0,850.0,-2.5,-16.0,18.9,-4.9,21.4,310,11.1,77,73,2025-09-19 05:00:00+00:00
30.3,68,23.7,1007.4,1008.5,100,0,9,100,5.1,238,21.6,0.0,1070.0,-2.6,-3.0,19.4,-4.9,20.6,292,9.7,83,78,2025-09-19 06:00:00+00:00
30.4,67,23.7,1006.6,1007.7,100,8,90,100,3.3,229,15.5,0.2,1170.0,-3.1,-5.0,18.8,-4.7,23.6,280,8.5,82,78,2025-09-19 07:00:00+00:00
30.1,69,23.8,1005.3,1006.4,100,19,27,100,3.7,166,12.6,0.6,1380.0,-3.1,-7.0,18.9,-4.7,26.5,282,8.7,74,78,2025-09-19 08:00:00+00:00
28.7,77,24.2,1004.4,1005.5,98,0,16,98,8.2,199,25.2,0.5,1530.0,-2.8,-20.0,19.1,-4.4,28.0,286,8.7,74,79,2025-09-19 09:00:00+00:00
28.7,77,24.2,1004.6,1005.7,100,39,48,100,11.9,219,29.2,0.1,1460.0,-3.4,-23.0,19.3,-4.4,25.5,289,7.6,72,78,2025-09-19 10:00:00+00:00
27.7,80,24.0,1004.7,1005.8,100,5,15,100,10.1,235,31.0,0.0,1040.0,-3.7,-14.0,19.6,-4.4,25.0,291,7.6,72,77,2025-09-19 11:00:00+00:00
27.4,82,24.1,1004.7,1005.8,100,0,15,100,6.5,212,24.1,0.0,1520.0,-3.9,-14.0,19.7,-4.4,23.6,298,13.7,38,72,2025-09-19 12:00:00+00:00
27.5,84,24.5,1005.5,1006.6,100,0,89,97,8.7,249,18.0,0.0,1660.0,-3.5,-10.0,19.8,-4.4,22.9,305,14.4,42,69,2025-09-19 13:00:00+00:00
27.2,85,24.5,1005.9,1007.0,100,0,4,100,8.0,243,18.0,0.0,1610.0,-2.8,-38.0,19.8,-4.4,21.1,309,15.3,45,70,2025-09-19 14:00:00+00:00
27.0,85,24.3,1007.1,1008.2,100,0,6,100,8.1,252,18.0,0.0,1120.0,-2.7,-66.0,19.7,-4.2,18.7,304,16.1,48,72,2025-09-19 15:00:00+00:00
26.9,86,24.3,1007.9,1009.0,100,0,21,100,7.6,251,16.2,0.0,800.0,-2.7,-69.0,19.6,-4.2,19.2,295,17.3,56,76,2025-09-19 16:00:00+00:00
26.7,87,24.3,1008.1,1009.2,100,17,31,100,8.6,254,17.6,0.0,750.0,-3.0,-69.0,19.4,-4.2,20.5,287,16.7,60,79,2025-09-19 17:00:00+00:00
26.4,87,24.0,1007.8,1008.9,83,27,27,72,10.7,264,21.2,0.2,620.0,-2.4,-89.0,19.2,-4.4,22.1,292,17.8,70,81,2025-09-19 18:00:00+00:00
25.0,91,23.4,1007.0,1008.2,75,15,54,51,13.6,259,26.3,1.0,760.0,-1.9,-109.0,19.1,-4.7,24.4,287,17.5,74,87,2025-09-19 19:00:00+00:00
25.0,88,22.9,1005.9,1007.1,94,16,76,79,12.2,262,27.0,0.2,740.0,-1.8,-125.0,18.8,-4.7,28.1,287,14.6,81,91,2025-09-19 20:00:00+00:00
24.7,91,23.1,1005.9,1007.1,100,77,77,100,9.2,239,23.8,1.5,730.0,-2.0,-109.0,18.7,-4.7,29.9,291,9.7,83,79,2025-09-19 21:00:00+00:00
24.7,92,23.2,1005.2,1006.4,100,6,38,100,13.3,261,24.1,1.0,570.0,-2.1,-99.0,18.6,-4.7,29.4,294,7.0,59,70,2025-09-19 22:00:00+00:00
24.7,89,22.8,1005.5,1006.7,100,1,32,100,15.5,270,30.6,0.1,530.0,-1.6,-101.0,18.6,-4.7,28.4,294,7.0,59,68,2025-09-19 23:00:00+00:00
24.7,89,22.8,1005.8,1007.0,100,3,25,100,12.8,264,30.6,0.0,510.0,-1.3,-116.0,18.8,-4.7,30.7,305,10.3,36,72,2025-09-20 00:00:00+00:00
25.9,88,23.8,1006.5,1007.7,100,0,94,100,11.4,244,25.9,0.9,390.0,-1.1,-109.0,18.9,-4.7,28.6,304,9.4,40,71,2025-09-20 01:00:00+00:00
25.9,89,23.9,1007.4,1008.6,100,0,100,100,11.5,248,23.0,0.0,390.0,-1.7,-71.0,18.9,-4.4,27.2,305,10.3,36,74,2025-09-20 02:00:00+00:00
26.6,87,24.3,1007.8,1008.9,100,0,32,100,10.2,249,24.1,0.0,480.0,-2.5,-41.0,19.2,-4.4,25.3,308,11.3,32,73,2025-09-20 03:00:00+00:00
27.8,81,24.3,1007.7,1008.8,100,0,30,100,12.9,250,29.9,0.0,460.0,-2.8,-24.0,19.6,-4.4,22.9,313,10.7,27,70,2025-09-20 04:00:00+00:00
28.6,74,23.5,1007.5,1008.6,100,0,0,100,14.8,256,35.3,0.0,590.0,-2.8,-7.0,19.8,-4.2,21.9,317,9.7,30,69,2025-09-20 05:00:00+00:00
30.0,68,23.4,1006.8,1007.9,100,0,36,100,14.3,263,37.1,0.0,960.0,-3.2,-2.0,19.2,-4.4,20.2,329,11.1,13,70,2025-09-20 06:00:00+00:00
30.9,63,23.0,1005.5,1006.6,100,28,55,100,12.8,284,35.6,0.0,1220.0,-3.4,-2.0,19.4,-4.2,20.5,323,11.1,13,69,2025-09-20 07:00:00+00:00
30.7,66,23.5,1004.4,1005.5,100,21,8,100,10.8,288,29.9,0.4,1520.0,-3.1,-11.0,19.3,-4.2,22.2,314,11.1,13,69,2025-09-20 08:00:00+00:00
31.0,66,24.0,1003.5,1004.6,100,2,3,100,7.8,265,27.0,0.1,1820.0,-3.4,-32.0,19.3,-4.4,23.8,306,11.1,13,70,2025-09-20 09:00:00+00:00
31.1,68,24.4,1002.7,1003.8,90,3,4,89,6.4,227,23.4,0.1,1990.0,-3.3,-43.0,19.8,-4.4,26.8,302,9.9,14,73,2025-09-20 10:00:00+00:00
30.6,70,24.5,1002.7,1003.8,100,11,7,100,8.4,223,21.2,0.0,2130.0,-3.3,-42.0,19.8,-4.4,28.8,301,9.1,23,70,2025-09-20 11:00:00+00:00
29.9,76,25.1,1003.4,1004.5,100,15,7,100,6.4,241,20.2,0.0,2340.0,-2.9,-27.0,20.0,-3.7,29.8,309,11.1,13,72,2025-09-20 12:00:00+00:00
28.9,82,25.4,1004.6,1005.7,100,0,4,100,2.1,160,6.8,0.0,2350.0,-2.8,-31.0,20.0,-3.7,30.5,305,9.1,23,74,2025-09-20 13:00:00+00:00
28.4,82,24.9,1005.4,1006.5,96,0,0,96,6.1,199,10.4,0.0,2210.0,-3.5,-27.0,19.8,-3.7,28.8,301,9.1,23,76,2025-09-20 14:00:00+00:00
27.5,84,24.7,1006.0,1007.1,100,0,13,100,8.3,236,17.3,0.0,2010.0,-4.0,-26.0,19.7,-4.0,27.5,297,11.4,18,76,2025-09-20 15:00:00+00:00
26.8,85,24.0,1006.9,1008.0,100,0,100,100,8.3,256,17.3,0.0,1910.0,-4.2,-30.0,19.4,-4.0,26.6,292,12.5,17,78,2025-09-20 16:00:00+00:00
26.5,85,23.7,1007.2,1008.3,100,0,100,99,6.6,259,17.6,0.0,1740.0,-4.2,-38.0,19.3,-4.2,27.8,291,11.1,13,78,2025-09-20 17:00:00+00:00
26.1,87,23.7,1006.8,1007.9,100,0,64,100,5.9,243,13.7,0.2,1120.0,-3.7,-37.0,19.2,-4.4,30.1,302,14.8,14,74,2025-09-20 18:00:00+00:00
25.9,87,23.5,1005.9,1007.0,99,1,15,99,6.9,233,13.7,0.1,710.0,-3.2,-41.0,19.2,-4.2,32.2,299,15.2,18,76,2025-09-20 19:00:00+00:00
25.7,86,23.3,1005.0,1006.1,94,1,7,94,7.7,231,15.5,0.0,580.0,-2.7,-59.0,19.2,-4.0,33.9,301,15.2,18,76,2025-09-20 20:00:00+00:00
25.6,87,23.2,1004.4,1005.5,99,2,9,99,9.4,239,18.7,0.0,530.0,-1.5,-74.0,19.2,-4.0,37.0,302,14.0,20,72,2025-09-20 21:00:00+00:00
25.6,87,23.2,1004.1,1005.2,100,9,19,100,10.8,242,21.6,0.0,460.0,-1.9,-100.0,18.9,-3.7,32.1,305,12.9,22,77,2025-09-20 22:00:00+00:00
25.7,86,23.2,1004.2,1005.3,100,4,10,100,10.5,239,23.0,0.0,480.0,-1.4,-106.0,18.6,-4.2,32.3,306,12.9,22,71,2025-09-20 23:00:00+00:00
25.7,86,23.2,1004.7,1005.8,100,9,4,100,10.0,234,21.6,0.0,500.0,-2.0,-117.0,18.7,-4.7,31.6,319,13.4,10,67,2025-09-21 00:00:00+00:00
26.5,86,24.0,1005.2,1006.3,100,2,100,100,10.3,254,23.4,0.2,430.0,-2.1,-106.0,18.8,-4.7,28.4,319,13.7,15,62,2025-09-21 01:00:00+00:00
27.0,84,24.1,1006.2,1007.3,100,0,100,100,8.0,264,20.9,0.0,380.0,-2.6,-87.0,18.8,-4.7,24.2,317,14.8,14,63,2025-09-21 02:00:00+00:00
27.0,84,24.1,1006.2,1007.3,100,0,99,98,7.8,277,18.4,0.1,420.0,-2.8,-71.0,18.9,-4.7,21.6,312,15.2,18,66,2025-09-21 03:00:00+00:00
28.3,81,24.7,1006.4,1007.5,100,0,37,100,5.4,268,18.0,0.2,410.0,-3.3,-41.0,19.1,-4.4,19.9,307,14.5,24,66,2025-09-21 04:00:00+00:00
29.3,75,24.4,1006.1,1007.2,100,0,99,100,4.3,253,16.2,0.0,530.0,-3.7,-17.0,19.3,-4.2,18.6,301,14.0,31,66,2025-09-21 05:00:00+00:00
29.4,74,24.2,1005.8,1006.9,100,8,99,100,3.3,248,14.4,0.0,910.0,-3.9,-3.0,19.3,-4.2,15.9,307,12.5,17,67,2025-09-21 06:00:00+00:00
30.2,70,24.1,1004.6,1005.7,100,22,12,100,4.0,297,17.3,0.0,1230.0,-4.0,-1.0,19.4,-4.2,15.9,297,11.8,24,67,2025-09-21 07:00:00+00:00
31.2,68,24.7,1003.9,1005.0,100,8,21,100,2.5,300,18.0,0.0,1440.0,-4.2,-2.0,19.7,-4.2,18.0,291,10.3,21,68,2025-09-21 08:00:00+00:00
31.2,68,24.5,1003.2,1004.3,100,9,12,100,1.9,214,16.2,0.1,1440.0,-3.9,-6.0,19.8,-4.2,21.6,288,9.1,23,67,2025-09-21 09:00:00+00:00
31.2,68,24.6,1002.5,1003.6,100,8,2,100,1.5,173,15.1,0.0,1560.0,-4.0,-15.0,19.7,-4.0,23.2,286,8.0,27,66,2025-09-21 10:00:00+00:00
30.9,70,24.7,1002.4,1003.5,77,5,22,75,4.0,180,13.3,0.0,1750.0,-4.1,-40.0,19.3,-4.0,19.3,278,7.0,31,63,2025-09-21 11:00:00+00:00
29.8,76,25.1,1002.8,1003.9,99,4,2,99,7.7,179,15.5,0.0,2250.0,-3.4,-43.0,19.3,-4.0,20.5,282,7.2,360,68,2025-09-21 12:00:00+00:00
28.7,78,24.5,1003.9,1005.0,100,0,0,100,8.9,174,16.9,0.0,1660.0,-2.5,-67.0,19.6,-4.0,24.5,285,3.6,360,66,2025-09-21 13:00:00+00:00
27.4,86,24.9,1004.9,1006.0,100,0,9,100,7.5,200,18.4,0.0,1560.0,-2.6,-66.0,19.9,-3.5,25.8,287,0.0,270,70,2025-09-21 14:00:00+00:00
27.1,88,24.9,1005.8,1006.9,100,0,5,100,9.2,206,18.7,0.0,1730.0,-2.9,-59.0,19.8,-3.5,25.5,289,2.4,180,71,2025-09-21 15:00:00+00:00
26.9,88,24.7,1006.5,1007.6,100,0,13,100,8.1,208,19.1,0.0,1590.0,-3.2,-60.0,19.8,-3.3,25.4,288,1.2,180,73,2025-09-21 16:00:00+00:00
26.8,86,24.4,1006.5,1007.6,100,2,5,100,7.7,221,17.6,0.0,1530.0,-2.9,-68.0,19.6,-3.3,25.0,291,1.2,360,72,2025-09-21 17:00:00+00:00
26.7,87,24.3,1006.3,1007.4,100,0,12,100,7.6,214,15.8,0.0,1050.0,-2.0,-79.0,19.3,-3.5,29.0,294,6.1,11,73,2025-09-21 18:00:00+00:00
26.5,88,24.3,1006.2,1007.3,100,10,32,100,9.6,230,19.4,0.0,900.0,-0.6,-140.0,19.1,-3.5,29.8,295,4.8,360,73,2025-09-21 19:00:00+00:00
26.2,89,24.2,1005.4,1006.5,100,0,100,100,13.2,240,27.4,0.0,590.0,-0.5,-141.0,18.8,-4.0,31.8,294,1.2,270,76,2025-09-21 20:00:00+00:00
26.0,87,23.7,1004.9,1006.0,100,14,11,100,13.9,239,29.2,0.0,470.0,-1.7,-120.0,18.8,-4.0,34.1,293,2.4,270,78,2025-09-21 21:00:00+00:00
25.7,85,23.0,1004.7,1005.8,95,0,7,94,13.3,247,29.9,0.0,610.0,-1.9,-95.0,18.9,-4.2,35.1,298,3.8,288,74,2025-09-21 22:00:00+00:00
25.5,87,23.1,1004.8,1006.0,99,1,21,98,12.5,254,28.1,0.0,720.0,-1.8,-79.0,18.7,-4.0,34.3,299,4.9,284,66,2025-09-21 23:00:00+00:00
25.4,86,22.8,1005.2,1006.4,100,0,7,100,10.9,263,25.9,0.0,850.0,-1.0,-93.0,18.5,-4.0,32.8,297,9.4,320,70,2025-09-22 00:00:00+00:00
26.1,84,23.2,1006.0,1007.1,100,0,15,100,13.1,254,27.0,0.0,770.0,-1.0,-90.0,18.8,-4.0,29.6,295,8.0,333,71,2025-09-22 01:00:00+00:00
26.8,85,24.0,1006.8,1007.9,100,2,23,100,10.4,252,27.7,0.0,660.0,-1.1,-57.0,19.2,-3.7,28.1,287,6.0,323,74,2025-09-22 02:00:00+00:00
28.0,83,24.8,1007.2,1008.3,100,0,20,100,9.5,251,22.7,0.0,680.0,-1.5,-35.0,19.2,-3.7,29.1,280,4.3,304,74,2025-09-22 03:00:00+00:00
29.3,75,24.4,1007.6,1008.7,100,1,22,100,10.3,265,25.6,0.0,600.0,-2.0,-22.0,19.3,-3.7,28.9,276,3.8,288,74,2025-09-22 04:00:00+00:00
30.3,70,24.2,1007.1,1008.2,100,0,8,100,11.7,285,29.5,0.0,430.0,-2.3,-12.0,19.6,-3.7,29.2,274,4.9,284,76,2025-09-22 05:00:00+00:00
31.1,66,24.1,1006.4,1007.5,100,0,3,100,11.8,286,29.9,0.0,730.0,-2.8,-1.0,19.8,-3.7,27.8,267,11.1,283,79,2025-09-22 06:00:00+00:00
31.5,64,23.9,1005.0,1006.1,100,0,0,100,11.4,286,29.9,0.0,700.0,-3.0,-1.0,19.4,-3.7,26.0,268,12.5,287,81,2025-09-22 07:00:00+00:00
32.0,63,24.2,1004.0,1005.1,100,0,1,100,10.6,288,29.2,0.0,790.0,-2.8,-2.0,19.6,-3.7,28.3,270,13.4,280,79,2025-09-22 08:00:00+00:00
32.3,63,24.4,1003.2,1004.3,100,1,10,100,9.3,283,29.5,0.0,970.0,-2.8,-7.0,19.7,-3.5,30.2,274,13.4,280,77,2025-09-22 09:00:00+00:00
32.4,63,24.5,1002.8,1003.9,100,5,8,100,7.3,287,28.1,0.0,1050.0,-2.6,-26.0,20.0,-3.3,31.7,277,13.4,280,77,2025-09-22 10:00:00+00:00
32.3,65,24.8,1003.1,1004.2,100,39,5,100,3.5,261,25.2,0.0,1000.0,-2.3,-40.0,20.2,-3.0,31.7,277,12.2,281,74,2025-09-22 11:00:00+00:00
27.3,89,25.3,1004.5,1005.6,100,9,56,100,8.6,168,29.5,3.3,1070.0,-1.9,-34.0,19.6,-3.0,33.7,283,12.1,276,70,2025-09-22 12:00:00+00:00
27.6,83,24.5,1004.9,1006.0,100,0,11,100,5.7,191,20.5,0.1,1200.0,-2.1,-36.0,19.6,-3.0,33.9,281,9.7,263,72,2025-09-22 13:00:00+00:00
27.3,89,25.3,1005.9,1007.0,100,3,10,100,2.0,190,10.4,0.0,1550.0,-2.5,-37.0,19.7,-3.0,32.8,280,10.9,264,74,2025-09-22 14:00:00+00:00
27.4,88,25.3,1007.0,1008.1,100,5,42,100,3.1,173,6.1,0.0,1890.0,-2.2,-35.0,19.8,-3.3,32.3,279,10.9,264,74,2025-09-22 15:00:00+00:00
27.6,84,24.7,1007.5,1008.6,63,8,48,28,6.3,167,11.5,0.0,2220.0,-1.8,-40.0,20.0,-3.5,31.3,278,12.1,264,79,2025-09-22 16:00:00+00:00
27.8,85,25.0,1007.7,1008.8,65,10,32,43,8.3,179,16.2,0.0,2650.0,-1.8,-40.0,19.6,-3.7,29.6,280,14.6,279,93,2025-09-22 17:00:00+00:00
27.6,87,25.3,1007.6,1008.7,100,7,71,100,5.1,188,17.3,0.0,2460.0,-1.9,-40.0,19.1,-4.2,24.8,277,14.5,246,81,2025-09-22 18:00:00+00:00
26.7,87,24.4,1007.7,1008.8,91,18,56,79,13.5,260,23.8,2.4,2150.0,-1.4,-45.0,19.2,-4.2,27.1,277,14.5,246,82,2025-09-22 19:00:00+00:00
25.1,91,23.5,1006.8,1008.0,100,5,100,98,12.9,231,29.9,2.7,2280.0,-1.5,-58.0,19.2,-4.0,26.1,275,19.4,248,81,2025-09-22 20:00:00+00:00
25.0,90,23.3,1006.1,1007.3,100,1,100,100,11.3,260,24.8,0.2,1940.0,-1.2,-61.0,18.8,-4.2,30.1,271,19.8,256,82,2025-09-22 21:00:00+00:00
25.2,87,22.9,1005.5,1006.7,100,4,91,100,11.3,252,22.0,0.1,1660.0,-1.6,-60.0,19.1,-4.0,35.2,280,18.4,259,81,2025-09-22 22:00:00+00:00
25.4,86,22.8,1005.7,1006.9,100,0,90,100,11.0,269,22.0,0.0,1350.0,-1.8,-75.0,19.1,-3.7,34.2,289,19.5,259,76,2025-09-22 23:00:00+00:00
24.9,89,23.1,1006.2,1007.4,100,1,12,100,10.2,234,22.0,0.0,930.0,-1.8,-79.0,19.2,-3.7,33.0,288,22.9,264,80,2025-09-23 00:00:00+00:00
26.5,79,22.6,1007.0,1008.1,100,0,16,100,12.4,240,25.9,0.0,580.0,-2.3,-73.0,19.3,-3.7,30.5,284,22.8,267,83,2025-09-23 01:00:00+00:00
26.9,79,22.9,1007.6,1008.7,100,0,8,100,11.3,252,25.9,0.0,260.0,-2.5,-43.0,19.3,-3.7,31.1,274,22.8,267,81,2025-09-23 02:00:00+00:00
28.1,78,23.8,1008.1,1009.2,100,0,16,100,10.7,247,24.1,0.0,220.0,-1.9,-51.0,19.3,-3.7,33.3,268,22.9,264,83,2025-09-23 03:00:00+00:00
29.2,72,23.7,1008.2,1009.3,100,0,27,100,12.9,255,29.9,0.0,290.0,-1.5,-64.0,19.4,-3.5,34.2,268,21.9,261,83,2025-09-23 04:00:00+00:00
30.1,67,23.3,1007.9,1009.0,100,0,1,100,14.2,266,33.8,0.0,380.0,-1.8,-50.0,19.8,-3.3,35.1,273,22.1,257,81,2025-09-23 05:00:00+00:00
30.6,65,23.2,1006.9,1008.0,100,0,18,100,13.9,265,33.8,0.0,750.0,-1.9,-32.0,20.2,-3.5,34.8,276,27.1,257,74,2025-09-23 06:00:00+00:00
31.5,61,23.2,1005.9,1007.0,100,49,6,100,16.9,284,40.0,0.0,750.0,-1.6,-13.0,19.8,-3.5,36.1,280,25.9,257,77,2025-09-23 07:00:00+00:00
31.8,62,23.7,1004.5,1005.6,100,7,6,100,13.6,276,40.7,0.0,610.0,-1.6,-4.0,19.2,-3.5,37.8,279,25.9,257,77,2025-09-23 08:00:00+00:00
31.7,63,23.7,1003.6,1004.7,100,4,15,100,12.1,255,42.5,0.0,680.0,-1.6,-2.0,19.8,-3.3,40.5,278,26.6,252,77,2025-09-23 09:00:00+00:00
32.0,61,23.5,1003.1,1004.2,100,2,24,100,10.6,261,35.3,0.0,1020.0,-1.6,-3.0,19.4,-3.0,35.4,278,26.6,252,81,2025-09-23 10:00:00+00:00
31.6,63,23.7,1003.2,1004.3,100,3,35,100,8.8,265,29.2,0.0,1070.0,-1.9,-6.0,19.8,-3.3,39.6,282,26.2,254,80,2025-09-23 11:00:00+00:00
29.5,73,24.1,1003.9,1005.0,100,7,40,100,11.8,219,25.2,0.0,980.0,-1.7,-20.0,19.7,-3.3,33.1,288,23.9,252,82,2025-09-23 12:00:00+00:00
28.6,82,25.2,1004.6,1005.7,100,0,15,100,5.3,225,14.8,0.0,1100.0,-0.8,-38.0,19.9,-3.3,32.1,288,22.4,254,79,2025-09-23 13:00:00+00:00
28.0,85,25.1,1005.1,1006.2,100,0,97,100,4.2,230,11.2,0.0,1080.0,-0.2,-56.0,19.9,-3.5,29.3,291,21.3,254,91,2025-09-23 14:00:00+00:00
27.8,84,24.9,1005.9,1007.0,100,0,34,100,5.3,225,10.1,0.0,1140.0,-0.7,-43.0,19.4,-4.0,26.1,293,23.3,258,94,2025-09-23 15:00:00+00:00
27.6,85,24.8,1006.8,1007.9,100,0,100,100,6.9,217,14.0,0.0,1230.0,-1.0,-49.0,19.3,-4.0,26.7,290,22.9,264,80,2025-09-23 16:00:00+00:00
27.3,86,24.8,1006.8,1007.9,100,0,17,100,6.7,224,14.0,0.0,1440.0,-1.0,-51.0,19.2,-4.2,28.5,290,22.8,267,81,2025-09-23 17:00:00+00:00
27.1,88,24.8,1006.5,1007.6,100,6,15,100,7.4,219,14.8,0.0,910.0,-1.2,-35.0,19.1,-4.0,35.9,288,24.7,256,91,2025-09-23 18:00:00+00:00
26.6,86,24.1,1006.2,1007.3,100,24,74,100,7.3,226,22.0,2.3,650.0,-1.2,-35.0,19.1,-4.0,41.6,279,25.9,257,94,2025-09-23 19:00:00+00:00
26.5,87,24.2,1005.1,1006.2,100,15,33,100,6.4,232,20.9,0.3,390.0,-1.5,-41.0,19.1,-4.0,43.5,276,27.4,255,94,2025-09-23 20:00:00+00:00
26.4,89,24.5,1004.8,1005.9,100,6,23,100,4.3,275,11.5,0.0,260.0,-1.0,-45.0,18.9,-4.0,44.9,276,28.2,258,92,2025-09-23 21:00:00+00:00
26.2,90,24.3,1004.6,1005.7,100,3,18,100,6.3,250,11.2,0.0,250.0,-0.4,-106.0,19.1,-4.0,45.8,276,29.0,263,92,2025-09-23 22:00:00+00:00
26.1,84,23.1,1004.6,1005.7,100,0,15,100,9.8,247,18.0,0.0,190.0,0.2,-183.0,19.1,-4.2,46.8,277,32.4,268,91,2025-09-23 23:00:00+00:00
25.8,80,22.2,1004.9,1006.0,100,0,4,100,10.9,250,22.0,0.0,50.0,0.0,-149.0,19.2,-3.7,47.6,288,32.5,266,89,2025-09-24 00:00:00+00:00
27.2,73,21.8,1005.2,1006.3,100,0,7,100,12.4,268,25.9,0.0,20.0,0.0,-150.0,19.3,-4.0,47.0,293,33.8,264,84,2025-09-24 01:00:00+00:00
27.7,71,22.0,1006.3,1007.4,100,0,10,100,12.1,267,26.3,0.0,0.0,-0.8,-107.0,19.2,-4.2,46.1,295,33.9,262,81,2025-09-24 02:00:00+00:00
28.5,69,22.2,1007.0,1008.1,100,0,15,100,11.6,262,27.0,0.0,10.0,-1.5,-73.0,19.3,-4.0,45.5,296,32.8,262,79,2025-09-24 03:00:00+00:00
29.6,62,21.4,1007.1,1008.2,100,0,0,100,15.9,265,36.7,0.0,10.0,-1.1,-56.0,19.4,-3.7,45.4,297,30.6,259,78,2025-09-24 04:00:00+00:00
30.4,58,21.3,1006.6,1007.7,100,0,4,100,16.1,275,38.2,0.0,10.0,-0.7,-48.0,19.6,-3.3,46.3,298,30.6,259,80,2025-09-24 05:00:00+00:00
31.2,56,21.5,1005.8,1006.9,100,0,2,100,14.8,284,37.8,0.0,100.0,-0.7,-32.0,19.3,-3.3,46.8,301,38.5,266,80,2025-09-24 06:00:00+00:00
32.2,53,21.4,1004.6,1005.7,100,1,1,100,15.9,292,43.9,0.0,120.0,-0.6,-15.0,18.8,-3.0,44.6,297,39.6,270,81,2025-09-24 07:00:00+00:00
32.7,50,21.0,1003.2,1004.3,89,10,8,87,17.0,294,43.9,0.0,120.0,-0.3,-4.0,18.3,-2.8,44.9,293,40.8,270,83,2025-09-24 08:00:00+00:00
32.8,49,20.5,1002.4,1003.5,100,6,23,100,14.4,302,40.3,0.1,100.0,-0.4,-10.0,18.7,-2.8,37.9,286,40.8,272,84,2025-09-24 09:00:00+00:00
32.3,53,21.5,1001.7,1002.8,100,0,22,100,8.4,305,33.1,0.4,90.0,-0.2,-17.0,19.4,-3.0,34.1,286,39.7,273,92,2025-09-24 10:00:00+00:00
32.8,52,21.6,1001.1,1002.2,76,5,11,71,3.7,235,23.4,0.0,80.0,-0.3,-11.0,19.8,-3.3,34.1,282,40.9,273,92,2025-09-24 11:00:00+00:00
30.5,71,24.8,1001.8,1002.9,100,4,22,100,1.0,68,10.8,0.4,130.0,-0.3,-24.0,19.3,-2.8,39.6,285,39.8,275,88,2025-09-24 12:00:00+00:00
28.9,66,22.0,1002.7,1003.8,100,0,100,58,5.2,248,18.7,0.0,280.0,0.2,-28.0,19.7,-3.0,39.7,283,38.9,279,94,2025-09-24 13:00:00+00:00
28.5,65,21.3,1003.6,1004.7,91,0,26,87,9.1,277,16.9,0.0,270.0,2.0,-33.0,20.0,-3.0,41.7,280,37.9,281,97,2025-09-24 14:00:00+00:00
28.7,60,20.2,1004.4,1005.5,99,0,52,99,13.0,272,25.9,0.0,230.0,2.9,-24.0,20.2,-3.3,41.1,274,37.0,283,100,2025-09-24 15:00:00+00:00
28.7,58,19.7,1005.4,1006.5,100,0,100,98,18.4,267,35.6,0.0,180.0,2.8,0.0,20.2,-3.3,41.5,272,33.8,287,94,2025-09-24 16:00:00+00:00
28.2,61,20.0,1005.3,1006.4,100,0,99,100,19.3,271,40.7,0.0,140.0,2.2,0.0,20.2,-3.3,42.4,269,29.6,291,93,2025-09-24 17:00:00+00:00
27.8,66,21.0,1004.8,1005.9,70,0,30,57,15.3,269,40.3,0.0,100.0,2.0,-25.0,20.2,-3.0,43.5,276,26.3,300,93,2025-09-24 18:00:00+00:00
27.1,71,21.4,1004.2,1005.3,36,0,29,11,11.7,257,31.7,0.0,130.0,1.7,-32.0,20.2,-3.0,47.3,277,24.7,293,91,2025-09-24 19:00:00+00:00
26.7,73,21.5,1003.4,1004.5,49,2,29,28,12.4,249,25.2,0.0,340.0,1.2,-42.0,19.9,-3.5,50.3,279,22.1,283,87,2025-09-24 20:00:00+00:00
26.3,75,21.5,1003.1,1004.2,23,1,12,12,12.8,251,27.0,0.0,480.0,0.5,-24.0,19.6,-4.0,53.0,278,21.9,279,79,2025-09-24 21:00:00+00:00
26.0,77,21.7,1003.1,1004.2,44,1,16,33,12.3,255,26.3,0.0,470.0,0.6,-27.0,19.2,-4.0,52.7,280,21.0,283,73,2025-09-24 22:00:00+00:00
25.9,78,21.7,1003.2,1004.3,83,0,19,80,13.2,256,27.0,0.0,290.0,0.6,-30.0,19.2,-4.0,50.3,284,21.9,279,71,2025-09-24 23:00:00+00:00
25.8,79,21.8,1003.5,1004.6,54,0,33,32,13.1,257,27.7,0.0,120.0,0.5,-39.0,19.4,-3.7,40.6,296,20.5,277,71,2025-09-25 00:00:00+00:00
27.2,74,22.1,1003.9,1005.0,100,0,7,100,12.1,260,27.0,0.0,90.0,0.6,-122.0,19.7,-3.5,36.6,301,19.5,281,74,2025-09-25 01:00:00+00:00
28.0,71,22.4,1004.9,1006.0,100,0,10,100,11.2,266,24.8,0.0,80.0,0.0,-82.0,19.8,-3.7,34.3,303,18.6,285,77,2025-09-25 02:00:00+00:00
29.2,68,22.6,1005.7,1006.8,96,0,12,96,10.5,263,24.5,0.0,110.0,-0.3,-64.0,19.7,-4.0,34.4,302,18.3,293,80,2025-09-25 03:00:00+00:00
30.3,61,22.0,1005.7,1006.8,94,0,0,94,12.6,274,30.6,0.0,100.0,-0.7,-43.0,19.7,-4.0,34.3,299,17.2,295,80,2025-09-25 04:00:00+00:00
31.4,59,22.3,1005.4,1006.5,98,0,3,98,12.3,284,31.0,0.0,180.0,-0.7,-23.0,19.8,-4.2,36.3,295,17.7,298,80,2025-09-25 05:00:00+00:00
32.3,57,22.7,1004.7,1005.8,99,0,2,99,12.5,288,31.7,0.0,330.0,-1.0,-7.0,19.9,-4.0,33.6,298,24.3,303,80,2025-09-25 06:00:00+00:00
33.1,54,22.6,1003.4,1004.5,55,4,4,52,11.8,290,36.7,0.0,380.0,-0.9,0.0,19.7,-4.0,37.5,294,23.7,300,78,2025-09-25 07:00:00+00:00
33.6,52,22.4,1002.0,1003.1,53,9,4,47,11.5,292,34.9,0.0,370.0,-1.0,-6.0,19.3,-4.0,37.6,289,25.3,301,71,2025-09-25 08:00:00+00:00
33.7,52,22.6,1000.6,1001.7,95,4,11,95,9.4,290,33.8,0.0,270.0,-1.6,-7.0,19.4,-4.0,29.1,284,28.6,303,73,2025-09-25 09:00:00+00:00
33.8,52,22.6,999.8,1000.9,99,6,23,99,6.3,250,23.8,0.0,230.0,-2.1,-27.0,20.0,-3.7,24.5,280,29.6,302,66,2025-09-25 10:00:00+00:00
32.6,57,22.9,1000.2,1001.3,37,10,36,1,10.4,262,23.0,0.1,160.0,-2.8,-39.0,20.8,-3.5,26.9,285,27.6,304,72,2025-09-25 11:00:00+00:00
29.0,70,23.1,1001.2,1002.3,28,2,21,9,16.7,217,38.2,0.0,610.0,-2.9,-37.0,20.5,-3.5,26.1,297,27.6,304,66,2025-09-25 12:00:00+00:00
28.6,83,25.4,1002.1,1003.2,96,11,36,93,11.0,177,22.3,0.0,660.0,-3.0,-54.0,20.9,-3.5,26.7,293,27.0,302,68,2025-09-25 13:00:00+00:00
28.3,83,25.2,1002.8,1003.9,99,5,19,99,9.0,183,22.7,0.0,1730.0,-2.4,-19.0,20.8,-3.3,26.2,287,25.0,305,83,2025-09-25 14:00:00+00:00
27.9,85,25.1,1003.9,1005.0,98,3,20,98,10.2,208,19.4,0.0,1980.0,-1.5,-61.0,20.3,-3.3,29.4,286,24.0,307,72,2025-09-25 15:00:00+00:00
27.3,83,24.2,1004.8,1005.9,100,0,4,100,12.2,221,29.9,0.1,1450.0,-1.8,-66.0,19.9,-3.5,28.1,290,24.6,313,70,2025-09-25 16:00:00+00:00
26.6,86,24.1,1004.7,1005.8,99,1,12,99,11.7,236,24.5,0.0,750.0,-2.4,-60.0,19.7,-3.5,27.1,297,23.1,309,77,2025-09-25 17:00:00+00:00
26.0,87,23.7,1004.3,1005.4,99,6,14,99,11.1,241,24.8,0.0,340.0,-3.0,-50.0,19.4,-3.5,36.9,297,27.6,304,74,2025-09-25 18:00:00+00:00
25.6,87,23.3,1003.9,1005.0,99,17,34,98,8.9,284,22.7,0.0,290.0,-2.1,-47.0,19.4,-3.3,39.1,291,27.0,302,69,2025-09-25 19:00:00+00:00
25.6,86,23.1,1003.2,1004.3,99,9,31,98,7.8,248,18.0,0.0,330.0,-1.5,-55.0,19.3,-3.5,42.1,292,27.4,299,73,2025-09-25 20:00:00+00:00
25.4,88,23.3,1002.8,1003.9,100,1,22,100,9.7,242,19.8,0.0,290.0,-0.8,-73.0,19.3,-3.5,43.5,293,26.3,294,68,2025-09-25 21:00:00+00:00
25.5,88,23.3,1002.6,1003.7,100,0,1,100,10.9,243,22.3,0.0,210.0,-0.5,-75.0,19.3,-3.5,42.9,292,25.2,295,72,2025-09-25 22:00:00+00:00
25.7,85,23.0,1003.0,1004.1,100,0,0,100,11.4,251,23.8,0.0,140.0,0.6,-75.0,19.4,-3.3,41.4,294,24.1,297,66,2025-09-25 23:00:00+00:00
25.8,82,22.6,1003.1,1004.2,100,0,0,100,10.7,256,23.8,0.0,60.0,0.9,0.0,19.6,-3.0,39.4,298,27.4,293,57,2025-09-26 00:00:00+00:00
26.4,78,22.3,1003.1,1004.2,100,0,0,100,12.6,245,28.1,0.0,10.0,0.8,0.0,19.9,-3.3,40.4,298,28.5,292,52,2025-09-26 01:00:00+00:00
27.2,76,22.5,1004.0,1005.1,100,0,0,100,11.0,246,25.9,0.0,0.0,0.2,0.0,19.9,-3.3,41.4,300,27.0,291,52,2025-09-26 02:00:00+00:00
28.5,72,23.0,1004.8,1005.9,100,0,0,100,10.4,249,24.8,0.0,10.0,-0.3,-58.0,19.9,-3.3,42.1,300,25.4,289,60,2025-09-26 03:00:00+00:00
29.7,67,22.8,1005.0,1006.1,100,0,0,100,11.3,262,27.7,0.0,30.0,-0.7,-30.0,19.8,-3.3,42.4,300,26.2,286,61,2025-09-26 04:00:00+00:00
31.1,61,22.8,1004.5,1005.6,87,0,1,87,11.2,268,28.8,0.0,100.0,-1.3,-11.0,19.9,-3.3,44.0,297,27.7,288,62,2025-09-26 05:00:00+00:00
32.1,59,23.1,1003.4,1004.5,100,1,1,100,13.4,266,42.1,0.0,290.0,-1.6,-2.0,20.0,-3.0,41.4,297,25.3,275,71,2025-09-26 06:00:00+00:00
32.9,55,22.5,1001.9,1003.0,99,10,11,99,15.5,275,46.8,0.0,290.0,-1.2,-14.0,19.9,-2.8,39.2,293,26.6,278,71,2025-09-26 07:00:00+00:00
33.3,49,21.3,1001.1,1002.2,100,4,5,100,18.1,285,47.5,0.0,460.0,-0.1,-11.0,19.4,-3.0,39.4,290,26.8,280,72,2025-09-26 08:00:00+00:00
33.2,49,20.9,1000.2,1001.3,100,4,20,100,19.2,283,45.0,0.0,380.0,0.5,-11.0,18.9,-3.3,28.4,276,26.2,286,80,2025-09-26 09:00:00+00:00
32.8,51,21.2,1000.0,1001.1,100,13,33,100,15.7,281,47.5,0.0,450.0,0.1,-61.0,19.4,-3.3,29.7,274,23.3,282,79,2025-09-26 10:00:00+00:00
30.5,64,23.0,1000.5,1001.6,85,16,18,82,11.3,217,35.6,0.0,310.0,-0.5,-28.0,19.4,-2.6,32.1,277,24.3,279,76,2025-09-26 11:00:00+00:00
29.2,72,23.6,1001.3,1002.4,100,4,41,100,11.0,220,25.9,0.1,300.0,-1.5,-14.0,19.6,-2.6,30.2,276,23.9,288,76,2025-09-26 12:00:00+00:00
28.5,76,23.9,1002.2,1003.3,99,0,10,98,6.4,230,17.6,0.0,460.0,-0.7,-34.0,19.7,-2.8,28.4,276,22.1,283,93,2025-09-26 13:00:00+00:00
28.1,75,23.3,1003.3,1004.4,100,2,37,100,4.7,247,13.0,0.0,800.0,-0.1,-83.0,19.8,-2.6,28.4,276,20.5,277,80,2025-09-26 14:00:00+00:00
27.9,76,23.2,1004.3,1005.4,100,10,48,100,8.1,325,14.4,0.0,1050.0,0.3,-129.0,19.8,-3.3,31.2,277,18.2,278,73,2025-09-26 15:00:00+00:00
27.5,78,23.4,1005.3,1006.4,100,1,75,100,6.4,315,19.8,0.0,850.0,0.1,-122.0,19.6,-3.7,40.4,281,16.8,274,87,2025-09-26 16:00:00+00:00
27.4,79,23.3,1005.3,1006.4,99,8,24,99,5.6,230,12.2,0.0,740.0,-0.4,-79.0,18.6,-4.2,39.8,283,14.4,265,87,2025-09-26 17:00:00+00:00
27.3,77,22.9,1005.1,1006.2,100,6,23,99,7.6,216,15.8,0.0,400.0,-0.3,-85.0,18.8,-4.2,51.1,278,18.8,243,94,2025-09-26 18:00:00+00:00
26.5,80,22.8,1004.6,1005.7,100,6,29,100,8.0,203,18.4,0.0,120.0,0.0,-33.0,18.3,-4.0,55.5,276,21.0,239,83,2025-09-26 19:00:00+00:00
26.0,82,22.7,1003.8,1004.9,100,1,10,100,6.1,242,15.8,0.0,110.0,0.1,-24.0,18.3,-4.0,59.0,275,21.6,236,77,2025-09-26 20:00:00+00:00
25.8,83,22.6,1003.0,1004.1,100,0,6,100,6.7,267,13.7,0.0,80.0,0.0,-26.0,18.5,-4.2,57.5,273,23.1,231,77,2025-09-26 21:00:00+00:00
25.6,83,22.5,1002.8,1003.9,100,0,3,100,7.0,238,14.4,0.0,70.0,0.6,0.0,18.6,-4.2,57.6,275,27.4,232,73,2025-09-26 22:00:00+00:00
25.7,79,21.8,1003.2,1004.3,100,0,0,100,9.6,240,19.1,0.0,60.0,1.1,-31.0,18.7,-4.2,56.6,278,31.7,233,71,2025-09-26 23:00:00+00:00
25.8,74,20.9,1004.0,1005.1,100,0,0,100,11.2,240,22.7,0.0,30.0,1.2,-32.0,19.1,-3.7,55.1,280,34.1,231,67,2025-09-27 00:00:00+00:00
26.6,70,20.6,1004.8,1005.9,100,0,8,100,12.2,237,25.2,0.0,0.0,1.6,0.0,19.3,-3.5,56.1,281,35.7,228,66,2025-09-27 01:00:00+00:00
27.4,69,21.1,1005.3,1006.4,100,0,0,100,12.6,243,27.4,0.0,0.0,1.1,-30.0,19.7,-3.3,57.2,281,35.7,228,66,2025-09-27 02:00:00+00:00
28.6,67,21.9,1006.0,1007.1,98,0,0,98,11.4,229,27.4,0.0,0.0,1.0,-147.0,19.7,-3.0,58.2,282,35.7,228,68,2025-09-27 03:00:00+00:00
30.2,61,21.8,1006.1,1007.2,76,0,2,76,14.4,239,34.6,0.0,20.0,0.8,-63.0,19.4,-3.0,59.7,282,35.0,232,69,2025-09-27 04:00:00+00:00
31.4,58,22.0,1005.7,1006.8,82,0,7,81,14.3,242,36.4,0.0,50.0,1.1,-35.0,19.6,-3.3,60.3,281,35.3,235,71,2025-09-27 05:00:00+00:00
32.2,53,21.5,1005.1,1006.2,86,27,22,79,20.8,265,54.4,0.1,130.0,1.2,-75.0,19.1,-3.0,44.7,273,33.4,232,74,2025-09-27 06:00:00+00:00
33.2,53,22.3,1003.8,1004.9,95,6,9,94,17.1,256,51.5,0.1,270.0,1.0,-90.0,19.6,-3.0,52.4,271,33.2,229,76,2025-09-27 07:00:00+00:00
33.8,50,21.9,1002.3,1003.4,99,2,12,99,17.1,246,50.4,0.0,180.0,0.4,-67.0,19.4,-2.8,52.0,267,33.2,229,78,2025-09-27 08:00:00+00:00
33.8,50,22.0,1001.7,1002.8,100,1,30,99,17.5,269,51.1,0.1,170.0,0.3,-59.0,19.4,-2.6,37.1,259,31.7,233,80,2025-09-27 09:00:00+00:00
33.2,50,21.5,1001.5,1002.6,99,2,43,99,8.9,227,43.9,0.0,180.0,0.6,-62.0,19.8,-2.6,31.1,256,31.0,234,83,2025-09-27 10:00:00+00:00
27.6,81,24.1,1002.9,1004.0,100,22,66,99,14.0,241,31.3,5.7,190.0,0.4,-58.0,20.4,-2.1,34.6,257,27.6,236,86,2025-09-27 11:00:00+00:00
26.3,89,24.3,1002.7,1003.8,100,0,20,100,5.7,101,29.5,6.0,350.0,0.1,-74.0,20.4,-3.0,35.8,263,32.8,242,86,2025-09-27 12:00:00+00:00
29.8,62,21.7,1003.0,1004.1,91,0,32,86,13.8,217,27.0,0.0,760.0,-0.2,-86.0,20.2,-3.7,36.0,261,33.3,240,88,2025-09-27 13:00:00+00:00
29.3,66,22.2,1003.8,1004.9,89,0,51,78,12.0,221,27.4,0.0,910.0,-0.4,-80.0,19.9,-3.5,39.0,263,33.8,243,86,2025-09-27 14:00:00+00:00
28.5,71,22.7,1005.0,1006.1,61,3,29,45,11.0,218,24.1,0.0,690.0,-0.1,-63.0,19.7,-3.7,45.7,267,30.6,244,87,2025-09-27 15:00:00+00:00
28.0,72,22.5,1006.0,1007.1,93,0,92,2,11.6,228,23.4,0.0,580.0,-0.3,-69.0,19.4,-3.7,44.7,270,29.0,246,84,2025-09-27 16:00:00+00:00
28.1,70,22.2,1006.4,1007.5,86,4,66,60,10.9,243,23.4,0.0,1050.0,-0.7,-41.0,19.1,-4.0,42.4,271,27.4,247,90,2025-09-27 17:00:00+00:00
28.1,69,21.8,1006.2,1007.3,97,0,11,96,11.2,249,22.3,0.0,1040.0,-0.2,-46.0,18.7,-4.2,45.9,281,26.6,252,84,2025-09-27 18:00:00+00:00
27.9,67,21.3,1005.6,1006.7,99,0,8,99,12.6,250,25.6,0.0,800.0,1.2,-94.0,18.5,-4.0,45.4,277,23.2,249,79,2025-09-27 19:00:00+00:00
27.6,68,21.2,1004.7,1005.8,100,0,5,100,10.3,245,26.3,0.0,580.0,2.4,-67.0,18.0,-3.7,42.4,271,21.6,251,74,2025-09-27 20:00:00+00:00
26.8,73,21.5,1004.4,1005.5,100,0,3,100,8.4,228,20.2,0.0,470.0,3.1,0.0,18.7,-4.2,46.0,272,24.7,256,74,2025-09-27 21:00:00+00:00
26.4,75,21.6,1004.4,1005.5,100,0,4,100,8.1,227,16.9,0.0,160.0,3.1,0.0,19.4,-4.0,55.3,274,27.1,257,68,2025-09-27 22:00:00+00:00
26.0,77,21.7,1004.8,1005.9,100,0,2,100,7.5,228,16.2,0.0,10.0,3.2,0.0,19.6,-3.7,57.6,274,27.1,257,66,2025-09-27 23:00:00+00:00
25.6,80,21.9,1005.2,1006.3,100,0,0,100,7.5,224,15.5,0.0,0.0,2.8,0.0,19.8,-4.2,57.0,271,23.1,261,69,2025-09-28 00:00:00+00:00
26.7,75,21.9,1005.7,1006.8,100,0,0,100,8.1,235,19.1,0.0,0.0,2.3,0.0,19.9,-4.2,55.1,270,21.9,261,71,2025-09-28 01:00:00+00:00
27.6,75,22.7,1006.4,1007.5,100,0,0,100,8.3,229,18.4,0.0,0.0,1.9,0.0,20.0,-4.0,51.0,269,21.3,254,71,2025-09-28 02:00:00+00:00
29.1,69,22.9,1007.0,1008.1,56,0,0,56,7.7,219,20.5,0.0,0.0,1.6,0.0,20.0,-4.0,48.3,271,21.6,251,70,2025-09-28 03:00:00+00:00
30.7,61,22.4,1007.2,1008.3,93,0,0,93,10.1,235,26.6,0.0,40.0,1.1,-53.0,20.0,-3.7,47.4,271,19.4,248,68,2025-09-28 04:00:00+00:00
31.8,58,22.4,1006.7,1007.8,100,0,0,100,10.6,235,28.8,0.0,120.0,0.7,-27.0,20.2,-3.5,46.6,273,17.8,250,67,2025-09-28 05:00:00+00:00
32.8,54,22.4,1005.6,1006.7,100,5,3,100,14.7,247,40.3,0.0,280.0,0.1,-36.0,19.6,-3.3,40.1,273,12.9,248,71,2025-09-28 06:00:00+00:00
33.3,53,22.6,1004.4,1005.5,100,7,4,100,11.9,245,40.3,0.0,290.0,-0.3,-25.0,19.2,-3.0,35.3,263,13.4,243,77,2025-09-28 07:00:00+00:00
33.7,52,22.5,1003.0,1004.1,99,11,11,98,11.0,245,34.6,0.0,390.0,-0.4,-24.0,19.9,-3.0,38.5,264,12.9,248,73,2025-09-28 08:00:00+00:00
33.5,53,22.6,1002.2,1003.3,97,74,27,84,7.1,173,31.3,0.0,440.0,-1.5,-8.0,19.4,-3.0,38.1,263,12.9,248,82,2025-09-28 09:00:00+00:00
33.0,55,22.7,1001.6,1002.7,78,9,22,70,10.3,182,28.8,0.1,390.0,-2.1,-13.0,19.7,-2.8,27.5,254,12.4,241,86,2025-09-28 10:00:00+00:00
31.2,64,23.7,1002.0,1003.1,78,11,20,72,9.7,178,29.9,0.3,230.0,-1.4,-34.0,20.0,-2.8,27.6,257,10.7,243,82,2025-09-28 11:00:00+00:00
30.0,73,24.7,1002.3,1003.4,87,2,11,86,12.9,157,29.5,0.0,350.0,-2.0,-34.0,20.5,-2.8,31.0,260,9.7,263,79,2025-09-28 12:00:00+00:00
29.4,78,25.1,1003.8,1004.9,85,8,34,77,11.4,157,23.0,0.0,900.0,-2.2,-40.0,19.6,-3.3,28.1,245,8.7,254,98,2025-09-28 13:00:00+00:00
29.2,77,24.8,1004.7,1005.8,88,1,87,4,12.2,171,25.2,0.0,920.0,-2.7,-34.0,19.6,-3.5,29.6,247,13.3,265,88,2025-09-28 14:00:00+00:00
29.2,80,25.3,1005.3,1006.4,87,0,87,4,10.1,175,25.6,0.0,630.0,-3.5,-40.0,19.7,-3.7,34.0,250,10.8,270,97,2025-09-28 15:00:00+00:00
28.9,85,26.1,1005.9,1007.0,95,3,84,71,9.8,173,20.9,0.0,640.0,-4.0,-34.0,19.6,-4.0,36.9,261,10.8,270,90,2025-09-28 16:00:00+00:00
28.1,83,24.9,1006.3,1007.4,100,29,100,66,9.7,269,24.8,1.4,970.0,-4.2,-38.0,19.6,-4.0,40.1,268,13.2,270,88,2025-09-28 17:00:00+00:00
24.7,95,23.8,1006.4,1007.6,100,22,88,100,13.2,322,40.3,21.8,2040.0,-4.1,-48.0,19.7,-4.2,46.0,269,18.0,270,83,2025-09-28 18:00:00+00:00
24.9,96,24.2,1005.8,1007.0,100,3,99,100,7.8,279,29.5,2.3,2130.0,-3.7,-46.0,19.2,-4.4,43.3,268,19.3,277,83,2025-09-28 19:00:00+00:00
25.2,95,24.3,1004.8,1006.0,100,0,46,100,5.3,246,19.8,0.9,2120.0,-3.1,-52.0,19.2,-4.7,46.5,273,19.5,281,73,2025-09-28 20:00:00+00:00
25.1,94,24.1,1004.2,1005.4,100,0,84,100,4.3,225,16.9,0.4,1450.0,-2.3,-71.0,19.3,-4.9,44.8,275,22.1,283,69,2025-09-28 21:00:00+00:00
25.2,93,24.1,1004.3,1005.5,100,0,54,100,4.0,198,8.6,0.2,1050.0,-0.8,-133.0,19.6,-4.9,48.9,274,23.9,288,69,2025-09-28 22:00:00+00:00
25.3,92,23.9,1004.4,1005.6,100,0,0,100,3.6,210,7.2,0.0,620.0,0.2,0.0,19.8,-4.9,52.1,274,21.6,289,69,2025-09-28 23:00:00+00:00
25.4,90,23.6,1004.8,1006.0,100,0,3,100,7.4,244,13.0,0.0,250.0,0.6,0.0,19.9,-5.4,51.7,279,21.5,297,71,2025-09-29 00:00:00+00:00
27.0,71,21.3,1005.6,1006.7,100,0,0,100,14.9,255,31.3,0.0,130.0,0.7,0.0,19.9,-5.1,51.2,279,21.5,297,71,2025-09-29 01:00:00+00:00
27.5,69,21.2,1006.2,1007.3,100,0,13,100,13.7,259,31.7,0.0,60.0,-0.2,-39.0,19.9,-4.9,52.1,282,22.6,302,72,2025-09-29 02:00:00+00:00
28.4,67,21.7,1006.8,1007.9,100,0,7,100,12.1,266,29.9,0.0,50.0,-0.8,-105.0,19.8,-4.9,51.8,283,20.4,298,73,2025-09-29 03:00:00+00:00
29.5,63,21.8,1007.1,1008.2,100,0,17,100,11.1,263,25.9,0.0,100.0,-0.5,0.0,19.7,-4.9,52.8,283,20.4,298,74,2025-09-29 04:00:00+00:00
30.8,59,21.8,1006.8,1007.9,100,0,14,100,11.6,257,29.5,0.0,140.0,-0.2,0.0,19.9,-4.7,53.2,282,19.9,295,73,2025-09-29 05:00:00+00:00
32.0,56,22.0,1005.7,1006.8,100,0,21,100,9.9,265,29.2,0.0,490.0,-0.2,0.0,20.6,-4.9,49.2,283,19.0,305,70,2025-09-29 06:00:00+00:00
32.8,54,22.1,1004.4,1005.5,100,2,8,100,10.8,260,28.4,0.0,520.0,-0.3,-1.0,19.2,-4.9,43.5,276,20.6,306,66,2025-09-29 07:00:00+00:00
33.1,52,22.1,1003.2,1004.3,100,16,1,100,13.0,268,36.4,0.0,510.0,-0.5,-13.0,19.3,-4.7,47.1,274,23.8,311,62,2025-09-29 08:00:00+00:00
33.3,50,21.5,1002.2,1003.3,100,6,16,100,12.8,271,34.9,0.0,430.0,-1.0,-33.0,19.7,-4.7,47.9,273,27.2,319,63,2025-09-29 09:00:00+00:00
33.2,51,21.6,1001.6,1002.7,100,0,10,100,11.7,266,34.9,0.0,440.0,-1.3,-13.0,20.2,-4.4,42.8,271,28.3,324,80,2025-09-29 10:00:00+00:00
32.7,55,22.3,1001.7,1002.8,99,3,34,98,8.1,241,31.0,0.0,490.0,-2.5,-10.0,20.9,-4.2,39.3,273,28.6,327,70,2025-09-29 11:00:00+00:00
30.7,67,23.7,1002.8,1003.9,100,5,99,100,7.6,45,18.0,0.1,1170.0,-2.9,-19.0,20.5,-4.2,36.2,281,27.4,331,68,2025-09-29 12:00:00+00:00
29.4,77,25.0,1003.9,1005.0,100,0,42,100,5.4,143,10.4,0.0,2510.0,-2.7,-28.0,20.8,-4.4,35.1,286,25.2,335,84,2025-09-29 13:00:00+00:00
28.8,81,25.3,1004.1,1005.2,100,0,33,100,6.2,172,13.7,0.0,2700.0,-2.8,-37.0,20.8,-4.4,30.6,290,24.3,340,87,2025-09-29 14:00:00+00:00
28.5,83,25.3,1004.9,1006.0,100,0,23,100,7.8,173,15.5,0.0,2320.0,-3.5,-35.0,20.0,-4.7,25.6,292,23.2,339,90,2025-09-29 15:00:00+00:00
28.3,85,25.5,1005.7,1006.8,100,8,78,100,4.3,270,15.8,0.0,2120.0,-4.0,-45.0,20.3,-4.7,26.9,285,22.4,344,88,2025-09-29 16:00:00+00:00
26.9,86,24.4,1006.2,1007.3,100,0,83,100,12.1,360,30.2,0.3,2040.0,-4.1,-37.0,20.0,-4.9,28.2,284,21.0,336,91,2025-09-29 17:00:00+00:00
26.6,87,24.3,1005.8,1006.9,100,1,29,100,5.3,322,26.6,0.0,2050.0,-4.0,-40.0,20.3,-4.9,41.1,279,20.5,339,92,2025-09-29 18:00:00+00:00
26.4,88,24.2,1004.6,1005.7,100,3,7,100,5.3,278,11.5,0.0,2420.0,-3.1,-37.0,19.7,-4.9,43.0,283,23.1,332,97,2025-09-29 19:00:00+00:00
26.3,87,23.9,1003.7,1004.8,91,1,10,90,5.2,286,10.8,0.0,2750.0,-2.1,-57.0,19.3,-4.9,42.7,290,21.4,322,87,2025-09-29 20:00:00+00:00
26.2,85,23.5,1003.1,1004.2,100,0,35,100,7.5,278,14.8,0.0,2670.0,-1.2,-113.0,18.9,-5.1,39.9,296,21.4,322,48,2025-09-29 21:00:00+00:00
26.1,81,22.6,1002.7,1003.8,100,0,100,100,10.6,267,20.9,0.0,2540.0,-0.4,-46.0,18.6,-5.1,36.1,298,23.1,321,50,2025-09-29 22:00:00+00:00
26.5,75,21.6,1003.1,1004.2,100,0,81,100,13.7,281,28.8,0.0,1570.0,0.8,0.0,19.1,-5.4,36.6,293,24.7,321,62,2025-09-29 23:00:00+00:00
26.3,72,20.7,1003.6,1004.7,100,0,49,100,14.2,277,29.9,0.0,90.0,1.3,153.0,19.7,-5.4,45.7,297,28.9,318,63,2025-09-30 00:00:00+00:00
26.9,68,20.4,1004.8,1005.9,100,0,100,100,11.7,274,26.6,0.0,60.0,1.8,22.0,20.2,-5.6,47.5,302,27.4,322,57,2025-09-30 01:00:00+00:00
27.1,68,20.7,1005.4,1006.5,100,0,100,100,11.0,269,24.5,0.0,20.0,1.5,262.0,20.2,-5.6,50.0,306,28.3,324,44,2025-09-30 02:00:00+00:00
27.8,69,21.5,1005.8,1006.9,100,0,48,100,10.1,267,24.8,0.0,160.0,1.7,146.0,20.4,-5.6,52.2,306,28.1,320,41,2025-09-30 03:00:00+00:00
28.7,64,21.2,1006.4,1007.5,100,0,76,100,11.9,280,27.4,0.0,190.0,1.3,131.0,20.4,-4.9,52.8,307,24.6,317,43,2025-09-30 04:00:00+00:00
29.3,61,21.0,1005.9,1007.0,100,0,16,100,12.8,286,31.7,0.0,160.0,1.0,116.0,20.6,-4.9,49.8,307,29.8,320,57,2025-09-30 05:00:00+00:00
30.1,57,20.6,1005.1,1006.2,100,0,100,100,13.5,282,33.1,0.0,110.0,1.2,105.0,20.9,-5.1,47.5,311,32.4,321,59,2025-09-30 06:00:00+00:00
29.8,58,20.8,1004.0,1005.1,100,0,54,100,11.4,294,33.1,0.0,180.0,1.1,105.0,21.0,-5.1,48.1,312,36.6,319,61,2025-09-30 07:00:00+00:00
30.9,56,21.3,1003.3,1004.4,100,0,4,100,8.6,307,27.7,0.0,430.0,0.8,57.0,21.2,-5.1,49.0,309,38.4,321,61,2025-09-30 08:00:00+00:00
31.0,57,21.5,1002.6,1003.7,100,0,23,100,7.4,315,22.7,0.0,550.0,-0.2,60.0,19.6,-5.1,43.8,301,41.0,322,41,2025-09-30 09:00:00+00:00
30.7,59,21.7,1002.1,1003.2,100,0,25,100,3.4,6,19.4,0.0,610.0,-0.1,63.0,19.3,-4.9,45.0,296,40.1,321,33,2025-09-30 10:00:00+00:00
30.4,62,22.2,1002.1,1003.2,100,0,3,100,2.4,63,10.8,0.0,530.0,-0.8,60.0,19.6,-4.9,42.1,292,41.4,330,30,2025-09-30 11:00:00+00:00
29.8,68,23.3,1002.2,1003.3,100,1,100,100,3.3,135,7.6,0.0,900.0,-0.6,38.0,19.7,-5.1,34.9,299,38.7,330,36,2025-09-30 12:00:00+00:00
28.9,72,23.4,1003.0,1004.1,100,1,62,100,4.4,109,9.4,0.0,1070.0,-0.3,50.0,20.0,-5.4,35.5,294,38.7,330,41,2025-09-30 13:00:00+00:00
28.4,75,23.6,1003.7,1004.8,100,0,63,100,4.4,109,9.4,0.0,1180.0,-1.0,82.0,20.8,-5.4,40.8,290,34.4,331,47,2025-09-30 14:00:00+00:00
27.8,81,24.2,1004.2,1005.3,100,0,2,100,2.9,120,8.6,0.0,1210.0,-1.9,106.0,21.1,-5.6,44.2,289,31.3,328,57,2025-09-30 15:00:00+00:00
27.7,80,23.8,1004.7,1005.8,100,0,1,100,3.2,207,6.8,0.0,1100.0,-2.9,118.0,20.9,-5.8,43.8,291,28.1,320,60,2025-09-30 16:00:00+00:00
27.5,79,23.4,1004.6,1005.7,100,0,4,100,5.5,207,10.8,0.0,1110.0,-3.4,131.0,20.9,-6.1,43.6,291,28.0,313,62,2025-09-30 17:00:00+00:00
27.1,79,23.2,1004.4,1005.5,100,0,22,100,5.2,211,11.9,0.0,970.0,-3.1,142.0,21.0,-6.1,46.9,294,32.4,321,64,2025-09-30 18:00:00+00:00
26.8,80,23.1,1003.6,1004.7,100,2,30,100,5.5,216,11.2,0.0,890.0,-3.0,143.0,20.9,-6.1,46.3,296,34.9,319,79,2025-09-30 19:00:00+00:00
26.5,85,23.7,1003.6,1004.7,100,9,66,100,2.9,223,14.0,0.1,1380.0,-2.3,47.0,20.4,-5.6,43.5,300,33.4,322,83,2025-09-30 20:00:00+00:00
26.4,86,23.9,1003.3,1004.4,100,13,48,100,2.2,185,4.0,0.2,1730.0,-1.6,37.0,19.1,-5.6,38.8,292,34.1,321,90,2025-09-30 21:00:00+00:00
26.1,87,23.7,1002.8,1003.9,100,2,15,100,2.2,294,4.7,0.0,1920.0,-1.2,39.0,18.8,-6.1,39.3,295,38.6,306,89,2025-09-30 22:00:00+00:00
25.8,89,23.8,1002.9,1004.0,100,0,59,100,3.4,264,6.5,0.0,1950.0,-0.9,37.0,19.3,-6.1,41.9,301,40.6,304,80,2025-09-30 23:00:00+00:00
27.1,76,22.5,1002.9,1004.0,100,1,12,100,9.7,251,7.2,0.0,850.0,-0.9,125.0,19.7,-6.1,44.1,309,40.6,304,78,2025-10-01 00:00:00+00:00
27.9,69,21.7,1003.7,1004.8,100,0,73,100,11.2,285,22.7,0.0,410.0,-0.6,18.0,19.9,-6.3,42.0,311,40.3,307,80,2025-10-01 01:00:00+00:00
28.3,67,21.5,1004.4,1005.5,100,0,17,100,12.2,283,25.2,0.0,380.0,-1.1,28.0,19.9,-6.3,41.6,315,38.6,306,86,2025-10-01 02:00:00+00:00
28.7,67,21.8,1004.9,1006.0,100,0,12,100,11.2,282,25.6,0.0,490.0,-1.6,80.0,19.9,-6.1,40.9,314,37.9,305,88,2025-10-01 03:00:00+00:00
29.3,65,22.1,1005.0,1006.1,100,0,27,100,11.2,276,25.2,0.0,680.0,-1.9,53.0,20.0,-6.1,40.3,312,37.3,303,89,2025-10-01 04:00:00+00:00
30.1,62,22.0,1004.9,1006.0,100,0,7,100,11.7,283,28.1,0.0,670.0,-1.7,45.0,20.2,-6.1,39.4,311,38.7,300,89,2025-10-01 05:00:00+00:00
30.3,61,21.9,1003.8,1004.9,100,0,7,100,13.4,278,28.1,0.0,810.0,-1.0,53.0,20.5,-6.1,40.3,315,42.6,310,83,2025-10-01 06:00:00+00:00
31.4,58,22.0,1003.1,1004.2,100,0,65,100,12.7,285,33.1,0.0,1000.0,-0.7,47.0,20.8,-6.1,44.5,314,43.5,309,82,2025-10-01 07:00:00+00:00
31.6,56,21.9,1002.5,1003.6,100,0,44,100,10.5,297,30.6,0.0,1020.0,-0.2,37.0,20.8,-5.8,49.6,314,43.0,306,81,2025-10-01 08:00:00+00:00
31.9,55,21.6,1002.1,1003.2,100,0,6,100,8.7,320,24.8,0.0,880.0,-0.2,26.0,20.3,-5.6,48.4,308,43.3,304,80,2025-10-01 09:00:00+00:00
31.6,57,22.2,1001.7,1002.8,100,0,11,100,7.6,348,20.5,0.0,1120.0,-0.2,27.0,20.3,-5.4,46.3,300,41.6,303,78,2025-10-01 10:00:00+00:00
30.8,66,23.8,1002.0,1003.1,100,0,17,100,5.2,360,17.6,0.0,2020.0,-0.7,31.0,20.6,-5.1,45.5,294,39.4,308,76,2025-10-01 11:00:00+00:00
29.3,72,23.8,1002.6,1003.7,100,0,0,100,3.6,49,11.2,0.0,1330.0,-1.1,74.0,20.6,-6.1,43.2,298,38.3,311,78,2025-10-01 12:00:00+00:00
28.3,78,24.0,1002.9,1004.0,100,0,1,100,4.0,80,9.7,0.0,1420.0,-1.3,99.0,20.6,-6.1,40.2,293,33.1,314,77,2025-10-01 13:00:00+00:00
28.2,79,24.2,1003.8,1004.9,100,0,1,100,5.4,84,10.4,0.0,2100.0,-1.2,66.0,20.8,-6.1,39.6,293,31.4,313,67,2025-10-01 14:00:00+00:00
27.8,83,24.7,1004.7,1005.8,100,0,0,100,4.3,88,10.4,0.0,2490.0,-1.0,57.0,20.6,-5.6,37.6,293,27.2,319,60,2025-10-01 15:00:00+00:00
27.8,83,24.5,1005.1,1006.2,100,0,5,100,5.8,175,10.4,0.0,2400.0,-0.4,50.0,20.5,-5.4,35.5,294,26.0,326,67,2025-10-01 16:00:00+00:00
27.7,83,24.5,1005.2,1006.3,100,0,34,100,6.1,194,13.7,0.0,2390.0,-0.9,62.0,20.0,-5.1,33.2,295,28.4,332,79,2025-10-01 17:00:00+00:00
27.9,78,23.6,1004.6,1005.7,100,0,74,100,9.4,180,11.5,0.0,1640.0,-1.0,74.0,19.9,-5.4,36.1,291,32.6,324,74,2025-10-01 18:00:00+00:00
27.9,77,23.6,1004.2,1005.3,100,0,11,100,5.8,171,18.0,0.0,1490.0,-0.9,86.0,19.4,-4.9,29.4,283,27.6,326,80,2025-10-01 19:00:00+00:00
27.7,78,23.4,1004.7,1005.8,100,13,52,100,13.6,202,24.1,0.0,1610.0,-0.8,43.0,19.3,-4.9,37.6,284,27.6,326,79,2025-10-01 20:00:00+00:00
26.3,83,23.2,1004.2,1005.3,100,1,37,100,10.7,221,33.8,0.0,1160.0,-0.9,30.0,18.6,-5.1,38.2,287,23.8,319,73,2025-10-01 21:00:00+00:00
25.8,87,23.5,1004.0,1005.1,100,1,17,100,9.0,247,23.0,0.1,1410.0,-0.9,19.0,18.8,-5.1,40.6,295,20.4,320,80,2025-10-01 22:00:00+00:00
25.8,89,23.9,1004.6,1005.7,100,5,31,100,7.5,233,19.1,0.0,1610.0,-1.9,53.0,19.4,-4.7,39.5,296,16.3,306,79,2025-10-01 23:00:00+00:00
26.6,84,23.7,1004.5,1005.6,100,0,39,100,11.5,248,17.3,0.0,1440.0,-1.6,77.0,19.6,-5.1,36.1,298,24.6,313,79,2025-10-02 00:00:00+00:00
26.7,82,23.4,1005.5,1006.6,100,0,20,100,8.9,243,22.3,0.0,1200.0,-1.7,98.0,19.7,-5.6,33.3,293,29.7,317,77,2025-10-02 01:00:00+00:00
27.5,78,23.4,1006.6,1007.7,100,0,92,100,9.4,257,19.8,0.0,1130.0,-2.2,93.0,20.0,-5.8,31.0,294,31.0,324,77,2025-10-02 02:00:00+00:00
28.5,75,23.6,1007.4,1008.5,100,0,10,100,8.1,246,19.1,0.0,1430.0,-1.9,59.0,20.2,-5.8,29.8,295,28.0,329,76,2025-10-02 03:00:00+00:00
30.0,68,23.5,1007.6,1008.7,100,0,37,100,8.7,266,22.7,0.0,1580.0,-2.0,35.0,20.3,-5.8,28.9,296,23.7,330,77,2025-10-02 04:00:00+00:00
31.2,62,23.1,1007.1,1008.2,100,0,0,100,9.1,279,24.8,0.0,1470.0,-1.5,29.0,20.3,-5.1,31.0,296,18.3,328,77,2025-10-02 05:00:00+00:00
32.1,57,22.7,1006.4,1007.5,100,0,92,100,11.7,288,27.0,0.0,1440.0,-1.6,18.0,20.5,-4.7,28.3,296,19.0,325,72,2025-10-02 06:00:00+00:00
32.0,58,22.7,1005.6,1006.7,100,0,100,100,11.8,291,29.9,0.0,1530.0,-1.7,20.0,20.8,-4.9,32.3,293,18.7,320,72,2025-10-02 07:00:00+00:00
32.2,58,23.0,1005.0,1006.1,100,2,89,100,10.2,296,29.9,0.0,1850.0,-2.4,15.0,20.9,-4.9,35.1,293,18.7,320,72,2025-10-02 08:00:00+00:00
32.5,57,22.8,1004.2,1005.3,100,2,55,100,7.5,294,25.9,0.0,1800.0,-3.1,14.0,20.4,-4.7,33.5,292,17.8,312,69,2025-10-02 09:00:00+00:00
32.8,55,22.7,1003.6,1004.7,100,5,3,100,6.5,321,24.8,0.0,1720.0,-3.3,7.0,20.2,-4.7,30.0,292,16.3,306,62,2025-10-02 10:00:00+00:00
32.4,56,22.6,1003.3,1004.4,100,7,9,100,3.1,45,22.3,0.0,1150.0,-3.8,22.0,20.0,-4.7,31.4,294,17.7,298,72,2025-10-02 11:00:00+00:00
31.5,64,24.0,1004.1,1005.2,100,0,23,100,3.1,360,19.1,0.0,1930.0,-4.1,52.0,20.2,-4.9,29.3,285,18.3,302,72,2025-10-02 12:00:00+00:00
30.3,73,25.0,1005.2,1006.3,100,7,44,100,2.2,132,6.5,0.0,2310.0,-4.3,41.0,20.2,-5.1,25.1,286,17.3,304,67,2025-10-02 13:00:00+00:00
29.3,76,24.6,1006.3,1007.4,100,1,5,100,9.4,181,18.0,0.0,2760.0,-4.3,52.0,20.0,-5.1,22.8,282,15.6,302,73,2025-10-02 14:00:00+00:00
29.0,79,24.9,1007.3,1008.4,84,5,30,78,5.8,210,19.8,0.0,3100.0,-4.1,50.0,20.4,-5.4,26.5,275,14.4,312,68,2025-10-02 15:00:00+00:00
28.1,84,25.2,1007.7,1008.8,55,0,39,27,3.6,288,12.6,0.0,2810.0,-3.8,55.0,20.4,-5.1,26.9,270,15.0,299,68,2025-10-02 16:00:00+00:00
27.6,86,25.0,1007.5,1008.6,60,4,22,48,5.8,250,11.2,0.1,2550.0,-3.8,69.0,20.5,-4.9,28.3,271,13.4,297,67,2025-10-02 17:00:00+00:00
26.5,90,24.6,1007.2,1008.3,91,8,27,87,10.7,173,15.5,0.0,2070.0,-3.8,77.0,20.3,-4.9,26.1,275,7.6,342,68,2025-10-02 18:00:00+00:00
26.2,91,24.6,1007.3,1008.5,97,6,82,84,9.4,322,21.2,0.1,3210.0,-1.6,7.0,19.9,-4.4,29.6,260,7.0,329,84,2025-10-02 19:00:00+00:00
25.7,91,24.2,1007.2,1008.4,99,2,91,90,6.8,349,20.2,0.4,1910.0,-0.5,43.0,19.2,-4.7,30.1,267,6.0,323,83,2025-10-02 20:00:00+00:00
25.9,91,24.4,1006.7,1007.9,100,2,100,98,2.3,266,14.8,0.1,1770.0,-0.3,82.0,19.3,-4.7,28.0,277,3.4,315,81,2025-10-02 21:00:00+00:00
25.9,91,24.3,1007.0,1008.2,100,3,100,99,2.8,215,5.4,0.0,1830.0,-0.8,85.0,19.4,-4.9,25.9,288,7.0,329,80,2025-10-02 22:00:00+00:00
26.1,88,24.0,1007.2,1008.4,100,5,100,100,5.8,202,11.5,0.0,1770.0,-1.2,89.0,19.3,-4.7,24.5,297,5.4,333,80,2025-10-02 23:00:00+00:00
26.5,90,24.7,1007.5,1008.6,99,2,10,99,9.0,180,13.0,0.0,2620.0,-2.4,40.0,19.3,-5.1,24.7,308,7.3,351,81,2025-10-03 00:00:00+00:00
26.5,89,24.4,1008.8,1010.0,100,0,20,100,7.9,184,17.6,0.0,2190.0,-2.0,50.0,19.4,-5.1,22.5,302,4.8,360,79,2025-10-03 01:00:00+00:00
26.7,85,24.0,1009.5,1010.7,100,0,3,100,6.2,210,16.9,0.0,1870.0,-1.3,65.0,19.6,-4.9,22.3,293,2.7,27,78,2025-10-03 02:00:00+00:00
27.7,80,23.9,1010.4,1011.5,100,0,9,100,6.3,215,16.9,0.0,1930.0,-2.3,61.0,19.6,-4.7,22.1,284,2.4,360,79,2025-10-03 03:00:00+00:00
29.6,72,24.0,1010.2,1011.3,100,0,0,100,7.4,231,20.9,0.0,2310.0,-1.9,27.0,19.6,-4.7,22.4,283,2.4,360,77,2025-10-03 04:00:00+00:00
30.9,66,23.7,1010.1,1011.2,100,0,0,100,7.9,215,23.0,0.0,2340.0,-1.9,15.0,19.7,-4.7,23.1,285,3.6,360,76,2025-10-03 05:00:00+00:00
32.2,58,22.8,1009.1,1010.2,100,0,0,100,6.8,252,22.7,0.0,1940.0,-2.1,14.0,19.2,-4.7,19.5,291,3.8,198,73,2025-10-03 06:00:00+00:00
33.1,53,22.1,1008.3,1009.4,100,13,17,100,3.0,253,23.4,0.0,1470.0,-2.2,9.0,19.7,-4.4,19.9,286,2.7,207,74,2025-10-03 07:00:00+00:00
32.4,54,21.9,1007.3,1008.4,100,18,18,100,3.6,162,15.8,0.0,1230.0,-2.0,20.0,19.8,-4.4,19.2,288,2.7,153,76,2025-10-03 08:00:00+00:00
32.1,59,23.1,1006.4,1007.5,65,12,15,54,7.1,150,21.6,0.0,2110.0,-2.2,15.0,20.0,-4.2,20.0,287,4.3,146,68,2025-10-03 09:00:00+00:00
31.0,70,24.9,1005.6,1006.7,98,2,6,98,10.7,151,29.2,0.0,3430.0,-2.5,18.0,20.2,-4.0,17.9,289,5.4,153,74,2025-10-03 10:00:00+00:00
29.9,77,25.4,1005.6,1006.7,90,1,6,89,14.2,154,33.8,0.0,3790.0,-2.9,21.0,19.8,-3.7,15.4,289,6.0,143,74,2025-10-03 11:00:00+00:00
29.1,80,25.4,1006.0,1007.1,16,0,5,12,13.5,166,34.2,0.0,3630.0,-3.4,35.0,20.4,-3.7,21.7,303,6.8,135,69,2025-10-03 12:00:00+00:00
28.7,84,25.7,1006.7,1007.8,67,0,3,66,12.8,174,30.6,0.0,3940.0,-3.5,35.0,20.5,-3.7,23.5,306,8.5,135,71,2025-10-03 13:00:00+00:00
28.6,83,25.3,1007.8,1008.9,4,0,2,2,13.0,180,28.4,0.0,3520.0,-3.8,53.0,20.6,-3.7,24.9,310,11.1,131,76,2025-10-03 14:00:00+00:00
28.4,83,25.2,1008.5,1009.6,21,0,2,20,11.0,174,26.6,0.0,3330.0,-3.9,63.0,20.8,-3.7,24.2,316,12.8,131,79,2025-10-03 15:00:00+00:00
28.2,85,25.5,1009.2,1010.3,36,0,16,24,8.1,192,22.0,0.0,3580.0,-3.8,53.0,20.8,-4.0,21.9,318,12.8,131,80,2025-10-03 16:00:00+00:00
28.0,87,25.6,1009.4,1010.5,29,0,29,0,7.6,188,16.2,0.0,3660.0,-3.2,47.0,20.8,-4.2,20.0,315,12.0,127,82,2025-10-03 17:00:00+00:00
26.9,95,26.0,1009.7,1010.9,100,100,84,91,9.7,248,16.2,0.0,3990.0,-3.0,0.0,20.6,-4.4,19.7,316,12.4,119,80,2025-10-03 18:00:00+00:00
25.4,95,24.5,1009.0,1010.2,99,28,23,98,8.2,206,28.1,2.8,2530.0,-3.1,41.0,20.5,-4.7,18.1,309,13.4,117,83,2025-10-03 19:00:00+00:00
25.1,92,23.7,1009.3,1010.5,91,12,22,88,17.7,205,38.2,0.1,2290.0,-3.3,9.0,19.9,-5.4,14.9,297,14.8,104,84,2025-10-03 20:00:00+00:00
25.1,92,23.7,1008.5,1009.7,100,0,10,100,10.8,204,36.4,0.1,1530.0,-3.2,54.0,19.4,-5.4,15.1,275,10.3,111,81,2025-10-03 21:00:00+00:00
24.9,94,23.8,1009.2,1010.4,99,2,32,98,10.7,245,23.8,0.0,1390.0,-2.8,61.0,19.9,-5.8,15.3,293,8.7,146,78,2025-10-03 22:00:00+00:00
24.8,95,23.9,1009.3,1010.5,98,1,56,97,9.2,239,22.0,0.0,1470.0,-2.5,63.0,19.7,-5.4,14.1,291,8.5,135,78,2025-10-03 23:00:00+00:00
24.4,92,23.0,1010.6,1011.8,100,40,65,100,17.9,251,21.6,0.0,950.0,-1.3,6.0,19.1,-5.8,11.8,286,12.9,112,79,2025-10-04 00:00:00+00:00
24.6,88,22.5,1010.9,1012.1,100,0,100,100,21.0,265,42.8,1.0,700.0,-1.1,18.0,19.3,-6.1,12.8,297,11.3,122,76,2025-10-04 01:00:00+00:00
24.9,87,22.6,1011.8,1013.0,100,0,67,100,19.1,266,41.8,2.2,520.0,-1.5,15.0,19.3,-6.1,12.7,300,13.7,128,71,2025-10-04 02:00:00+00:00
25.6,84,22.8,1012.4,1013.6,100,0,100,100,17.1,292,39.2,0.8,790.0,-2.0,149.0,19.4,-5.6,11.6,315,17.1,129,69,2025-10-04 03:00:00+00:00
27.0,81,23.5,1012.0,1013.2,100,0,31,100,14.7,298,35.6,0.1,1390.0,-2.7,107.0,19.4,-5.1,11.0,318,16.1,132,70,2025-10-04 04:00:00+00:00
27.8,74,22.9,1011.6,1012.7,100,0,30,100,15.9,288,36.7,0.0,1160.0,-3.2,152.0,19.4,-5.1,10.3,319,15.4,129,69,2025-10-04 05:00:00+00:00
30.1,66,23.2,1010.1,1011.2,100,0,38,99,11.9,292,37.4,0.0,1720.0,-3.8,101.0,19.3,-5.4,14.2,315,17.2,115,71,2025-10-04 06:00:00+00:00
30.8,58,21.5,1009.0,1010.1,100,0,13,100,10.9,299,28.4,0.0,680.0,-3.8,133.0,19.6,-5.1,14.9,308,14.5,114,69,2025-10-04 07:00:00+00:00
31.2,56,21.3,1008.0,1009.1,100,0,2,100,9.5,279,28.1,0.0,650.0,-4.1,121.0,19.6,-5.1,14.7,300,12.9,112,69,2025-10-04 08:00:00+00:00
31.6,52,20.4,1007.1,1008.2,100,0,2,100,9.3,280,25.6,0.0,280.0,-4.7,135.0,19.8,-4.9,16.2,292,11.1,103,70,2025-10-04 09:00:00+00:00
31.5,52,20.6,1006.0,1007.1,69,0,0,69,8.3,284,24.1,0.0,340.0,-4.8,139.0,20.0,-4.7,17.2,292,12.2,101,68,2025-10-04 10:00:00+00:00
30.8,56,21.2,1005.7,1006.8,63,0,0,63,7.6,269,20.9,0.0,450.0,-4.8,128.0,20.3,-4.7,17.1,295,14.4,95,64,2025-10-04 11:00:00+00:00
31.0,63,23.1,1005.4,1006.5,49,0,0,49,3.7,313,17.6,0.0,850.0,-4.7,96.0,20.5,-4.9,13.7,300,15.2,108,63,2025-10-04 12:00:00+00:00
29.5,72,24.0,1006.2,1007.3,93,0,7,92,1.5,249,6.8,0.0,950.0,-5.2,100.0,20.8,-5.1,14.5,302,15.2,108,64,2025-10-04 13:00:00+00:00
28.4,76,23.7,1007.9,1009.0,92,0,21,90,4.4,235,7.9,0.0,1470.0,-5.6,99.0,20.6,-5.4,15.2,311,16.7,111,68,2025-10-04 14:00:00+00:00
27.8,80,24.1,1009.4,1010.5,76,0,14,72,4.5,241,9.4,0.0,2100.0,-5.8,84.0,20.4,-5.6,16.4,316,15.2,108,71,2025-10-04 15:00:00+00:00
27.5,82,24.1,1010.5,1011.6,100,0,20,100,3.9,236,8.6,0.0,2010.0,-5.9,101.0,20.3,-5.8,15.2,319,15.2,108,73,2025-10-04 16:00:00+00:00
27.2,81,23.8,1010.3,1011.4,77,0,2,77,4.9,231,9.4,0.0,1820.0,-5.6,120.0,20.0,-5.8,14.2,315,14.0,110,77,2025-10-04 17:00:00+00:00
26.8,83,23.7,1009.5,1010.7,46,0,0,46,4.8,205,9.4,0.0,1630.0,-5.7,141.0,19.6,-6.3,13.9,337,15.0,119,79,2025-10-04 18:00:00+00:00
26.6,83,23.5,1008.9,1010.1,93,0,1,92,4.8,211,9.4,0.0,1620.0,-4.9,146.0,19.4,-6.3,13.1,331,12.4,119,79,2025-10-04 19:00:00+00:00
26.5,83,23.4,1008.6,1009.8,100,0,0,100,7.1,214,14.0,0.0,1680.0,-5.0,144.0,19.3,-6.3,12.7,330,11.8,114,78,2025-10-04 20:00:00+00:00
26.1,84,23.1,1008.2,1009.4,94,0,0,94,8.7,225,16.9,0.0,1490.0,-4.8,151.0,19.3,-6.1,12.5,327,10.7,117,74,2025-10-04 21:00:00+00:00
25.8,83,22.7,1008.2,1009.4,82,0,0,82,12.1,230,24.8,0.0,1320.0,-3.9,40.0,19.3,-6.1,12.3,329,10.3,111,73,2025-10-04 22:00:00+00:00
25.3,83,22.1,1008.5,1009.7,0,0,0,0,12.9,251,27.4,0.0,1210.0,-2.8,42.0,19.3,-5.8,12.5,327,9.1,113,71,2025-10-04 23:00:00+00:00
26.1,84,23.2,1008.9,1010.1,16,0,0,16,12.6,253,26.3,0.0,1550.0,0.1,89.0,19.2,-5.8,12.3,321,7.6,108,69,2025-10-05 00:00:00+00:00
26.3,81,22.8,1008.9,1010.1,12,0,0,12,8.6,241,25.6,0.0,1090.0,0.4,46.0,19.2,-5.8,11.9,313,6.5,112,67,2025-10-05 01:00:00+00:00
27.2,78,23.1,1009.8,1010.9,38,0,1,37,8.9,252,20.5,0.0,1220.0,-0.1,110.0,19.1,-5.6,11.4,307,8.7,106,64,2025-10-05 02:00:00+00:00
28.7,74,23.6,1010.3,1011.4,61,0,0,61,8.2,251,21.6,0.0,1830.0,-0.9,70.0,19.1,-5.6,11.3,302,9.9,104,62,2025-10-05 03:00:00+00:00
30.5,68,23.9,1010.6,1011.7,0,0,0,0,9.2,259,25.2,0.0,2390.0,-2.1,29.0,19.1,-5.4,10.4,299,12.2,101,62,2025-10-05 04:00:00+00:00
32.1,59,23.2,1010.2,1011.3,2,2,2,0,9.3,243,25.6,0.0,2110.0,-2.8,13.0,19.2,-5.4,10.6,301,13.4,100,62,2025-10-05 05:00:00+00:00
33.0,56,23.2,1009.2,1010.3,20,0,20,0,8.6,247,26.6,0.0,2380.0,-3.1,0.0,19.2,-4.9,12.6,311,14.6,99,63,2025-10-05 06:00:00+00:00
32.7,58,23.3,1008.4,1009.5,31,9,20,8,6.5,283,24.1,0.1,2330.0,-3.3,0.0,19.1,-4.9,12.3,309,13.4,100,64,2025-10-05 07:00:00+00:00
32.7,57,23.1,1007.4,1008.5,30,5,12,20,4.1,182,21.2,0.0,2290.0,-3.6,0.0,18.9,-4.7,10.8,292,14.4,95,64,2025-10-05 08:00:00+00:00
32.0,61,23.5,1006.5,1007.6,56,27,30,22,6.0,143,22.3,0.0,2480.0,-3.2,4.0,19.2,-4.7,12.5,280,13.3,95,64,2025-10-05 09:00:00+00:00
29.0,78,24.7,1006.2,1007.3,65,1,63,20,10.0,188,25.9,2.3,2850.0,-3.4,21.0,19.2,-4.7,14.6,275,10.9,96,63,2025-10-05 10:00:00+00:00
29.2,74,24.1,1005.7,1006.8,23,0,10,14,6.1,177,25.9,0.2,2440.0,-4.1,75.0,19.4,-4.7,14.6,270,9.6,90,63,2025-10-05 11:00:00+00:00
28.5,78,24.4,1006.2,1007.3,9,5,7,1,6.5,268,16.2,0.0,2540.0,-4.7,79.0,19.8,-4.7,12.0,320,8.4,90,66,2025-10-05 12:00:00+00:00
27.4,82,24.1,1007.2,1008.3,32,0,27,9,8.8,191,16.6,1.7,1870.0,-4.3,120.0,19.9,-4.9,10.0,321,8.4,90,64,2025-10-05 13:00:00+00:00
27.2,85,24.4,1008.4,1009.5,23,2,21,3,8.7,217,18.7,0.1,2320.0,-4.0,116.0,19.9,-4.9,6.2,324,7.3,81,67,2025-10-05 14:00:00+00:00
27.2,86,24.7,1009.3,1010.4,17,7,16,0,9.8,188,19.4,0.0,2620.0,-4.4,91.0,19.8,-4.9,3.3,304,7.3,81,67,2025-10-05 15:00:00+00:00
27.1,85,24.4,1009.7,1010.8,50,0,15,41,8.6,210,19.4,0.0,2280.0,-4.8,102.0,19.7,-4.9,4.1,276,8.5,82,68,2025-10-05 16:00:00+00:00
26.5,86,24.1,1010.0,1011.2,98,5,49,98,8.0,293,16.9,0.0,2280.0,-4.9,41.0,19.3,-5.1,5.7,241,9.7,83,69,2025-10-05 17:00:00+00:00
26.6,90,24.7,1009.9,1011.1,88,3,9,86,11.0,220,33.5,8.0,2880.0,-5.0,21.0,19.1,-5.4,4.1,270,14.6,81,77,2025-10-05 18:00:00+00:00
26.0,92,24.6,1009.3,1010.5,84,0,0,84,11.6,254,23.8,0.0,2380.0,-4.5,40.0,19.4,-5.4,7.4,292,16.8,90,77,2025-10-05 19:00:00+00:00
25.7,91,24.1,1008.8,1010.0,44,3,1,42,11.4,254,25.2,0.0,1850.0,-4.3,24.0,19.6,-5.1,10.5,304,14.8,104,77,2025-10-05 20:00:00+00:00
25.1,90,23.3,1008.4,1009.6,61,0,2,60,12.2,268,25.2,0.0,1160.0,-3.6,39.0,19.6,-5.4,13.2,319,12.9,112,77,2025-10-05 21:00:00+00:00
24.9,87,22.6,1008.2,1009.4,21,0,2,20,9.7,269,25.6,0.0,990.0,-2.9,52.0,19.6,-5.4,15.3,323,10.3,126,74,2025-10-05 22:00:00+00:00
24.8,87,22.4,1008.2,1009.4,72,0,2,72,9.8,265,20.2,0.0,720.0,-1.7,70.0,19.4,-5.1,16.7,325,9.4,130,71,2025-10-05 23:00:00+00:00
25.7,82,22.4,1007.8,1009.0,66,0,2,66,9.8,263,20.5,0.0,810.0,-1.1,189.0,19.3,-5.4,16.4,326,8.5,172,69,2025-10-06 00:00:00+00:00
25.8,80,22.1,1008.7,1009.9,84,0,1,84,10.4,268,21.2,0.0,610.0,-0.8,205.0,19.1,-5.4,14.3,329,7.3,171,66,2025-10-06 01:00:00+00:00
27.3,78,23.1,1009.9,1011.0,19,0,0,19,9.6,283,21.2,0.0,1230.0,-1.5,140.0,19.1,-5.4,13.3,329,6.0,180,62,2025-10-06 02:00:00+00:00
29.0,72,23.5,1010.6,1011.7,78,0,0,78,7.5,305,21.2,0.0,1870.0,-2.6,70.0,18.9,-5.4,11.6,329,4.9,166,60,2025-10-06 03:00:00+00:00
30.5,69,24.1,1010.7,1011.8,79,0,0,79,5.3,348,20.2,0.0,2560.0,-3.0,31.0,18.9,-5.1,10.0,330,2.7,153,61,2025-10-06 04:00:00+00:00
31.7,64,24.2,1010.4,1011.5,81,0,0,81,3.1,10,17.6,0.0,2750.0,-2.8,11.0,18.9,-4.9,9.1,323,2.7,153,62,2025-10-06 05:00:00+00:00
32.7,60,23.8,1009.7,1010.8,94,0,7,93,4.0,39,15.5,0.0,2740.0,-3.2,0.0,18.7,-4.7,8.0,301,2.7,117,64,2025-10-06 06:00:00+00:00
32.7,61,24.2,1008.6,1009.7,80,3,9,77,5.4,86,18.7,0.0,3070.0,-3.5,0.0,18.5,-4.9,9.4,284,2.4,90,61,2025-10-06 07:00:00+00:00
30.6,71,24.7,1008.0,1009.1,66,9,16,58,9.3,109,26.6,4.0,2970.0,-3.2,25.0,18.8,-4.7,13.0,288,1.7,45,63,2025-10-06 08:00:00+00:00
30.5,73,25.0,1007.1,1008.2,59,2,19,50,3.2,124,26.6,3.5,3130.0,-3.3,26.0,19.1,-4.4,10.8,292,3.6,360,62,2025-10-06 09:00:00+00:00
28.5,78,24.3,1007.3,1008.4,83,2,81,10,3.8,188,24.5,3.0,2140.0,-3.2,19.0,19.1,-4.4,9.7,289,3.6,360,60,2025-10-06 10:00:00+00:00
28.7,78,24.6,1007.2,1008.3,55,13,1,49,2.4,63,14.4,0.2,2590.0,-3.6,14.0,19.6,-4.0,9.7,289,4.8,360,62,2025-10-06 11:00:00+00:00
27.9,83,24.7,1007.8,1008.9,91,5,14,89,4.9,360,14.8,0.0,2730.0,-3.4,14.0,19.3,-4.4,7.1,310,6.5,338,62,2025-10-06 12:00:00+00:00
26.8,89,24.8,1008.7,1009.8,95,9,14,95,5.8,344,16.2,0.0,2580.0,-3.4,21.0,19.4,-4.2,9.1,307,6.0,360,63,2025-10-06 13:00:00+00:00
26.1,91,24.5,1009.3,1010.5,99,0,15,99,5.5,308,12.6,0.0,2230.0,-3.7,25.0,19.4,-4.0,9.4,309,6.5,22,64,2025-10-06 14:00:00+00:00
25.6,90,23.8,1010.4,1011.6,48,5,3,43,3.8,311,13.7,0.0,2130.0,-4.0,27.0,19.3,-4.0,10.1,306,7.0,31,63,2025-10-06 15:00:00+00:00
25.7,90,23.9,1010.7,1011.9,39,5,16,27,2.5,278,7.9,0.0,1970.0,-4.0,36.0,19.1,-4.0,9.8,298,8.5,45,63,2025-10-06 16:00:00+00:00
25.5,91,23.9,1010.6,1011.8,21,0,20,2,3.2,304,7.9,0.0,1660.0,-3.9,50.0,18.9,-4.2,10.0,300,8.5,45,64,2025-10-06 17:00:00+00:00
27.4,93,26.2,1010.0,1011.1,46,2,45,1,4.3,152,6.8,0.0,4280.0,-3.6,13.0,18.7,-4.7,12.3,309,7.0,31,69,2025-10-06 18:00:00+00:00
27.3,95,26.4,1009.6,1010.7,80,2,10,77,1.5,210,7.9,0.0,4320.0,-3.2,8.0,18.7,-4.7,14.2,318,7.0,31,71,2025-10-06 19:00:00+00:00
26.4,94,25.3,1008.8,1010.0,100,5,27,100,6.9,284,16.2,1.1,3350.0,-3.1,13.0,18.8,-4.7,16.5,321,8.0,27,74,2025-10-06 20:00:00+00:00
26.1,96,25.4,1008.2,1009.4,74,5,9,72,3.1,280,12.2,0.0,3250.0,-2.7,32.0,19.1,-4.4,19.7,318,9.9,14,76,2025-10-06 21:00:00+00:00
25.9,97,25.4,1008.1,1009.3,70,1,7,67,4.0,243,9.4,0.0,3280.0,-2.6,32.0,19.1,-4.2,21.0,318,11.1,13,76,2025-10-06 22:00:00+00:00
25.8,97,25.3,1008.5,1009.7,97,1,2,96,4.5,310,9.7,0.0,3190.0,-2.8,13.0,18.9,-4.2,20.3,316,13.3,5,76,2025-10-06 23:00:00+00:00
25.8,96,25.1,1008.6,1009.8,96,1,21,95,4.2,263,9.4,0.0,3200.0,-2.5,19.0,18.8,-4.9,16.8,319,15.4,321,73,2025-10-07 00:00:00+00:00
25.9,95,25.0,1009.2,1010.4,86,0,3,85,5.7,259,11.2,0.0,3090.0,-2.5,20.0,18.8,-4.9,17.7,318,14.0,329,71,2025-10-07 01:00:00+00:00
26.8,92,25.4,1010.3,1011.5,97,14,2,96,6.8,243,16.9,0.0,3110.0,-2.8,17.0,18.6,-5.1,18.1,321,14.0,329,71,2025-10-07 02:00:00+00:00
28.5,83,25.4,1011.1,1012.2,98,30,5,98,8.6,221,25.6,0.0,3430.0,-3.1,3.0,18.5,-5.1,19.9,328,12.4,331,69,2025-10-07 03:00:00+00:00
29.4,80,25.5,1011.3,1012.4,100,8,2,100,5.1,222,25.2,0.1,3590.0,-3.2,1.0,18.3,-5.1,20.0,333,12.4,331,68,2025-10-07 04:00:00+00:00
30.5,76,25.7,1010.8,1011.9,100,2,2,100,3.9,202,20.5,0.1,3850.0,-3.2,0.0,18.3,-4.9,21.6,335,13.4,333,67,2025-10-07 05:00:00+00:00
30.6,73,25.1,1009.9,1011.0,78,1,7,76,4.4,201,20.2,0.3,3410.0,-3.4,0.0,18.5,-4.9,21.6,332,12.9,338,67,2025-10-07 06:00:00+00:00
31.4,70,25.3,1008.9,1010.0,45,3,3,41,0.8,135,19.4,0.1,3600.0,-3.4,0.0,18.3,-4.7,15.5,317,11.4,342,64,2025-10-07 07:00:00+00:00
31.1,71,25.1,1008.0,1009.1,26,5,2,20,5.8,95,22.7,0.3,3480.0,-3.7,3.0,18.6,-4.4,16.1,313,10.3,339,67,2025-10-07 08:00:00+00:00
28.4,80,24.6,1007.3,1008.4,48,33,43,9,4.3,114,28.8,5.7,2150.0,-4.0,42.0,19.1,-4.4,18.8,309,10.3,339,64,2025-10-07 09:00:00+00:00
29.6,76,24.9,1006.4,1007.5,28,6,1,23,4.8,132,17.6,0.1,2990.0,-3.9,30.0,19.3,-4.4,17.8,310,8.7,344,67,2025-10-07 10:00:00+00:00
29.8,77,25.2,1006.4,1007.5,2,0,1,1,8.3,134,21.2,0.0,3600.0,-4.0,18.0,19.4,-4.4,16.8,313,8.7,344,68,2025-10-07 11:00:00+00:00
28.9,80,25.2,1007.0,1008.1,5,0,5,0,5.8,126,21.2,0.0,3350.0,-3.7,28.0,19.6,-4.4,14.8,313,6.5,22,69,2025-10-07 12:00:00+00:00
28.1,85,25.3,1008.0,1009.1,8,0,8,0,5.5,128,12.6,0.0,3290.0,-3.1,38.0,19.6,-4.4,14.2,315,5.4,27,69,2025-10-07 13:00:00+00:00
28.0,85,25.3,1009.1,1010.2,9,2,9,0,5.8,144,11.9,0.0,3310.0,-3.4,27.0,19.6,-4.4,14.2,318,6.0,37,72,2025-10-07 14:00:00+00:00
27.9,86,25.3,1010.1,1011.2,10,2,9,0,4.3,156,11.9,0.0,3300.0,-3.3,22.0,19.6,-4.7,14.0,324,6.0,37,71,2025-10-07 15:00:00+00:00
27.8,87,25.3,1010.5,1011.6,5,0,5,0,4.2,149,8.6,0.0,3280.0,-3.5,21.0,19.3,-4.9,13.8,326,5.1,45,71,2025-10-07 16:00:00+00:00
27.6,87,25.3,1010.6,1011.7,5,1,5,0,4.0,175,8.6,0.0,3340.0,-4.0,21.0,19.1,-5.1,13.5,327,5.1,45,72,2025-10-07 17:00:00+00:00
27.7,83,24.6,1009.9,1011.0,12,3,3,5,3.1,211,7.9,0.0,2770.0,-4.2,25.0,18.8,-4.9,12.1,340,7.0,31,74,2025-10-07 18:00:00+00:00
27.6,86,25.1,1009.4,1010.5,9,6,2,1,3.3,257,6.5,0.0,2950.0,-3.3,23.0,18.8,-5.1,11.3,339,6.0,53,74,2025-10-07 19:00:00+00:00
26.9,92,25.5,1009.1,1010.2,25,0,9,17,2.5,249,7.9,0.0,3270.0,-2.5,23.0,18.9,-4.9,11.8,337,5.1,45,77,2025-10-07 20:00:00+00:00
26.6,93,25.5,1008.1,1009.2,5,0,2,2,3.1,263,6.1,0.0,3370.0,-2.3,22.0,18.9,-4.7,12.2,333,6.0,53,76,2025-10-07 21:00:00+00:00
26.2,95,25.4,1007.8,1009.0,3,0,2,2,4.0,273,7.9,0.0,3250.0,-2.3,25.0,18.8,-4.7,12.8,333,6.0,53,76,2025-10-07 22:00:00+00:00
26.0,95,25.2,1008.0,1009.2,8,2,5,1,4.1,268,7.9,0.0,3030.0,-2.3,31.0,18.7,-4.4,13.5,336,7.0,59,76,2025-10-07 23:00:00+00:00
26.8,89,24.9,1008.5,1009.6,16,2,9,9,6.8,222,8.3,0.0,3180.0,-2.0,39.0,18.6,-4.7,8.2,341,4.8,90,71,2025-10-08 00:00:00+00:00
27.1,89,25.0,1009.5,1010.6,23,6,17,6,6.5,226,14.0,0.0,3180.0,-1.9,40.0,18.5,-4.7,8.2,341,4.8,90,71,2025-10-08 01:00:00+00:00
28.1,83,24.9,1010.3,1011.4,20,2,1,19,4.7,223,14.8,0.0,3110.0,-2.8,30.0,18.6,-4.7,8.4,338,4.8,90,67,2025-10-08 02:00:00+00:00
29.3,75,24.5,1010.5,1011.6,41,2,2,41,3.9,208,13.3,0.0,2750.0,-3.0,18.0,18.7,-4.7,8.2,333,4.8,90,67,2025-10-08 03:00:00+00:00
30.3,70,24.1,1010.8,1011.9,66,17,45,38,6.3,200,18.7,0.1,2470.0,-3.2,5.0,18.7,-4.7,8.2,333,3.8,72,64,2025-10-08 04:00:00+00:00
30.9,66,23.8,1010.7,1011.8,65,1,6,63,7.9,193,22.3,0.0,2420.0,-3.4,1.0,18.8,-4.7,7.7,332,4.3,56,67,2025-10-08 05:00:00+00:00
31.7,65,24.3,1009.7,1010.8,96,5,11,95,7.0,192,23.4,0.0,2810.0,-3.2,0.0,18.8,-4.4,6.1,283,4.8,90,66,2025-10-08 06:00:00+00:00
31.6,66,24.4,1008.7,1009.8,100,14,8,100,6.9,171,21.6,0.1,2980.0,-3.0,0.0,18.5,-4.4,6.8,270,4.9,76,63,2025-10-08 07:00:00+00:00
31.6,64,24.0,1007.6,1008.7,100,27,4,100,8.1,155,24.8,0.1,2840.0,-3.2,0.0,18.7,-4.2,9.6,267,6.1,79,66,2025-10-08 08:00:00+00:00
30.7,69,24.4,1006.4,1007.5,91,2,8,91,9.6,147,25.2,0.1,2930.0,-3.4,6.0,19.2,-4.4,8.2,270,3.8,72,69,2025-10-08 09:00:00+00:00
30.5,68,23.8,1005.9,1007.0,39,1,6,35,12.1,179,29.9,1.0,2410.0,-3.3,13.0,19.4,-4.2,5.0,265,4.9,76,67,2025-10-08 10:00:00+00:00
30.3,69,23.9,1006.2,1007.3,100,2,5,100,7.9,179,29.2,0.0,2510.0,-3.1,9.0,19.6,-4.0,2.3,270,5.4,63,66,2025-10-08 11:00:00+00:00
29.7,73,24.3,1006.8,1007.9,9,5,2,3,7.1,187,19.4,0.0,2800.0,-3.2,7.0,19.2,-3.7,1.4,198,6.1,79,70,2025-10-08 12:00:00+00:00
28.4,81,24.9,1007.9,1009.0,12,0,1,10,3.5,201,14.4,0.0,2660.0,-3.4,20.0,19.3,-4.0,2.0,153,7.3,99,69,2025-10-08 13:00:00+00:00
27.9,86,25.3,1009.2,1010.3,10,1,7,3,2.7,222,6.5,0.0,2760.0,-3.6,26.0,19.2,-4.0,1.8,180,9.9,104,71,2025-10-08 14:00:00+00:00
27.6,88,25.3,1009.9,1011.0,50,0,9,45,3.6,217,6.8,0.0,3050.0,-3.3,26.0,18.9,-4.2,4.2,167,7.6,108,72,2025-10-08 15:00:00+00:00
27.2,90,25.3,1010.5,1011.7,49,0,7,45,4.4,249,9.0,0.0,3270.0,-3.6,22.0,19.1,-4.4,8.0,149,7.6,108,71,2025-10-08 16:00:00+00:00
26.6,92,25.2,1010.4,1011.6,19,0,5,14,3.4,264,9.7,0.0,2960.0,-3.5,29.0,19.3,-4.4,10.2,148,6.5,112,74,2025-10-08 17:00:00+00:00
26.4,90,24.7,1010.4,1011.6,26,0,16,12,5.7,259,9.4,0.0,2590.0,-3.1,40.0,19.3,-4.7,8.4,158,9.7,120,77,2025-10-08 18:00:00+00:00
26.6,89,24.7,1009.7,1010.9,7,0,5,3,3.9,248,11.5,0.0,2590.0,-2.6,21.0,19.3,-4.9,5.9,176,8.7,124,77,2025-10-08 19:00:00+00:00
26.6,89,24.6,1009.5,1010.7,13,3,13,1,4.0,234,7.9,0.0,2700.0,-2.8,20.0,19.3,-5.1,4.3,198,9.7,120,78,2025-10-08 20:00:00+00:00
26.3,91,24.7,1009.0,1010.2,23,6,18,6,3.3,248,8.3,0.0,2730.0,-2.4,28.0,19.3,-5.1,4.5,246,10.7,117,79,2025-10-08 21:00:00+00:00
26.1,91,24.6,1008.9,1010.1,71,2,2,70,3.8,262,7.2,0.0,2710.0,-2.5,36.0,19.3,-5.1,5.0,265,9.7,120,78,2025-10-08 22:00:00+00:00
26.0,92,24.5,1008.8,1010.0,63,1,1,63,5.3,237,10.4,0.0,2660.0,-2.4,30.0,19.6,-5.1,4.6,276,6.8,135,72,2025-10-08 23:00:00+00:00
25.9,84,23.0,1009.4,1010.6,93,0,2,93,4.2,258,11.9,0.0,2370.0,-2.0,10.0,19.4,-5.4,7.1,195,11.1,103,73,2025-10-09 00:00:00+00:00
26.4,83,23.2,1010.1,1011.3,89,0,2,89,5.2,239,10.1,0.0,2030.0,-2.0,20.0,19.6,-5.1,6.7,208,11.1,103,71,2025-10-09 01:00:00+00:00
27.8,80,24.0,1010.6,1011.7,95,0,0,95,4.4,235,11.9,0.0,1950.0,-2.7,45.0,19.4,-5.1,7.3,210,12.2,101,68,2025-10-09 02:00:00+00:00
28.5,73,23.2,1011.3,1012.4,96,29,38,91,9.2,247,23.4,0.0,1550.0,-2.7,4.0,19.4,-4.9,7.6,213,12.1,96,67,2025-10-09 03:00:00+00:00
29.7,72,24.1,1011.1,1012.2,96,0,0,96,5.8,254,25.2,0.1,2270.0,-2.7,12.0,19.4,-4.9,6.5,205,10.8,90,67,2025-10-09 04:00:00+00:00
31.0,68,24.3,1010.7,1011.8,98,2,2,98,4.6,239,18.7,0.0,2660.0,-2.6,1.0,19.1,-4.7,6.9,203,10.8,90,69,2025-10-09 05:00:00+00:00
31.5,70,25.3,1009.6,1010.7,99,2,4,99,3.7,169,17.6,0.0,3930.0,-2.8,0.0,19.3,-4.2,8.2,236,11.1,103,68,2025-10-09 06:00:00+00:00
31.6,67,24.8,1008.5,1009.6,100,100,10,94,8.8,145,27.7,0.0,3450.0,-2.9,0.0,18.5,-4.2,10.1,252,11.1,103,68,2025-10-09 07:00:00+00:00
30.4,72,24.7,1007.5,1008.6,94,41,12,88,7.6,89,28.4,0.5,3100.0,-2.6,10.0,18.7,-4.2,10.8,255,9.9,104,69,2025-10-09 08:00:00+00:00
30.2,73,24.9,1006.7,1007.8,68,13,30,50,6.0,131,25.9,0.3,3270.0,-2.4,5.0,18.9,-4.2,12.3,266,8.5,98,69,2025-10-09 09:00:00+00:00
30.3,71,24.4,1006.3,1007.4,22,7,19,1,8.1,152,22.7,0.1,2970.0,-2.7,8.0,19.4,-4.0,10.5,275,7.2,90,73,2025-10-09 10:00:00+00:00
30.0,73,24.6,1006.1,1007.2,20,5,13,5,9.3,158,23.4,0.0,3230.0,-2.7,13.0,19.7,-4.2,7.0,281,7.2,90,72,2025-10-09 11:00:00+00:00
29.4,76,24.8,1006.8,1007.9,11,3,11,0,7.9,123,23.0,0.0,3150.0,-2.5,29.0,19.8,-3.7,8.3,276,4.9,104,71,2025-10-09 12:00:00+00:00
29.2,75,24.3,1007.2,1008.3,36,1,21,19,9.7,130,18.7,0.0,2710.0,-2.7,26.0,19.9,-3.7,7.2,288,4.9,104,72,2025-10-09 13:00:00+00:00
28.4,81,24.8,1008.4,1009.5,94,27,51,83,2.8,165,21.2,0.1,2350.0,-3.2,14.0,19.7,-4.0,3.2,270,3.8,72,68,2025-10-09 14:00:00+00:00
26.5,88,24.3,1010.0,1011.2,95,48,22,88,10.4,269,18.0,5.8,1840.0,-3.7,1.0,19.3,-4.0,1.0,207,4.8,90,67,2025-10-09 15:00:00+00:00
24.1,97,23.7,1010.1,1011.3,97,13,22,95,10.3,322,27.7,3.3,2000.0,-3.4,20.0,19.1,-4.2,2.0,117,6.1,79,69,2025-10-09 16:00:00+00:00
24.7,94,23.8,1009.9,1011.1,98,4,16,98,6.4,262,19.4,0.1,2180.0,-3.4,8.0,18.9,-4.4,4.1,117,6.1,79,72,2025-10-09 17:00:00+00:00
26.5,94,25.4,1009.6,1010.8,98,2,16,98,6.7,270,31.0,0.0,3210.0,-3.9,25.0,18.9,-4.4,10.1,144,6.0,53,73,2025-10-09 18:00:00+00:00
26.1,94,25.1,1008.8,1010.0,94,1,4,94,6.3,288,14.0,0.0,2750.0,-3.8,31.0,18.8,-4.7,12.1,160,8.0,63,73,2025-10-09 19:00:00+00:00
25.7,95,24.8,1008.6,1009.8,83,3,13,80,7.3,279,14.4,0.0,2470.0,-3.3,29.0,18.8,-4.9,12.8,174,8.7,74,73,2025-10-09 20:00:00+00:00
25.5,94,24.4,1008.0,1009.2,97,1,5,96,7.7,269,16.9,0.0,2060.0,-2.7,39.0,18.8,-4.9,13.0,192,8.4,90,71,2025-10-09 21:00:00+00:00
25.3,94,24.3,1007.8,1009.0,91,0,2,91,6.9,261,15.8,0.0,2010.0,-2.5,37.0,18.9,-5.1,12.7,210,7.3,99,70,2025-10-09 22:00:00+00:00
25.1,95,24.2,1007.8,1009.0,32,2,0,30,7.1,264,14.8,0.0,1930.0,-2.1,27.0,19.3,-5.4,12.0,220,6.0,90,68,2025-10-09 23:00:00+00:00
25.2,94,24.1,1008.3,1009.5,83,4,0,82,7.1,294,14.0,0.0,1890.0,-2.0,8.0,19.3,-5.1,12.8,178,12.1,96,63,2025-10-10 00:00:00+00:00
25.4,92,24.0,1008.8,1010.0,20,0,0,20,4.5,317,14.4,0.0,1800.0,-1.6,12.0,19.4,-5.1,10.9,180,10.9,96,61,2025-10-10 01:00:00+00:00
26.6,88,24.5,1009.1,1010.3,99,0,0,99,2.7,323,10.1,0.0,2170.0,-1.9,29.0,19.4,-4.9,10.0,180,11.1,103,59,2025-10-10 02:00:00+00:00
28.2,81,24.7,1009.8,1010.9,100,0,1,100,2.9,349,12.2,0.0,2600.0,-2.1,4.0,19.4,-4.7,9.7,188,10.3,111,57,2025-10-10 03:00:00+00:00
29.2,76,24.5,1010.3,1011.4,100,22,10,100,2.8,50,16.6,0.2,2390.0,-2.0,1.0,19.2,-4.9,8.3,186,10.7,117,54,2025-10-10 04:00:00+00:00
29.7,74,24.5,1009.8,1010.9,99,16,28,98,4.2,78,19.1,0.1,2440.0,-2.0,0.0,18.6,-4.9,5.5,180,10.7,117,52,2025-10-10 05:00:00+00:00
30.2,72,24.6,1009.0,1010.1,91,23,13,88,5.2,70,24.1,0.1,2710.0,-2.1,0.0,19.1,-4.4,3.9,201,10.3,126,54,2025-10-10 06:00:00+00:00
30.4,71,24.5,1008.0,1009.1,100,4,4,100,8.4,74,24.5,0.0,2750.0,-2.3,0.0,19.2,-4.4,2.9,219,8.0,117,60,2025-10-10 07:00:00+00:00
30.3,71,24.4,1006.9,1008.0,99,2,3,99,9.4,79,27.0,0.0,2660.0,-2.4,0.0,19.2,-4.4,3.1,243,6.5,112,59,2025-10-10 08:00:00+00:00
29.7,73,24.4,1006.0,1007.1,96,2,6,96,9.3,77,26.6,0.0,2590.0,-2.1,5.0,19.3,-4.2,2.9,309,4.8,90,61,2025-10-10 09:00:00+00:00
29.6,73,24.3,1005.4,1006.5,97,5,3,97,11.0,90,28.1,0.0,2520.0,-2.4,4.0,19.2,-4.2,1.8,360,3.8,72,62,2025-10-10 10:00:00+00:00
28.8,77,24.3,1005.4,1006.5,95,5,2,95,11.5,100,28.8,0.0,2530.0,-2.6,3.0,19.2,-4.0,2.9,51,4.3,56,64,2025-10-10 11:00:00+00:00
28.6,78,24.4,1005.6,1006.7,96,2,7,95,8.2,105,27.7,0.0,2520.0,-2.4,12.0,19.4,-4.0,9.8,22,4.3,34,64,2025-10-10 12:00:00+00:00
28.0,81,24.5,1006.4,1007.5,89,1,5,88,6.3,103,17.3,0.0,2570.0,-2.2,13.0,19.2,-4.0,9.5,35,5.4,27,64,2025-10-10 13:00:00+00:00
27.8,82,24.5,1007.2,1008.3,85,12,5,82,6.9,127,13.7,0.0,2580.0,-2.9,7.0,18.9,-4.0,10.7,40,7.0,31,64,2025-10-10 14:00:00+00:00
27.6,83,24.4,1007.9,1009.0,90,3,2,89,6.6,147,15.1,0.0,2340.0,-3.1,8.0,18.9,-4.0,10.6,43,8.7,34,63,2025-10-10 15:00:00+00:00
27.1,85,24.4,1008.3,1009.4,100,7,1,100,4.1,167,13.3,0.0,2170.0,-3.0,10.0,18.9,-4.2,10.4,52,9.4,40,59,2025-10-10 16:00:00+00:00
26.8,86,24.4,1008.6,1009.7,98,3,4,98,3.9,246,7.9,0.0,2150.0,-3.3,14.0,18.9,-4.4,9.4,61,10.2,45,57,2025-10-10 17:00:00+00:00
27.3,82,24.1,1008.2,1009.3,97,6,2,97,6.8,205,11.2,0.0,2170.0,-3.1,22.0,18.9,-4.4,6.3,69,10.3,36,60,2025-10-10 18:00:00+00:00
27.2,85,24.4,1007.6,1008.7,46,11,4,39,7.2,207,14.8,0.0,2520.0,-3.1,16.0,19.1,-4.7,5.5,81,11.9,45,59,2025-10-10 19:00:00+00:00
26.8,88,24.6,1007.1,1008.2,90,13,10,88,7.6,216,15.5,0.0,2620.0,-3.2,10.0,19.1,-4.7,3.7,83,12.8,49,58,2025-10-10 20:00:00+00:00
26.1,90,24.3,1007.3,1008.5,92,13,16,90,7.6,239,19.1,0.0,2110.0,-2.7,6.0,19.2,-4.7,1.9,104,13.7,52,59,2025-10-10 21:00:00+00:00
25.7,91,24.2,1007.4,1008.6,97,25,35,95,3.8,197,15.5,0.1,1920.0,-2.5,7.0,19.4,-4.9,1.0,117,13.0,56,59,2025-10-10 22:00:00+00:00
25.5,90,23.8,1007.2,1008.4,97,3,19,96,7.9,225,16.2,0.0,1640.0,-2.0,14.0,19.6,-4.9,0.5,360,13.0,56,58,2025-10-10 23:00:00+00:00
25.9,91,24.3,1007.4,1008.6,6,1,5,1,6.4,216,16.2,0.0,2080.0,-1.7,25.0,19.1,-4.9,8.1,218,10.3,54,64,2025-10-11 00:00:00+00:00
25.9,91,24.4,1007.8,1009.0,2,0,2,0,5.0,251,13.3,0.0,2070.0,-1.7,32.0,18.9,-5.1,6.5,231,10.3,69,63,2025-10-11 01:00:00+00:00
27.1,88,24.9,1008.8,1009.9,9,3,2,5,3.2,251,11.2,0.0,2680.0,-2.0,14.0,18.7,-5.1,6.3,249,11.1,77,63,2025-10-11 02:00:00+00:00
28.6,81,25.0,1009.1,1010.2,49,2,2,48,2.7,250,12.2,0.0,2960.0,-2.1,4.0,18.5,-5.1,6.9,274,12.1,84,62,2025-10-11 03:00:00+00:00
29.8,76,25.0,1009.5,1010.6,13,2,12,1,2.9,277,13.7,0.0,3120.0,-1.7,0.0,18.6,-4.9,6.8,290,13.3,95,62,2025-10-11 04:00:00+00:00
30.7,71,25.0,1009.1,1010.2,84,5,12,81,3.9,323,16.9,0.0,3220.0,-1.8,0.0,18.7,-4.9,6.6,304,12.2,101,63,2025-10-11 05:00:00+00:00
30.8,69,24.5,1008.5,1009.6,96,16,16,95,6.9,20,17.3,0.0,2770.0,-2.3,0.0,18.7,-4.7,11.9,313,12.2,101,68,2025-10-11 06:00:00+00:00
31.2,66,24.0,1007.6,1008.7,40,9,21,20,9.2,21,27.0,0.0,2460.0,-2.8,0.0,18.2,-4.7,13.5,312,11.4,108,69,2025-10-11 07:00:00+00:00
29.6,69,23.3,1006.8,1007.9,83,38,70,13,14.4,12,34.6,1.5,1380.0,-3.0,21.0,18.6,-4.7,15.9,301,11.1,103,63,2025-10-11 08:00:00+00:00
29.6,70,23.5,1006.1,1007.2,43,23,26,3,12.9,20,35.6,0.3,1800.0,-2.9,6.0,18.9,-4.4,18.5,303,12.2,101,62,2025-10-11 09:00:00+00:00
29.6,72,24.0,1005.7,1006.8,27,3,25,2,10.8,26,32.0,0.4,2310.0,-2.7,5.0,19.1,-4.4,17.7,312,11.1,103,67,2025-10-11 10:00:00+00:00
29.2,72,23.6,1005.8,1006.9,27,20,9,0,9.9,32,28.4,0.2,1760.0,-2.7,9.0,19.1,-4.2,17.5,332,11.1,103,69,2025-10-11 11:00:00+00:00
28.8,77,24.3,1005.6,1006.7,15,0,13,2,8.2,29,23.0,0.1,2510.0,-3.0,12.0,18.9,-4.4,19.6,335,12.2,79,69,2025-10-11 12:00:00+00:00
28.1,82,24.8,1006.8,1007.9,14,4,10,2,7.8,42,17.3,0.0,3020.0,-2.7,7.0,18.9,-4.4,19.3,345,11.1,77,68,2025-10-11 13:00:00+00:00
28.0,83,24.8,1008.0,1009.1,15,1,10,4,6.6,43,16.2,0.0,3020.0,-3.1,9.0,19.1,-4.4,20.8,350,11.1,77,69,2025-10-11 14:00:00+00:00
27.7,85,25.0,1008.7,1009.8,20,0,18,2,4.2,54,13.3,0.0,3020.0,-3.4,9.0,19.1,-4.7,22.5,353,11.4,72,70,2025-10-11 15:00:00+00:00
27.4,88,25.2,1009.0,1010.1,22,0,21,2,2.8,63,8.3,0.0,3060.0,-3.8,6.0,19.2,-4.7,24.6,357,11.4,72,71,2025-10-11 16:00:00+00:00
27.1,89,25.1,1008.9,1010.0,23,5,13,7,3.0,25,5.4,0.0,2970.0,-3.6,8.0,19.1,-4.7,24.6,358,11.8,66,73,2025-10-11 17:00:00+00:00
26.9,88,24.8,1008.6,1009.7,21,0,20,3,2.2,104,5.8,0.0,2570.0,-3.7,13.0,19.1,-4.9,27.0,5,11.3,58,71,2025-10-11 18:00:00+00:00
26.9,89,24.9,1007.9,1009.0,8,0,6,2,2.5,176,5.4,0.0,2670.0,-3.7,15.0,18.9,-5.1,26.0,4,10.3,54,72,2025-10-11 19:00:00+00:00
26.5,91,25.0,1007.4,1008.5,14,0,9,5,2.2,222,5.4,0.0,2680.0,-3.4,14.0,18.8,-5.1,25.6,4,9.4,50,72,2025-10-11 20:00:00+00:00
26.2,93,24.9,1007.2,1008.3,15,2,9,7,2.9,266,5.8,0.0,2580.0,-3.1,15.0,18.9,-5.1,25.6,4,10.2,45,70,2025-10-11 21:00:00+00:00
25.9,94,24.8,1007.1,1008.3,13,2,2,10,4.0,275,8.3,0.0,2420.0,-3.0,17.0,18.9,-4.9,25.6,5,10.2,45,69,2025-10-11 22:00:00+00:00
25.5,94,24.5,1006.9,1008.1,36,10,2,28,5.2,276,10.1,0.0,2100.0,-3.0,22.0,18.9,-4.9,25.3,7,9.4,40,68,2025-10-11 23:00:00+00:00
25.4,93,24.3,1007.2,1008.4,36,20,7,16,5.8,296,10.8,0.0,1940.0,-2.5,7.0,18.8,-4.9,23.1,15,9.7,60,69,2025-10-12 00:00:00+00:00
25.9,93,24.7,1007.9,1009.1,49,7,8,41,5.5,311,11.9,0.0,1990.0,-2.0,6.0,18.6,-4.7,21.5,21,8.0,63,68,2025-10-12 01:00:00+00:00
27.2,88,25.0,1008.3,1009.4,95,3,5,95,5.1,328,13.7,0.0,2590.0,-1.9,7.0,18.6,-4.4,21.2,28,9.1,67,66,2025-10-12 02:00:00+00:00
28.5,80,24.8,1008.6,1009.7,63,13,19,49,7.2,3,19.8,0.2,2640.0,-2.0,2.0,18.6,-4.2,19.1,33,9.9,76,67,2025-10-12 03:00:00+00:00
29.4,75,24.5,1008.7,1009.8,23,12,15,2,8.2,15,23.0,0.2,2480.0,-2.0,1.0,18.6,-4.2,16.8,33,8.7,74,67,2025-10-12 04:00:00+00:00
29.8,73,24.5,1007.9,1009.0,30,17,20,0,10.5,25,28.1,0.5,2390.0,-2.1,2.0,18.8,-4.0,14.9,31,8.0,63,68,2025-10-12 05:00:00+00:00
30.4,69,24.1,1007.4,1008.5,22,13,10,0,9.0,33,29.5,0.3,2190.0,-2.4,3.0,19.2,-3.5,14.5,28,9.7,83,71,2025-10-12 06:00:00+00:00
30.7,68,24.1,1006.5,1007.6,30,22,13,0,9.7,45,27.0,0.1,2280.0,-2.6,3.0,19.2,-3.5,13.1,29,9.1,67,70,2025-10-12 07:00:00+00:00
30.7,68,24.1,1005.7,1006.8,24,19,13,0,10.1,55,28.4,0.1,2340.0,-2.2,3.0,19.2,-3.5,12.4,24,9.1,67,69,2025-10-12 08:00:00+00:00
30.2,70,24.2,1004.9,1006.0,23,18,7,0,10.1,65,28.4,0.0,2390.0,-2.0,4.0,19.2,-3.5,12.6,26,9.4,50,70,2025-10-12 09:00:00+00:00
29.8,73,24.3,1004.7,1005.8,23,17,6,0,11.2,72,28.8,0.1,2560.0,-2.4,4.0,19.2,-3.5,12.4,36,10.2,45,67,2025-10-12 10:00:00+00:00
29.1,76,24.4,1004.7,1005.8,14,13,2,0,10.9,84,28.8,0.1,2570.0,-2.4,4.0,19.2,-3.5,13.5,45,11.1,41,61,2025-10-12 11:00:00+00:00
29.3,75,24.5,1005.3,1006.4,5,4,3,0,8.8,67,26.3,0.2,2800.0,-2.3,1.0,19.4,-3.3,12.9,45,16.1,42,71,2025-10-12 12:00:00+00:00
28.7,79,24.7,1006.0,1007.1,10,9,3,0,7.0,77,19.1,0.0,2920.0,-2.2,3.0,19.2,-3.5,12.0,65,17.1,39,68,2025-10-12 13:00:00+00:00
28.3,82,24.9,1007.5,1008.6,12,10,2,0,6.1,92,14.4,0.0,3020.0,-2.3,4.0,19.2,-3.7,11.4,74,21.4,38,67,2025-10-12 14:00:00+00:00
28.2,82,24.9,1008.5,1009.6,41,2,3,38,4.3,107,13.3,0.0,2970.0,-2.2,5.0,19.1,-4.0,10.0,87,24.6,43,68,2025-10-12 15:00:00+00:00
27.8,85,25.1,1008.6,1009.7,34,2,6,29,3.2,146,8.3,0.0,2910.0,-2.2,6.0,18.9,-4.2,9.8,103,25.5,45,68,2025-10-12 16:00:00+00:00
27.4,87,25.1,1008.4,1009.5,24,7,9,10,3.1,170,6.8,0.0,2740.0,-2.5,12.0,18.8,-4.4,9.5,125,25.5,49,66,2025-10-12 17:00:00+00:00
27.2,83,24.1,1008.4,1009.5,86,1,5,85,5.3,242,6.5,0.0,1850.0,-2.2,19.0,18.9,-4.4,4.5,156,23.8,49,69,2025-10-12 18:00:00+00:00
26.8,87,24.4,1008.0,1009.1,81,0,2,80,5.2,258,11.9,0.0,2130.0,-2.1,23.0,18.9,-4.4,4.1,180,23.3,55,68,2025-10-12 19:00:00+00:00
26.5,90,24.6,1007.4,1008.5,87,5,9,84,4.9,272,11.9,0.0,2240.0,-2.2,17.0,18.8,-4.4,3.3,196,23.7,60,69,2025-10-12 20:00:00+00:00
26.1,92,24.7,1006.8,1007.9,62,1,6,59,5.0,270,10.4,0.0,2240.0,-2.1,16.0,18.8,-4.4,3.2,225,23.6,66,69,2025-10-12 21:00:00+00:00
25.5,95,24.6,1006.7,1007.9,95,16,19,94,5.2,256,14.0,0.0,2030.0,-2.2,10.0,18.8,-4.4,3.7,263,23.2,69,70,2025-10-12 22:00:00+00:00
25.6,94,24.5,1006.9,1008.1,95,8,11,95,1.7,108,10.4,0.1,1960.0,-2.1,4.0,18.8,-4.4,3.3,286,23.9,72,70,2025-10-12 23:00:00+00:00
25.9,95,25.0,1007.2,1008.4,76,20,13,66,1.8,270,9.7,0.1,2500.0,-2.1,14.0,18.6,-4.9,3.7,263,23.9,72,70,2025-10-13 00:00:00+00:00
26.4,92,25.1,1007.9,1009.0,79,5,9,75,5.0,167,11.2,0.0,2700.0,-2.0,6.0,18.6,-4.9,4.3,302,24.5,79,68,2025-10-13 01:00:00+00:00
27.5,85,24.8,1009.0,1010.1,73,4,11,68,4.9,184,14.4,0.0,2590.0,-2.4,1.0,18.6,-4.7,5.8,315,24.1,84,67,2025-10-13 02:00:00+00:00
28.6,78,24.4,1009.0,1010.1,20,9,2,11,5.1,216,17.6,0.1,2310.0,-2.3,2.0,18.6,-4.7,8.0,329,25.2,90,68,2025-10-13 03:00:00+00:00
30.0,71,24.2,1009.0,1010.1,23,10,9,5,1.8,307,16.9,0.1,2240.0,-1.8,2.0,18.3,-4.7,9.5,343,26.4,93,66,2025-10-13 04:00:00+00:00
30.9,65,23.7,1008.8,1009.9,33,4,31,0,5.1,27,18.7,0.3,1970.0,-1.8,2.0,18.7,-4.4,11.2,348,25.3,95,64,2025-10-13 05:00:00+00:00
31.4,65,24.0,1008.0,1009.1,40,27,16,2,6.6,17,23.0,0.2,2340.0,-2.3,0.0,18.8,-4.2,13.9,351,27.4,113,71,2025-10-13 06:00:00+00:00
31.8,61,23.4,1007.2,1008.3,100,100,20,91,8.1,61,25.6,0.0,2070.0,-2.6,0.0,18.8,-4.0,15.6,353,25.8,112,70,2025-10-13 07:00:00+00:00
28.7,77,24.4,1006.9,1008.0,95,41,9,90,12.9,43,35.6,4.3,2040.0,-2.1,4.0,18.8,-4.0,17.8,356,25.8,112,72,2025-10-13 08:00:00+00:00
29.7,73,24.4,1005.8,1006.9,32,2,3,28,9.9,45,32.8,0.1,2480.0,-2.0,5.0,18.9,-3.7,19.6,1,24.3,110,70,2025-10-13 09:00:00+00:00
29.8,71,24.0,1005.1,1006.2,59,8,8,52,12.0,64,29.9,0.1,2240.0,-1.7,2.0,19.2,-3.7,20.6,6,21.6,109,73,2025-10-13 10:00:00+00:00
29.0,71,23.2,1005.3,1006.4,72,38,52,6,11.4,53,32.4,1.1,1170.0,-1.7,9.0,19.2,-3.5,22.7,15,20.1,107,69,2025-10-13 11:00:00+00:00
28.9,76,24.1,1006.0,1007.1,100,23,21,100,9.6,41,26.6,0.2,2370.0,-2.2,10.0,19.1,-3.7,21.9,21,18.6,105,71,2025-10-13 12:00:00+00:00
28.6,77,24.3,1006.4,1007.5,100,9,15,100,9.8,41,20.5,0.0,2480.0,-2.2,7.0,19.1,-3.7,22.6,25,18.4,101,69,2025-10-13 13:00:00+00:00
28.4,78,24.2,1007.0,1008.1,89,10,3,88,10.0,33,20.5,0.0,2360.0,-2.2,9.0,18.9,-4.0,22.4,27,18.2,98,69,2025-10-13 14:00:00+00:00
28.0,80,24.1,1008.0,1009.1,18,13,9,2,8.9,32,20.5,0.0,2190.0,-2.3,12.0,18.9,-4.0,21.0,30,19.2,94,70,2025-10-13 15:00:00+00:00
27.2,83,24.1,1008.4,1009.5,71,38,23,40,8.6,51,18.0,0.5,1840.0,-2.5,13.0,18.9,-4.2,18.9,37,19.2,94,70,2025-10-13 16:00:00+00:00
25.8,91,24.3,1008.6,1009.8,66,33,15,44,6.8,53,16.9,2.7,1390.0,-2.8,1.0,18.8,-4.2,16.4,44,19.2,90,70,2025-10-13 17:00:00+00:00
27.4,85,24.6,1008.1,1009.2,40,15,20,12,6.0,44,14.8,0.3,2330.0,-2.9,9.0,18.6,-4.2,14.7,60,20.4,90,70,2025-10-13 18:00:00+00:00
26.1,90,24.3,1007.4,1008.6,73,51,55,5,3.3,6,12.2,0.6,1720.0,-2.7,7.0,18.6,-4.2,13.5,62,20.4,90,70,2025-10-13 19:00:00+00:00
25.6,92,24.2,1006.7,1007.9,59,12,34,30,4.4,341,12.6,0.4,1390.0,-2.3,20.0,18.6,-4.2,12.2,63,20.4,90,69,2025-10-13 20:00:00+00:00
25.6,93,24.3,1006.0,1007.2,39,9,32,3,4.3,318,7.6,0.1,1550.0,-2.5,15.0,18.5,-4.2,11.2,63,20.4,90,71,2025-10-13 21:00:00+00:00
25.3,92,23.9,1005.9,1007.1,42,20,26,9,7.2,346,16.6,0.0,1220.0,-2.3,11.0,18.6,-4.2,11.8,62,19.2,94,71,2025-10-13 22:00:00+00:00
25.2,90,23.5,1005.6,1006.8,27,11,16,2,7.0,359,14.0,0.0,1130.0,-2.0,7.0,18.6,-4.0,13.2,63,19.2,94,69,2025-10-13 23:00:00+00:00
25.8,94,24.7,1006.0,1007.1,22,3,13,7,5.8,351,13.3,0.0,2190.0,-1.8,11.0,18.3,-3.7,15.4,71,14.4,85,70,2025-10-14 00:00:00+00:00
26.1,94,25.0,1006.7,1007.9,32,2,17,16,6.9,329,13.3,0.0,2390.0,-2.0,9.0,18.3,-3.7,16.3,72,14.4,85,70,2025-10-14 01:00:00+00:00
27.0,88,24.8,1007.7,1008.8,20,2,6,14,7.9,340,19.8,0.0,2300.0,-2.6,5.0,18.3,-3.7,18.0,74,14.4,85,73,2025-10-14 02:00:00+00:00
28.2,80,24.4,1008.0,1009.1,16,5,5,8,7.7,16,23.0,0.1,2030.0,-2.8,0.0,18.3,-4.0,19.2,76,15.6,86,76,2025-10-14 03:00:00+00:00
29.6,72,24.0,1008.4,1009.5,82,5,8,80,7.1,41,24.8,0.0,1930.0,-2.8,0.0,18.5,-4.0,19.9,79,16.8,86,76,2025-10-14 04:00:00+00:00
30.6,68,24.0,1008.0,1009.1,14,5,5,5,7.8,64,27.7,0.0,2030.0,-2.9,0.0,18.5,-4.0,20.1,85,16.8,86,77,2025-10-14 05:00:00+00:00
30.4,68,23.8,1007.3,1008.4,84,12,13,79,10.0,69,31.0,0.0,1960.0,-2.7,0.0,18.9,-3.7,18.1,78,14.4,85,76,2025-10-14 06:00:00+00:00
30.7,67,23.8,1006.2,1007.3,72,5,12,66,11.5,58,32.4,0.0,2040.0,-2.6,1.0,18.9,-3.7,17.9,83,14.4,85,77,2025-10-14 07:00:00+00:00
30.9,65,23.5,1005.2,1006.3,47,2,3,45,11.5,63,32.4,0.0,1790.0,-2.4,3.0,18.9,-3.5,17.9,83,14.4,85,76,2025-10-14 08:00:00+00:00
30.7,65,23.4,1004.3,1005.4,23,2,2,21,12.0,73,32.4,0.0,1710.0,-2.5,4.0,19.1,-3.5,17.5,83,14.4,85,74,2025-10-14 09:00:00+00:00
30.4,66,23.4,1003.9,1005.0,4,2,2,0,12.5,72,33.1,0.0,1760.0,-2.3,5.0,19.1,-3.5,18.1,78,15.8,81,77,2025-10-14 10:00:00+00:00
29.9,67,23.2,1003.9,1005.0,13,13,2,0,12.7,74,32.4,0.0,1590.0,-2.1,5.0,19.2,-3.5,20.0,78,17.0,82,78,2025-10-14 11:00:00+00:00
29.5,71,23.7,1004.6,1005.7,4,3,2,0,9.7,71,31.3,0.0,1850.0,-2.0,5.0,19.2,-3.3,19.0,79,19.5,79,78,2025-10-14 12:00:00+00:00
28.9,74,23.7,1005.1,1006.2,37,26,9,13,8.3,66,22.3,0.1,1920.0,-1.9,8.0,19.1,-3.3,19.1,78,20.7,80,78,2025-10-14 13:00:00+00:00
28.4,76,23.9,1006.0,1007.1,78,41,16,59,9.6,69,20.2,0.5,1900.0,-1.9,10.0,18.9,-3.3,20.1,77,23.1,81,78,2025-10-14 14:00:00+00:00
26.1,91,24.5,1006.9,1008.1,98,26,16,98,6.5,23,21.6,6.0,1510.0,-2.1,16.0,18.7,-3.5,19.9,74,24.3,81,78,2025-10-14 15:00:00+00:00
26.1,92,24.7,1006.8,1007.9,98,0,5,98,6.0,81,14.8,0.1,1790.0,-2.4,14.0,18.6,-3.7,19.5,74,25.3,85,78,2025-10-14 16:00:00+00:00
25.9,94,24.8,1006.3,1007.5,100,23,38,99,1.5,14,10.8,0.1,1840.0,-2.5,8.0,18.5,-3.7,18.7,77,25.3,85,77,2025-10-14 17:00:00+00:00
26.7,91,25.1,1006.4,1007.5,99,8,16,99,2.9,360,10.8,1.9,2490.0,-2.5,13.0,18.5,-3.7,16.6,82,25.2,87,78,2025-10-14 18:00:00+00:00
27.0,91,25.4,1005.3,1006.4,98,9,11,98,5.8,356,11.5,0.0,2810.0,-2.5,7.0,18.3,-3.7,16.3,79,25.2,90,77,2025-10-14 19:00:00+00:00
25.2,91,23.6,1005.3,1006.5,100,100,36,100,10.3,67,20.2,6.6,790.0,-2.5,1.0,18.3,-4.0,16.1,74,25.2,93,74,2025-10-14 20:00:00+00:00
25.2,94,24.2,1005.5,1006.7,100,100,77,100,5.9,76,18.7,1.9,1030.0,-2.6,0.0,18.2,-4.2,17.2,68,25.2,93,73,2025-10-14 21:00:00+00:00
25.2,90,23.5,1005.4,1006.6,100,98,39,100,9.2,78,16.2,2.0,530.0,-2.6,1.0,17.7,-4.2,19.0,66,25.3,95,71,2025-10-14 22:00:00+00:00
25.2,91,23.5,1005.2,1006.4,100,28,15,100,10.0,70,20.9,0.5,780.0,-2.6,3.0,17.9,-4.2,19.4,66,25.5,98,70,2025-10-14 23:00:00+00:00
25.0,94,23.9,1005.4,1006.6,100,70,41,100,6.9,17,18.4,3.5,1100.0,-2.6,2.0,17.7,-4.4,20.2,72,27.8,97,74,2025-10-15 00:00:00+00:00
25.1,91,23.6,1006.7,1007.9,100,98,26,100,7.6,36,16.6,1.4,830.0,-3.0,0.0,17.9,-4.4,22.7,75,28.0,100,73,2025-10-15 01:00:00+00:00
24.6,94,23.6,1007.7,1008.9,100,97,42,100,5.1,8,14.0,0.5,910.0,-3.7,0.0,17.5,-4.7,23.4,73,28.0,100,72,2025-10-15 02:00:00+00:00
24.9,92,23.5,1008.5,1009.7,100,78,34,100,5.1,17,16.9,1.7,850.0,-3.6,5.0,18.1,-4.7,27.0,74,28.5,105,72,2025-10-15 03:00:00+00:00
25.8,87,23.4,1008.8,1010.0,100,100,23,100,6.0,7,16.2,0.4,870.0,-3.9,1.0,18.2,-4.7,30.2,75,28.8,107,71,2025-10-15 04:00:00+00:00
26.6,85,24.0,1008.5,1009.6,100,98,39,100,7.5,44,22.3,0.3,1140.0,-3.8,0.0,18.3,-4.7,33.5,75,28.1,110,68,2025-10-15 05:00:00+00:00
26.3,86,23.9,1007.5,1008.6,100,4,5,100,9.3,34,29.2,0.4,1140.0,-3.7,8.0,18.2,-4.4,28.4,68,29.6,111,69,2025-10-15 06:00:00+00:00
27.1,83,24.0,1006.6,1007.7,100,3,7,100,8.2,38,24.8,0.1,1460.0,-3.4,9.0,18.6,-4.4,30.6,67,29.0,114,68,2025-10-15 07:00:00+00:00
28.2,78,24.0,1005.4,1006.5,100,11,9,100,12.4,42,29.5,0.1,1650.0,-3.5,1.0,18.9,-4.2,28.1,65,28.4,118,64,2025-10-15 08:00:00+00:00
27.8,78,23.7,1004.8,1005.9,100,29,3,100,15.3,32,37.1,0.4,1240.0,-3.4,4.0,18.9,-4.0,28.0,60,26.3,120,66,2025-10-15 09:00:00+00:00
27.3,80,23.5,1004.6,1005.7,100,38,21,100,18.0,37,41.4,0.3,1280.0,-3.7,4.0,18.8,-3.7,27.7,54,25.3,121,67,2025-10-15 10:00:00+00:00
26.9,84,24.1,1004.2,1005.3,100,17,3,100,13.2,38,41.4,0.9,1600.0,-3.4,1.0,18.7,-3.5,28.5,50,23.7,120,68,2025-10-15 11:00:00+00:00
27.7,82,24.3,1004.5,1005.6,100,23,16,100,13.6,35,28.4,0.0,2040.0,-3.0,3.0,18.9,-3.5,26.7,46,22.0,119,73,2025-10-15 12:00:00+00:00
27.3,83,24.2,1005.1,1006.2,100,27,20,100,11.1,40,28.1,0.0,1940.0,-2.8,7.0,18.8,-3.5,28.4,48,22.5,115,71,2025-10-15 13:00:00+00:00
26.5,87,24.2,1006.0,1007.1,100,37,20,100,11.3,42,28.1,0.2,1760.0,-3.2,1.0,18.9,-3.7,28.5,50,22.8,108,73,2025-10-15 14:00:00+00:00
26.0,90,24.3,1006.9,1008.1,100,55,22,100,10.2,51,24.8,2.7,1800.0,-3.2,1.0,18.8,-3.7,30.3,53,21.9,99,74,2025-10-15 15:00:00+00:00
25.4,93,24.1,1007.6,1008.8,100,95,28,100,9.4,42,23.4,4.1,1710.0,-3.1,0.0,18.7,-4.0,30.6,57,21.7,96,76,2025-10-15 16:00:00+00:00
24.9,95,24.1,1007.6,1008.8,100,84,23,100,5.9,43,19.8,6.9,1620.0,-3.0,1.0,18.3,-4.0,30.0,57,21.7,96,74,2025-10-15 17:00:00+00:00
26.1,92,24.8,1007.0,1008.1,99,23,17,98,7.7,24,14.4,0.4,2210.0,-3.6,9.0,18.6,-4.0,25.4,69,20.5,111,70,2025-10-15 18:00:00+00:00
26.0,92,24.6,1006.0,1007.1,100,20,17,100,9.3,32,18.4,0.1,1910.0,-3.6,4.0,18.3,-4.0,24.3,67,20.1,107,70,2025-10-15 19:00:00+00:00
25.5,93,24.3,1005.6,1006.8,100,44,16,100,10.4,21,24.1,0.4,1560.0,-3.6,0.0,18.0,-4.2,23.7,67,19.0,108,69,2025-10-15 20:00:00+00:00
24.8,94,23.8,1006.0,1007.2,100,100,11,100,7.4,360,22.3,4.8,1610.0,-3.5,0.0,18.0,-4.4,22.6,65,19.0,108,68,2025-10-15 21:00:00+00:00
24.5,97,24.0,1005.9,1007.1,100,100,30,100,7.2,25,13.7,0.3,1320.0,-3.4,0.0,18.2,-4.4,21.2,65,18.6,105,66,2025-10-15 22:00:00+00:00
24.3,95,23.5,1005.4,1006.6,100,87,6,100,4.6,321,20.9,2.5,1030.0,-3.4,13.0,18.6,-4.4,21.2,62,17.2,102,66,2025-10-15 23:00:00+00:00
24.9,94,23.8,1005.6,1006.8,100,5,4,100,10.6,26,13.3,0.3,1130.0,-3.6,26.0,18.1,-4.4,24.1,71,20.7,100,67,2025-10-16 00:00:00+00:00
25.1,92,23.7,1006.6,1007.8,100,2,28,100,3.0,65,25.6,0.7,1010.0,-3.7,71.0,18.3,-4.4,23.6,71,21.6,93,66,2025-10-16 01:00:00+00:00
26.1,89,24.2,1007.3,1008.5,100,98,2,100,11.9,25,28.8,0.1,1400.0,-4.2,6.0,18.7,-4.4,24.5,72,21.6,90,64,2025-10-16 02:00:00+00:00
27.6,83,24.4,1007.7,1008.8,100,25,1,100,13.6,43,30.6,0.1,1930.0,-4.0,1.0,18.8,-4.4,25.2,77,21.6,90,67,2025-10-16 03:00:00+00:00
28.5,78,24.3,1008.0,1009.1,100,44,2,100,14.5,58,34.2,0.1,2000.0,-4.1,2.0,18.9,-4.4,25.4,81,21.6,87,69,2025-10-16 04:00:00+00:00
28.9,78,24.7,1007.7,1008.8,100,19,5,100,14.7,62,40.0,0.1,2320.0,-4.2,0.0,19.2,-4.2,24.8,84,21.6,87,70,2025-10-16 05:00:00+00:00
29.2,79,25.2,1007.0,1008.1,100,100,7,100,11.8,83,38.2,0.0,2870.0,-4.3,0.0,18.6,-4.0,21.5,86,24.0,93,71,2025-10-16 06:00:00+00:00
28.6,79,24.5,1006.0,1007.1,100,80,55,100,14.6,81,36.4,1.8,1950.0,-4.3,0.0,18.9,-4.0,22.3,89,24.0,90,68,2025-10-16 07:00:00+00:00
28.0,82,24.5,1005.1,1006.2,100,27,14,100,8.1,86,36.4,1.5,1950.0,-4.2,10.0,18.9,-3.7,21.9,90,25.2,93,74,2025-10-16 08:00:00+00:00
28.5,81,24.9,1004.6,1005.7,100,51,30,100,11.0,96,28.1,0.1,2440.0,-4.2,0.0,18.9,-3.7,22.3,91,25.2,93,68,2025-10-16 09:00:00+00:00
27.2,85,24.5,1004.3,1005.4,100,19,9,100,12.1,97,31.3,1.2,1930.0,-4.1,3.0,18.7,-3.5,21.4,90,25.2,93,71,2025-10-16 10:00:00+00:00
27.3,83,24.2,1004.6,1005.7,100,34,11,100,12.2,103,30.2,0.2,1700.0,-4.3,3.0,18.6,-3.5,23.2,90,25.3,95,71,2025-10-16 11:00:00+00:00
27.5,87,25.1,1005.2,1006.3,100,32,27,100,5.4,138,28.4,0.1,2690.0,-4.4,1.0,18.7,-3.5,20.3,99,27.7,95,71,2025-10-16 12:00:00+00:00
26.4,91,24.8,1006.5,1007.6,100,100,30,99,8.6,110,16.2,1.4,2020.0,-3.9,0.0,18.6,-3.5,23.4,97,26.5,95,70,2025-10-16 13:00:00+00:00
25.4,94,24.4,1007.9,1009.1,100,100,22,100,6.1,67,16.2,3.0,2050.0,-3.6,0.0,18.5,-3.7,23.5,99,27.8,97,71,2025-10-16 14:00:00+00:00
25.2,95,24.3,1008.2,1009.4,100,80,9,100,5.6,360,13.7,1.4,1880.0,-3.7,1.0,18.3,-3.7,22.7,100,29.0,97,71,2025-10-16 15:00:00+00:00
25.3,95,24.4,1008.7,1009.9,100,53,10,100,6.8,22,13.0,0.1,1490.0,-3.9,2.0,18.1,-4.0,22.1,104,28.0,100,69,2025-10-16 16:00:00+00:00
25.4,94,24.5,1008.8,1010.0,100,30,16,100,7.6,28,14.0,0.1,1500.0,-3.8,1.0,17.9,-4.0,20.2,108,27.8,97,70,2025-10-16 17:00:00+00:00
25.9,93,24.7,1008.3,1009.5,100,100,16,100,5.4,75,15.5,0.3,2070.0,-3.4,7.0,18.1,-4.0,19.3,105,31.9,110,74,2025-10-16 18:00:00+00:00
25.7,94,24.6,1007.5,1008.7,99,30,20,99,1.0,292,9.7,1.0,1750.0,-3.2,8.0,18.0,-4.2,18.7,103,29.6,111,72,2025-10-16 19:00:00+00:00
25.5,96,24.7,1006.9,1008.1,100,13,83,100,7.7,336,15.1,0.2,1890.0,-3.8,5.0,17.9,-4.2,17.8,93,28.5,112,69,2025-10-16 20:00:00+00:00
25.0,97,24.5,1006.9,1008.1,100,100,19,100,4.2,7,15.8,1.2,1490.0,-3.7,0.0,17.9,-4.4,16.9,92,27.4,113,69,2025-10-16 21:00:00+00:00
25.0,94,24.0,1006.8,1008.0,100,89,40,100,4.7,356,8.3,0.4,1120.0,-4.0,1.0,18.1,-4.4,16.9,90,27.0,111,68,2025-10-16 22:00:00+00:00
24.9,94,23.8,1006.9,1008.1,100,98,9,100,7.9,41,13.7,0.9,1170.0,-3.7,0.0,18.0,-4.7,16.4,87,25.8,112,67,2025-10-16 23:00:00+00:00
24.9,91,23.3,1007.9,1009.1,100,100,43,100,8.9,42,16.9,0.1,1330.0,-3.5,1.0,18.5,-4.7,14.2,84,21.5,117,69,2025-10-17 00:00:00+00:00
25.0,93,23.9,1009.1,1010.3,100,95,16,100,9.4,342,16.6,3.3,1240.0,-3.4,2.0,18.5,-4.7,14.2,83,21.5,117,68,2025-10-17 01:00:00+00:00
25.0,93,23.9,1009.6,1010.8,100,80,13,100,8.7,355,22.0,1.1,1160.0,-3.6,1.0,18.6,-4.7,15.0,76,21.5,117,66,2025-10-17 02:00:00+00:00
25.8,90,24.0,1009.6,1010.8,100,69,5,100,11.6,26,27.7,0.7,1050.0,-4.0,12.0,18.6,-4.4,17.5,75,21.5,117,63,2025-10-17 03:00:00+00:00
27.4,81,23.8,1010.0,1011.1,73,40,13,54,13.5,41,31.0,0.3,950.0,-4.0,7.0,18.6,-4.4,20.9,79,21.5,117,62,2025-10-17 04:00:00+00:00
28.0,80,24.2,1010.0,1011.1,100,40,53,100,13.0,61,35.3,0.2,1520.0,-4.1,0.0,18.3,-4.4,20.8,80,21.0,114,63,2025-10-17 05:00:00+00:00
27.9,83,24.8,1009.1,1010.2,100,100,10,100,8.9,32,32.8,0.2,2060.0,-4.3,0.0,18.1,-4.2,17.4,43,18.3,122,63,2025-10-17 06:00:00+00:00
28.1,80,24.3,1008.2,1009.3,100,43,8,100,12.7,50,32.0,0.2,1750.0,-4.5,0.0,18.3,-4.2,18.7,45,17.3,124,64,2025-10-17 07:00:00+00:00
28.3,79,24.4,1007.1,1008.2,99,27,20,99,12.1,50,31.7,0.1,1780.0,-4.5,0.0,18.5,-4.2,22.6,47,15.0,119,64,2025-10-17 08:00:00+00:00
27.7,81,24.0,1006.1,1007.2,100,42,15,99,13.2,51,31.7,0.1,1460.0,-4.6,0.0,18.6,-4.2,25.0,52,12.9,112,64,2025-10-17 09:00:00+00:00
26.5,84,23.6,1006.5,1007.6,100,83,64,100,9.8,77,33.1,0.7,1010.0,-4.2,1.0,18.8,-4.2,27.0,53,12.5,107,64,2025-10-17 10:00:00+00:00
26.4,85,23.7,1006.5,1007.6,100,16,34,100,11.6,51,27.4,0.5,900.0,-3.9,13.0,18.8,-4.2,28.6,53,13.4,100,63,2025-10-17 11:00:00+00:00
26.5,90,24.7,1006.7,1007.8,100,1,84,100,10.9,44,27.0,0.0,1970.0,-4.0,3.0,18.7,-4.0,25.0,57,14.0,110,66,2025-10-17 12:00:00+00:00
26.2,91,24.6,1007.1,1008.3,100,25,42,99,12.4,41,24.5,0.5,1810.0,-3.6,5.0,18.9,-4.2,27.3,62,13.7,105,63,2025-10-17 13:00:00+00:00
26.3,90,24.5,1008.2,1009.4,100,35,54,100,7.5,40,24.5,0.1,1810.0,-3.4,6.0,19.1,-4.2,27.4,60,13.4,100,62,2025-10-17 14:00:00+00:00
25.5,92,24.1,1009.4,1010.6,100,49,41,100,7.1,41,16.2,1.6,1270.0,-3.6,0.0,19.1,-4.2,26.9,62,15.6,90,61,2025-10-17 15:00:00+00:00
25.6,93,24.4,1009.4,1010.6,100,48,16,100,7.6,38,15.1,0.1,1540.0,-3.8,3.0,18.9,-4.2,26.3,64,15.6,86,62,2025-10-17 16:00:00+00:00
25.1,96,24.3,1009.6,1010.8,100,51,52,100,2.1,31,14.0,0.1,1480.0,-3.9,5.0,18.7,-4.4,24.2,70,17.0,82,66,2025-10-17 17:00:00+00:00
25.9,93,24.7,1009.1,1010.3,100,14,12,100,2.1,75,5.4,0.1,2220.0,-3.9,4.0,18.8,-4.7,23.3,86,17.2,78,67,2025-10-17 18:00:00+00:00
25.7,94,24.7,1008.0,1009.2,100,27,6,100,3.0,25,5.0,0.1,2110.0,-3.8,5.0,18.8,-4.7,20.5,90,15.8,81,66,2025-10-17 19:00:00+00:00
25.6,94,24.5,1007.6,1008.8,100,36,41,100,4.1,52,6.8,0.3,1810.0,-4.0,5.0,18.8,-4.7,19.6,89,14.8,76,64,2025-10-17 20:00:00+00:00
25.6,93,24.3,1006.9,1008.1,100,31,28,100,4.4,32,9.0,0.1,1670.0,-4.1,6.0,18.8,-4.7,19.1,91,13.7,75,63,2025-10-17 21:00:00+00:00
25.2,94,24.2,1007.0,1008.2,100,54,38,99,1.7,58,8.6,0.1,1370.0,-4.2,8.0,18.7,-4.9,19.6,93,14.0,70,63,2025-10-17 22:00:00+00:00
24.8,95,24.0,1007.2,1008.4,100,43,41,100,3.1,347,5.8,1.7,1220.0,-3.8,4.0,18.7,-4.9,19.2,95,12.9,68,63,2025-10-17 23:00:00+00:00
25.5,93,24.2,1007.1,1008.3,99,59,92,88,1.5,173,9.4,0.1,1390.0,-3.6,11.0,18.7,-4.7,17.4,95,17.7,62,66,2025-10-18 00:00:00+00:00
24.7,96,24.0,1008.5,1009.7,100,100,100,98,6.8,307,15.5,4.6,1140.0,-3.6,1.0,18.7,-4.9,17.0,96,17.2,65,66,2025-10-18 01:00:00+00:00
25.1,94,24.1,1009.0,1010.2,100,10,19,100,2.2,189,14.8,2.9,1030.0,-3.8,22.0,18.6,-4.9,15.5,93,18.3,67,63,2025-10-18 02:00:00+00:00
25.1,94,24.1,1009.7,1010.9,100,18,42,100,1.5,346,19.1,0.6,1000.0,-3.9,19.0,18.6,-4.7,16.0,92,19.0,72,61,2025-10-18 03:00:00+00:00
26.1,87,23.9,1010.0,1011.2,100,40,12,100,5.9,360,18.4,0.4,1000.0,-3.9,18.0,18.8,-4.9,17.0,96,19.8,76,60,2025-10-18 04:00:00+00:00
27.0,85,24.2,1009.5,1010.6,100,99,4,100,5.6,42,16.9,0.3,1130.0,-4.0,14.0,18.8,-4.7,16.6,98,21.0,77,60,2025-10-18 05:00:00+00:00
26.8,87,24.5,1008.8,1009.9,100,31,1,100,7.4,43,17.3,0.3,1740.0,-3.8,1.0,18.9,-4.7,10.1,82,21.0,77,62,2025-10-18 06:00:00+00:00
27.0,86,24.5,1007.5,1008.6,100,17,18,100,6.6,47,17.3,0.7,1730.0,-3.6,2.0,18.9,-4.4,8.8,78,19.8,76,61,2025-10-18 07:00:00+00:00
26.9,84,23.9,1006.7,1007.8,100,35,52,100,4.8,65,18.4,1.4,1160.0,-3.3,8.0,18.8,-4.2,8.5,74,18.6,75,62,2025-10-18 08:00:00+00:00
26.7,86,24.2,1005.9,1007.0,100,20,23,100,3.4,58,13.7,1.9,1400.0,-3.2,4.0,18.9,-4.2,9.2,70,16.0,77,62,2025-10-18 09:00:00+00:00
26.6,87,24.3,1005.6,1006.7,100,17,32,100,3.4,58,11.5,1.2,1550.0,-3.3,1.0,18.9,-4.0,11.2,63,15.8,81,66,2025-10-18 10:00:00+00:00
26.4,86,23.9,1005.6,1006.7,100,67,28,99,3.9,37,11.2,0.6,1220.0,-3.3,2.0,18.8,-4.0,13.0,65,14.8,76,66,2025-10-18 11:00:00+00:00
27.4,85,24.7,1005.7,1006.8,95,2,6,95,4.9,28,11.5,0.2,1990.0,-2.7,8.0,18.8,-3.7,8.8,81,12.2,101,67,2025-10-18 12:00:00+00:00
26.7,89,24.7,1006.4,1007.5,98,6,18,98,6.3,39,11.9,0.0,2050.0,-2.0,7.0,18.7,-3.7,11.6,79,12.2,101,69,2025-10-18 13:00:00+00:00
26.4,91,24.8,1007.2,1008.3,100,4,31,100,3.1,36,12.2,0.0,2060.0,-1.8,12.0,18.6,-4.0,12.1,79,12.2,101,67,2025-10-18 14:00:00+00:00
26.5,90,24.7,1007.9,1009.0,100,6,32,100,3.5,39,6.5,0.0,2080.0,-2.0,15.0,18.3,-4.2,12.5,80,14.8,104,67,2025-10-18 15:00:00+00:00
26.3,91,24.8,1007.7,1008.9,100,17,20,100,3.3,22,7.9,0.0,2040.0,-2.0,9.0,18.2,-4.2,11.0,85,15.2,108,67,2025-10-18 16:00:00+00:00
24.7,98,24.4,1008.2,1009.4,100,100,69,100,3.6,96,9.0,9.3,1510.0,-2.1,0.0,18.2,-4.4,9.6,93,17.8,110,67,2025-10-18 17:00:00+00:00
24.7,97,24.1,1008.1,1009.3,100,68,33,100,8.4,40,12.2,0.7,1590.0,-2.3,0.0,18.3,-4.2,6.1,117,17.7,118,70,2025-10-18 18:00:00+00:00
25.0,94,24.0,1007.5,1008.7,100,31,29,100,2.7,48,17.3,0.2,1200.0,-2.2,10.0,18.5,-4.4,5.3,121,16.7,120,69,2025-10-18 19:00:00+00:00
24.9,96,24.2,1006.7,1007.9,100,30,21,100,1.5,353,6.1,0.1,1300.0,-2.0,19.0,18.5,-4.4,4.7,119,17.3,124,68,2025-10-18 20:00:00+00:00
24.8,96,24.2,1005.6,1006.8,100,32,5,100,4.5,310,8.6,0.1,1390.0,-1.8,17.0,18.3,-4.7,4.5,114,18.0,127,67,2025-10-18 21:00:00+00:00
24.5,98,24.1,1005.9,1007.1,100,41,13,100,5.6,299,10.4,0.0,1440.0,-1.9,6.0,18.3,-4.9,4.1,96,17.1,129,64,2025-10-18 22:00:00+00:00
24.3,98,24.0,1006.0,1007.2,100,100,34,100,5.5,306,13.7,0.1,1510.0,-2.4,0.0,18.5,-4.9,4.1,96,16.3,126,63,2025-10-18 23:00:00+00:00
24.6,96,24.0,1006.8,1008.0,100,66,24,100,4.3,272,10.8,0.1,1330.0,-2.5,2.0,18.0,-4.9,9.0,139,18.7,130,67,2025-10-19 00:00:00+00:00
25.1,96,24.4,1007.3,1008.5,100,32,27,100,1.7,302,9.7,0.0,1620.0,-2.5,7.0,18.2,-4.9,9.0,131,18.0,127,64,2025-10-19 01:00:00+00:00
26.1,91,24.6,1008.3,1009.5,100,26,9,100,3.9,344,13.3,0.1,1880.0,-3.1,1.0,18.2,-4.9,9.0,131,18.3,122,64,2025-10-19 02:00:00+00:00
26.3,88,24.2,1009.4,1010.6,100,58,87,100,4.5,50,15.1,3.6,1400.0,-3.5,0.0,18.2,-4.9,10.0,129,17.7,118,63,2025-10-19 03:00:00+00:00
26.8,85,24.1,1009.5,1010.7,99,43,5,99,5.4,34,16.2,0.1,1270.0,-3.2,4.0,18.3,-4.7,13.0,126,17.7,118,63,2025-10-19 04:00:00+00:00
27.9,80,24.2,1009.5,1010.6,100,23,100,73,8.4,59,22.7,0.2,1600.0,-2.6,1.0,18.3,-4.7,14.2,130,17.7,118,64,2025-10-19 05:00:00+00:00
27.5,84,24.5,1008.6,1009.7,100,48,81,100,6.5,39,23.0,0.1,1930.0,-2.4,0.0,18.5,-4.4,5.9,113,16.1,117,67,2025-10-19 06:00:00+00:00
28.4,81,24.8,1007.6,1008.7,100,16,8,99,8.0,52,23.4,0.3,2170.0,-2.7,0.0,18.5,-4.2,5.9,90,14.0,110,66,2025-10-19 07:00:00+00:00
28.7,78,24.5,1006.3,1007.4,100,10,9,100,6.8,73,22.7,0.1,2010.0,-3.0,0.0,18.7,-4.2,7.0,79,12.2,101,64,2025-10-19 08:00:00+00:00
28.4,79,24.3,1005.1,1006.2,100,10,2,100,7.6,76,24.5,0.1,1840.0,-3.4,0.0,18.8,-4.2,9.7,79,12.0,90,63,2025-10-19 09:00:00+00:00
28.3,78,24.2,1004.4,1005.5,100,13,2,100,7.5,70,20.9,0.0,1730.0,-3.3,1.0,18.8,-4.0,11.3,76,12.1,84,60,2025-10-19 10:00:00+00:00
27.7,81,24.1,1004.6,1005.7,100,5,2,100,7.7,60,21.2,0.0,1720.0,-2.8,3.0,18.8,-4.0,13.2,76,13.7,75,66,2025-10-19 11:00:00+00:00
27.6,84,24.6,1004.7,1005.8,100,0,0,100,7.7,72,18.7,0.0,2280.0,-2.4,8.0,18.9,-4.0,12.8,88,9.9,76,67,2025-10-19 12:00:00+00:00
26.9,88,24.7,1005.3,1006.4,100,0,2,100,3.7,39,15.5,0.0,2270.0,-2.2,11.0,18.9,-4.2,16.0,88,12.5,73,66,2025-10-19 13:00:00+00:00
26.9,87,24.6,1006.2,1007.3,100,6,10,100,7.7,59,14.4,0.0,2340.0,-2.7,10.0,18.9,-4.2,17.8,93,12.9,68,66,2025-10-19 14:00:00+00:00
27.2,84,24.3,1007.3,1008.4,100,13,22,99,9.2,67,17.3,0.0,2070.0,-2.8,11.0,18.7,-4.2,17.8,94,15.2,72,70,2025-10-19 15:00:00+00:00
27.2,82,24.0,1007.6,1008.7,100,13,4,100,9.0,67,18.4,0.0,1790.0,-2.7,14.0,18.5,-4.2,17.9,96,17.2,78,70,2025-10-19 16:00:00+00:00
27.1,83,23.9,1007.4,1008.5,100,15,10,100,8.0,56,17.3,0.0,1790.0,-3.0,12.0,18.3,-4.4,16.7,101,18.4,79,70,2025-10-19 17:00:00+00:00
27.1,83,24.0,1007.5,1008.6,100,24,51,100,9.2,62,18.0,2.6,1830.0,-3.4,13.0,18.6,-4.2,21.6,97,16.8,86,66,2025-10-19 18:00:00+00:00
26.9,84,24.1,1006.6,1007.7,100,16,22,100,8.9,69,18.4,0.0,1900.0,-3.2,10.0,18.6,-4.4,19.3,97,17.0,82,66,2025-10-19 19:00:00+00:00
26.7,85,23.9,1005.8,1006.9,99,20,38,98,9.4,61,19.4,0.1,1680.0,-3.0,8.0,18.6,-4.7,18.3,94,17.2,78,64,2025-10-19 20:00:00+00:00
26.1,87,23.8,1005.4,1006.5,100,27,50,100,9.4,73,18.4,0.1,1360.0,-2.9,2.0,18.6,-4.7,16.9,95,17.2,78,67,2025-10-19 21:00:00+00:00
25.0,93,23.7,1005.5,1006.7,100,100,20,100,8.6,78,21.2,4.0,1490.0,-2.7,0.0,18.5,-4.7,16.4,92,17.2,78,64,2025-10-19 22:00:00+00:00
24.8,92,23.5,1005.4,1006.6,100,97,23,100,4.2,20,16.2,3.5,1190.0,-2.6,1.0,18.5,-4.7,17.3,93,18.6,75,64,2025-10-19 23:00:00+00:00
24.8,96,24.0,1005.8,1007.0,100,18,9,100,6.6,343,8.3,0.3,1340.0,-2.6,9.0,17.6,-4.4,20.5,87,24.3,81,71,2025-10-20 00:00:00+00:00
24.3,96,23.7,1007.0,1008.2,100,100,34,100,2.4,306,13.0,4.3,1100.0,-2.7,0.0,17.1,-4.4,21.4,88,24.3,81,71,2025-10-20 01:00:00+00:00
24.0,98,23.6,1007.8,1009.0,100,41,60,100,2.5,330,9.7,4.4,1110.0,-3.5,1.0,17.3,-4.4,21.9,85,25.2,87,69,2025-10-20 02:00:00+00:00
25.3,90,23.4,1008.9,1010.1,100,70,47,100,7.1,49,16.2,1.0,730.0,-3.8,3.0,17.7,-4.4,22.0,83,26.4,90,68,2025-10-20 03:00:00+00:00
26.1,85,23.4,1008.7,1009.9,100,100,9,100,9.3,37,21.2,0.1,640.0,-4.0,0.0,18.0,-4.4,23.5,81,26.4,93,67,2025-10-20 04:00:00+00:00
26.2,82,22.9,1008.7,1009.9,100,98,46,100,10.9,45,28.8,1.4,660.0,-3.6,0.0,18.3,-4.4,26.1,84,27.8,97,66,2025-10-20 05:00:00+00:00
26.8,84,23.8,1007.8,1008.9,100,18,1,100,7.1,47,27.0,0.4,1120.0,-3.3,1.0,17.6,-4.2,20.9,70,31.2,92,68,2025-10-20 06:00:00+00:00
27.5,82,24.1,1006.4,1007.5,100,21,2,100,8.4,37,24.5,0.1,1340.0,-3.2,0.0,18.0,-4.2,21.8,70,30.0,92,67,2025-10-20 07:00:00+00:00
28.2,79,24.2,1005.5,1006.6,100,10,2,100,9.8,41,27.7,0.2,1610.0,-3.1,0.0,17.7,-4.2,22.0,72,30.0,90,68,2025-10-20 08:00:00+00:00
28.1,79,24.2,1004.7,1005.8,100,9,9,100,10.7,45,28.8,0.0,1660.0,-2.6,0.0,17.6,-4.2,22.3,70,30.0,88,71,2025-10-20 09:00:00+00:00
27.8,78,23.7,1004.2,1005.3,100,13,24,100,12.4,40,31.7,0.1,1400.0,-2.4,0.0,18.0,-4.0,24.7,67,28.8,90,69,2025-10-20 10:00:00+00:00
27.2,81,23.7,1004.2,1005.3,98,28,2,98,13.9,40,33.1,0.0,1200.0,-2.6,2.0,18.0,-4.0,28.5,70,30.0,90,64,2025-10-20 11:00:00+00:00
25.8,91,24.3,1005.3,1006.4,100,9,21,100,13.0,33,31.7,0.0,1540.0,-3.0,6.0,18.5,-4.0,26.2,73,32.4,90,69,2025-10-20 12:00:00+00:00
25.8,91,24.1,1005.9,1007.1,100,33,7,100,11.1,36,28.1,0.4,1510.0,-2.7,8.0,18.8,-4.0,27.5,74,32.4,90,67,2025-10-20 13:00:00+00:00
25.7,90,24.0,1006.8,1008.0,100,48,45,100,11.4,35,21.2,0.2,1320.0,-2.8,1.0,18.8,-3.7,27.4,72,33.6,90,68,2025-10-20 14:00:00+00:00
24.9,92,23.5,1007.9,1009.1,100,70,35,100,8.8,33,22.0,2.0,1200.0,-2.8,0.0,18.7,-3.7,29.6,70,34.8,92,66,2025-10-20 15:00:00+00:00
25.4,92,24.0,1007.8,1009.0,100,8,9,100,13.4,29,25.9,0.3,1290.0,-3.4,2.0,18.6,-4.0,30.6,70,34.8,92,68,2025-10-20 16:00:00+00:00
25.7,90,23.9,1007.1,1008.3,96,45,9,92,13.0,41,24.8,0.2,1210.0,-3.7,1.0,18.3,-4.0,31.7,67,34.8,92,67,2025-10-20 17:00:00+00:00
26.0,88,24.0,1006.8,1008.0,100,35,42,100,8.6,29,24.8,0.1,1580.0,-3.5,20.0,18.3,-3.7,34.5,66,39.6,90,68,2025-10-20 18:00:00+00:00
26.1,88,24.0,1005.9,1007.0,91,35,44,77,10.7,40,22.0,0.2,1530.0,-3.4,1.0,17.9,-4.0,34.2,63,38.4,88,71,2025-10-20 19:00:00+00:00
24.6,96,23.9,1005.8,1007.0,99,91,41,87,7.2,102,20.9,4.5,1150.0,-3.4,0.0,17.9,-4.0,33.6,65,38.4,88,72,2025-10-20 20:00:00+00:00
24.7,95,23.9,1005.0,1006.2,99,26,52,98,8.7,30,16.2,2.0,1100.0,-3.9,4.0,17.7,-4.0,33.5,66,38.4,88,76,2025-10-20 21:00:00+00:00
24.5,96,23.9,1004.8,1006.0,100,100,54,88,6.6,11,16.6,0.8,1190.0,-4.4,0.0,18.0,-4.2,33.6,65,37.2,88,76,2025-10-20 22:00:00+00:00
24.5,97,24.0,1004.9,1006.1,100,100,66,95,8.1,5,15.5,0.4,1260.0,-4.3,0.0,18.0,-4.0,34.9,66,38.4,90,72,2025-10-20 23:00:00+00:00
25.1,94,24.0,1005.4,1006.6,100,60,27,100,9.0,30,22.3,1.0,1240.0,-4.3,0.0,18.3,-3.7,36.2,71,39.6,88,77,2025-10-21 00:00:00+00:00
25.1,94,24.1,1006.2,1007.4,100,58,27,100,9.5,36,17.3,0.2,1110.0,-4.1,1.0,18.2,-3.7,36.9,74,42.0,88,77,2025-10-21 01:00:00+00:00
25.6,92,24.1,1007.0,1008.2,100,94,82,100,14.3,67,25.9,0.4,1090.0,-4.6,0.0,18.2,-4.0,38.0,80,43.3,87,76,2025-10-21 02:00:00+00:00
25.3,93,24.1,1007.9,1009.1,100,96,84,100,17.0,57,36.0,0.9,1200.0,-4.4,2.0,18.0,-4.0,39.6,82,45.6,90,76,2025-10-21 03:00:00+00:00
25.7,88,23.5,1008.4,1009.6,100,92,45,100,15.2,56,34.9,0.8,1150.0,-4.5,4.0,18.1,-3.7,38.7,81,46.8,91,74,2025-10-21 04:00:00+00:00
26.6,86,24.0,1008.1,1009.2,100,100,20,100,13.8,48,38.2,0.4,1090.0,-4.3,0.0,17.9,-3.7,39.3,80,48.1,93,72,2025-10-21 05:00:00+00:00
25.9,86,23.4,1007.8,1009.0,100,100,28,100,13.4,58,37.8,3.3,1060.0,-4.1,0.0,17.9,-3.7,30.4,73,51.7,93,77,2025-10-21 06:00:00+00:00
26.6,85,23.9,1006.9,1008.0,100,100,68,100,11.8,63,34.9,0.7,970.0,-3.9,0.0,18.1,-3.7,31.6,75,51.7,93,77,2025-10-21 07:00:00+00:00
26.5,88,24.3,1005.7,1006.8,100,13,34,100,9.6,62,35.3,3.2,1270.0,-3.7,0.0,18.1,-3.5,31.0,73,50.5,93,73,2025-10-21 08:00:00+00:00
26.2,87,23.8,1005.1,1006.2,98,64,31,92,14.3,78,34.6,4.3,910.0,-3.8,0.0,18.1,-3.5,26.4,75,49.3,93,80,2025-10-21 09:00:00+00:00
26.1,88,24.0,1004.7,1005.8,100,34,17,100,12.1,58,34.9,2.0,1010.0,-3.6,2.0,18.3,-3.5,28.4,74,47.0,96,79,2025-10-21 10:00:00+00:00
26.1,87,23.7,1004.7,1005.8,100,97,23,100,14.7,55,31.3,0.2,780.0,-3.6,0.0,18.3,-3.7,29.9,69,46.0,97,73,2025-10-21 11:00:00+00:00
25.9,90,24.1,1005.2,1006.3,100,48,32,100,11.3,29,29.5,0.2,1160.0,-3.3,2.0,18.5,-3.5,30.3,78,46.6,102,72,2025-10-21 12:00:00+00:00
25.7,90,24.0,1005.2,1006.3,100,26,7,99,13.2,34,27.0,0.1,1060.0,-3.1,3.0,18.5,-3.7,33.1,78,46.9,103,70,2025-10-21 13:00:00+00:00
25.9,88,23.8,1005.6,1006.7,100,31,14,100,11.7,38,27.0,0.0,840.0,-2.9,1.0,18.7,-3.7,34.0,78,45.7,104,70,2025-10-21 14:00:00+00:00
26.2,85,23.6,1006.2,1007.3,100,32,9,100,11.9,34,24.5,0.1,1030.0,-2.9,1.0,18.6,-3.7,36.0,77,45.7,104,71,2025-10-21 15:00:00+00:00
25.2,92,23.8,1006.5,1007.7,100,100,30,100,13.0,42,28.1,1.8,1190.0,-3.1,0.0,18.6,-3.7,37.0,76,44.5,104,72,2025-10-21 16:00:00+00:00
25.1,93,23.9,1006.5,1007.7,100,75,27,100,16.5,44,31.0,1.3,960.0,-2.9,7.0,18.1,-3.7,37.6,73,43.4,104,74,2025-10-21 17:00:00+00:00
25.1,93,23.8,1006.3,1007.5,100,68,33,100,18.0,49,34.6,0.1,1330.0,-2.8,0.0,18.6,-3.7,42.3,76,49.5,113,76,2025-10-21 18:00:00+00:00
25.9,90,24.0,1005.5,1006.6,100,20,16,100,18.7,58,40.3,0.3,1170.0,-2.9,1.0,18.2,-3.7,41.7,77,47.5,111,77,2025-10-21 19:00:00+00:00
25.3,93,24.0,1004.9,1006.1,100,91,75,100,15.6,51,37.1,3.1,1010.0,-2.9,0.0,18.0,-3.5,39.5,76,46.4,111,76,2025-10-21 20:00:00+00:00
25.6,90,23.8,1004.3,1005.4,100,87,93,100,21.5,67,38.9,5.4,1160.0,-3.3,2.0,18.1,-3.5,40.5,78,45.2,112,77,2025-10-21 21:00:00+00:00
26.0,89,24.0,1003.9,1005.0,100,23,20,100,19.8,73,46.8,0.5,1250.0,-3.3,1.0,17.9,-3.7,41.2,80,44.4,109,76,2025-10-21 22:00:00+00:00
25.2,91,23.6,1004.7,1005.9,100,68,70,100,18.2,76,39.6,5.6,900.0,-3.1,1.0,18.1,-3.7,40.2,81,42.6,112,74,2025-10-21 23:00:00+00:00
25.3,91,23.7,1005.2,1006.4,100,66,59,100,13.3,81,35.6,3.7,920.0,-3.0,0.0,18.6,-3.3,43.5,95,46.2,118,78,2025-10-22 00:00:00+00:00
25.5,90,23.7,1006.1,1007.3,100,99,50,98,13.3,91,29.2,0.9,1170.0,-2.9,0.0,18.3,-3.3,43.9,94,44.1,119,77,2025-10-22 01:00:00+00:00
26.0,90,24.2,1007.5,1008.7,100,100,60,100,13.7,87,29.2,3.2,1090.0,-3.6,1.0,18.1,-3.3,40.7,94,41.4,120,77,2025-10-22 02:00:00+00:00
26.8,88,24.6,1007.0,1008.1,100,30,3,100,12.9,105,27.7,0.4,1700.0,-4.5,2.0,18.1,-3.3,40.8,100,39.2,117,74,2025-10-22 03:00:00+00:00
27.3,82,24.0,1008.6,1009.7,99,41,47,98,14.1,95,37.1,2.5,890.0,-4.6,4.0,17.9,-3.3,39.7,103,37.6,117,73,2025-10-22 04:00:00+00:00
28.0,82,24.7,1008.0,1009.1,100,53,45,99,10.1,90,33.1,1.4,1630.0,-4.7,0.0,18.0,-3.3,36.9,106,36.5,117,71,2025-10-22 05:00:00+00:00
28.7,75,23.9,1006.7,1007.8,81,43,60,27,17.5,111,39.6,0.4,1040.0,-5.0,6.0,18.1,-3.3,27.4,105,37.6,117,71,2025-10-22 06:00:00+00:00
28.5,79,24.5,1005.8,1006.9,85,75,39,6,14.1,93,40.7,0.3,1370.0,-4.7,0.0,18.5,-3.3,25.3,113,34.4,115,72,2025-10-22 07:00:00+00:00
29.0,77,24.6,1004.9,1006.0,82,73,34,6,14.4,82,37.1,0.1,1840.0,-4.7,0.0,18.3,-3.0,23.2,116,30.6,116,71,2025-10-22 08:00:00+00:00
28.7,75,23.8,1004.1,1005.2,47,32,22,2,15.7,88,38.5,0.9,1310.0,-4.8,3.0,18.5,-3.3,19.4,114,27.4,119,72,2025-10-22 09:00:00+00:00
27.6,82,24.3,1004.1,1005.2,98,80,38,91,14.2,102,40.3,5.3,1290.0,-4.7,1.0,19.1,-3.3,19.4,114,24.3,123,69,2025-10-22 10:00:00+00:00
27.3,85,24.5,1004.4,1005.5,92,34,35,83,12.7,83,31.0,0.3,1740.0,-4.6,1.0,19.3,-3.3,16.1,106,21.4,128,64,2025-10-22 11:00:00+00:00
27.8,83,24.6,1003.9,1005.0,82,16,30,73,11.2,143,29.9,0.1,2060.0,-4.8,5.0,19.6,-3.0,20.0,150,22.3,144,69,2025-10-22 12:00:00+00:00
27.6,83,24.5,1004.9,1006.0,100,12,59,100,10.1,151,22.0,0.3,2090.0,-4.4,11.0,19.3,-3.0,16.8,158,21.0,149,70,2025-10-22 13:00:00+00:00
27.6,84,24.6,1005.8,1006.9,100,9,92,100,10.9,156,22.0,0.0,2180.0,-3.8,17.0,19.2,-3.0,18.3,184,19.4,158,74,2025-10-22 14:00:00+00:00
27.3,87,25.0,1006.7,1007.8,95,6,59,87,9.9,159,22.0,0.4,2540.0,-3.4,14.0,19.2,-3.3,24.7,203,17.7,152,80,2025-10-22 15:00:00+00:00
26.8,92,25.4,1007.1,1008.2,99,10,30,98,10.7,150,18.7,1.8,2740.0,-3.5,12.0,18.9,-3.3,30.1,212,16.7,150,83,2025-10-22 16:00:00+00:00
26.6,91,25.1,1007.3,1008.4,100,12,52,100,9.8,134,20.2,1.6,2380.0,-2.7,12.0,18.8,-3.5,32.8,218,16.1,153,73,2025-10-22 17:00:00+00:00
26.7,89,24.7,1007.3,1008.4,99,17,47,98,11.9,139,19.1,0.0,2010.0,-2.6,13.0,19.1,-3.5,35.3,216,17.7,152,74,2025-10-22 18:00:00+00:00
26.8,88,24.7,1006.8,1007.9,100,3,36,100,11.0,150,22.7,0.0,2140.0,-2.7,11.0,18.9,-3.7,31.3,217,17.2,155,72,2025-10-22 19:00:00+00:00
26.3,91,24.7,1006.0,1007.1,100,0,30,100,11.2,177,25.9,0.0,2120.0,-2.9,11.0,18.9,-3.7,29.2,219,18.3,157,74,2025-10-22 20:00:00+00:00
25.9,93,24.7,1005.4,1006.5,100,5,40,100,11.0,198,22.7,0.0,2060.0,-2.7,6.0,19.1,-4.0,26.7,226,17.8,160,78,2025-10-22 21:00:00+00:00
25.8,93,24.6,1005.7,1006.8,100,16,49,100,9.7,195,22.3,0.0,1850.0,-2.4,7.0,19.3,-4.2,25.1,233,17.5,164,79,2025-10-22 22:00:00+00:00
25.4,94,24.5,1005.8,1007.0,99,5,36,99,5.0,224,19.4,0.1,1660.0,-2.9,4.0,19.4,-4.2,22.7,240,16.0,167,80,2025-10-22 23:00:00+00:00
26.0,94,24.9,1006.1,1007.2,100,4,10,100,7.4,194,9.0,0.1,2390.0,-3.7,10.0,19.2,-4.2,16.9,218,17.7,152,76,2025-10-23 00:00:00+00:00
26.0,95,25.0,1006.8,1008.0,100,0,38,100,6.0,201,16.9,0.0,2310.0,-4.2,9.0,19.2,-4.2,14.9,220,16.1,153,76,2025-10-23 01:00:00+00:00
26.5,93,25.2,1007.9,1009.0,100,2,100,100,2.7,228,11.2,0.4,2540.0,-4.8,3.0,19.1,-4.2,14.9,220,15.6,148,78,2025-10-23 02:00:00+00:00
26.8,91,25.2,1008.4,1009.5,100,6,99,100,1.1,90,8.6,1.0,2540.0,-4.7,1.0,18.9,-4.2,14.5,224,13.7,142,79,2025-10-23 03:00:00+00:00
27.3,81,23.8,1009.2,1010.3,100,32,100,100,2.0,175,8.3,1.9,1420.0,-4.2,4.0,18.9,-4.2,14.2,225,14.4,132,80,2025-10-23 04:00:00+00:00
27.5,84,24.6,1008.7,1009.8,100,10,86,100,6.2,144,18.4,1.1,1660.0,-4.4,4.0,18.8,-4.2,14.2,230,14.4,132,79,2025-10-23 05:00:00+00:00
29.0,80,25.3,1007.4,1008.5,100,14,13,99,8.3,167,23.4,0.7,2760.0,-4.3,0.0,19.1,-4.0,16.0,255,8.7,124,82,2025-10-23 06:00:00+00:00
27.9,84,24.8,1006.9,1008.0,100,7,41,100,4.5,214,27.4,6.0,1780.0,-4.1,24.0,18.9,-4.0,16.4,257,7.7,141,80,2025-10-23 07:00:00+00:00
29.1,80,25.2,1005.8,1006.9,99,2,19,99,4.9,208,16.9,0.4,2530.0,-3.9,2.0,19.2,-4.0,19.9,261,7.0,149,81,2025-10-23 08:00:00+00:00
29.8,77,25.4,1004.4,1005.5,27,19,12,3,3.8,172,19.4,0.2,2880.0,-3.8,0.0,19.4,-3.7,22.0,257,6.1,169,79,2025-10-23 09:00:00+00:00
29.2,78,25.0,1004.6,1005.7,77,34,20,60,4.8,160,18.4,0.8,2730.0,-3.8,0.0,19.6,-3.7,21.7,255,4.9,166,78,2025-10-23 10:00:00+00:00
28.3,81,24.7,1004.8,1005.9,20,0,20,4,2.6,231,19.1,3.3,2070.0,-3.8,17.0,19.7,-3.5,20.9,254,4.3,146,78,2025-10-23 11:00:00+00:00
26.4,90,24.7,1005.5,1006.6,97,0,38,95,2.3,309,9.4,0.0,1710.0,-3.0,43.0,19.7,-3.5,23.9,249,3.8,108,77,2025-10-23 12:00:00+00:00
26.1,93,24.9,1006.5,1007.6,100,0,100,5,1.8,307,5.8,0.0,1460.0,-3.0,66.0,19.2,-3.5,19.4,246,6.0,90,77,2025-10-23 13:00:00+00:00
26.2,94,25.1,1007.4,1008.6,100,1,99,100,1.5,306,5.0,0.0,1510.0,-3.2,59.0,18.9,-3.7,17.8,247,6.1,79,77,2025-10-23 14:00:00+00:00
26.1,93,24.9,1008.1,1009.3,99,0,63,98,1.9,287,4.3,0.0,1530.0,-3.3,50.0,18.9,-3.7,18.9,250,7.3,81,78,2025-10-23 15:00:00+00:00
26.2,91,24.7,1008.4,1009.6,100,1,53,99,2.8,281,6.1,0.0,1570.0,-2.7,11.0,18.8,-4.2,18.0,254,6.0,90,74,2025-10-23 16:00:00+00:00
26.0,91,24.5,1008.2,1009.4,100,1,21,100,4.0,291,8.3,0.0,1770.0,-2.3,10.0,18.8,-4.4,17.6,260,6.5,112,72,2025-10-23 17:00:00+00:00
24.4,96,23.7,1008.3,1009.5,100,32,100,100,7.7,336,13.7,1.1,1660.0,-1.8,2.0,18.8,-4.4,23.8,253,9.7,120,72,2025-10-23 18:00:00+00:00
24.8,97,24.4,1007.8,1009.0,100,2,100,100,2.9,11,16.9,1.1,1560.0,-1.9,4.0,18.9,-4.7,25.7,263,6.0,143,70,2025-10-23 19:00:00+00:00
24.9,97,24.4,1007.0,1008.2,100,5,100,100,4.7,353,11.9,0.9,1680.0,-2.1,4.0,18.9,-4.9,29.6,269,5.1,135,70,2025-10-23 20:00:00+00:00
24.8,96,24.1,1006.1,1007.3,100,2,100,100,5.8,344,11.5,0.2,1290.0,-2.1,23.0,18.8,-4.7,32.7,278,6.0,127,70,2025-10-23 21:00:00+00:00
24.7,96,24.1,1006.1,1007.3,100,0,89,100,7.3,353,13.7,0.0,1210.0,-1.6,25.0,18.8,-4.9,32.1,285,4.3,124,70,2025-10-23 22:00:00+00:00
24.7,96,24.0,1006.6,1007.8,100,0,99,100,6.8,11,14.4,0.0,1210.0,-1.3,15.0,19.1,-4.9,30.7,291,3.4,135,73,2025-10-23 23:00:00+00:00
25.0,95,24.2,1006.7,1007.9,100,1,100,100,9.7,358,15.8,0.4,1330.0,-1.9,37.0,19.1,-5.1,30.1,280,5.4,117,88,2025-10-24 00:00:00+00:00
25.0,95,24.2,1008.0,1009.2,100,2,99,100,8.9,346,19.4,0.0,1330.0,-1.9,34.0,18.9,-5.1,26.1,282,3.8,72,88,2025-10-24 01:00:00+00:00
25.3,94,24.3,1009.0,1010.2,100,1,41,100,9.5,349,20.9,0.0,1440.0,-1.8,25.0,18.8,-5.1,22.7,280,6.0,53,84,2025-10-24 02:00:00+00:00
26.0,91,24.4,1009.9,1011.1,100,2,100,100,8.0,5,23.0,0.0,1500.0,-1.9,13.0,18.7,-5.1,19.1,282,8.5,45,81,2025-10-24 03:00:00+00:00
26.2,89,24.3,1010.5,1011.7,100,2,28,100,8.1,357,19.8,0.0,1500.0,-2.0,10.0,18.7,-4.9,16.4,283,11.1,49,80,2025-10-24 04:00:00+00:00
26.7,87,24.3,1010.1,1011.3,100,2,61,100,5.9,349,20.2,0.0,1520.0,-1.7,7.0,18.6,-4.7,14.4,288,13.7,52,81,2025-10-24 05:00:00+00:00
27.2,83,24.1,1009.7,1010.8,100,2,100,100,4.7,47,15.1,0.2,1620.0,-1.5,7.0,18.5,-4.7,16.1,295,10.7,27,84,2025-10-24 06:00:00+00:00
27.2,83,24.0,1008.6,1009.7,100,0,100,100,4.4,52,13.0,1.0,1570.0,-1.7,2.0,18.8,-4.7,16.3,297,12.9,22,86,2025-10-24 07:00:00+00:00
26.8,86,24.2,1007.9,1009.0,100,1,100,100,4.9,360,12.2,0.9,1630.0,-1.8,2.0,19.3,-4.7,21.0,294,12.9,22,87,2025-10-24 08:00:00+00:00
26.9,85,24.2,1006.5,1007.6,100,0,100,100,4.2,25,13.3,0.9,1550.0,-2.2,0.0,18.9,-4.7,26.5,289,12.9,22,86,2025-10-24 09:00:00+00:00
27.0,84,24.0,1006.1,1007.2,100,3,32,100,4.7,18,15.1,0.3,1290.0,-2.0,0.0,18.5,-4.7,31.7,288,13.4,27,84,2025-10-24 10:00:00+00:00
26.8,85,24.0,1006.3,1007.4,100,14,52,100,3.7,35,13.0,0.1,1390.0,-1.9,0.0,18.5,-4.4,33.1,293,13.0,34,83,2025-10-24 11:00:00+00:00
26.9,87,24.6,1006.1,1007.2,99,6,99,55,2.7,67,9.0,0.1,1830.0,-1.7,2.0,18.9,-4.7,36.9,299,14.6,55,81,2025-10-24 12:00:00+00:00
26.1,90,24.2,1006.9,1008.1,100,34,32,100,4.0,30,10.1,0.1,1370.0,-1.3,10.0,19.1,-4.9,33.0,305,14.5,66,81,2025-10-24 13:00:00+00:00
26.0,90,24.2,1007.5,1008.7,100,1,20,100,0.2,270,7.2,0.0,1250.0,-1.4,29.0,19.3,-4.9,29.8,309,16.3,73,82,2025-10-24 14:00:00+00:00
25.8,91,24.2,1008.4,1009.6,100,2,10,100,2.2,235,5.0,0.0,1340.0,-1.2,31.0,19.2,-4.9,27.5,309,18.4,79,84,2025-10-24 15:00:00+00:00
25.6,92,24.2,1009.1,1010.3,100,2,16,100,3.1,230,6.5,0.0,1370.0,-1.3,32.0,19.1,-5.1,26.2,310,18.4,79,86,2025-10-24 16:00:00+00:00
25.3,94,24.2,1009.0,1010.2,100,0,23,100,2.2,256,6.8,0.0,1250.0,-1.2,20.0,18.9,-5.1,23.9,310,18.2,82,87,2025-10-24 17:00:00+00:00
25.1,94,24.1,1008.6,1009.8,98,0,12,98,3.8,270,7.2,0.0,1220.0,-1.0,24.0,18.7,-5.1,23.3,305,19.2,94,87,2025-10-24 18:00:00+00:00
24.9,94,23.8,1008.0,1009.2,100,1,34,100,4.8,259,9.7,0.0,1290.0,-1.0,23.0,18.5,-4.9,22.2,305,19.2,94,87,2025-10-24 19:00:00+00:00
24.6,95,23.7,1007.3,1008.5,100,5,100,98,3.8,273,9.0,0.0,1320.0,-0.9,20.0,18.6,-5.1,22.1,307,18.2,98,84,2025-10-24 20:00:00+00:00
24.6,95,23.7,1006.9,1008.1,99,19,80,97,4.8,292,9.7,0.0,1320.0,-1.0,17.0,18.6,-5.1,22.3,309,17.0,98,83,2025-10-24 21:00:00+00:00
24.6,95,23.8,1006.6,1007.8,100,27,98,98,7.9,259,15.5,0.0,1220.0,-1.2,11.0,18.3,-5.1,23.2,312,16.8,94,81,2025-10-24 22:00:00+00:00
24.3,95,23.5,1006.7,1007.9,52,26,12,27,9.5,271,20.9,0.0,1080.0,-1.1,14.0,18.2,-5.1,24.5,313,16.8,94,80,2025-10-24 23:00:00+00:00
25.2,94,24.3,1007.3,1008.5,100,3,96,100,6.2,296,19.4,0.0,1640.0,-1.0,24.0,18.0,-5.4,27.0,307,13.2,90,81,2025-10-25 00:00:00+00:00
25.3,95,24.4,1008.0,1009.2,95,5,79,73,4.7,261,15.5,0.1,1490.0,-1.0,20.0,17.9,-5.4,27.5,310,13.3,85,79,2025-10-25 01:00:00+00:00
25.9,91,24.4,1009.0,1010.2,100,32,41,100,8.1,246,19.8,0.2,1530.0,-1.8,8.0,17.9,-5.6,28.1,310,12.2,79,79,2025-10-25 02:00:00+00:00
26.7,87,24.4,1009.2,1010.4,100,21,15,100,4.1,304,21.2,0.0,1640.0,-2.4,2.0,18.0,-5.6,28.0,314,12.2,79,78,2025-10-25 03:00:00+00:00
27.6,86,25.1,1010.1,1011.2,100,12,50,100,6.3,360,20.2,0.2,2440.0,-3.0,0.0,18.0,-5.6,25.8,316,12.9,68,79,2025-10-25 04:00:00+00:00
28.0,85,25.2,1009.7,1010.8,100,29,23,100,5.4,345,20.2,0.3,2700.0,-3.0,0.0,18.0,-5.6,23.5,317,12.4,61,80,2025-10-25 05:00:00+00:00
28.1,80,24.4,1009.0,1010.1,99,60,21,97,11.3,9,30.6,8.6,1830.0,-3.3,0.0,18.2,-5.6,25.3,321,13.7,52,80,2025-10-25 06:00:00+00:00
26.2,87,23.8,1008.2,1009.4,100,15,70,99,8.0,278,32.4,5.9,670.0,-3.2,34.0,18.3,-5.4,25.5,325,13.7,52,78,2025-10-25 07:00:00+00:00
27.1,85,24.4,1007.3,1008.4,99,62,27,98,6.7,66,22.7,2.4,1510.0,-3.6,2.0,18.0,-5.6,21.2,325,13.6,45,79,2025-10-25 08:00:00+00:00
28.2,81,24.7,1006.3,1007.4,99,94,5,87,8.9,42,27.0,0.1,2110.0,-3.8,0.0,18.2,-5.4,19.9,328,13.7,38,79,2025-10-25 09:00:00+00:00
27.8,83,24.6,1005.9,1007.0,52,27,10,31,7.9,24,25.6,0.2,1940.0,-3.7,3.0,19.2,-5.4,21.8,340,13.0,34,74,2025-10-25 10:00:00+00:00
28.0,81,24.4,1005.9,1007.0,94,14,11,92,6.4,32,20.9,0.0,1960.0,-3.3,4.0,19.2,-5.1,19.7,355,13.0,34,73,2025-10-25 11:00:00+00:00
26.6,89,24.7,1006.9,1008.0,98,4,44,97,2.3,302,16.9,0.3,2120.0,-3.3,22.0,18.9,-5.1,18.7,4,11.8,24,74,2025-10-25 12:00:00+00:00
26.6,91,25.0,1007.4,1008.5,100,12,36,100,8.6,57,16.6,0.0,2490.0,-3.2,3.0,19.1,-5.1,15.7,8,12.4,29,76,2025-10-25 13:00:00+00:00
26.4,91,24.8,1008.1,1009.3,100,12,84,100,7.5,44,19.8,0.0,2210.0,-3.0,11.0,19.1,-5.6,14.3,9,12.4,29,77,2025-10-25 14:00:00+00:00
26.5,90,24.8,1009.0,1010.2,100,13,45,100,6.6,43,15.1,0.0,2290.0,-2.7,3.0,19.1,-5.8,12.6,13,15.0,29,77,2025-10-25 15:00:00+00:00
26.3,91,24.8,1009.1,1010.3,100,13,86,100,3.1,24,12.2,0.1,2240.0,-3.0,6.0,18.9,-5.6,11.8,16,18.7,40,78,2025-10-25 16:00:00+00:00
26.1,93,24.9,1009.1,1010.3,100,27,91,100,7.1,297,13.7,0.0,2410.0,-3.2,6.0,18.7,-5.6,11.4,23,19.5,43,79,2025-10-25 17:00:00+00:00
25.2,96,24.4,1008.4,1009.6,100,0,20,100,6.6,305,16.9,0.0,1750.0,-3.2,22.0,19.2,-5.4,10.5,2,19.5,47,73,2025-10-25 18:00:00+00:00
25.4,95,24.5,1007.6,1008.8,100,0,100,92,7.9,303,15.8,0.0,1860.0,-2.9,29.0,19.2,-5.1,10.1,355,18.7,45,73,2025-10-25 19:00:00+00:00
25.4,96,24.7,1006.9,1008.1,100,0,94,100,6.7,322,15.8,0.0,2070.0,-2.8,23.0,19.3,-5.1,10.0,336,20.4,45,74,2025-10-25 20:00:00+00:00
25.4,96,24.7,1006.1,1007.3,100,0,2,100,6.4,333,12.6,0.0,2020.0,-3.2,23.0,19.2,-5.1,10.8,332,22.9,47,78,2025-10-25 21:00:00+00:00
25.2,96,24.5,1006.2,1007.4,92,5,2,91,8.2,350,15.1,0.0,1870.0,-2.9,26.0,19.1,-5.1,12.6,334,23.8,49,80,2025-10-25 22:00:00+00:00
25.3,95,24.5,1006.1,1007.3,99,13,1,99,9.7,356,18.7,0.0,2020.0,-3.1,12.0,19.2,-5.1,14.9,333,24.6,47,80,2025-10-25 23:00:00+00:00
25.5,95,24.6,1006.8,1008.0,48,5,5,42,9.4,359,18.7,0.0,2170.0,-3.1,10.0,19.2,-4.7,20.0,311,23.8,45,79,2025-10-26 00:00:00+00:00
25.5,96,24.7,1008.1,1009.3,77,4,6,73,8.9,324,17.6,0.0,2190.0,-3.0,5.0,19.3,-4.9,22.9,311,22.1,45,77,2025-10-26 01:00:00+00:00
26.3,94,25.2,1008.9,1010.1,99,13,9,99,9.2,327,20.5,0.0,2560.0,-3.3,3.0,19.2,-4.9,24.8,313,22.1,45,72,2025-10-26 02:00:00+00:00
27.6,89,25.6,1009.7,1010.8,99,9,27,99,10.6,15,24.8,0.1,3170.0,-3.3,0.0,19.1,-5.1,22.9,319,21.2,43,68,2025-10-26 03:00:00+00:00
26.6,84,23.8,1010.3,1011.5,100,16,77,100,10.2,18,36.0,0.5,1000.0,-3.5,32.0,18.9,-5.4,22.1,328,22.1,41,63,2025-10-26 04:00:00+00:00
27.1,82,23.8,1009.9,1011.0,100,19,19,100,7.2,356,25.2,0.0,1100.0,-3.4,21.0,18.7,-5.4,19.6,335,24.0,37,67,2025-10-26 05:00:00+00:00
29.0,78,24.7,1009.0,1010.1,100,24,13,100,7.3,7,23.4,0.0,2090.0,-3.7,0.0,18.5,-5.4,20.8,331,23.1,28,64,2025-10-26 06:00:00+00:00
29.9,75,25.1,1007.8,1008.9,100,64,20,100,7.3,17,23.8,0.0,2720.0,-4.0,0.0,18.3,-5.4,21.4,333,24.1,27,64,2025-10-26 07:00:00+00:00
29.8,75,24.9,1006.5,1007.6,100,80,6,100,9.3,25,26.6,0.1,2640.0,-3.8,0.0,18.7,-5.6,23.6,332,26.3,24,66,2025-10-26 08:00:00+00:00
29.1,77,24.7,1005.6,1006.7,100,6,15,100,9.5,11,28.1,0.1,2370.0,-3.6,1.0,19.1,-5.4,25.3,337,28.1,20,64,2025-10-26 09:00:00+00:00
28.9,74,23.9,1005.1,1006.2,100,5,5,100,10.2,24,25.2,0.1,1710.0,-3.4,7.0,19.1,-5.1,23.8,340,27.4,15,67,2025-10-26 10:00:00+00:00
28.4,77,24.1,1005.2,1006.3,100,2,7,100,8.4,31,24.1,0.0,1810.0,-3.3,7.0,19.2,-4.9,23.2,340,25.3,5,68,2025-10-26 11:00:00+00:00
26.4,91,24.8,1006.5,1007.6,100,4,9,100,1.8,315,19.4,0.0,1890.0,-3.4,18.0,19.1,-4.9,21.2,341,33.4,21,69,2025-10-26 12:00:00+00:00
25.9,93,24.7,1006.8,1008.0,100,0,4,100,3.2,286,7.9,0.0,1700.0,-3.2,42.0,19.2,-4.9,20.8,341,32.8,24,72,2025-10-26 13:00:00+00:00
25.8,93,24.6,1006.9,1008.1,100,1,3,100,4.3,360,7.9,0.0,1870.0,-3.2,17.0,19.2,-4.9,20.3,344,34.9,27,74,2025-10-26 14:00:00+00:00
26.0,93,24.7,1007.5,1008.7,100,1,9,100,7.0,4,13.3,0.0,1930.0,-3.9,42.0,19.2,-5.4,19.3,345,33.4,21,73,2025-10-26 15:00:00+00:00
26.0,92,24.6,1007.7,1008.9,100,0,5,100,7.4,353,13.7,0.0,1990.0,-4.6,43.0,19.1,-5.4,20.8,351,32.6,17,71,2025-10-26 16:00:00+00:00
26.2,92,24.7,1007.9,1009.1,100,9,9,100,8.1,359,15.1,0.0,2250.0,-3.9,18.0,18.7,-5.4,22.8,360,34.4,12,76,2025-10-26 17:00:00+00:00
26.0,93,24.9,1007.2,1008.4,100,5,6,100,8.9,335,17.6,0.0,2280.0,-3.3,19.0,19.3,-6.1,21.1,346,42.2,15,74,2025-10-26 18:00:00+00:00
25.7,95,24.8,1006.8,1008.0,100,3,23,100,7.5,323,17.6,0.0,2170.0,-2.4,13.0,18.8,-6.1,21.0,359,41.2,8,77,2025-10-26 19:00:00+00:00
25.3,96,24.7,1006.4,1007.6,100,2,76,100,8.1,305,16.6,0.0,1800.0,-1.5,27.0,18.7,-5.4,21.4,359,40.1,9,74,2025-10-26 20:00:00+00:00
25.0,95,24.2,1006.1,1007.3,100,0,97,100,8.6,303,17.6,0.0,1330.0,-1.7,27.0,18.8,-5.4,22.4,355,40.5,12,73,2025-10-26 21:00:00+00:00
24.9,94,23.9,1005.7,1006.9,100,0,100,100,9.4,302,19.1,0.2,990.0,-1.6,47.0,19.1,-5.1,24.4,351,40.6,19,72,2025-10-26 22:00:00+00:00
24.9,94,23.9,1006.1,1007.3,100,0,100,100,10.0,321,19.8,0.5,970.0,-1.5,45.0,18.8,-5.1,25.3,346,43.0,23,68,2025-10-26 23:00:00+00:00
24.9,94,23.8,1006.0,1007.2,100,0,69,100,10.7,316,20.9,0.9,990.0,-2.0,42.0,19.1,-5.1,27.8,339,42.0,358,66,2025-10-27 00:00:00+00:00
24.6,96,24.0,1007.1,1008.3,100,0,100,100,12.0,344,22.3,0.8,990.0,-1.8,38.0,18.7,-4.9,29.8,337,39.9,7,64,2025-10-27 01:00:00+00:00
24.6,96,23.9,1007.5,1008.7,100,0,100,100,14.8,336,28.4,1.2,780.0,-2.3,38.0,18.1,-4.7,32.6,333,37.5,7,72,2025-10-27 02:00:00+00:00
24.8,96,24.0,1008.0,1009.2,100,1,100,100,15.7,338,30.2,1.1,860.0,-2.3,48.0,18.1,-4.7,34.9,327,37.3,4,74,2025-10-27 03:00:00+00:00
24.9,97,24.3,1008.3,1009.5,100,1,100,100,14.2,330,30.6,1.2,1030.0,-1.6,34.0,18.2,-5.1,39.5,324,33.7,4,71,2025-10-27 04:00:00+00:00
25.4,94,24.4,1007.7,1008.9,100,20,100,100,15.4,325,30.2,1.0,1120.0,-0.9,44.0,18.1,-5.1,42.2,325,36.1,356,68,2025-10-27 05:00:00+00:00
25.9,96,25.2,1007.2,1008.4,100,13,99,100,14.1,317,34.2,0.4,1960.0,-0.7,0.0,18.5,-4.4,46.1,322,37.3,356,68,2025-10-27 06:00:00+00:00
25.9,94,24.9,1005.8,1006.9,100,2,100,100,16.8,318,33.1,1.9,1620.0,-0.5,0.0,18.3,-4.2,45.5,325,37.4,354,68,2025-10-27 07:00:00+00:00
25.9,90,24.2,1004.9,1006.0,100,0,100,100,17.4,315,36.0,1.1,960.0,-0.8,2.0,18.2,-4.0,45.5,327,30.0,2,70,2025-10-27 08:00:00+00:00
26.1,89,24.1,1004.2,1005.3,100,2,100,100,16.4,317,34.9,0.5,830.0,-0.5,9.0,18.6,-3.7,50.8,327,23.9,18,76,2025-10-27 09:00:00+00:00
26.4,89,24.3,1004.0,1005.1,100,0,100,100,15.5,308,36.0,0.2,1190.0,0.2,1.0,18.6,-3.5,54.9,322,28.0,31,83,2025-10-27 10:00:00+00:00
25.8,89,23.9,1004.4,1005.5,100,0,100,100,15.7,314,33.5,1.4,860.0,0.0,4.0,17.9,-4.0,52.9,318,30.7,31,73,2025-10-27 11:00:00+00:00
25.5,91,24.0,1004.8,1005.9,100,0,100,100,14.6,326,34.6,2.2,760.0,-0.7,15.0,18.3,-3.7,57.8,311,41.4,30,73,2025-10-27 12:00:00+00:00
25.0,91,23.4,1004.9,1006.1,100,0,100,100,17.5,321,39.6,4.6,220.0,-0.4,17.0,18.9,-4.0,56.2,311,39.2,27,81,2025-10-27 13:00:00+00:00
24.2,87,21.9,1005.2,1006.4,100,0,100,100,21.1,305,40.3,5.6,10.0,0.1,115.0,18.7,-4.2,59.2,307,43.7,16,90,2025-10-27 14:00:00+00:00
23.3,85,20.6,1005.6,1006.8,100,0,100,100,23.3,312,45.0,7.6,0.0,0.9,181.0,18.6,-4.0,60.3,303,57.7,12,82,2025-10-27 15:00:00+00:00
22.9,86,20.4,1005.7,1006.9,100,0,100,100,24.7,311,48.2,6.1,0.0,0.8,93.0,18.3,-4.0,60.8,300,53.9,12,78,2025-10-27 16:00:00+00:00
23.4,80,19.8,1005.2,1006.4,100,0,100,100,26.7,311,54.0,2.9,0.0,1.3,0.0,18.0,-3.7,66.5,299,44.0,11,88,2025-10-27 17:00:00+00:00
23.4,84,20.4,1005.3,1006.5,100,0,100,100,17.3,303,51.5,3.5,0.0,1.7,7.0,17.9,-3.5,72.2,298,41.1,7,94,2025-10-27 18:00:00+00:00
22.8,87,20.6,1004.3,1005.5,100,0,100,100,16.4,308,33.5,2.4,0.0,2.1,89.0,18.0,-3.3,75.8,297,49.7,340,96,2025-10-27 19:00:00+00:00
23.6,80,19.9,1003.1,1004.3,100,0,100,100,23.1,318,45.4,1.9,0.0,1.9,149.0,17.7,-3.7,76.0,298,46.6,325,99,2025-10-27 20:00:00+00:00
23.6,79,19.7,1003.0,1004.2,100,0,100,100,14.2,288,44.6,1.2,0.0,1.5,53.0,17.5,-3.5,74.4,299,47.3,324,97,2025-10-27 21:00:00+00:00
23.0,93,21.8,1003.2,1004.4,100,0,100,100,10.5,294,26.3,2.6,10.0,1.3,126.0,17.7,-4.0,68.5,298,52.3,328,100,2025-10-27 22:00:00+00:00
22.7,92,21.4,1002.9,1004.1,100,0,100,100,10.2,311,21.6,3.8,90.0,0.7,75.0,17.9,-3.7,71.4,300,45.7,330,97,2025-10-27 23:00:00+00:00
23.4,93,22.2,1003.0,1004.2,100,0,100,100,11.3,260,20.5,2.8,220.0,0.5,47.0,18.7,-4.0,78.9,297,34.9,333,81,2025-10-28 00:00:00+00:00
24.3,91,22.7,1003.2,1004.4,100,0,100,100,19.7,274,37.1,4.2,160.0,0.1,139.0,18.6,-4.0,74.8,296,28.4,332,76,2025-10-28 01:00:00+00:00
24.2,90,22.4,1004.3,1005.5,100,0,100,100,25.3,287,49.3,3.8,110.0,0.5,167.0,18.9,-4.0,76.0,297,29.6,328,68,2025-10-28 02:00:00+00:00
24.1,91,22.5,1005.1,1006.3,100,0,100,100,20.9,295,51.5,4.8,150.0,0.6,180.0,18.8,-4.2,75.6,300,28.9,318,71,2025-10-28 03:00:00+00:00
24.2,91,22.6,1004.6,1005.8,100,0,100,100,24.8,279,49.0,5.2,120.0,-0.2,205.0,18.5,-4.2,74.0,302,29.6,302,77,2025-10-28 04:00:00+00:00
24.4,92,23.0,1004.2,1005.4,100,0,100,100,22.5,273,49.0,4.2,170.0,-0.6,150.0,18.6,-4.2,69.5,297,36.6,302,79,2025-10-28 05:00:00+00:00
24.4,91,22.9,1004.2,1005.4,100,0,100,100,27.9,276,44.3,3.3,120.0,0.3,144.0,18.6,-4.0,71.9,296,32.8,298,71,2025-10-28 06:00:00+00:00
24.3,86,21.7,1002.7,1003.9,100,0,100,100,30.7,275,61.2,3.5,20.0,-0.4,107.0,18.7,-4.0,70.1,295,33.8,297,64,2025-10-28 07:00:00+00:00
24.3,82,21.0,1001.9,1003.1,100,0,100,100,28.4,278,60.1,1.9,0.0,0.1,142.0,18.8,-4.0,68.1,292,30.8,291,62,2025-10-28 08:00:00+00:00
24.5,83,21.5,1001.2,1002.3,100,0,11,100,27.1,275,56.9,2.4,10.0,0.3,158.0,18.9,-3.7,68.9,289,31.8,281,66,2025-10-28 09:00:00+00:00
24.9,83,21.8,1001.3,1002.4,100,0,8,100,24.1,261,54.0,1.6,10.0,0.6,148.0,18.9,-3.5,72.6,283,30.1,275,67,2025-10-28 10:00:00+00:00
24.8,84,22.0,1001.8,1002.9,100,0,1,100,20.2,259,49.3,0.6,30.0,1.2,161.0,18.8,-3.5,78.1,281,28.8,268,72,2025-10-28 11:00:00+00:00
25.0,90,23.3,1002.9,1004.0,100,0,38,100,12.6,248,49.0,0.3,390.0,3.1,43.0,19.4,-3.5,82.0,279,35.3,280,72,2025-10-28 12:00:00+00:00
24.7,94,23.6,1003.0,1004.2,100,0,11,100,12.9,216,24.5,0.5,650.0,2.8,29.0,19.1,-3.7,76.3,280,35.8,284,77,2025-10-28 13:00:00+00:00
24.7,92,23.4,1004.2,1005.4,100,2,100,100,10.9,225,24.5,0.2,650.0,2.7,18.0,19.1,-4.0,71.3,280,38.7,286,77,2025-10-28 14:00:00+00:00
24.7,91,23.1,1005.0,1006.2,100,0,93,100,9.6,233,19.8,0.2,880.0,2.8,17.0,19.2,-4.0,68.5,282,37.0,283,78,2025-10-28 15:00:00+00:00
24.7,93,23.4,1005.4,1006.6,100,0,100,100,11.0,238,19.8,0.0,930.0,2.3,31.0,18.8,-3.5,66.1,277,36.7,281,78,2025-10-28 16:00:00+00:00
25.0,92,23.6,1005.1,1006.3,100,0,100,100,11.7,239,23.4,0.0,720.0,2.8,67.0,18.7,-3.7,65.2,273,36.2,276,69,2025-10-28 17:00:00+00:00
25.9,91,24.3,1004.0,1005.1,100,0,100,100,13.5,224,21.6,0.0,1430.0,2.8,50.0,18.7,-4.2,63.4,273,42.0,270,49,2025-10-28 18:00:00+00:00
25.8,89,23.9,1004.1,1005.2,100,0,100,100,12.5,226,26.6,0.0,1000.0,1.4,59.0,18.5,-4.0,58.4,272,42.0,268,52,2025-10-28 19:00:00+00:00
25.5,88,23.4,1003.5,1004.6,100,0,100,100,12.2,233,25.9,0.0,630.0,1.0,73.0,18.2,-4.2,54.8,274,43.2,270,47,2025-10-28 20:00:00+00:00
25.2,87,22.9,1003.5,1004.6,100,0,86,100,11.0,230,24.5,0.0,370.0,0.8,105.0,19.2,-4.2,55.7,278,40.9,273,40,2025-10-28 21:00:00+00:00
24.9,87,22.5,1003.9,1005.1,100,0,20,100,10.6,226,22.0,0.0,210.0,1.4,125.0,19.4,-4.0,54.9,279,40.8,272,34,2025-10-28 22:00:00+00:00
24.5,87,22.2,1004.4,1005.6,100,0,0,100,9.5,217,20.9,0.0,130.0,2.3,118.0,19.1,-4.0,54.1,282,39.7,267,42,2025-10-28 23:00:00+00:00
24.9,87,22.5,1005.0,1006.2,100,0,2,100,12.1,208,20.5,0.0,230.0,2.0,100.0,19.1,-4.0,61.4,279,41.2,262,57,2025-10-29 00:00:00+00:00
24.9,85,22.3,1005.7,1006.9,100,2,5,100,14.7,209,28.8,0.0,160.0,2.4,137.0,19.6,-4.0,60.5,276,42.6,260,40,2025-10-29 01:00:00+00:00
26.3,80,22.5,1006.9,1008.0,100,5,9,100,15.4,214,32.0,0.0,250.0,1.6,114.0,19.2,-4.0,59.3,273,44.0,259,32,2025-10-29 02:00:00+00:00
28.0,77,23.5,1007.4,1008.5,100,9,11,100,12.4,214,32.0,0.0,890.0,0.8,45.0,19.2,-3.7,56.5,268,46.2,261,44,2025-10-29 03:00:00+00:00
29.6,71,23.7,1007.6,1008.7,100,1,0,100,12.9,213,31.0,0.0,1370.0,0.3,10.0,19.2,-3.7,54.7,268,50.6,265,58,2025-10-29 04:00:00+00:00
30.8,63,22.9,1007.1,1008.2,91,1,0,91,14.0,221,34.6,0.0,970.0,-0.4,10.0,19.2,-3.7,54.7,269,53.0,265,60,2025-10-29 05:00:00+00:00
31.2,57,21.8,1006.3,1007.4,91,5,1,91,16.6,236,39.2,0.0,360.0,-0.8,24.0,18.6,-3.0,39.2,267,50.8,263,68,2025-10-29 06:00:00+00:00
31.8,54,21.4,1005.2,1006.3,13,1,5,8,15.1,245,46.8,0.0,310.0,-0.5,35.0,19.2,-2.8,36.9,261,50.6,265,60,2025-10-29 07:00:00+00:00
32.4,52,21.4,1004.5,1005.6,61,59,13,0,15.5,248,40.7,0.0,430.0,-0.6,23.0,19.2,-2.8,43.3,258,50.5,267,61,2025-10-29 08:00:00+00:00
32.2,55,21.9,1003.6,1004.7,9,9,2,0,12.3,235,36.0,0.0,680.0,-0.8,3.0,19.7,-2.8,41.2,260,46.8,269,62,2025-10-29 09:00:00+00:00
31.5,60,22.8,1003.2,1004.3,9,5,8,0,9.9,182,28.4,0.0,1090.0,-1.5,19.0,20.2,-2.6,43.3,262,43.3,267,62,2025-10-29 10:00:00+00:00
29.6,79,25.5,1003.3,1004.4,29,8,25,0,13.8,154,30.6,0.0,3340.0,-1.8,26.0,20.0,-2.3,41.1,261,39.6,270,50,2025-10-29 11:00:00+00:00
28.9,85,26.1,1004.1,1005.2,73,0,5,71,13.3,159,34.2,0.0,3980.0,-1.9,21.0,19.7,-2.1,38.9,260,36.0,270,47,2025-10-29 12:00:00+00:00
27.9,87,25.5,1004.5,1005.6,1,0,0,1,15.5,175,32.0,0.0,3120.0,-1.5,39.0,20.0,-1.9,39.1,255,32.4,272,39,2025-10-29 13:00:00+00:00
26.8,89,24.8,1005.4,1006.5,1,0,0,1,17.9,185,38.9,0.0,2040.0,-2.1,66.0,20.2,-1.6,36.8,253,31.3,274,36,2025-10-29 14:00:00+00:00
26.0,88,23.8,1006.3,1007.4,69,0,0,69,13.0,182,36.0,0.0,1120.0,-1.6,101.0,20.3,-1.2,36.1,249,28.9,275,33,2025-10-29 15:00:00+00:00
26.1,90,24.3,1007.1,1008.3,40,0,0,40,14.1,184,27.7,0.0,1830.0,-1.5,84.0,20.3,-1.2,36.8,250,26.4,273,28,2025-10-29 16:00:00+00:00
26.3,91,24.8,1007.5,1008.6,2,0,0,2,14.7,191,31.0,0.0,2110.0,-1.4,56.0,20.3,-0.9,38.5,253,22.8,270,29,2025-10-29 17:00:00+00:00
27.0,90,25.2,1007.4,1008.5,9,0,0,9,13.2,190,29.5,0.0,2670.0,-1.3,43.0,19.8,-1.9,38.4,260,27.8,263,43,2025-10-29 18:00:00+00:00
26.6,90,24.9,1007.0,1008.1,2,0,0,2,12.1,201,26.6,0.0,2360.0,-0.5,35.0,19.2,-2.3,35.7,260,25.5,262,44,2025-10-29 19:00:00+00:00
26.1,93,24.8,1006.7,1007.8,1,0,0,0,10.6,204,24.8,0.0,2310.0,0.2,23.0,18.7,-2.3,31.1,256,28.0,260,44,2025-10-29 20:00:00+00:00
25.7,95,24.7,1006.3,1007.5,0,0,0,0,10.0,210,21.2,0.0,2240.0,1.5,19.0,18.8,-2.6,26.0,255,26.6,262,49,2025-10-29 21:00:00+00:00
25.5,95,24.6,1006.5,1007.7,66,0,0,66,9.7,222,19.8,0.0,2480.0,3.5,10.0,19.2,-2.6,27.5,258,24.5,259,48,2025-10-29 22:00:00+00:00
25.2,96,24.5,1006.9,1008.1,43,0,0,43,8.7,230,18.7,0.0,2470.0,4.8,9.0,19.6,-2.8,30.8,262,22.8,252,52,2025-10-29 23:00:00+00:00
25.3,97,24.8,1007.4,1008.6,49,0,0,49,9.2,206,16.9,0.0,2270.0,5.4,38.0,19.7,-2.8,35.2,265,21.5,243,54,2025-10-30 00:00:00+00:00
25.4,96,24.8,1008.3,1009.5,33,33,0,0,8.2,229,18.0,0.0,1890.0,5.4,46.0,19.8,-2.8,32.6,264,19.3,240,54,2025-10-30 01:00:00+00:00
26.2,94,25.1,1009.1,1010.3,13,13,0,0,8.6,234,20.5,0.0,2050.0,3.5,36.0,19.9,-2.8,31.5,260,18.0,233,58,2025-10-30 02:00:00+00:00
27.8,88,25.7,1009.7,1010.8,13,12,0,2,7.9,235,20.9,0.0,2900.0,3.0,9.0,20.0,-2.6,31.1,256,17.0,225,58,2025-10-30 03:00:00+00:00
29.7,72,24.0,1009.9,1011.0,0,0,0,0,6.6,227,20.5,0.0,1620.0,2.5,28.0,20.0,-2.3,30.3,252,17.1,219,57,2025-10-30 04:00:00+00:00
30.8,63,22.9,1009.9,1011.0,0,0,0,0,6.2,240,20.5,0.0,900.0,1.7,29.0,20.0,-2.3,28.3,249,16.3,216,57,2025-10-30 05:00:00+00:00
32.1,55,21.8,1009.0,1010.1,3,2,2,0,7.2,235,19.1,0.0,520.0,0.5,10.0,20.2,-1.6,27.2,261,11.9,225,50,2025-10-30 06:00:00+00:00
32.8,50,21.0,1007.8,1008.9,12,5,12,0,8.5,226,23.0,0.0,230.0,-0.3,15.0,19.9,-1.6,24.6,259,12.8,229,48,2025-10-30 07:00:00+00:00
32.5,50,20.9,1007.2,1008.3,34,2,34,0,8.6,211,23.4,0.0,180.0,-0.5,23.0,19.7,-1.6,21.6,257,12.8,229,47,2025-10-30 08:00:00+00:00
31.8,56,21.8,1006.5,1007.6,45,20,41,0,7.9,167,23.0,0.0,510.0,-0.7,13.0,20.0,-1.6,21.3,254,11.1,229,47,2025-10-30 09:00:00+00:00
30.8,68,24.1,1006.4,1007.5,34,19,32,0,7.6,155,21.2,0.1,2110.0,-1.1,11.0,20.0,-1.6,22.8,254,11.1,229,48,2025-10-30 10:00:00+00:00
29.3,75,24.3,1007.0,1008.1,23,16,19,0,10.9,146,24.8,0.0,2170.0,-0.8,27.0,20.0,-1.6,22.4,257,10.2,225,47,2025-10-30 11:00:00+00:00
28.9,82,25.5,1007.4,1008.5,13,0,13,0,10.3,155,24.8,0.0,3400.0,-0.6,18.0,19.8,-1.9,25.0,260,9.7,210,51,2025-10-30 12:00:00+00:00
28.4,84,25.4,1007.9,1009.0,3,0,3,0,12.1,152,24.5,0.0,3310.0,0.0,22.0,19.8,-1.4,25.5,260,9.1,203,53,2025-10-30 13:00:00+00:00
28.1,81,24.6,1008.7,1009.8,28,0,1,27,10.3,151,24.5,0.0,2360.0,-0.1,40.0,19.9,-1.4,27.5,264,8.7,196,53,2025-10-30 14:00:00+00:00
27.8,84,24.9,1009.6,1010.7,20,0,2,19,9.5,151,20.5,0.0,2620.0,-0.4,38.0,20.2,-1.2,26.9,271,7.3,189,51,2025-10-30 15:00:00+00:00
27.5,86,24.9,1009.8,1010.9,0,0,0,0,8.6,151,18.4,0.0,2620.0,-0.2,42.0,20.2,-1.2,25.6,274,6.0,180,50,2025-10-30 16:00:00+00:00
27.3,87,24.9,1010.0,1011.1,0,0,0,0,8.0,152,16.9,0.0,2690.0,-0.1,46.0,20.2,-1.2,25.1,270,6.0,180,52,2025-10-30 17:00:00+00:00
27.3,88,25.2,1009.9,1011.0,13,0,0,13,7.0,183,15.8,0.0,3080.0,0.6,31.0,20.0,-1.4,25.7,276,8.7,196,62,2025-10-30 18:00:00+00:00
27.1,89,25.1,1009.6,1010.7,43,0,0,43,6.7,200,14.0,0.0,2870.0,1.1,33.0,19.7,-1.6,23.2,269,7.6,198,60,2025-10-30 19:00:00+00:00
26.6,90,24.8,1008.9,1010.1,0,0,0,0,7.0,212,13.7,0.0,2710.0,0.8,22.0,19.6,-1.6,22.9,264,7.6,198,42,2025-10-30 20:00:00+00:00
26.2,91,24.7,1008.5,1009.7,0,0,0,0,7.8,228,15.8,0.0,2710.0,1.0,19.0,19.4,-1.6,22.0,264,5.4,207,39,2025-10-30 21:00:00+00:00
25.7,93,24.5,1008.8,1010.0,0,0,0,0,7.7,239,15.8,0.0,2480.0,1.0,18.0,19.4,-1.4,21.5,265,4.3,214,38,2025-10-30 22:00:00+00:00
25.4,94,24.4,1009.2,1010.4,0,0,0,0,7.3,230,15.8,0.0,2450.0,1.4,15.0,19.3,-1.6,21.0,266,6.0,217,31,2025-10-30 23:00:00+00:00
25.4,95,24.5,1009.8,1011.0,0,0,0,0,6.0,241,14.0,0.0,2330.0,2.0,30.0,19.1,-2.3,20.5,273,5.1,225,23,2025-10-31 00:00:00+00:00
25.6,94,24.7,1010.7,1011.9,0,0,0,0,6.1,246,12.2,0.0,1960.0,2.2,52.0,19.2,-2.6,18.1,282,5.1,225,20,2025-10-31 01:00:00+00:00
26.7,93,25.4,1011.3,1012.5,0,0,0,0,4.0,243,12.2,0.0,2460.0,1.6,36.0,19.3,-2.3,15.0,284,4.3,214,16,2025-10-31 02:00:00+00:00
28.4,85,25.6,1011.6,1012.7,0,0,0,0,4.1,241,14.0,0.0,2920.0,0.9,18.0,19.2,-1.9,13.0,288,3.4,225,18,2025-10-31 03:00:00+00:00
30.0,76,25.3,1011.8,1012.9,0,0,0,0,6.1,251,18.7,0.0,2920.0,1.0,7.0,19.2,-1.6,11.5,288,1.7,225,19,2025-10-31 04:00:00+00:00
31.1,67,24.2,1011.4,1012.5,0,0,0,0,5.5,257,19.8,0.0,2090.0,0.9,9.0,19.3,-1.4,11.5,288,1.7,225,22,2025-10-31 05:00:00+00:00
32.1,55,21.9,1010.1,1011.2,3,2,2,0,8.3,264,18.4,0.0,590.0,1.0,13.0,19.4,-1.4,10.2,291,2.4,180,24,2025-10-31 06:00:00+00:00
32.8,50,20.9,1008.8,1009.9,0,0,0,0,9.0,272,24.5,0.0,280.0,0.8,34.0,19.6,-1.4,11.7,283,1.2,180,14,2025-10-31 07:00:00+00:00
33.2,47,20.2,1008.0,1009.1,0,0,0,0,7.0,280,24.5,0.0,160.0,0.6,69.0,19.2,-1.2,11.1,279,1.2,270,19,2025-10-31 08:00:00+00:00
33.1,47,20.2,1007.0,1008.1,0,0,0,0,2.3,302,20.2,0.0,150.0,0.3,81.0,19.3,-1.4,12.3,272,2.7,297,22,2025-10-31 09:00:00+00:00
32.2,53,21.5,1006.9,1008.0,0,0,0,0,3.1,114,11.2,0.0,490.0,0.0,42.0,19.4,-1.4,12.4,276,4.3,326,29,2025-10-31 10:00:00+00:00
30.3,76,25.6,1006.9,1008.0,4,0,4,0,8.0,126,19.1,0.0,3720.0,-0.4,23.0,19.6,-1.4,12.8,274,6.0,360,26,2025-10-31 11:00:00+00:00
28.9,90,27.0,1007.7,1008.8,2,0,2,0,10.5,127,24.1,0.0,5190.0,-0.2,18.0,19.3,-1.9,11.6,281,6.0,360,18,2025-10-31 12:00:00+00:00
27.9,89,25.8,1008.4,1009.5,0,0,0,0,12.1,162,25.2,0.0,3500.0,-0.4,55.0,19.3,-1.9,12.1,281,7.3,9,19,2025-10-31 13:00:00+00:00
27.8,88,25.6,1009.3,1010.4,0,0,0,0,7.9,131,24.8,0.0,3450.0,-0.6,49.0,20.0,-2.1,15.6,291,8.5,8,18,2025-10-31 14:00:00+00:00
27.6,90,25.9,1010.4,1011.5,0,0,0,0,7.4,104,15.5,0.0,3660.0,-0.8,29.0,20.4,-2.1,18.1,295,9.9,14,19,2025-10-31 15:00:00+00:00
27.5,91,26.0,1010.6,1011.7,0,0,0,0,7.5,123,14.8,0.0,3840.0,-1.3,18.0,20.3,-2.3,15.5,298,9.9,14,16,2025-10-31 16:00:00+00:00
27.4,92,25.9,1010.6,1011.7,0,0,0,0,8.0,126,15.5,0.0,3750.0,-1.6,17.0,20.0,-2.6,13.5,298,9.7,7,33,2025-10-31 17:00:00+00:00
27.3,93,26.0,1010.3,1011.4,88,0,0,88,6.5,136,15.8,0.0,3920.0,-1.3,9.0,19.8,-2.6,10.3,319,12.1,354,17,2025-10-31 18:00:00+00:00
27.3,93,26.1,1009.8,1010.9,23,0,0,23,6.2,158,13.0,0.0,3920.0,-1.0,7.0,19.7,-2.6,9.5,305,13.3,355,18,2025-10-31 19:00:00+00:00
27.2,93,25.9,1008.9,1010.0,30,0,0,30,4.8,167,11.9,0.0,3830.0,-0.7,5.0,19.7,-2.6,9.6,295,15.6,360,12,2025-10-31 20:00:00+00:00
26.8,94,25.7,1008.7,1009.8,57,0,0,57,3.8,188,9.4,0.0,3720.0,-0.4,4.0,19.6,-2.8,9.7,278,16.8,356,12,2025-10-31 21:00:00+00:00
26.6,95,25.6,1008.5,1009.7,66,0,0,66,4.6,191,8.6,0.0,3710.0,0.0,4.0,19.4,-3.0,10.0,267,18.0,356,19,2025-10-31 22:00:00+00:00
26.1,97,25.6,1008.8,1010.0,77,16,0,72,5.6,211,11.2,0.0,3710.0,0.0,2.0,19.3,-3.0,10.6,260,18.2,352,28,2025-10-31 23:00:00+00:00
25.7,99,25.5,1009.1,1010.3,58,55,0,5,7.0,238,14.0,0.0,3650.0,0.0,3.0,18.9,-3.0,12.3,270,19.8,346,33,2025-11-01 00:00:00+00:00
25.9,98,25.5,1010.1,1011.3,91,91,0,0,6.5,246,15.1,0.0,3370.0,0.1,2.0,18.7,-3.0,12.3,274,19.5,349,40,2025-11-01 01:00:00+00:00
26.8,95,26.0,1010.8,1012.0,55,25,0,40,5.8,244,15.8,0.0,3190.0,-0.2,9.0,18.7,-3.0,12.6,283,20.5,353,43,2025-11-01 02:00:00+00:00
28.6,87,26.3,1011.5,1012.6,38,3,1,35,6.3,235,18.0,0.0,3780.0,-0.7,1.0,19.1,-2.8,14.0,289,20.4,357,43,2025-11-01 03:00:00+00:00
30.0,79,26.0,1011.7,1012.8,20,9,2,11,8.0,222,22.3,0.0,3700.0,-0.6,0.0,19.4,-2.8,15.3,293,20.4,360,41,2025-11-01 04:00:00+00:00
30.9,74,25.8,1010.7,1011.8,15,8,8,0,7.9,219,24.1,0.0,3590.0,-0.7,0.0,19.2,-2.6,15.6,291,22.9,6,46,2025-11-01 05:00:00+00:00
31.3,71,25.4,1009.9,1011.0,77,13,18,67,7.4,203,23.0,0.1,3300.0,-0.6,0.0,19.3,-2.3,15.3,293,25.7,11,61,2025-11-01 06:00:00+00:00
31.6,67,24.7,1008.8,1009.9,9,5,4,0,7.0,201,23.0,0.0,2660.0,-0.6,0.0,19.6,-2.3,14.8,288,25.7,11,63,2025-11-01 07:00:00+00:00
31.9,62,23.8,1007.8,1008.9,15,9,9,0,5.9,191,23.4,0.0,2030.0,-1.1,0.0,18.8,-2.1,14.1,272,24.5,11,69,2025-11-01 08:00:00+00:00
31.3,65,24.0,1007.1,1008.2,83,14,15,78,7.2,161,23.4,0.0,2030.0,-1.5,9.0,19.2,-2.1,16.1,277,26.6,8,74,2025-11-01 09:00:00+00:00
30.5,75,25.6,1006.7,1007.8,88,5,9,86,8.8,137,24.5,0.5,3620.0,-2.1,10.0,19.2,-2.1,18.5,280,28.0,10,61,2025-11-01 10:00:00+00:00
29.7,83,26.4,1006.8,1007.9,57,0,11,52,10.3,147,24.8,0.0,4470.0,-2.2,11.0,19.7,-2.3,20.8,279,27.1,13,66,2025-11-01 11:00:00+00:00
28.7,86,26.2,1007.9,1009.0,13,7,11,0,11.6,156,25.2,0.0,4040.0,-2.2,31.0,19.7,-2.6,17.9,289,28.2,12,73,2025-11-01 12:00:00+00:00
28.2,87,25.9,1008.7,1009.8,59,4,12,54,11.1,166,24.1,0.0,3760.0,-2.1,38.0,19.9,-2.8,18.0,294,28.8,17,82,2025-11-01 13:00:00+00:00
28.1,89,26.1,1009.4,1010.5,97,0,13,96,10.7,167,22.3,0.0,3890.0,-1.9,31.0,20.2,-3.0,17.5,298,29.0,24,71,2025-11-01 14:00:00+00:00
27.9,88,25.6,1010.2,1011.3,98,0,4,97,8.5,167,21.6,0.0,3290.0,-2.1,39.0,20.2,-2.8,15.9,301,31.1,28,61,2025-11-01 15:00:00+00:00
27.7,90,25.9,1010.6,1011.7,96,0,1,96,7.4,180,16.6,0.0,3640.0,-1.6,32.0,20.0,-2.6,14.1,299,30.6,26,72,2025-11-01 16:00:00+00:00
27.3,92,25.8,1010.5,1011.6,97,0,2,97,7.9,201,16.6,0.0,3540.0,-0.9,29.0,19.9,-2.6,11.8,293,30.6,26,78,2025-11-01 17:00:00+00:00
27.6,92,26.2,1010.0,1011.1,100,0,2,100,6.7,199,15.5,0.0,4140.0,-1.0,13.0,19.6,-2.8,16.1,305,32.3,22,84,2025-11-01 18:00:00+00:00
27.6,93,26.3,1009.7,1010.8,100,2,5,100,5.7,208,13.3,0.0,4170.0,-0.8,10.0,19.4,-2.8,14.3,301,31.9,20,71,2025-11-01 19:00:00+00:00
27.2,95,26.2,1009.0,1010.1,100,2,18,100,4.7,238,13.7,0.0,4080.0,-0.5,5.0,18.9,-3.0,14.1,299,31.2,16,89,2025-11-01 20:00:00+00:00
25.2,97,24.7,1009.1,1010.3,100,100,81,100,10.7,318,23.0,2.3,3370.0,-0.4,0.0,18.9,-3.3,18.2,307,31.2,16,83,2025-11-01 21:00:00+00:00
25.4,95,24.6,1008.9,1010.1,100,13,5,100,6.6,237,19.8,0.6,3060.0,0.1,12.0,18.9,-3.0,16.5,309,32.3,15,78,2025-11-01 22:00:00+00:00
25.3,96,24.6,1009.2,1010.4,100,17,4,100,4.9,242,13.0,0.0,3120.0,0.0,11.0,18.6,-3.3,15.3,307,32.3,15,66,2025-11-01 23:00:00+00:00
26.7,98,26.3,1009.5,1010.7,100,100,2,100,7.9,229,12.6,0.0,4110.0,-0.7,1.0,18.9,-3.3,14.4,305,29.7,14,69,2025-11-02 00:00:00+00:00
26.9,96,26.2,1010.5,1011.7,100,16,15,100,8.6,221,20.5,0.0,3810.0,-0.7,1.0,19.1,-3.3,15.6,308,30.0,16,72,2025-11-02 01:00:00+00:00
27.6,90,25.9,1011.2,1012.3,100,2,9,100,8.0,224,20.2,0.0,3490.0,-1.1,5.0,19.2,-3.3,17.1,312,30.1,23,71,2025-11-02 02:00:00+00:00
28.6,84,25.7,1011.7,1012.8,100,0,2,100,8.1,233,21.6,0.0,3210.0,-1.1,13.0,19.3,-3.3,18.7,315,28.0,31,70,2025-11-02 03:00:00+00:00
29.9,77,25.5,1011.6,1012.7,100,0,1,100,8.6,229,23.8,0.0,3220.0,-1.4,12.0,19.6,-3.3,20.7,319,29.0,38,74,2025-11-02 04:00:00+00:00
31.2,69,24.9,1011.3,1012.4,69,1,3,67,7.8,236,24.8,0.0,2900.0,-1.5,5.0,19.6,-3.3,21.4,320,30.6,42,76,2025-11-02 05:00:00+00:00
31.9,59,22.9,1010.5,1011.6,91,9,61,76,8.9,264,25.2,0.0,1320.0,-1.7,5.0,19.6,-3.5,21.8,331,30.5,45,71,2025-11-02 06:00:00+00:00
29.1,72,23.7,1009.8,1010.9,96,0,52,92,2.9,317,28.1,0.9,1180.0,-2.3,60.0,19.2,-3.5,21.9,329,30.5,45,69,2025-11-02 07:00:00+00:00
31.0,67,24.2,1008.4,1009.5,96,0,10,95,7.1,196,23.4,0.0,2140.0,-2.4,29.0,18.7,-3.5,16.6,307,28.8,45,68,2025-11-02 08:00:00+00:00
32.0,63,24.0,1007.4,1008.5,92,4,13,91,2.9,281,21.2,0.0,2380.0,-3.0,3.0,18.8,-4.2,16.1,305,28.1,40,67,2025-11-02 09:00:00+00:00
30.2,66,23.2,1007.7,1008.8,100,24,70,100,12.4,2,30.2,0.7,1490.0,-3.4,28.0,18.8,-4.2,17.4,300,26.3,30,71,2025-11-02 10:00:00+00:00
29.0,74,23.8,1007.5,1008.6,100,0,5,100,1.5,330,30.2,0.5,1750.0,-3.2,79.0,19.4,-4.0,20.8,308,29.0,24,72,2025-11-02 11:00:00+00:00
29.8,77,25.4,1008.3,1009.4,100,2,9,100,5.6,117,11.2,0.0,3290.0,-2.5,24.0,19.2,-4.2,16.5,312,26.3,24,70,2025-11-02 12:00:00+00:00
28.4,85,25.7,1009.1,1010.2,100,0,5,100,5.5,117,11.9,0.0,3270.0,-2.3,43.0,19.3,-4.4,16.5,312,27.0,21,78,2025-11-02 13:00:00+00:00
28.1,85,25.3,1010.0,1011.1,100,0,8,100,4.0,148,10.8,0.0,2550.0,-2.3,67.0,19.6,-4.0,16.4,314,25.0,35,86,2025-11-02 14:00:00+00:00
27.6,87,25.3,1010.9,1012.0,99,0,10,99,4.0,175,9.0,0.0,2880.0,-2.3,60.0,19.9,-3.7,16.8,313,26.4,39,86,2025-11-02 15:00:00+00:00
27.1,91,25.5,1011.2,1012.4,98,0,4,98,2.3,209,8.3,0.0,2940.0,-1.8,54.0,19.9,-3.7,17.7,312,25.7,37,87,2025-11-02 16:00:00+00:00
26.8,92,25.3,1010.9,1012.1,93,0,0,93,4.2,252,8.3,0.0,2620.0,-1.9,64.0,19.8,-3.7,19.1,308,25.7,37,86,2025-11-02 17:00:00+00:00
27.2,91,25.6,1010.6,1011.7,96,0,2,96,6.9,245,9.7,0.0,3150.0,-2.0,40.0,19.7,-4.0,22.2,316,22.9,47,87,2025-11-02 18:00:00+00:00
27.3,86,24.8,1009.9,1011.0,99,0,4,99,6.2,248,16.2,0.0,2320.0,-2.0,69.0,19.4,-4.0,24.5,312,20.4,50,81,2025-11-02 19:00:00+00:00
26.5,87,24.1,1009.4,1010.6,100,3,5,100,9.6,286,20.5,0.0,1650.0,-2.2,81.0,19.2,-4.0,30.1,311,19.7,52,77,2025-11-02 20:00:00+00:00
26.0,84,23.1,1008.6,1009.8,100,0,1,100,7.6,258,19.8,0.0,780.0,-2.2,135.0,18.9,-4.2,33.2,313,19.7,52,72,2025-11-02 21:00:00+00:00
25.7,84,22.8,1008.4,1009.6,100,0,0,100,8.0,264,17.6,0.0,520.0,-2.0,31.0,18.9,-4.2,32.2,315,19.7,52,73,2025-11-02 22:00:00+00:00
25.4,84,22.5,1008.5,1009.7,100,0,0,100,8.3,276,16.9,0.0,550.0,-1.9,35.0,18.9,-4.2,32.2,313,19.7,52,79,2025-11-02 23:00:00+00:00
26.5,89,24.5,1008.7,1009.9,100,2,8,100,6.8,235,16.9,0.0,2240.0,-1.9,73.0,18.9,-4.0,29.0,318,19.7,38,87,2025-11-03 00:00:00+00:00
26.9,87,24.6,1009.5,1010.6,100,0,5,100,6.9,255,14.8,0.0,2200.0,-1.9,76.0,19.1,-4.2,29.5,322,17.1,39,83,2025-11-03 01:00:00+00:00
27.8,86,25.2,1010.1,1011.2,100,1,8,100,7.7,219,15.1,0.0,2560.0,-2.3,68.0,19.2,-4.2,31.6,327,17.8,42,79,2025-11-03 02:00:00+00:00
26.1,85,23.4,1011.8,1013.0,100,30,100,93,20.7,360,51.5,2.5,780.0,-2.8,52.0,19.2,-4.4,32.5,329,16.1,48,74,2025-11-03 03:00:00+00:00
26.7,88,24.5,1011.3,1012.5,100,0,100,7,6.1,304,41.4,2.2,1520.0,-3.0,83.0,19.1,-4.7,32.7,330,16.1,48,69,2025-11-03 04:00:00+00:00
29.9,73,24.6,1010.8,1011.9,100,0,98,92,4.6,309,17.3,0.0,2350.0,-2.9,21.0,18.8,-4.9,29.4,332,16.1,48,64,2025-11-03 05:00:00+00:00
32.1,62,24.0,1009.6,1010.7,19,9,11,4,7.7,298,16.2,0.0,2300.0,-3.4,2.0,18.7,-4.7,27.0,338,9.7,60,68,2025-11-03 06:00:00+00:00
32.5,61,24.0,1008.5,1009.6,86,5,2,85,7.7,324,27.0,0.0,2530.0,-3.9,0.0,18.9,-4.7,21.8,331,9.4,50,71,2025-11-03 07:00:00+00:00
32.5,62,24.4,1007.6,1008.7,32,5,9,27,6.8,343,29.2,0.0,3100.0,-4.4,0.0,18.6,-4.9,16.4,316,9.4,40,69,2025-11-03 08:00:00+00:00
32.3,64,24.8,1006.7,1007.8,16,7,9,2,3.6,30,25.6,0.0,3440.0,-4.5,0.0,18.9,-4.9,19.1,310,10.7,27,66,2025-11-03 09:00:00+00:00
27.9,84,24.9,1007.2,1008.3,53,4,22,48,6.7,20,32.4,3.1,2720.0,-4.7,4.0,19.2,-4.9,22.9,301,11.4,18,66,2025-11-03 10:00:00+00:00
28.4,81,24.8,1007.0,1008.1,64,0,9,60,5.6,292,17.6,0.0,2590.0,-5.7,41.0,19.3,-4.9,23.9,299,13.3,5,64,2025-11-03 11:00:00+00:00
27.5,85,24.8,1007.9,1009.0,95,2,19,95,9.6,303,14.8,0.0,2590.0,-5.4,22.0,19.4,-4.7,24.5,312,10.8,360,70,2025-11-03 12:00:00+00:00
27.3,86,24.7,1008.4,1009.5,26,0,14,13,5.1,243,22.0,0.1,2390.0,-4.1,67.0,19.3,-4.7,22.9,311,14.4,355,73,2025-11-03 13:00:00+00:00
27.3,86,24.8,1009.0,1010.1,66,0,2,66,4.2,252,13.3,0.1,2270.0,-4.4,89.0,19.3,-4.9,21.6,312,16.8,360,77,2025-11-03 14:00:00+00:00
27.1,87,24.7,1009.5,1010.6,47,0,1,47,3.2,227,8.3,0.0,1990.0,-4.3,116.0,19.3,-4.9,22.3,309,18.6,15,80,2025-11-03 15:00:00+00:00
26.8,89,24.8,1009.9,1011.1,75,0,7,73,3.0,232,6.5,0.0,2040.0,-4.5,116.0,19.3,-4.9,23.2,306,19.4,22,78,2025-11-03 16:00:00+00:00
26.5,89,24.6,1009.7,1010.9,100,0,1,100,5.4,240,10.8,0.0,2040.0,-4.4,120.0,19.1,-4.9,23.8,306,17.8,20,79,2025-11-03 17:00:00+00:00
27.4,88,25.3,1009.5,1010.6,100,5,8,100,7.4,244,14.4,0.0,3230.0,-3.9,69.0,19.1,-5.4,23.7,300,14.8,14,73,2025-11-03 18:00:00+00:00
27.1,91,25.5,1009.2,1010.3,99,5,26,99,12.1,290,25.9,0.0,3430.0,-3.9,35.0,19.2,-5.4,26.9,296,15.6,23,74,2025-11-03 19:00:00+00:00
24.2,92,22.9,1009.6,1010.8,100,40,97,91,5.5,27,33.1,12.8,1140.0,-3.7,11.0,19.3,-4.9,30.6,295,19.9,25,74,2025-11-03 20:00:00+00:00
24.6,90,22.9,1008.1,1009.3,76,7,8,72,9.5,251,24.5,0.4,1290.0,-3.2,60.0,19.2,-4.7,31.6,295,22.6,32,74,2025-11-03 21:00:00+00:00
24.3,91,22.8,1008.2,1009.4,77,0,9,76,8.7,236,18.7,0.0,2150.0,-3.1,22.0,19.1,-4.7,32.6,298,23.1,39,73,2025-11-03 22:00:00+00:00
24.4,92,23.1,1008.0,1009.2,100,1,7,100,7.2,267,16.9,0.0,2420.0,-2.9,22.0,19.1,-4.9,32.2,297,22.9,43,72,2025-11-03 23:00:00+00:00
26.6,88,24.4,1007.8,1008.9,100,3,4,100,8.1,257,14.0,0.0,2780.0,-2.8,30.0,19.3,-4.9,31.5,301,22.0,29,72,2025-11-04 00:00:00+00:00
26.8,87,24.5,1008.7,1009.8,100,1,2,100,9.0,269,18.0,0.0,2540.0,-2.8,38.0,19.4,-4.9,31.8,308,20.4,40,72,2025-11-04 01:00:00+00:00
27.5,85,24.7,1010.0,1011.1,100,4,22,100,6.0,261,18.4,0.0,2570.0,-3.0,54.0,19.7,-4.9,31.6,317,19.5,43,71,2025-11-04 02:00:00+00:00
28.6,80,24.9,1010.6,1011.7,100,2,28,100,5.5,341,14.8,0.0,3000.0,-3.0,26.0,19.4,-4.9,32.0,324,19.5,43,70,2025-11-04 03:00:00+00:00
29.0,77,24.5,1011.4,1012.5,100,0,98,100,6.9,354,19.8,0.0,2690.0,-3.0,14.0,18.9,-5.1,29.9,329,19.5,47,67,2025-11-04 04:00:00+00:00
29.8,72,24.2,1010.5,1011.6,100,0,0,100,9.3,344,23.8,0.0,2570.0,-2.7,8.0,18.7,-4.9,28.6,329,20.0,57,67,2025-11-04 05:00:00+00:00
30.4,69,24.1,1010.1,1011.2,100,2,0,100,11.2,307,29.9,0.0,2520.0,-2.9,4.0,18.2,-4.7,25.1,333,19.5,43,62,2025-11-04 06:00:00+00:00
31.1,65,23.8,1008.7,1009.8,46,2,1,45,10.6,316,31.7,0.0,2360.0,-3.5,1.0,18.3,-4.7,25.8,328,19.5,47,60,2025-11-04 07:00:00+00:00
31.6,65,24.2,1007.5,1008.6,21,9,4,11,9.5,335,29.9,0.0,2760.0,-3.7,0.0,17.9,-4.9,21.9,315,17.1,39,61,2025-11-04 08:00:00+00:00
31.9,63,24.1,1006.4,1007.5,28,5,9,18,8.3,336,27.7,0.0,2870.0,-3.7,0.0,19.1,-4.7,23.5,317,16.1,42,59,2025-11-04 09:00:00+00:00
31.7,63,23.9,1006.0,1007.1,22,9,8,9,7.3,343,26.3,0.0,2780.0,-3.8,0.0,19.3,-4.7,27.2,325,17.1,39,64,2025-11-04 10:00:00+00:00
30.6,67,23.9,1006.4,1007.5,29,5,20,12,8.2,351,23.0,1.5,2590.0,-4.4,11.0,19.1,-4.4,26.3,326,18.0,37,68,2025-11-04 11:00:00+00:00
27.2,80,23.6,1007.2,1008.3,34,8,21,13,11.2,237,25.6,3.8,1630.0,-3.5,7.0,18.7,-4.2,20.8,334,16.3,36,63,2025-11-04 12:00:00+00:00
26.8,82,23.4,1007.8,1008.9,96,4,50,92,9.7,288,24.5,0.0,1420.0,-2.8,15.0,18.8,-4.4,20.8,334,16.1,42,63,2025-11-04 13:00:00+00:00
26.7,82,23.3,1008.6,1009.7,95,2,15,93,9.4,294,21.6,0.0,1740.0,-2.5,8.0,18.8,-4.4,21.7,338,16.1,48,68,2025-11-04 14:00:00+00:00
26.6,82,23.2,1009.0,1010.2,84,0,20,80,7.0,312,19.4,0.0,1820.0,-1.8,9.0,18.6,-4.4,21.0,336,17.3,56,73,2025-11-04 15:00:00+00:00
26.5,83,23.4,1009.2,1010.4,98,0,3,98,5.9,305,14.0,0.0,1420.0,-1.3,11.0,18.8,-4.4,21.0,333,16.1,63,72,2025-11-04 16:00:00+00:00
26.3,86,23.7,1009.0,1010.2,99,0,1,99,5.1,302,11.9,0.0,1380.0,-1.4,106.0,19.1,-4.4,21.5,328,15.6,67,70,2025-11-04 17:00:00+00:00
26.5,89,24.5,1008.7,1009.9,16,0,2,16,3.7,305,10.4,0.0,2200.0,-0.6,66.0,18.9,-4.4,20.4,331,17.3,56,72,2025-11-04 18:00:00+00:00
26.4,90,24.7,1008.1,1009.3,20,1,5,16,4.4,308,7.6,0.0,2340.0,-0.7,55.0,18.9,-4.4,18.2,328,15.4,51,76,2025-11-04 19:00:00+00:00
26.0,93,24.8,1007.5,1008.7,73,0,4,71,2.7,293,8.6,0.0,2370.0,-0.6,58.0,18.9,-4.4,15.7,324,14.4,42,79,2025-11-04 20:00:00+00:00
25.8,95,24.8,1007.0,1008.2,98,0,4,98,0.6,146,7.2,0.0,2480.0,0.0,40.0,18.9,-4.4,14.9,320,15.4,39,79,2025-11-04 21:00:00+00:00
25.8,93,24.7,1006.8,1008.0,40,8,0,35,7.7,171,15.5,0.0,2370.0,-0.3,19.0,19.1,-4.4,14.8,315,16.3,36,81,2025-11-04 22:00:00+00:00
25.7,93,24.4,1006.9,1008.1,22,0,13,10,3.2,183,15.1,0.0,2050.0,-0.6,31.0,19.3,-4.4,16.5,312,17.1,39,81,2025-11-04 23:00:00+00:00
24.2,94,23.1,1008.1,1009.3,100,2,98,92,2.6,236,6.8,0.0,1330.0,-0.1,11.0,19.3,-4.2,9.7,315,16.1,42,79,2025-11-05 00:00:00+00:00
24.2,96,23.5,1008.3,1009.5,82,0,74,31,2.1,329,15.5,2.6,800.0,-0.3,84.0,19.3,-4.2,11.0,318,17.0,45,78,2025-11-05 01:00:00+00:00
25.0,93,23.8,1008.9,1010.1,19,0,0,19,4.7,247,15.5,0.1,950.0,-0.8,98.0,19.2,-4.4,10.6,329,18.0,53,78,2025-11-05 02:00:00+00:00
27.0,85,24.2,1009.8,1010.9,11,5,5,4,3.3,234,15.1,0.0,1600.0,-1.4,43.0,18.9,-4.4,9.4,331,20.0,57,78,2025-11-05 03:00:00+00:00
28.9,75,24.1,1010.0,1011.1,9,9,2,0,3.0,245,14.4,0.0,1880.0,-2.0,10.0,18.5,-4.4,8.8,332,18.8,63,77,2025-11-05 04:00:00+00:00
30.1,69,23.9,1009.5,1010.6,8,2,6,0,2.5,300,16.9,0.0,1940.0,-2.6,0.0,17.7,-4.4,9.0,336,17.7,62,74,2025-11-05 05:00:00+00:00
28.9,73,23.7,1009.0,1010.1,55,2,33,34,9.1,83,19.4,0.0,1600.0,-2.6,23.0,17.7,-4.7,8.0,336,15.4,39,71,2025-11-05 06:00:00+00:00
30.4,68,23.9,1007.7,1008.8,13,6,10,0,2.5,120,24.1,0.0,1950.0,-2.8,18.0,18.1,-4.4,10.6,329,15.6,32,70,2025-11-05 07:00:00+00:00
31.2,65,23.8,1006.3,1007.4,16,1,16,0,3.6,87,20.2,0.1,2210.0,-3.1,0.0,18.3,-4.4,13.0,324,16.1,27,69,2025-11-05 08:00:00+00:00
31.0,65,23.6,1005.5,1006.6,18,6,13,0,4.1,92,18.0,0.1,2070.0,-3.4,3.0,18.5,-4.2,13.9,328,17.2,25,69,2025-11-05 09:00:00+00:00
30.1,69,23.7,1005.2,1006.3,52,27,40,5,7.0,89,22.7,0.1,2100.0,-3.7,16.0,18.6,-4.4,15.7,338,17.2,25,69,2025-11-05 10:00:00+00:00
29.1,75,24.2,1005.6,1006.7,27,1,27,2,4.9,80,21.2,0.1,2450.0,-3.2,15.0,18.8,-4.2,17.1,351,19.4,22,70,2025-11-05 11:00:00+00:00
28.7,79,24.6,1005.8,1006.9,27,0,16,13,0.6,146,14.4,0.0,2780.0,-2.7,28.0,19.7,-4.4,16.5,355,20.0,33,73,2025-11-05 12:00:00+00:00
28.5,83,25.4,1006.6,1007.7,90,0,5,89,2.3,51,5.8,0.0,2980.0,-2.8,24.0,19.7,-4.7,16.0,3,22.0,29,74,2025-11-05 13:00:00+00:00
28.2,83,25.1,1007.7,1008.8,66,0,5,64,4.4,289,7.9,0.0,3040.0,-2.5,22.0,19.3,-4.7,13.7,4,23.1,28,76,2025-11-05 14:00:00+00:00
27.0,89,25.0,1008.9,1010.0,3,3,0,0,10.3,295,21.2,0.0,2810.0,-2.0,20.0,18.7,-4.7,11.9,4,22.6,32,77,2025-11-05 15:00:00+00:00
26.1,89,24.2,1009.0,1010.2,41,0,1,40,8.7,283,25.6,0.0,1820.0,-1.9,53.0,18.7,-4.7,11.4,360,20.6,36,74,2025-11-05 16:00:00+00:00
25.8,89,23.9,1009.2,1010.4,99,2,2,99,8.3,275,19.1,0.0,1720.0,-1.7,17.0,18.8,-4.9,12.5,350,20.6,36,72,2025-11-05 17:00:00+00:00
25.7,94,24.6,1009.3,1010.5,98,21,33,97,12.2,262,19.8,0.0,2150.0,-1.2,17.0,18.6,-4.9,16.7,343,20.4,45,76,2025-11-05 18:00:00+00:00
25.7,88,23.6,1008.3,1009.5,100,2,32,100,7.6,292,26.6,0.0,1280.0,-1.2,65.0,18.7,-4.7,17.4,340,18.7,50,77,2025-11-05 19:00:00+00:00
25.2,91,23.6,1008.0,1009.2,85,5,41,73,8.5,17,21.2,0.0,1250.0,-1.1,24.0,18.8,-4.7,18.2,342,19.0,55,78,2025-11-05 20:00:00+00:00
25.2,89,23.3,1006.9,1008.1,88,0,20,86,4.7,286,18.4,0.0,1060.0,-0.7,77.0,19.1,-4.7,19.2,346,19.3,60,79,2025-11-05 21:00:00+00:00
25.0,92,23.6,1006.8,1008.0,22,0,2,20,2.9,300,10.8,0.0,1160.0,-0.6,54.0,19.1,-4.4,19.3,352,18.3,67,82,2025-11-05 22:00:00+00:00
24.7,94,23.7,1007.0,1008.2,49,0,6,46,3.7,281,8.3,0.0,1180.0,-0.6,63.0,19.1,-4.2,21.4,359,17.8,70,88,2025-11-05 23:00:00+00:00
24.5,94,23.4,1007.7,1008.9,53,14,23,33,1.8,6,7.9,0.0,1530.0,-0.6,8.0,18.8,-4.0,20.1,4,17.2,65,93,2025-11-06 00:00:00+00:00
24.7,92,23.4,1008.4,1009.6,60,2,39,34,2.3,231,13.3,0.0,1350.0,-0.9,45.0,18.5,-4.0,21.0,359,16.3,73,93,2025-11-06 01:00:00+00:00
25.9,89,24.0,1009.7,1010.9,23,0,13,12,4.1,45,13.3,0.0,1490.0,-1.6,37.0,18.2,-4.4,20.5,359,15.8,81,91,2025-11-06 02:00:00+00:00
27.2,82,23.8,1010.5,1011.7,83,72,28,15,7.9,77,24.1,0.0,1490.0,-2.0,0.0,18.1,-4.9,19.6,360,14.8,76,91,2025-11-06 03:00:00+00:00
28.3,76,23.7,1011.0,1012.1,100,100,20,21,4.6,42,21.6,0.0,1490.0,-2.2,1.0,17.6,-4.9,18.3,6,14.0,70,88,2025-11-06 04:00:00+00:00
28.7,75,23.8,1010.8,1011.9,94,93,6,9,5.7,58,24.1,0.0,1650.0,-2.2,0.0,17.5,-4.9,18.1,10,15.2,72,80,2025-11-06 05:00:00+00:00
28.3,73,23.1,1009.7,1010.8,39,16,11,23,4.3,138,26.6,0.1,1130.0,-2.5,3.0,17.4,-4.4,18.2,13,13.4,80,72,2025-11-06 06:00:00+00:00
29.9,67,23.0,1008.6,1009.7,30,9,7,19,5.4,104,22.7,0.0,1280.0,-2.5,4.0,17.7,-4.2,14.4,11,9.7,83,73,2025-11-06 07:00:00+00:00
29.9,68,23.2,1007.7,1008.8,15,6,8,2,7.3,110,28.4,0.0,1500.0,-2.5,3.0,17.7,-4.2,13.5,12,2.7,63,71,2025-11-06 08:00:00+00:00
29.9,63,22.1,1007.0,1008.1,46,9,41,0,8.5,90,27.7,0.2,1190.0,-2.8,5.0,17.7,-4.2,13.3,6,4.3,304,80,2025-11-06 09:00:00+00:00
28.8,70,22.7,1007.2,1008.3,50,14,41,1,6.4,18,25.2,0.4,1090.0,-2.7,6.0,18.2,-4.9,15.9,18,7.7,321,82,2025-11-06 10:00:00+00:00
28.0,75,23.1,1007.1,1008.2,29,0,8,23,3.1,77,23.8,0.2,1280.0,-2.6,21.0,18.7,-4.7,19.5,33,6.0,323,82,2025-11-06 11:00:00+00:00
28.4,72,22.8,1007.6,1008.7,73,0,73,0,7.7,311,11.5,0.0,1150.0,-1.9,19.0,18.8,-3.7,18.0,45,12.4,29,83,2025-11-06 12:00:00+00:00
27.2,81,23.6,1008.4,1009.5,64,0,64,0,7.9,321,18.4,0.0,1550.0,-2.0,26.0,18.9,-3.7,17.2,50,13.7,15,84,2025-11-06 13:00:00+00:00
26.8,83,23.7,1009.3,1010.5,100,0,100,0,3.7,281,16.6,0.0,1250.0,-2.0,42.0,18.8,-3.7,16.4,56,15.6,23,84,2025-11-06 14:00:00+00:00
27.0,81,23.5,1010.1,1011.3,100,0,100,0,6.1,304,11.2,0.0,1070.0,-1.7,46.0,18.8,-3.7,16.1,61,15.4,39,83,2025-11-06 15:00:00+00:00
26.8,81,23.3,1010.2,1011.4,100,0,100,0,6.5,318,16.9,0.0,1180.0,-1.7,60.0,18.7,-3.7,14.7,64,16.1,48,84,2025-11-06 16:00:00+00:00
26.5,84,23.6,1010.1,1011.3,100,0,100,0,6.1,315,13.7,0.0,1340.0,-1.3,50.0,18.6,-3.5,13.3,59,16.3,54,86,2025-11-06 17:00:00+00:00
26.8,86,24.3,1009.9,1011.1,100,0,100,92,5.2,316,13.0,0.0,2110.0,-0.4,35.0,18.6,-3.0,6.8,70,22.1,77,87,2025-11-06 18:00:00+00:00
26.6,88,24.4,1009.4,1010.6,100,0,100,0,4.5,317,10.4,0.0,2150.0,0.2,30.0,18.7,-3.0,6.8,53,21.3,74,89,2025-11-06 19:00:00+00:00
26.4,88,24.2,1008.8,1010.0,100,0,100,0,5.3,298,10.8,0.0,1840.0,0.9,34.0,18.8,-3.0,6.8,53,22.4,74,91,2025-11-06 20:00:00+00:00
26.4,84,23.5,1007.9,1009.1,99,0,99,0,5.6,303,11.9,0.0,1260.0,1.0,58.0,18.9,-3.0,8.7,43,22.4,74,92,2025-11-06 21:00:00+00:00
26.2,84,23.2,1008.0,1009.2,99,0,99,0,5.1,309,11.5,0.0,1060.0,1.2,68.0,19.1,-3.3,10.3,41,21.9,81,94,2025-11-06 22:00:00+00:00
25.8,86,23.3,1008.2,1009.4,98,0,97,27,5.2,304,10.4,0.0,1080.0,1.3,68.0,18.9,-3.0,11.6,42,20.5,83,98,2025-11-06 23:00:00+00:00
25.6,93,24.4,1008.5,1009.7,99,0,98,30,6.3,294,10.4,0.0,1850.0,1.5,59.0,18.6,-2.8,13.7,37,17.2,78,94,2025-11-07 00:00:00+00:00
25.9,92,24.5,1009.4,1010.6,100,0,100,66,5.5,343,12.2,0.0,1800.0,1.6,52.0,18.3,-2.8,14.2,40,17.0,82,93,2025-11-07 01:00:00+00:00
27.1,84,24.2,1010.3,1011.5,72,2,9,68,4.7,328,12.6,0.0,1900.0,0.9,36.0,18.3,-2.6,16.9,38,18.2,82,88,2025-11-07 02:00:00+00:00
28.5,77,24.1,1011.1,1012.2,85,1,16,83,3.2,3,18.0,0.0,2030.0,0.5,8.0,18.2,-2.6,21.4,40,18.4,79,87,2025-11-07 03:00:00+00:00
27.3,77,22.9,1012.2,1013.4,91,56,78,14,7.5,125,23.4,2.1,760.0,0.5,6.0,18.0,-2.3,19.2,36,17.0,82,84,2025-11-07 04:00:00+00:00
27.3,79,23.3,1011.7,1012.9,55,3,55,0,4.2,280,22.3,0.8,850.0,0.8,40.0,17.9,-2.3,22.1,32,22.8,72,86,2025-11-07 05:00:00+00:00
29.2,74,24.1,1010.6,1011.7,13,5,9,0,9.8,13,19.4,0.0,2010.0,1.1,11.0,17.9,-2.6,18.6,31,20.1,73,84,2025-11-07 06:00:00+00:00
30.6,66,23.6,1009.2,1010.3,4,0,4,0,5.5,17,28.1,0.0,1880.0,1.4,4.0,17.9,-2.6,17.2,32,18.6,75,83,2025-11-07 07:00:00+00:00
31.0,61,22.6,1008.6,1009.7,20,5,16,0,11.2,42,30.2,0.0,1310.0,1.2,0.0,17.7,-2.6,14.3,22,17.2,78,79,2025-11-07 08:00:00+00:00
29.6,61,21.2,1008.2,1009.3,81,30,73,0,11.3,43,32.0,1.0,180.0,0.7,27.0,17.5,-2.6,14.6,358,15.2,72,76,2025-11-07 09:00:00+00:00
29.1,69,22.9,1007.9,1009.0,31,13,22,0,7.7,60,28.1,0.5,1220.0,0.7,10.0,17.7,-2.6,17.0,352,17.2,65,73,2025-11-07 10:00:00+00:00
28.8,70,22.7,1008.2,1009.3,31,0,31,0,6.6,53,22.0,0.1,1040.0,0.4,14.0,17.6,-2.6,18.3,357,20.5,69,79,2025-11-07 11:00:00+00:00
29.4,65,22.0,1008.4,1009.5,69,2,5,66,7.7,41,16.2,0.0,890.0,1.0,21.0,18.1,-2.8,21.4,11,22.9,84,84,2025-11-07 12:00:00+00:00
28.6,70,22.6,1009.3,1010.4,63,2,9,59,5.9,52,14.8,0.0,1030.0,1.5,25.0,18.5,-3.0,22.8,16,22.9,84,88,2025-11-07 13:00:00+00:00
28.3,71,22.5,1010.3,1011.4,3,0,3,0,5.7,49,11.5,0.0,880.0,1.1,33.0,18.6,-3.0,24.4,17,22.9,84,79,2025-11-07 14:00:00+00:00
28.0,72,22.4,1010.9,1012.0,54,0,7,51,5.0,35,11.2,0.0,790.0,1.3,35.0,18.6,-3.0,24.5,18,24.3,81,77,2025-11-07 15:00:00+00:00
27.7,74,22.7,1011.2,1012.3,66,0,3,65,4.8,25,10.1,0.0,950.0,1.1,33.0,18.5,-3.0,24.4,17,26.2,74,77,2025-11-07 16:00:00+00:00
26.9,82,23.5,1011.0,1012.2,76,0,2,75,3.6,30,9.4,0.0,1240.0,0.9,30.0,18.6,-3.0,24.4,14,27.0,69,76,2025-11-07 17:00:00+00:00
27.0,79,22.9,1010.7,1011.9,84,0,2,84,3.5,62,6.1,0.0,510.0,1.1,50.0,18.3,-3.5,27.8,10,25.8,68,67,2025-11-07 18:00:00+00:00
26.9,76,22.3,1010.2,1011.4,30,1,0,30,3.5,55,6.5,0.0,380.0,1.3,55.0,18.1,-3.7,29.6,10,25.4,71,63,2025-11-07 19:00:00+00:00
26.4,80,22.8,1009.5,1010.7,51,0,0,51,2.3,29,8.3,0.0,480.0,1.1,48.0,17.9,-3.7,31.4,9,24.3,70,60,2025-11-07 20:00:00+00:00
25.7,84,22.7,1009.1,1010.3,67,0,0,67,3.1,294,6.5,0.0,550.0,1.3,59.0,17.7,-3.7,31.2,7,23.2,69,60,2025-11-07 21:00:00+00:00
25.2,87,22.9,1009.1,1010.3,59,0,0,59,5.2,290,10.4,0.0,610.0,1.4,63.0,17.6,-3.7,29.6,2,22.8,72,66,2025-11-07 22:00:00+00:00
24.6,90,22.9,1009.4,1010.6,2,1,0,2,6.3,290,12.6,0.0,580.0,1.4,62.0,17.6,-3.5,30.2,355,23.2,69,70,2025-11-07 23:00:00+00:00
25.1,93,23.8,1009.8,1011.0,14,0,14,0,5.2,326,13.3,0.0,1350.0,1.4,24.0,17.5,-3.7,32.4,360,23.2,69,64,2025-11-08 00:00:00+00:00
25.4,91,23.8,1010.6,1011.8,13,0,13,0,5.2,290,10.8,0.0,1110.0,1.3,30.0,17.6,-3.5,32.8,359,23.9,72,67,2025-11-08 01:00:00+00:00
26.9,81,23.3,1011.5,1012.7,13,0,13,0,4.6,288,13.3,0.0,1140.0,0.7,19.0,17.9,-3.5,34.2,358,25.1,73,61,2025-11-08 02:00:00+00:00
28.5,70,22.5,1012.2,1013.3,6,2,5,0,6.5,321,19.8,0.0,900.0,0.3,7.0,17.6,-3.5,32.0,355,24.7,67,53,2025-11-08 03:00:00+00:00
29.8,58,20.6,1012.8,1013.9,45,22,35,0,12.3,357,33.1,0.4,200.0,0.6,13.0,17.4,-3.7,29.7,356,24.3,70,43,2025-11-08 04:00:00+00:00
29.8,58,20.5,1012.6,1013.7,40,4,38,0,9.4,2,40.3,0.3,160.0,1.5,30.0,17.5,-3.5,28.9,6,22.4,74,38,2025-11-08 05:00:00+00:00
30.8,50,19.3,1011.8,1012.9,20,5,17,0,11.8,9,32.8,0.2,70.0,1.7,8.0,17.7,-3.3,21.6,347,24.7,76,66,2025-11-08 06:00:00+00:00
31.4,47,18.6,1010.7,1011.8,10,5,9,0,13.2,5,35.3,0.0,40.0,1.6,9.0,17.5,-3.3,22.5,339,23.6,75,57,2025-11-08 07:00:00+00:00
31.9,43,17.7,1009.8,1010.9,9,2,9,0,13.2,12,35.3,0.0,20.0,1.6,8.0,17.5,-3.3,25.1,341,23.3,78,58,2025-11-08 08:00:00+00:00
31.6,44,17.7,1009.1,1010.2,12,8,7,0,15.8,17,40.3,0.0,20.0,1.9,9.0,17.3,-3.3,24.6,349,21.0,77,66,2025-11-08 09:00:00+00:00
30.6,48,18.4,1008.9,1010.0,22,12,15,3,16.1,20,41.8,0.0,40.0,1.8,17.0,17.4,-3.3,27.5,353,20.1,73,84,2025-11-08 10:00:00+00:00
29.7,53,19.1,1009.1,1010.2,20,0,20,0,15.1,20,40.0,0.0,60.0,1.4,27.0,17.6,-3.3,29.7,356,20.5,69,91,2025-11-08 11:00:00+00:00
27.9,69,21.6,1009.5,1010.6,20,0,20,0,11.5,25,36.7,0.0,460.0,1.8,36.0,18.0,-3.3,26.0,359,21.3,74,74,2025-11-08 12:00:00+00:00
27.5,72,22.0,1010.1,1011.2,5,0,5,0,11.8,28,25.6,0.0,630.0,2.5,36.0,18.1,-3.3,27.9,356,22.4,74,77,2025-11-08 13:00:00+00:00
27.4,72,22.0,1010.8,1011.9,1,0,1,0,12.0,33,25.2,0.0,570.0,2.6,46.0,18.1,-3.3,28.3,357,23.3,78,78,2025-11-08 14:00:00+00:00
27.2,73,21.8,1011.2,1012.4,0,0,0,0,10.3,31,24.5,0.0,440.0,2.4,53.0,18.2,-3.3,27.8,2,25.7,79,76,2025-11-08 15:00:00+00:00
27.0,74,22.0,1011.4,1012.6,0,0,0,0,10.4,34,20.9,0.0,560.0,2.5,48.0,18.3,-3.0,26.4,1,26.8,80,73,2025-11-08 16:00:00+00:00
27.0,75,22.2,1011.1,1012.3,0,0,0,0,9.7,31,20.5,0.0,690.0,2.8,41.0,18.2,-3.0,26.0,358,26.8,80,70,2025-11-08 17:00:00+00:00
27.1,74,22.1,1010.6,1011.8,8,0,8,0,10.1,29,19.1,0.0,650.0,3.0,26.0,17.6,-3.3,28.4,354,28.0,80,61,2025-11-08 18:00:00+00:00
27.2,69,21.1,1010.2,1011.3,7,0,7,0,8.3,22,19.4,0.0,230.0,3.3,38.0,17.5,-3.3,28.3,355,27.1,77,61,2025-11-08 19:00:00+00:00
26.7,71,21.1,1009.3,1010.5,7,0,7,0,7.0,3,16.2,0.0,180.0,3.5,47.0,17.4,-3.3,28.8,356,27.4,75,61,2025-11-08 20:00:00+00:00
25.8,77,21.4,1008.9,1010.1,6,0,6,0,6.1,336,13.3,0.0,210.0,3.5,54.0,17.3,-3.3,28.3,359,27.4,75,62,2025-11-08 21:00:00+00:00
25.0,82,21.8,1008.6,1009.8,5,0,5,0,6.6,313,12.6,0.0,230.0,3.3,63.0,17.1,-3.3,27.8,3,27.7,72,64,2025-11-08 22:00:00+00:00
24.4,88,22.2,1008.9,1010.1,12,9,3,0,7.5,305,14.4,0.0,330.0,3.5,48.0,17.1,-3.3,26.6,7,27.7,72,64,2025-11-08 23:00:00+00:00
24.9,94,23.8,1009.4,1010.6,8,3,5,0,8.7,326,16.2,0.0,1460.0,3.5,25.0,16.9,-3.3,27.5,6,26.6,72,69,2025-11-09 00:00:00+00:00
25.3,93,24.0,1010.1,1011.3,10,5,5,0,9.5,316,19.4,0.0,1650.0,3.6,12.0,16.9,-3.3,25.3,14,27.4,75,64,2025-11-09 01:00:00+00:00
26.8,83,23.7,1011.1,1012.3,37,2,35,0,9.4,340,21.6,0.0,1620.0,2.9,7.0,17.0,-3.0,22.9,17,28.2,78,64,2025-11-09 02:00:00+00:00
28.5,68,22.0,1011.9,1013.0,15,2,14,0,11.3,342,28.8,0.0,740.0,2.8,9.0,16.9,-2.8,19.2,18,29.4,78,61,2025-11-09 03:00:00+00:00
29.5,60,20.9,1012.3,1013.4,23,4,20,0,12.6,5,33.1,0.0,340.0,2.0,1.0,16.9,-2.6,16.2,22,28.8,73,81,2025-11-09 04:00:00+00:00
29.9,53,19.4,1011.8,1012.9,13,4,10,0,14.6,4,39.2,0.1,50.0,1.1,17.0,16.7,-2.6,16.5,24,30.0,74,81,2025-11-09 05:00:00+00:00
29.9,57,20.4,1011.1,1012.2,6,2,5,0,14.1,6,37.8,0.1,220.0,1.0,3.0,16.5,-2.3,14.5,24,26.6,72,82,2025-11-09 06:00:00+00:00
30.8,50,19.2,1010.1,1011.2,13,8,9,0,15.9,12,41.0,0.0,60.0,1.0,6.0,16.5,-2.3,13.7,15,25.8,68,86,2025-11-09 07:00:00+00:00
30.4,52,19.3,1009.3,1010.4,26,14,17,0,16.3,17,42.5,0.0,60.0,1.3,12.0,16.8,-2.6,14.0,19,22.5,65,86,2025-11-09 08:00:00+00:00
30.4,52,19.5,1008.5,1009.6,16,13,10,0,15.3,17,42.1,0.1,90.0,1.2,11.0,16.9,-2.8,15.0,20,21.0,59,90,2025-11-09 09:00:00+00:00
29.8,55,19.7,1008.2,1009.3,30,11,23,0,15.4,18,40.0,0.1,100.0,1.6,10.0,17.0,-2.8,14.8,18,20.0,57,89,2025-11-09 10:00:00+00:00
29.1,58,19.9,1008.3,1009.4,17,1,16,0,14.2,18,38.5,0.0,110.0,2.1,14.0,17.3,-3.0,14.8,18,20.0,57,88,2025-11-09 11:00:00+00:00
28.5,59,19.8,1008.6,1009.7,16,3,15,0,11.0,5,34.6,0.0,50.0,2.4,31.0,17.5,-2.8,14.2,4,22.0,61,84,2025-11-09 12:00:00+00:00
27.6,68,21.1,1009.2,1010.3,23,2,23,0,10.0,20,23.0,0.0,220.0,2.6,38.0,17.6,-3.0,13.4,10,22.6,58,86,2025-11-09 13:00:00+00:00
27.4,68,21.0,1009.9,1011.0,9,2,9,0,10.1,20,20.9,0.0,180.0,2.3,57.0,17.6,-3.3,14.1,15,23.7,60,86,2025-11-09 14:00:00+00:00
27.2,69,20.9,1010.4,1011.6,14,0,14,0,9.4,24,20.5,0.0,120.0,2.0,75.0,17.6,-3.5,14.8,18,23.7,60,86,2025-11-09 15:00:00+00:00
27.0,71,21.3,1010.6,1011.8,14,5,13,0,9.5,19,19.1,0.0,250.0,2.0,45.0,17.6,-3.7,15.7,17,24.7,61,88,2025-11-09 16:00:00+00:00
26.8,76,22.1,1010.5,1011.7,14,10,9,0,9.4,29,18.7,0.0,960.0,2.4,14.0,17.5,-3.7,16.5,14,25.8,62,89,2025-11-09 17:00:00+00:00
26.6,78,22.4,1010.2,1011.4,79,0,79,0,7.7,360,18.7,0.0,910.0,2.7,14.0,17.4,-3.7,10.6,7,29.0,60,91,2025-11-09 18:00:00+00:00
26.4,78,22.2,1009.8,1011.0,28,6,27,0,8.9,13,17.3,0.0,700.0,3.1,20.0,17.5,-3.7,11.6,11,28.4,62,92,2025-11-09 19:00:00+00:00
26.2,80,22.5,1009.2,1010.4,19,0,19,0,7.3,10,17.3,0.0,950.0,3.3,22.0,17.5,-3.7,11.6,11,27.4,61,92,2025-11-09 20:00:00+00:00
25.9,83,22.9,1008.6,1009.8,1,1,0,0,7.9,360,15.1,0.0,1090.0,3.5,18.0,17.5,-3.7,11.5,7,26.8,63,89,2025-11-09 21:00:00+00:00
25.7,85,23.0,1008.3,1009.5,5,5,2,0,7.2,357,15.1,0.0,1110.0,3.4,16.0,17.4,-3.3,11.9,2,28.1,70,86,2025-11-09 22:00:00+00:00
25.4,87,23.0,1008.6,1009.8,10,1,2,7,7.1,345,14.4,0.0,1050.0,3.2,19.0,17.1,-3.5,13.7,356,29.2,71,86,2025-11-09 23:00:00+00:00
25.7,86,23.3,1009.2,1010.4,39,2,34,6,8.1,348,13.7,0.0,1260.0,4.0,20.0,17.1,-3.3,12.3,356,30.0,74,89,2025-11-10 00:00:00+00:00
26.0,83,22.9,1010.1,1011.3,28,11,16,5,8.3,347,15.8,0.0,960.0,4.0,23.0,17.3,-3.3,11.9,4,29.7,76,89,2025-11-10 01:00:00+00:00
27.2,78,22.9,1011.0,1012.2,71,5,24,61,8.0,355,19.4,0.0,1230.0,3.3,9.0,17.3,-3.3,11.5,9,29.7,76,89,2025-11-10 02:00:00+00:00
28.6,69,22.4,1011.8,1012.9,67,5,20,57,11.6,4,29.2,0.1,1110.0,2.5,0.0,17.3,-3.5,11.6,11,30.9,77,88,2025-11-10 03:00:00+00:00
29.9,61,21.4,1012.2,1013.3,72,6,8,69,13.8,12,35.3,0.0,620.0,1.1,3.0,17.3,-3.7,11.8,16,30.9,77,88,2025-11-10 04:00:00+00:00
30.4,58,21.1,1011.8,1012.9,34,9,28,0,15.4,21,39.2,0.1,520.0,0.4,0.0,17.3,-3.7,12.0,18,32.0,77,89,2025-11-10 05:00:00+00:00
29.8,60,21.3,1011.3,1012.4,18,8,13,0,14.2,18,43.2,0.3,550.0,0.0,3.0,17.5,-3.3,13.0,12,34.4,78,90,2025-11-10 06:00:00+00:00
30.4,58,21.2,1010.0,1011.1,41,20,22,16,14.8,22,39.2,0.1,590.0,-0.2,2.0,17.5,-3.3,12.4,8,33.0,80,88,2025-11-10 07:00:00+00:00
30.5,58,21.2,1009.2,1010.3,66,9,63,1,14.0,20,39.2,0.1,630.0,-0.1,2.0,17.7,-3.3,12.3,2,32.6,84,88,2025-11-10 08:00:00+00:00
30.0,60,21.5,1008.5,1009.6,38,5,34,0,15.2,24,38.9,0.1,750.0,0.1,2.0,17.9,-3.0,12.3,360,31.3,86,90,2025-11-10 09:00:00+00:00
29.5,61,21.2,1008.3,1009.4,23,3,20,0,15.1,18,39.2,0.0,610.0,0.1,5.0,17.7,-3.0,14.2,7,31.3,86,89,2025-11-10 10:00:00+00:00
28.8,64,21.4,1008.6,1009.7,22,12,15,0,14.2,18,37.8,0.1,600.0,0.1,9.0,17.9,-3.0,16.1,7,31.2,88,88,2025-11-10 11:00:00+00:00
28.3,67,21.7,1009.1,1010.2,95,5,93,33,13.1,18,34.6,0.0,600.0,0.5,22.0,17.9,-3.3,12.8,2,25.2,90,79,2025-11-10 12:00:00+00:00
27.8,71,22.0,1009.8,1010.9,95,13,27,93,11.9,14,30.6,0.0,790.0,1.0,17.0,18.0,-3.3,13.7,6,26.4,87,80,2025-11-10 13:00:00+00:00
27.6,73,22.3,1010.8,1011.9,63,0,21,54,11.1,8,27.7,0.0,960.0,0.9,13.0,18.1,-3.3,13.9,11,26.4,87,79,2025-11-10 14:00:00+00:00
27.2,76,22.5,1011.1,1012.3,93,9,90,20,10.7,37,25.2,0.0,1040.0,0.5,11.0,18.1,-3.3,14.8,18,27.6,88,80,2025-11-10 15:00:00+00:00
26.4,80,22.6,1011.4,1012.6,52,0,52,0,10.6,55,25.9,0.1,900.0,0.0,20.0,18.1,-3.5,15.6,21,27.6,88,81,2025-11-10 16:00:00+00:00
26.6,79,22.6,1011.0,1012.2,86,0,86,0,9.5,15,22.7,0.1,950.0,0.1,33.0,18.1,-3.5,15.6,21,28.8,90,82,2025-11-10 17:00:00+00:00
25.8,85,23.0,1010.8,1012.0,23,5,21,0,14.0,36,28.1,0.0,1100.0,-0.1,14.0,18.1,-3.3,14.1,25,30.0,90,87,2025-11-10 18:00:00+00:00
25.9,83,22.8,1010.5,1011.7,36,1,34,2,11.2,30,29.2,0.0,960.0,-0.2,25.0,18.0,-3.3,15.1,29,30.0,90,88,2025-11-10 19:00:00+00:00
25.9,83,22.8,1009.7,1010.9,59,5,56,2,9.9,16,24.8,0.0,990.0,0.4,15.0,17.9,-3.3,15.3,30,31.2,92,89,2025-11-10 20:00:00+00:00
26.0,83,22.9,1009.2,1010.4,83,7,81,4,10.0,21,20.9,0.0,1090.0,0.4,15.0,17.6,-3.3,16.6,32,31.3,94,90,2025-11-10 21:00:00+00:00
26.3,82,22.9,1009.1,1010.3,65,18,57,3,10.7,30,21.6,0.0,1190.0,0.5,11.0,17.5,-3.3,17.7,29,31.4,97,91,2025-11-10 22:00:00+00:00
26.3,81,22.8,1009.3,1010.5,44,27,23,10,9.8,38,21.6,0.0,1150.0,0.3,9.0,17.5,-2.8,19.2,28,31.6,99,92,2025-11-10 23:00:00+00:00
26.0,86,23.4,1010.0,1011.2,14,5,6,5,8.0,352,20.9,0.0,1600.0,0.8,12.0,17.4,-2.8,18.1,25,35.0,96,90,2025-11-11 00:00:00+00:00
26.0,86,23.5,1011.0,1012.2,41,6,27,15,7.2,325,16.6,0.0,1610.0,1.0,10.0,17.4,-2.8,18.4,30,35.1,98,91,2025-11-11 01:00:00+00:00
27.0,81,23.4,1011.6,1012.8,27,1,21,7,7.8,323,20.2,0.0,1620.0,0.1,7.0,17.4,-2.8,19.1,33,35.1,98,90,2025-11-11 02:00:00+00:00
28.4,72,22.9,1012.2,1013.3,27,13,13,3,9.0,347,25.9,0.0,1470.0,-0.7,3.0,17.4,-3.0,19.4,39,33.8,96,86,2025-11-11 03:00:00+00:00
29.6,68,23.0,1012.5,1013.6,30,9,17,7,9.7,356,29.5,0.1,1740.0,-1.2,0.0,17.4,-3.3,20.7,41,32.5,94,84,2025-11-11 04:00:00+00:00
30.5,64,22.8,1012.1,1013.2,36,19,16,7,10.6,10,32.0,0.2,1730.0,-1.2,0.0,17.4,-3.3,20.3,44,32.4,92,86,2025-11-11 05:00:00+00:00
30.5,63,22.5,1011.5,1012.6,30,18,7,9,13.4,22,34.6,0.2,1540.0,-0.7,0.0,17.5,-3.5,19.3,43,28.9,95,86,2025-11-11 06:00:00+00:00
31.4,57,21.7,1010.4,1011.5,30,8,19,9,13.5,34,36.7,0.0,1140.0,-0.6,0.0,17.6,-3.7,18.0,45,26.5,95,86,2025-11-11 07:00:00+00:00
30.5,56,20.6,1009.8,1010.9,34,19,23,5,15.1,23,39.6,0.1,340.0,-0.9,15.0,17.7,-3.7,19.0,46,24.1,96,86,2025-11-11 08:00:00+00:00
30.2,59,21.3,1008.9,1010.0,38,17,24,3,14.5,22,39.2,0.4,730.0,-1.3,6.0,17.7,-3.7,18.0,45,22.8,93,83,2025-11-11 09:00:00+00:00
30.0,60,21.4,1008.5,1009.6,18,11,8,2,15.6,24,39.6,0.2,750.0,-1.5,4.0,18.0,-4.0,18.4,42,21.6,93,81,2025-11-11 10:00:00+00:00
29.5,61,21.2,1008.9,1010.0,16,8,4,7,14.3,27,38.9,0.0,510.0,-1.8,18.0,18.1,-4.0,18.1,41,21.6,90,79,2025-11-11 11:00:00+00:00
27.6,77,23.1,1009.5,1010.6,69,5,33,53,10.0,36,34.6,0.0,1520.0,-1.9,10.0,18.0,-4.2,18.2,37,25.3,85,80,2025-11-11 12:00:00+00:00
27.4,78,23.3,1010.1,1011.2,59,1,20,48,9.9,22,22.7,0.0,1630.0,-1.5,18.0,18.1,-4.4,18.8,39,26.5,85,78,2025-11-11 13:00:00+00:00
27.0,80,23.4,1010.8,1012.0,59,0,38,34,9.2,12,22.7,0.0,1560.0,-1.7,26.0,18.0,-4.4,19.9,37,29.0,83,78,2025-11-11 14:00:00+00:00
26.9,82,23.6,1011.7,1012.9,100,8,100,25,6.5,6,19.1,0.0,1760.0,-1.4,16.0,18.0,-4.2,20.0,35,30.2,83,80,2025-11-11 15:00:00+00:00
27.1,82,23.8,1011.8,1013.0,52,8,30,26,6.9,9,13.7,0.1,1920.0,-1.3,15.0,18.0,-4.0,20.1,33,30.1,85,82,2025-11-11 16:00:00+00:00
27.3,81,23.7,1011.7,1012.9,66,13,52,20,6.8,22,13.3,0.0,1920.0,-0.8,17.0,18.0,-3.5,20.4,29,31.3,86,83,2025-11-11 17:00:00+00:00
26.9,83,23.8,1011.1,1012.3,52,3,5,48,7.4,29,20.2,0.0,1920.0,-0.6,16.0,18.0,-3.3,22.7,22,34.9,86,86,2025-11-11 18:00:00+00:00
27.4,77,23.0,1010.6,1011.7,51,9,9,41,11.2,38,21.6,0.0,1450.0,-0.2,15.0,17.9,-3.3,23.6,25,34.8,88,86,2025-11-11 19:00:00+00:00
27.3,76,22.8,1010.2,1011.3,54,9,16,41,11.2,37,22.0,0.0,1370.0,0.0,14.0,17.9,-3.0,24.3,23,34.9,86,86,2025-11-11 20:00:00+00:00
27.1,77,22.8,1009.6,1010.7,55,9,20,39,11.8,38,23.4,0.0,1380.0,0.3,14.0,17.9,-3.0,25.9,24,36.3,82,86,2025-11-11 21:00:00+00:00
27.0,78,22.8,1009.4,1010.5,41,10,0,34,12.6,37,25.2,0.0,1340.0,0.4,13.0,17.9,-2.8,27.1,27,36.3,82,83,2025-11-11 22:00:00+00:00
26.9,78,22.8,1009.6,1010.7,39,17,0,27,11.9,38,25.2,0.0,1310.0,0.5,12.0,17.9,-2.8,28.5,32,36.5,81,80,2025-11-11 23:00:00+00:00
26.9,80,23.2,1009.8,1011.0,34,20,5,13,11.4,27,24.1,0.0,1570.0,0.8,5.0,18.1,-2.8,25.9,41,35.1,82,78,2025-11-12 00:00:00+00:00
27.2,79,23.2,1010.6,1011.8,31,16,0,18,12.3,29,24.1,0.0,1580.0,0.5,11.0,18.1,-2.8,26.7,44,36.3,82,78,2025-11-12 01:00:00+00:00
28.5,71,22.7,1011.4,1012.5,20,8,4,10,14.5,36,33.8,0.0,1400.0,-0.1,1.0,18.2,-3.0,27.5,50,38.7,83,76,2025-11-12 02:00:00+00:00
29.4,67,22.5,1012.1,1013.2,24,13,3,10,15.5,46,37.4,0.0,1370.0,-0.4,1.0,18.1,-3.3,28.0,53,39.9,83,72,2025-11-12 03:00:00+00:00
30.0,63,22.2,1012.4,1013.5,16,6,0,10,16.3,48,40.7,0.0,1270.0,-0.8,1.0,18.0,-3.5,27.2,50,43.5,84,71,2025-11-12 04:00:00+00:00
30.5,61,22.0,1012.5,1013.6,9,8,2,1,15.9,48,41.0,0.0,1120.0,-1.0,2.0,18.1,-3.7,25.1,45,46.9,86,68,2025-11-12 05:00:00+00:00
30.7,61,22.4,1011.9,1013.0,16,12,3,3,15.1,38,40.7,0.0,1490.0,-0.7,0.0,18.0,-3.5,20.6,47,44.5,87,63,2025-11-12 06:00:00+00:00
30.8,61,22.4,1010.9,1012.0,34,22,11,10,15.5,39,40.3,0.0,1470.0,-0.5,0.0,17.9,-3.5,20.6,47,45.7,87,62,2025-11-12 07:00:00+00:00
30.6,62,22.4,1010.1,1011.2,42,16,9,26,16.5,39,42.1,0.1,1450.0,-0.4,1.0,18.0,-3.7,20.0,47,43.3,87,61,2025-11-12 08:00:00+00:00
30.0,64,22.4,1009.6,1010.7,36,10,5,26,16.8,42,42.5,0.1,1430.0,-0.2,5.0,18.0,-3.7,20.0,49,42.1,87,62,2025-11-12 09:00:00+00:00
29.6,64,22.1,1009.6,1010.7,40,9,2,34,17.4,43,42.8,0.0,1200.0,-0.1,5.0,18.1,-4.0,20.0,47,39.8,85,62,2025-11-12 10:00:00+00:00
29.1,65,21.9,1010.0,1011.1,34,3,1,31,16.3,43,42.5,0.0,1020.0,-0.4,6.0,18.1,-4.0,21.3,48,39.9,83,61,2025-11-12 11:00:00+00:00
28.6,70,22.6,1010.4,1011.5,34,11,2,26,13.0,44,38.9,0.0,1310.0,-0.4,5.0,18.1,-4.0,20.2,54,42.1,87,57,2025-11-12 12:00:00+00:00
28.2,71,22.4,1011.0,1012.1,49,8,1,45,11.8,44,29.9,0.0,1060.0,0.2,5.0,18.0,-3.7,22.0,56,44.5,85,57,2025-11-12 13:00:00+00:00
28.0,72,22.4,1012.1,1013.2,90,5,1,89,10.8,43,24.5,0.0,1150.0,0.3,6.0,17.9,-3.7,22.8,57,49.3,86,57,2025-11-12 14:00:00+00:00
27.8,72,22.3,1012.6,1013.7,63,7,2,60,10.7,41,22.7,0.0,990.0,0.2,11.0,17.9,-3.5,22.1,58,51.8,85,64,2025-11-12 15:00:00+00:00
27.7,72,22.2,1012.8,1014.0,31,10,0,23,10.2,44,22.0,0.0,940.0,0.2,10.0,17.7,-3.5,20.3,56,54.1,86,62,2025-11-12 16:00:00+00:00
27.5,73,22.2,1012.8,1014.0,13,11,2,1,10.3,44,20.5,0.0,760.0,0.2,4.0,17.7,-3.7,19.1,52,55.3,86,64,2025-11-12 17:00:00+00:00
27.4,75,22.7,1012.3,1013.5,30,9,4,21,8.6,39,20.5,0.0,1210.0,0.1,13.0,17.7,-4.0,18.5,52,57.6,90,67,2025-11-12 18:00:00+00:00
26.9,77,22.5,1011.9,1013.1,57,26,32,20,12.5,35,24.5,0.0,970.0,-0.1,16.0,17.6,-4.2,18.7,45,58.8,90,68,2025-11-12 19:00:00+00:00
26.4,79,22.5,1011.2,1012.4,99,6,29,98,8.5,46,25.9,0.0,890.0,-0.4,32.0,17.5,-4.2,19.3,43,58.8,92,71,2025-11-12 20:00:00+00:00
26.2,82,22.8,1010.5,1011.7,84,6,13,80,7.0,35,16.9,0.0,1020.0,-0.5,14.0,17.4,-4.4,20.5,37,58.9,94,71,2025-11-12 21:00:00+00:00
25.2,86,22.7,1010.7,1011.9,50,17,45,0,11.0,55,22.3,0.1,730.0,-0.8,9.0,17.4,-4.4,21.6,35,57.7,94,76,2025-11-12 22:00:00+00:00
25.2,84,22.4,1010.8,1012.0,13,5,1,7,5.7,55,22.7,0.1,640.0,-0.9,16.0,17.3,-4.2,23.1,32,56.5,94,79,2025-11-12 23:00:00+00:00
25.1,88,22.9,1011.1,1012.3,55,21,46,0,7.9,347,11.2,0.0,770.0,-0.2,1.0,17.3,-4.0,21.7,33,58.9,86,76,2025-11-13 00:00:00+00:00
24.8,90,23.0,1012.2,1013.4,60,9,41,32,8.7,315,19.1,0.1,630.0,-0.4,31.0,17.1,-4.0,22.7,30,57.6,89,73,2025-11-13 01:00:00+00:00
26.2,83,23.2,1013.1,1014.3,23,15,13,0,6.7,358,18.4,0.0,960.0,-1.3,9.0,17.1,-4.2,22.5,32,56.4,89,76,2025-11-13 02:00:00+00:00
27.7,75,23.0,1013.7,1014.9,30,21,13,0,8.4,15,25.9,0.0,1140.0,-1.0,1.0,17.3,-4.4,22.2,35,54.0,89,74,2025-11-13 03:00:00+00:00
27.0,75,22.2,1014.3,1015.5,69,41,49,0,15.5,20,39.2,0.2,360.0,-1.1,11.0,17.3,-4.7,21.9,36,51.6,89,73,2025-11-13 04:00:00+00:00
28.3,70,22.2,1014.0,1015.1,30,16,23,0,12.9,27,38.9,0.1,630.0,-1.2,2.0,17.3,-4.7,21.2,35,49.2,89,79,2025-11-13 05:00:00+00:00
29.1,69,22.9,1013.3,1014.4,41,30,16,0,13.1,49,38.2,0.0,1280.0,-1.1,0.0,17.3,-4.7,19.6,36,49.3,87,72,2025-11-13 06:00:00+00:00
29.3,67,22.5,1012.2,1013.3,22,15,9,1,14.0,55,37.4,0.1,1020.0,-1.1,0.0,17.3,-4.7,19.1,33,48.1,86,70,2025-11-13 07:00:00+00:00
29.5,64,21.9,1011.1,1012.2,30,13,21,2,16.2,55,41.0,0.0,790.0,-0.9,0.0,17.4,-4.9,19.3,34,46.9,86,68,2025-11-13 08:00:00+00:00
29.3,63,21.5,1010.2,1011.3,16,9,9,2,15.9,56,41.8,0.0,540.0,-0.6,1.0,17.4,-4.9,19.6,28,45.7,85,66,2025-11-13 09:00:00+00:00
29.0,63,21.3,1009.9,1011.0,19,15,12,0,17.3,52,42.5,0.0,440.0,-0.2,2.0,17.3,-4.9,20.4,27,44.7,84,64,2025-11-13 10:00:00+00:00
28.4,65,21.2,1010.3,1011.4,33,24,12,2,16.5,51,42.5,0.0,340.0,-0.4,4.0,16.9,-4.9,22.2,26,43.5,84,58,2025-11-13 11:00:00+00:00
27.8,72,22.2,1010.5,1011.6,29,14,21,0,16.6,58,39.2,0.0,700.0,-0.1,2.0,17.0,-4.9,23.6,25,42.2,85,56,2025-11-13 12:00:00+00:00
27.6,70,21.6,1011.0,1012.1,33,9,27,0,15.8,54,38.5,0.0,450.0,0.4,2.0,16.5,-4.9,23.2,28,42.3,83,58,2025-11-13 13:00:00+00:00
27.7,66,20.7,1012.3,1013.5,32,18,21,0,15.6,51,33.5,0.0,150.0,0.5,60.0,16.4,-5.1,22.0,24,40.9,87,36,2025-11-13 14:00:00+00:00
27.5,64,20.2,1012.9,1014.1,20,19,6,0,14.6,45,32.8,0.0,30.0,0.6,128.0,15.9,-5.1,24.5,24,39.6,88,16,2025-11-13 15:00:00+00:00
27.3,65,20.2,1013.1,1014.3,10,10,0,0,14.1,43,30.6,0.0,30.0,0.8,127.0,15.8,-5.1,27.8,23,39.6,90,10,2025-11-13 16:00:00+00:00
27.0,66,20.2,1013.0,1014.2,20,20,0,0,14.4,44,29.9,0.0,20.0,1.1,127.0,15.7,-5.1,27.1,13,38.4,90,11,2025-11-13 17:00:00+00:00
26.8,70,20.9,1012.6,1013.8,16,5,12,0,15.0,47,29.5,0.0,160.0,1.8,7.0,15.8,-5.1,26.9,1,36.0,88,9,2025-11-13 18:00:00+00:00
26.6,70,20.8,1012.0,1013.2,27,20,16,0,15.2,50,31.3,0.0,100.0,2.7,7.0,15.7,-4.9,33.3,1,33.6,88,9,2025-11-13 19:00:00+00:00
26.6,69,20.4,1011.3,1012.5,6,4,3,0,16.4,50,33.8,0.0,30.0,2.9,93.0,15.4,-4.9,37.5,6,32.4,88,10,2025-11-13 20:00:00+00:00
26.5,66,19.6,1010.8,1012.0,2,1,1,0,15.8,47,34.2,0.0,0.0,3.0,10.0,15.2,-4.9,37.6,7,30.0,88,12,2025-11-13 21:00:00+00:00
26.2,62,18.4,1010.4,1011.6,1,0,1,0,14.9,43,32.4,0.0,0.0,3.2,16.0,15.3,-4.9,36.5,9,28.8,90,12,2025-11-13 22:00:00+00:00
26.0,62,18.1,1010.5,1011.7,1,0,1,0,14.8,40,30.2,0.0,0.0,3.7,20.0,15.4,-4.9,35.1,10,27.6,90,12,2025-11-13 23:00:00+00:00
26.2,62,18.3,1010.9,1012.1,1,0,1,0,15.5,31,30.2,0.0,0.0,4.8,23.0,15.7,-4.9,31.5,358,26.4,87,12,2025-11-14 00:00:00+00:00
26.4,60,18.0,1011.8,1013.0,0,0,0,0,16.1,34,32.8,0.0,0.0,4.9,26.0,15.8,-4.9,32.0,4,25.2,90,12,2025-11-14 01:00:00+00:00
27.5,54,17.3,1012.6,1013.8,0,0,0,0,18.3,37,41.8,0.0,0.0,4.1,15.0,16.2,-4.9,32.1,7,24.0,90,12,2025-11-14 02:00:00+00:00
28.3,51,17.3,1013.2,1014.3,21,20,0,0,20.3,37,48.2,0.0,0.0,4.9,0.0,15.8,-4.9,30.6,10,22.8,90,12,2025-11-14 03:00:00+00:00
29.1,48,17.1,1013.6,1014.7,16,16,0,0,20.9,36,50.8,0.0,0.0,5.1,1.0,15.1,-4.7,26.8,18,22.8,93,13,2025-11-14 04:00:00+00:00
29.6,47,17.1,1013.3,1014.4,32,32,0,0,21.1,36,51.8,0.0,0.0,4.8,1.0,14.6,-4.7,24.6,19,21.6,93,13,2025-11-14 05:00:00+00:00
29.7,47,17.3,1012.9,1014.0,35,35,0,0,20.8,30,53.3,0.0,0.0,4.8,0.0,14.4,-4.4,24.4,21,20.4,87,16,2025-11-14 06:00:00+00:00
29.9,46,17.0,1012.1,1013.2,36,36,0,0,20.0,27,51.5,0.0,0.0,4.5,0.0,14.6,-4.4,24.9,24,19.2,86,17,2025-11-14 07:00:00+00:00
30.0,44,16.5,1011.1,1012.2,55,55,0,0,20.0,27,49.7,0.0,0.0,4.4,0.0,14.8,-4.4,23.9,21,19.2,86,18,2025-11-14 08:00:00+00:00
29.6,46,16.7,1010.5,1011.6,45,45,0,0,20.1,27,50.0,0.0,10.0,4.1,-1.0,14.8,-4.4,21.8,16,18.2,82,19,2025-11-14 09:00:00+00:00
28.9,47,16.4,1010.2,1011.3,9,9,0,0,18.0,24,50.0,0.0,0.0,4.1,-1.0,15.3,-4.4,21.7,8,19.2,86,20,2025-11-14 10:00:00+00:00
28.5,47,16.1,1010.3,1011.4,55,55,0,0,17.8,22,43.9,0.0,0.0,3.4,-2.0,15.9,-4.4,23.0,8,19.2,86,21,2025-11-14 11:00:00+00:00
27.5,54,17.3,1010.8,1011.9,100,100,0,0,14.7,18,42.5,0.0,10.0,4.3,-2.0,16.5,-4.7,23.3,358,20.4,93,32,2025-11-14 12:00:00+00:00
27.3,57,18.0,1011.4,1012.6,100,100,6,0,14.7,26,33.8,0.0,0.0,5.1,-3.0,16.5,-4.7,25.2,13,21.7,96,33,2025-11-14 13:00:00+00:00
27.4,57,18.2,1012.5,1013.7,100,100,0,0,14.9,27,34.9,0.0,0.0,5.2,-3.0,16.7,-4.7,25.4,21,21.9,99,36,2025-11-14 14:00:00+00:00
27.3,58,18.2,1013.0,1014.2,100,100,2,0,13.4,20,31.7,0.0,0.0,5.1,-4.0,16.5,-4.7,24.3,26,22.1,103,38,2025-11-14 15:00:00+00:00
27.2,60,18.7,1013.0,1014.2,96,96,0,0,13.4,31,28.4,0.0,10.0,4.7,-4.0,16.3,-4.7,23.8,32,22.1,103,39,2025-11-14 16:00:00+00:00
26.9,66,19.9,1012.4,1013.6,61,61,0,0,14.3,28,29.9,0.0,30.0,4.6,4.0,15.9,-4.7,24.8,47,20.1,107,39,2025-11-14 17:00:00+00:00
26.5,67,19.9,1012.2,1013.4,16,14,0,2,14.5,23,29.9,0.0,30.0,4.5,11.0,15.2,-4.9,26.0,52,17.0,98,29,2025-11-14 18:00:00+00:00
26.1,68,19.7,1011.6,1012.8,9,9,1,0,11.8,12,29.2,0.0,20.0,4.4,16.0,15.2,-4.9,24.6,50,16.0,103,29,2025-11-14 19:00:00+00:00
25.5,70,19.7,1011.0,1012.2,3,2,1,0,11.3,2,23.8,0.0,20.0,4.2,31.0,15.1,-4.9,23.9,47,14.6,99,28,2025-11-14 20:00:00+00:00
24.9,74,20.0,1010.6,1011.8,27,8,1,20,10.4,352,22.3,0.0,20.0,3.6,10.0,15.1,-4.9,25.5,47,13.4,100,26,2025-11-14 21:00:00+00:00
24.2,77,19.9,1010.7,1011.9,40,34,0,9,10.3,327,20.5,0.0,20.0,3.4,13.0,14.8,-4.9,24.5,48,13.4,100,27,2025-11-14 22:00:00+00:00
23.6,73,18.5,1010.9,1012.1,54,40,14,21,11.5,318,23.0,0.0,10.0,3.8,25.0,14.4,-4.7,26.5,48,14.6,99,27,2025-11-14 23:00:00+00:00
23.6,77,19.4,1011.4,1012.6,31,16,7,15,14.9,329,24.1,0.0,0.0,4.4,18.0,15.0,-4.7,25.2,49,13.4,80,43,2025-11-15 00:00:00+00:00
23.7,76,19.2,1012.0,1013.2,92,29,4,89,13.2,328,30.6,0.0,0.0,4.3,15.0,15.3,-4.9,29.1,58,14.4,90,42,2025-11-15 01:00:00+00:00
25.0,71,19.3,1013.0,1014.2,67,49,4,34,10.9,322,25.9,0.0,30.0,3.7,97.0,15.6,-4.9,31.2,67,15.6,90,44,2025-11-15 02:00:00+00:00
26.7,68,20.2,1013.6,1014.8,77,15,2,73,10.6,345,27.4,0.0,60.0,2.7,7.0,15.4,-4.9,29.9,69,16.8,94,46,2025-11-15 03:00:00+00:00
28.7,63,20.9,1014.0,1015.1,97,35,2,95,13.3,21,32.4,0.1,210.0,1.8,0.0,15.7,-4.9,28.1,65,18.0,94,46,2025-11-15 04:00:00+00:00
30.2,52,19.3,1013.5,1014.6,100,35,3,100,17.8,39,44.3,0.0,30.0,1.1,0.0,15.9,-5.1,18.6,59,16.8,90,46,2025-11-15 05:00:00+00:00
29.8,56,20.0,1013.4,1014.5,54,21,27,30,19.7,36,46.1,0.0,100.0,0.7,15.0,16.2,-5.1,14.2,50,14.4,90,56,2025-11-15 06:00:00+00:00
30.4,53,19.8,1012.4,1013.5,100,8,44,100,19.1,35,48.6,0.1,120.0,0.6,23.0,15.9,-5.1,15.9,37,14.4,95,56,2025-11-15 07:00:00+00:00
30.7,50,19.1,1011.7,1012.8,100,40,20,100,18.3,33,47.9,0.0,50.0,0.8,44.0,15.7,-5.1,22.2,28,15.6,90,53,2025-11-15 08:00:00+00:00
29.7,52,19.0,1011.1,1012.2,100,88,18,100,19.0,35,45.7,0.0,20.0,0.4,123.0,16.1,-5.1,21.2,19,13.2,90,51,2025-11-15 09:00:00+00:00
28.8,59,19.9,1010.8,1011.9,100,57,18,100,19.4,29,47.9,0.0,40.0,0.8,53.0,16.1,-5.1,20.9,16,13.2,90,49,2025-11-15 10:00:00+00:00
28.4,60,19.9,1011.1,1012.2,100,44,20,100,18.4,26,46.1,0.0,80.0,0.5,42.0,16.1,-4.9,20.3,16,14.4,85,46,2025-11-15 11:00:00+00:00
27.3,68,20.9,1011.4,1012.6,100,12,14,100,13.4,28,42.8,0.0,190.0,0.9,10.0,16.4,-5.1,17.4,23,17.2,78,63,2025-11-15 12:00:00+00:00
27.1,69,21.0,1011.8,1013.0,100,6,2,100,11.5,14,27.7,0.0,180.0,1.0,17.0,16.4,-5.1,18.0,24,20.4,87,60,2025-11-15 13:00:00+00:00
26.9,70,21.0,1012.6,1013.8,100,9,7,100,11.6,6,23.8,0.0,120.0,0.9,33.0,16.7,-5.4,17.1,25,22.8,87,67,2025-11-15 14:00:00+00:00
27.0,69,20.8,1013.1,1014.3,100,36,5,100,13.6,15,27.7,0.0,90.0,0.8,64.0,16.9,-5.6,18.3,27,24.0,93,66,2025-11-15 15:00:00+00:00
26.9,70,21.0,1013.3,1014.5,100,35,2,100,15.6,19,31.0,0.0,100.0,1.0,49.0,16.9,-5.6,19.0,30,24.1,96,62,2025-11-15 16:00:00+00:00
26.4,76,21.9,1013.2,1014.4,98,10,15,97,16.1,20,33.8,0.0,450.0,0.5,12.0,16.8,-5.6,18.7,34,22.9,96,60,2025-11-15 17:00:00+00:00
26.2,79,22.4,1012.5,1013.7,64,5,10,58,16.2,14,33.5,0.0,800.0,0.3,11.0,16.9,-5.1,21.6,42,28.2,102,58,2025-11-15 18:00:00+00:00
26.4,76,21.8,1012.1,1013.3,52,23,14,27,16.5,13,33.8,0.0,460.0,0.2,10.0,16.8,-4.9,21.3,43,28.0,100,56,2025-11-15 19:00:00+00:00
26.2,76,21.7,1011.7,1012.9,91,20,30,84,16.3,20,34.2,0.0,310.0,0.7,0.0,16.8,-4.9,21.0,48,26.8,100,60,2025-11-15 20:00:00+00:00
25.9,78,21.7,1011.2,1012.4,98,15,13,97,17.4,16,35.6,0.2,350.0,1.3,9.0,16.5,-4.9,23.9,50,24.3,99,67,2025-11-15 21:00:00+00:00
26.0,76,21.5,1010.5,1011.7,100,7,2,100,18.2,18,37.1,0.0,310.0,1.6,13.0,16.4,-4.9,26.4,45,21.6,93,68,2025-11-15 22:00:00+00:00
26.2,74,21.3,1011.0,1012.2,66,18,3,57,16.6,19,37.1,0.0,200.0,2.1,24.0,16.1,-4.9,28.8,39,20.4,87,70,2025-11-15 23:00:00+00:00
26.1,79,22.3,1011.7,1012.9,67,16,45,31,17.0,18,33.5,0.0,740.0,2.4,10.0,16.1,-5.1,27.5,40,23.3,78,61,2025-11-16 00:00:00+00:00
26.2,76,21.7,1012.6,1013.8,52,15,24,37,16.4,13,35.6,0.0,330.0,2.5,13.0,15.8,-5.4,27.7,42,23.9,72,61,2025-11-16 01:00:00+00:00
27.2,71,21.5,1013.6,1014.8,62,11,51,22,17.8,16,37.4,0.0,330.0,2.3,5.0,15.6,-5.4,28.7,42,26.2,74,61,2025-11-16 02:00:00+00:00
28.2,65,20.9,1014.5,1015.7,100,16,100,16,20.9,28,48.6,0.0,160.0,1.6,1.0,15.7,-5.4,26.8,43,27.1,77,61,2025-11-16 03:00:00+00:00
28.2,64,20.8,1014.8,1016.0,100,18,100,35,21.3,32,49.7,0.0,20.0,0.3,8.0,15.6,-5.4,22.9,46,28.0,80,62,2025-11-16 04:00:00+00:00
28.2,63,20.5,1014.5,1015.7,100,25,100,49,19.9,26,50.0,0.0,20.0,0.1,16.0,15.8,-5.4,23.6,40,27.8,83,66,2025-11-16 05:00:00+00:00
28.2,67,21.5,1013.9,1015.0,100,13,100,74,22.6,11,46.1,0.0,420.0,0.3,0.0,16.2,-5.1,21.0,41,28.8,90,66,2025-11-16 06:00:00+00:00
28.5,63,20.9,1012.8,1013.9,78,11,28,70,24.2,5,57.2,0.1,30.0,-0.3,3.0,16.4,-4.9,21.7,33,26.5,95,68,2025-11-16 07:00:00+00:00
28.6,62,20.6,1011.9,1013.0,100,36,100,100,22.1,7,56.5,0.0,30.0,-0.1,15.0,16.5,-4.9,21.6,28,24.1,96,64,2025-11-16 08:00:00+00:00
27.7,66,20.9,1011.5,1012.6,100,50,71,100,21.9,21,56.2,0.2,20.0,-0.5,15.0,16.8,-5.1,21.1,22,22.8,93,64,2025-11-16 09:00:00+00:00
27.3,69,21.0,1011.1,1012.3,100,71,99,100,20.6,18,50.8,0.1,60.0,-0.4,12.0,17.0,-5.4,20.3,20,21.6,93,62,2025-11-16 10:00:00+00:00
27.3,68,20.8,1011.3,1012.5,100,33,65,100,18.4,21,47.9,0.0,10.0,0.3,1.0,17.3,-5.4,19.7,19,20.4,93,62,2025-11-16 11:00:00+00:00
25.8,79,21.9,1011.9,1013.1,100,18,94,100,20.4,5,41.4,0.0,190.0,0.3,21.0,17.3,-5.1,21.2,35,20.4,93,79,2025-11-16 12:00:00+00:00
25.5,80,21.8,1012.5,1013.7,100,59,76,100,19.5,3,43.2,0.1,50.0,0.1,25.0,17.1,-5.1,21.2,35,21.6,93,80,2025-11-16 13:00:00+00:00
25.2,81,21.8,1013.3,1014.5,100,14,49,100,18.7,358,40.7,0.0,60.0,0.2,31.0,17.3,-5.1,22.7,38,22.8,93,76,2025-11-16 14:00:00+00:00
25.4,80,21.8,1014.0,1015.2,100,25,69,100,17.6,354,38.9,0.0,70.0,0.2,39.0,17.4,-5.1,24.2,43,24.0,90,72,2025-11-16 15:00:00+00:00
25.3,80,21.5,1013.7,1014.9,100,20,10,100,16.6,347,37.1,0.0,10.0,-0.3,33.0,16.9,-4.9,26.4,45,25.3,85,72,2025-11-16 16:00:00+00:00
25.5,79,21.5,1013.3,1014.5,100,29,21,100,14.7,349,33.8,0.0,10.0,-0.5,21.0,16.9,-4.9,27.8,50,26.6,82,73,2025-11-16 17:00:00+00:00
25.1,86,22.6,1013.3,1014.5,100,45,95,100,12.5,25,31.0,0.0,460.0,-0.3,9.0,16.4,-5.1,25.9,49,36.1,69,82,2025-11-16 18:00:00+00:00
24.9,86,22.5,1012.7,1013.9,100,26,100,100,16.9,20,33.5,0.6,310.0,0.3,8.0,16.4,-4.9,27.2,50,37.2,69,88,2025-11-16 19:00:00+00:00
24.6,87,22.3,1012.2,1013.4,100,19,100,100,15.3,15,33.1,0.7,80.0,0.7,1.0,16.4,-4.7,29.1,50,37.7,68,88,2025-11-16 20:00:00+00:00
24.8,87,22.6,1011.4,1012.6,100,94,100,100,12.6,10,29.5,1.1,400.0,1.4,11.0,16.2,-4.4,31.3,47,35.7,70,87,2025-11-16 21:00:00+00:00
24.4,89,22.4,1011.0,1012.2,100,63,100,100,13.6,7,25.9,0.7,200.0,1.9,11.0,16.1,-4.4,34.2,48,37.3,75,84,2025-11-16 22:00:00+00:00
23.8,93,22.6,1011.1,1012.3,100,83,98,100,13.4,5,25.9,2.7,140.0,2.4,12.0,16.1,-4.4,37.2,50,36.7,79,83,2025-11-16 23:00:00+00:00
24.3,90,22.6,1012.0,1013.2,100,12,100,100,15.2,16,28.1,1.6,280.0,1.9,10.0,16.3,-4.9,35.3,51,36.4,73,87,2025-11-17 00:00:00+00:00
24.5,89,22.7,1012.7,1013.9,100,23,78,100,12.9,7,28.1,1.1,270.0,1.3,11.0,16.3,-4.7,34.4,51,34.9,74,83,2025-11-17 01:00:00+00:00
24.5,90,22.8,1013.4,1014.6,100,34,92,100,13.2,355,25.6,0.5,310.0,0.5,9.0,16.3,-4.7,34.8,53,36.1,75,80,2025-11-17 02:00:00+00:00
24.8,88,22.7,1014.0,1015.2,100,25,68,100,14.3,350,29.5,0.5,230.0,0.4,7.0,16.2,-4.9,36.4,58,37.0,77,78,2025-11-17 03:00:00+00:00
24.8,88,22.7,1014.1,1015.3,100,69,95,100,14.5,6,32.4,0.6,260.0,0.2,8.0,16.2,-4.9,39.2,57,37.7,81,77,2025-11-17 04:00:00+00:00
25.8,83,22.7,1013.2,1014.4,100,52,34,100,16.6,15,34.6,0.7,450.0,-0.4,3.0,16.1,-5.1,38.7,56,36.7,79,78,2025-11-17 05:00:00+00:00
26.6,73,21.4,1012.7,1013.9,100,14,2,100,20.4,17,40.0,0.2,80.0,-0.5,45.0,16.3,-4.7,34.5,59,37.3,86,73,2025-11-17 06:00:00+00:00
26.8,72,21.2,1011.9,1013.1,100,54,100,100,22.7,24,57.6,0.1,30.0,-0.6,63.0,16.1,-4.9,33.3,54,36.2,84,72,2025-11-17 07:00:00+00:00
26.1,77,21.7,1011.2,1012.4,100,41,59,100,23.4,21,51.8,0.6,180.0,-0.7,1.0,16.3,-4.9,33.3,54,36.5,81,73,2025-11-17 08:00:00+00:00
25.8,82,22.4,1010.5,1011.7,100,42,84,100,20.7,20,49.7,0.8,290.0,-0.6,3.0,16.3,-5.1,33.5,53,38.1,77,74,2025-11-17 09:00:00+00:00
25.5,84,22.6,1010.3,1011.5,100,19,53,100,20.8,18,45.7,1.6,400.0,-0.6,6.0,16.3,-5.4,34.8,53,38.7,74,74,2025-11-17 10:00:00+00:00
25.2,86,22.7,1010.4,1011.6,100,88,51,100,20.7,17,41.0,1.9,410.0,-0.6,6.0,15.9,-5.1,36.2,49,39.2,67,71,2025-11-17 11:00:00+00:00
24.3,90,22.5,1010.8,1012.0,100,21,8,100,16.8,2,41.0,1.1,230.0,-0.6,33.0,16.7,-5.1,41.3,49,32.3,68,79,2025-11-17 12:00:00+00:00
24.5,91,22.9,1011.1,1012.3,100,27,35,100,16.0,3,33.5,1.7,460.0,-1.1,28.0,16.8,-5.1,41.0,49,36.6,67,82,2025-11-17 13:00:00+00:00
24.2,95,23.3,1012.3,1013.5,100,100,89,100,14.2,7,29.9,4.8,540.0,-1.5,0.0,16.5,-4.7,41.3,49,36.4,73,82,2025-11-17 14:00:00+00:00
24.1,95,23.2,1012.6,1013.8,100,45,39,100,12.7,15,27.0,1.6,620.0,-1.8,1.0,16.5,-4.4,42.5,46,31.8,79,82,2025-11-17 15:00:00+00:00
24.5,93,23.3,1012.8,1014.0,89,20,21,83,14.1,14,27.0,0.8,740.0,-1.9,1.0,16.5,-4.2,43.5,47,26.5,85,82,2025-11-17 16:00:00+00:00
24.3,93,23.1,1012.4,1013.6,100,86,32,96,10.7,35,26.3,0.4,760.0,-1.8,0.0,16.5,-4.4,43.6,50,26.4,90,83,2025-11-17 17:00:00+00:00
24.0,94,22.9,1012.3,1013.5,100,95,79,91,10.7,20,24.5,1.1,620.0,-1.7,1.0,16.5,-4.7,35.7,52,29.0,97,81,2025-11-17 18:00:00+00:00
24.1,93,22.9,1011.5,1012.7,86,52,53,41,10.4,39,21.2,0.5,560.0,-1.5,2.0,16.3,-4.9,33.0,55,28.9,95,80,2025-11-17 19:00:00+00:00
24.1,95,23.2,1010.8,1012.0,87,36,45,68,4.8,29,18.7,0.6,670.0,-1.5,0.0,16.4,-4.9,32.9,56,27.7,95,80,2025-11-17 20:00:00+00:00
23.5,97,23.0,1010.2,1011.4,94,16,87,47,9.3,15,19.4,1.7,360.0,-1.3,2.0,16.5,-4.9,36.2,59,27.8,97,80,2025-11-17 21:00:00+00:00
23.2,97,22.6,1009.7,1010.9,82,62,34,35,11.8,348,22.3,0.4,550.0,-1.3,0.0,16.1,-4.9,33.4,58,26.5,95,77,2025-11-17 22:00:00+00:00
23.3,95,22.5,1010.2,1011.4,89,35,40,73,8.3,349,22.3,0.5,140.0,-1.2,23.0,16.5,-4.9,35.1,60,26.5,95,82,2025-11-17 23:00:00+00:00
23.3,96,22.7,1010.6,1011.8,100,100,41,90,5.6,318,17.6,2.7,910.0,-1.0,0.0,16.5,-5.1,27.4,69,26.6,98,77,2025-11-18 00:00:00+00:00
24.1,94,23.1,1011.1,1012.3,98,88,18,77,7.3,344,15.1,0.1,1120.0,-1.0,1.0,16.4,-5.1,30.0,66,25.7,101,82,2025-11-18 01:00:00+00:00
25.2,93,24.1,1011.8,1013.0,95,14,28,91,6.2,49,13.3,0.1,1310.0,-1.7,7.0,16.4,-5.1,28.5,65,25.7,101,77,2025-11-18 02:00:00+00:00
26.5,88,24.4,1012.1,1013.3,94,41,52,77,7.9,30,19.1,0.1,1820.0,-1.3,1.0,16.5,-5.1,31.1,68,25.9,103,80,2025-11-18 03:00:00+00:00
27.2,78,23.0,1012.5,1013.7,98,36,24,98,11.7,41,31.7,0.3,970.0,-1.3,0.0,16.4,-5.1,31.4,66,27.1,103,80,2025-11-18 04:00:00+00:00
27.1,76,22.5,1011.9,1013.1,89,32,69,53,16.0,56,38.2,0.2,410.0,-2.0,4.0,16.3,-4.9,32.0,62,27.1,103,80,2025-11-18 05:00:00+00:00
27.6,79,23.6,1011.3,1012.4,94,5,13,93,11.2,53,37.8,1.9,1290.0,-2.3,0.0,16.5,-4.9,23.6,65,28.8,92,82,2025-11-18 06:00:00+00:00
27.0,76,22.5,1010.3,1011.5,91,24,46,80,14.7,48,41.0,1.1,480.0,-2.4,9.0,16.9,-4.9,26.1,67,26.5,95,86,2025-11-18 07:00:00+00:00
27.0,78,22.9,1009.4,1010.5,55,21,45,0,16.4,63,41.0,0.3,760.0,-1.8,1.0,16.8,-4.7,26.8,69,26.4,93,86,2025-11-18 08:00:00+00:00
27.4,77,22.9,1008.7,1009.8,59,28,47,0,15.7,50,40.7,0.1,900.0,-1.0,0.0,16.9,-4.7,27.5,66,25.2,87,87,2025-11-18 09:00:00+00:00
27.4,74,22.5,1008.8,1009.9,54,14,47,0,16.2,52,42.5,0.1,760.0,-0.6,0.0,16.8,-4.7,29.4,68,24.0,87,84,2025-11-18 10:00:00+00:00
26.4,79,22.5,1008.8,1010.0,53,42,27,0,16.3,41,40.0,0.2,640.0,-0.2,2.0,17.0,-4.9,31.7,67,25.3,85,88,2025-11-18 11:00:00+00:00
25.6,84,22.7,1009.2,1010.4,23,16,9,0,12.8,14,35.3,0.2,580.0,-0.3,3.0,17.3,-4.7,32.1,67,25.5,82,84,2025-11-18 12:00:00+00:00
25.1,87,22.7,1009.9,1011.1,41,27,32,0,9.7,10,26.3,0.1,550.0,0.3,7.0,17.3,-4.7,32.5,68,25.5,82,87,2025-11-18 13:00:00+00:00
25.1,87,22.8,1011.1,1012.3,31,22,12,0,8.0,18,19.4,0.1,540.0,0.8,0.0,17.4,-4.9,33.3,68,25.5,82,86,2025-11-18 14:00:00+00:00
25.0,88,22.9,1011.9,1013.1,100,100,11,0,7.4,22,18.0,0.0,770.0,0.8,0.0,17.4,-4.9,33.9,70,26.6,82,84,2025-11-18 15:00:00+00:00
25.2,89,23.2,1012.0,1013.2,100,100,10,0,8.1,32,17.3,0.1,870.0,0.7,0.0,17.1,-4.9,33.3,71,28.8,88,84,2025-11-18 16:00:00+00:00
25.1,89,23.2,1012.0,1013.2,100,100,13,0,7.4,18,17.6,0.0,940.0,0.5,0.0,17.0,-5.1,31.6,72,28.8,92,81,2025-11-18 17:00:00+00:00
24.0,95,23.1,1011.7,1012.9,35,18,26,0,6.3,15,17.6,0.1,720.0,0.5,2.0,16.8,-5.1,29.2,79,31.2,88,79,2025-11-18 18:00:00+00:00
24.1,94,23.2,1011.0,1012.2,31,25,19,0,7.9,347,14.8,0.1,780.0,0.4,14.0,17.0,-5.1,27.8,80,31.2,90,78,2025-11-18 19:00:00+00:00
23.8,96,23.0,1010.4,1011.6,36,35,20,0,8.2,345,16.2,0.1,670.0,0.1,16.0,17.0,-5.1,27.1,77,31.3,86,77,2025-11-18 20:00:00+00:00
23.4,96,22.8,1010.0,1011.2,43,32,17,0,7.3,340,15.5,0.1,610.0,-0.1,9.0,16.9,-4.9,27.2,72,30.2,83,69,2025-11-18 21:00:00+00:00
23.3,96,22.6,1009.7,1010.9,34,29,14,0,8.4,337,16.2,0.1,560.0,-0.1,9.0,16.8,-4.7,26.4,69,30.6,79,51,2025-11-18 22:00:00+00:00
23.5,95,22.6,1009.8,1011.0,46,45,12,0,9.2,353,17.6,0.1,490.0,0.4,18.0,16.7,-4.4,25.7,65,30.0,74,51,2025-11-18 23:00:00+00:00
23.6,94,22.6,1010.5,1011.7,62,49,29,0,9.5,1,18.0,0.0,480.0,0.3,24.0,16.4,-4.9,24.7,65,27.0,69,51,2025-11-19 00:00:00+00:00
23.8,93,22.6,1011.6,1012.8,55,48,13,0,9.7,350,18.4,0.0,470.0,0.6,24.0,16.5,-4.9,24.9,64,27.0,69,60,2025-11-19 01:00:00+00:00
24.6,92,23.2,1012.3,1013.5,74,48,51,0,8.3,356,18.7,0.0,760.0,-0.3,14.0,16.5,-4.9,25.3,64,27.4,67,48,2025-11-19 02:00:00+00:00
26.4,84,23.6,1012.9,1014.1,23,18,13,0,10.0,8,22.7,0.1,1290.0,-0.1,2.0,16.5,-4.9,23.6,65,29.6,69,52,2025-11-19 03:00:00+00:00
27.8,71,22.2,1013.2,1014.4,25,23,3,0,16.3,32,38.5,0.1,620.0,0.2,0.0,16.7,-4.9,23.1,60,30.8,69,42,2025-11-19 04:00:00+00:00
28.3,64,20.9,1013.0,1014.1,7,0,7,0,16.8,30,40.0,0.0,80.0,0.5,52.0,16.7,-4.7,20.6,55,30.4,72,53,2025-11-19 05:00:00+00:00
29.0,62,21.1,1011.5,1012.6,5,1,4,0,18.4,20,42.1,0.0,210.0,0.8,47.0,16.2,-4.7,20.3,34,24.5,79,58,2025-11-19 06:00:00+00:00
29.0,64,21.5,1010.7,1011.8,24,23,2,0,19.8,20,46.4,0.0,380.0,0.8,18.0,16.8,-4.7,21.5,36,24.1,84,64,2025-11-19 07:00:00+00:00
28.9,64,21.3,1010.0,1011.1,45,45,0,0,20.4,26,48.2,0.0,330.0,0.8,19.0,17.0,-4.7,21.9,31,22.8,87,69,2025-11-19 08:00:00+00:00
28.3,65,21.2,1009.4,1010.5,55,35,0,30,20.1,28,48.2,0.0,290.0,0.7,22.0,16.9,-4.4,22.0,24,21.6,87,68,2025-11-19 09:00:00+00:00
27.9,67,21.2,1009.3,1010.4,44,42,0,3,18.7,26,46.4,0.0,270.0,0.5,34.0,16.8,-4.4,22.0,18,20.7,80,69,2025-11-19 10:00:00+00:00
27.2,71,21.6,1009.2,1010.3,86,42,0,76,17.2,24,42.8,0.0,390.0,-0.2,37.0,17.6,-4.4,23.8,17,19.8,76,70,2025-11-19 11:00:00+00:00
26.5,77,22.1,1009.7,1010.9,55,21,0,42,15.0,21,36.4,0.0,600.0,0.1,6.0,18.0,-4.7,20.2,14,24.7,76,68,2025-11-19 12:00:00+00:00
26.2,77,21.9,1010.1,1011.3,5,2,3,0,16.2,26,32.8,0.0,450.0,0.6,37.0,18.3,-4.9,21.0,18,24.7,76,69,2025-11-19 13:00:00+00:00
26.1,75,21.3,1011.5,1012.7,11,8,7,0,15.9,28,33.1,0.0,170.0,1.2,87.0,18.5,-4.9,24.3,23,25.9,77,71,2025-11-19 14:00:00+00:00
26.0,73,20.9,1012.1,1013.3,15,0,15,0,15.2,29,32.0,0.0,330.0,2.2,6.0,18.3,-4.9,26.3,26,26.2,74,72,2025-11-19 15:00:00+00:00
25.8,75,21.1,1012.4,1013.6,38,0,38,0,14.7,31,31.0,0.0,280.0,2.0,3.0,18.3,-4.9,27.5,27,26.2,74,74,2025-11-19 16:00:00+00:00
25.7,76,21.1,1012.1,1013.3,22,0,21,2,13.0,29,29.5,0.0,40.0,1.6,103.0,18.3,-4.9,28.7,27,26.6,72,73,2025-11-19 17:00:00+00:00
25.8,72,20.3,1012.0,1013.2,23,0,18,7,12.1,23,25.9,0.0,160.0,1.9,1.0,18.3,-5.1,24.5,27,25.7,79,71,2025-11-19 18:00:00+00:00
25.4,72,20.0,1011.5,1012.7,38,0,25,17,11.3,20,24.1,0.0,0.0,2.3,7.0,18.3,-4.9,25.3,28,28.0,80,73,2025-11-19 19:00:00+00:00
25.1,72,19.8,1011.2,1012.4,49,0,17,38,10.9,13,22.0,0.0,0.0,2.5,6.0,18.3,-4.9,24.3,28,28.0,80,73,2025-11-19 20:00:00+00:00
24.9,72,19.5,1010.2,1011.4,98,0,0,98,11.1,7,21.6,0.0,0.0,2.3,0.0,18.6,-4.7,23.7,30,29.2,81,71,2025-11-19 21:00:00+00:00
24.6,72,19.2,1009.9,1011.1,96,0,1,96,10.6,4,22.0,0.0,0.0,2.9,6.0,18.7,-4.7,24.0,33,30.4,81,70,2025-11-19 22:00:00+00:00
24.3,73,19.2,1010.2,1011.4,97,0,5,97,9.6,3,20.5,0.0,0.0,3.7,19.0,18.9,-4.7,25.1,37,30.4,81,73,2025-11-19 23:00:00+00:00
24.5,76,19.9,1010.7,1011.9,73,0,2,73,10.8,349,18.4,0.0,0.0,4.5,70.0,18.9,-4.9,24.2,41,29.2,81,76,2025-11-20 00:00:00+00:00
24.0,78,20.0,1011.2,1012.4,100,2,2,100,11.9,345,23.4,0.0,0.0,5.0,24.0,19.1,-4.7,26.7,46,30.4,81,72,2025-11-20 01:00:00+00:00
25.0,80,21.3,1012.2,1013.4,96,11,2,95,12.2,351,25.9,0.0,0.0,4.3,10.0,19.3,-4.4,28.5,50,32.6,84,64,2025-11-20 02:00:00+00:00
26.4,80,22.7,1012.6,1013.8,100,45,5,100,11.6,348,27.0,0.0,570.0,3.3,24.0,19.2,-4.4,30.6,53,32.6,84,63,2025-11-20 03:00:00+00:00
27.4,76,22.8,1013.0,1014.2,100,26,13,100,14.6,3,33.1,0.0,890.0,2.4,2.0,18.5,-4.4,32.6,57,33.8,84,69,2025-11-20 04:00:00+00:00
27.8,73,22.5,1012.6,1013.8,100,25,23,100,17.8,20,41.0,0.0,780.0,1.3,0.0,17.5,-4.4,34.4,58,33.7,86,71,2025-11-20 05:00:00+00:00
27.8,72,22.3,1012.1,1013.2,100,26,17,100,19.1,14,41.8,0.1,740.0,0.0,2.0,17.4,-4.7,32.9,48,32.4,92,76,2025-11-20 06:00:00+00:00
28.0,70,22.0,1011.1,1012.2,100,19,9,100,19.5,14,49.3,0.0,610.0,-0.5,18.0,16.7,-4.7,29.7,43,32.5,94,78,2025-11-20 07:00:00+00:00
28.2,69,21.9,1010.0,1011.1,100,7,2,100,18.9,16,50.0,0.0,500.0,-0.7,38.0,16.7,-4.9,26.8,42,32.4,90,74,2025-11-20 08:00:00+00:00
28.2,69,22.0,1009.8,1010.9,100,13,5,100,18.6,22,44.3,0.0,570.0,-0.5,12.0,16.9,-4.7,26.7,46,33.6,90,67,2025-11-20 09:00:00+00:00
27.8,70,21.9,1009.6,1010.7,100,29,4,100,19.4,18,45.0,0.0,550.0,-0.1,34.0,17.1,-4.7,27.9,52,33.6,90,56,2025-11-20 10:00:00+00:00
27.5,72,22.0,1009.8,1010.9,100,55,3,100,16.6,20,43.9,0.0,610.0,-0.6,31.0,17.9,-4.7,31.0,60,33.6,92,50,2025-11-20 11:00:00+00:00
27.0,78,22.9,1010.4,1011.6,99,22,8,98,12.8,22,34.9,0.0,1090.0,-1.2,8.0,17.7,-4.7,28.8,59,32.4,88,49,2025-11-20 12:00:00+00:00
26.4,80,22.6,1011.2,1012.4,89,16,3,87,12.8,9,26.3,0.0,850.0,-1.5,27.0,18.0,-4.9,30.7,58,32.4,90,64,2025-11-20 13:00:00+00:00
26.1,81,22.7,1012.0,1013.2,96,21,0,95,12.3,12,25.6,0.0,770.0,-2.2,24.0,18.0,-4.9,31.7,58,33.6,90,72,2025-11-20 14:00:00+00:00
25.9,85,23.1,1012.9,1014.1,100,30,11,99,13.3,18,28.8,0.0,960.0,-2.6,1.0,17.7,-4.9,31.7,55,33.6,92,77,2025-11-20 15:00:00+00:00
25.9,86,23.3,1013.2,1014.4,99,20,26,99,12.9,16,26.6,0.0,1130.0,-2.8,8.0,17.9,-5.1,30.7,55,34.8,90,77,2025-11-20 16:00:00+00:00
25.6,86,23.0,1013.2,1014.4,98,42,34,97,12.4,24,25.9,0.1,960.0,-2.7,0.0,17.6,-5.1,29.2,56,33.6,90,76,2025-11-20 17:00:00+00:00
25.7,87,23.3,1012.6,1013.8,98,30,33,98,11.9,11,25.9,0.1,1270.0,-2.6,7.0,17.7,-5.1,27.6,68,37.4,96,76,2025-11-20 18:00:00+00:00
25.7,88,23.5,1012.1,1013.3,52,29,20,23,10.5,22,24.5,0.1,1280.0,-2.3,1.0,17.7,-5.1,26.9,66,36.2,96,74,2025-11-20 19:00:00+00:00
25.5,89,23.5,1011.4,1012.6,83,56,16,55,9.7,27,20.5,0.1,1280.0,-2.5,0.0,17.6,-5.1,26.3,64,36.3,98,74,2025-11-20 20:00:00+00:00
25.3,90,23.5,1010.9,1012.1,94,45,12,87,9.3,13,18.4,0.1,1260.0,-2.3,0.0,17.9,-5.1,26.9,64,35.3,100,72,2025-11-20 21:00:00+00:00
25.1,91,23.5,1010.8,1012.0,93,32,42,83,8.6,16,18.4,0.1,1290.0,-2.1,8.0,17.5,-5.1,28.5,61,35.5,102,72,2025-11-20 22:00:00+00:00
25.1,90,23.4,1011.0,1012.2,89,77,5,52,9.8,18,19.1,0.1,1280.0,-1.9,0.0,17.9,-5.1,31.8,63,34.9,106,71,2025-11-20 23:00:00+00:00
25.0,92,23.6,1011.4,1012.6,100,34,0,100,8.1,18,19.8,0.0,1550.0,-2.0,1.0,17.7,-5.1,33.6,62,36.1,105,71,2025-11-21 00:00:00+00:00
25.1,93,23.8,1012.3,1013.5,99,32,9,99,8.3,33,16.6,0.1,1610.0,-2.0,1.0,17.5,-5.1,34.4,62,34.9,106,69,2025-11-21 01:00:00+00:00
25.8,90,24.0,1013.3,1014.5,100,37,34,100,9.6,40,21.6,0.2,1440.0,-2.8,2.0,17.6,-4.9,33.8,64,35.3,108,69,2025-11-21 02:00:00+00:00
26.8,85,24.0,1013.4,1014.6,100,46,10,100,13.2,34,28.4,0.2,1900.0,-2.9,2.0,17.7,-4.9,34.7,67,33.8,107,69,2025-11-21 03:00:00+00:00
27.9,80,24.2,1013.6,1014.8,98,11,21,97,15.8,42,37.1,0.5,2090.0,-3.0,2.0,17.9,-4.9,34.2,69,33.8,107,68,2025-11-21 04:00:00+00:00
28.2,79,24.3,1013.8,1015.0,84,38,16,70,14.5,46,37.1,0.2,2080.0,-2.8,0.0,18.0,-4.9,34.5,67,32.3,105,69,2025-11-21 05:00:00+00:00
28.6,81,25.1,1013.3,1014.4,95,40,9,91,9.1,51,36.7,0.2,2800.0,-3.0,0.0,18.1,-4.7,32.7,67,34.6,104,72,2025-11-21 06:00:00+00:00
28.8,76,24.2,1012.1,1013.2,94,16,20,91,12.8,58,36.0,0.1,2230.0,-3.2,0.0,17.9,-4.7,31.2,65,33.8,107,74,2025-11-21 07:00:00+00:00
27.9,80,24.2,1011.1,1012.2,91,13,14,89,9.7,39,37.1,0.5,1950.0,-3.1,2.0,17.7,-4.7,31.4,60,33.8,107,72,2025-11-21 08:00:00+00:00
28.6,77,24.2,1010.5,1011.6,98,41,19,95,12.8,48,33.8,0.1,2290.0,-3.4,0.0,17.9,-4.7,34.1,60,31.2,106,71,2025-11-21 09:00:00+00:00
27.1,84,24.1,1010.7,1011.9,99,73,39,98,12.0,39,38.5,0.2,1880.0,-3.8,0.0,18.0,-4.7,36.2,59,28.5,105,72,2025-11-21 10:00:00+00:00
25.9,88,23.7,1010.9,1012.1,99,31,41,99,6.6,351,31.3,0.2,1410.0,-3.8,3.0,18.3,-4.7,37.0,58,27.4,105,71,2025-11-21 11:00:00+00:00
26.9,87,24.6,1011.1,1012.3,100,19,21,100,11.7,25,21.2,0.4,2520.0,-3.7,8.0,18.1,-4.7,38.3,62,28.5,105,67,2025-11-21 12:00:00+00:00
25.9,87,23.6,1011.7,1012.9,100,21,41,99,12.7,7,24.8,0.5,1600.0,-3.3,2.0,18.1,-4.7,40.2,62,28.5,105,73,2025-11-21 13:00:00+00:00
25.7,91,24.1,1012.5,1013.7,99,28,20,98,13.5,10,26.6,0.4,1590.0,-3.0,2.0,18.0,-4.7,41.4,63,27.8,97,67,2025-11-21 14:00:00+00:00
25.5,91,24.0,1013.0,1014.2,100,14,13,100,13.5,19,26.6,0.3,1630.0,-2.9,3.0,18.0,-4.9,42.2,62,28.8,92,64,2025-11-21 15:00:00+00:00
25.1,93,23.8,1013.5,1014.7,100,82,65,100,10.1,50,26.6,0.4,1460.0,-2.8,0.0,17.9,-4.9,41.6,65,28.8,92,66,2025-11-21 16:00:00+00:00
24.6,92,23.2,1013.9,1015.1,100,91,51,100,10.8,89,23.4,0.8,1080.0,-2.8,3.0,17.5,-4.9,42.5,67,30.0,92,66,2025-11-21 17:00:00+00:00
26.0,89,24.1,1012.8,1014.0,100,13,9,100,9.3,43,23.8,1.0,2030.0,-2.6,15.0,17.6,-4.9,37.8,75,30.1,95,67,2025-11-21 18:00:00+00:00
24.3,92,23.0,1012.7,1013.9,100,42,45,100,9.8,50,20.9,1.6,1440.0,-2.6,0.0,17.6,-4.9,38.1,75,30.1,95,69,2025-11-21 19:00:00+00:00
24.1,93,22.9,1011.5,1012.7,100,30,42,100,9.0,15,19.1,4.0,1080.0,-2.5,12.0,17.6,-4.9,36.4,78,30.1,95,70,2025-11-21 20:00:00+00:00
24.6,93,23.4,1011.0,1012.2,100,16,20,100,12.2,25,25.2,0.2,1090.0,-2.1,9.0,17.5,-5.1,36.3,78,28.9,95,71,2025-11-21 21:00:00+00:00
24.4,94,23.4,1011.1,1012.3,100,22,3,100,8.6,8,22.7,0.0,1070.0,-2.3,7.0,17.5,-5.1,35.6,77,27.7,95,72,2025-11-21 22:00:00+00:00
24.1,94,23.1,1011.4,1012.6,100,52,17,100,9.0,357,20.5,0.0,1090.0,-2.0,1.0,17.5,-5.4,36.4,75,27.7,95,71,2025-11-21 23:00:00+00:00
24.7,91,23.1,1011.6,1012.8,98,2,9,98,6.6,22,20.5,0.8,1190.0,-2.1,7.0,17.7,-5.1,37.1,76,25.2,87,68,2025-11-22 00:00:00+00:00
24.7,94,23.7,1012.1,1013.3,100,81,42,99,10.3,33,19.1,0.0,1410.0,-1.9,0.0,17.9,-5.1,37.5,74,24.0,93,70,2025-11-22 01:00:00+00:00
26.0,87,23.8,1012.9,1014.1,100,41,30,100,9.5,46,22.7,0.6,1470.0,-2.5,11.0,17.7,-4.4,39.6,73,26.6,98,69,2025-11-22 02:00:00+00:00
26.8,88,24.7,1013.7,1014.9,99,80,9,95,7.9,24,24.5,0.2,2310.0,-3.0,0.0,17.7,-4.4,41.2,72,34.1,100,70,2025-11-22 03:00:00+00:00
26.5,86,23.9,1014.0,1015.2,99,25,16,99,13.3,21,35.6,0.5,1250.0,-3.1,0.0,17.7,-4.7,41.4,73,34.1,100,69,2025-11-22 04:00:00+00:00
27.3,81,23.8,1013.2,1014.4,100,6,5,100,13.4,17,34.9,0.1,1400.0,-3.2,10.0,17.6,-4.7,41.7,74,31.4,97,63,2025-11-22 05:00:00+00:00
29.0,75,24.2,1012.5,1013.6,99,16,16,99,16.4,25,37.1,0.2,2180.0,-3.1,4.0,17.6,-4.9,37.6,67,30.2,97,66,2025-11-22 06:00:00+00:00
28.9,76,24.2,1011.8,1012.9,98,16,41,97,16.6,53,43.2,0.3,2250.0,-3.2,0.0,17.9,-4.9,37.5,72,29.0,97,63,2025-11-22 07:00:00+00:00
29.1,74,23.9,1010.7,1011.8,95,14,13,95,17.4,54,43.2,0.0,2160.0,-3.1,0.0,17.9,-4.9,38.5,71,29.0,97,57,2025-11-22 08:00:00+00:00
27.0,80,23.2,1010.1,1011.3,99,39,50,97,20.4,78,47.9,0.7,1160.0,-3.2,11.0,18.0,-5.1,38.1,69,29.0,97,63,2025-11-22 09:00:00+00:00
27.0,83,23.9,1010.0,1011.2,75,2,17,70,15.9,57,45.7,0.1,1710.0,-3.4,13.0,18.1,-5.1,37.3,65,27.7,95,53,2025-11-22 10:00:00+00:00
27.0,82,23.7,1010.0,1011.2,52,23,3,37,16.8,53,41.4,0.1,1610.0,-3.4,3.0,17.9,-4.9,34.6,63,27.7,95,64,2025-11-22 11:00:00+00:00
26.7,85,23.9,1010.3,1011.5,100,11,18,100,12.5,44,37.8,0.0,1880.0,-2.9,9.0,18.3,-5.1,33.7,67,27.6,90,54,2025-11-22 12:00:00+00:00
25.8,88,23.7,1011.4,1012.6,100,30,38,100,12.9,72,26.6,0.2,1440.0,-2.4,9.0,18.2,-4.9,31.9,68,27.6,90,51,2025-11-22 13:00:00+00:00
26.2,87,23.9,1012.0,1013.2,100,30,12,100,9.2,39,25.6,0.1,1720.0,-2.6,3.0,18.1,-4.9,32.3,67,27.6,88,52,2025-11-22 14:00:00+00:00
26.4,86,23.9,1012.5,1013.7,100,29,14,100,10.0,39,19.1,0.0,1710.0,-2.3,3.0,17.7,-4.9,34.1,67,27.6,88,58,2025-11-22 15:00:00+00:00
26.3,87,23.9,1012.7,1013.9,98,27,17,96,10.3,55,25.2,0.1,1890.0,-2.8,1.0,17.6,-4.7,34.3,71,28.8,88,57,2025-11-22 16:00:00+00:00
24.0,94,23.0,1013.2,1014.4,93,62,60,60,9.2,102,25.9,1.4,920.0,-2.6,4.0,17.4,-4.7,34.6,74,30.1,85,63,2025-11-22 17:00:00+00:00
25.1,91,23.5,1012.8,1014.0,100,34,11,100,7.4,45,20.5,0.3,1340.0,-2.2,4.0,17.4,-5.1,33.9,85,34.8,90,64,2025-11-22 18:00:00+00:00
25.6,91,24.0,1012.2,1013.4,100,10,5,100,11.1,25,21.2,0.0,1810.0,-2.0,12.0,17.5,-5.4,32.4,86,33.6,88,67,2025-11-22 19:00:00+00:00
25.6,92,24.2,1011.3,1012.5,100,23,23,100,9.0,23,21.2,0.0,1960.0,-1.7,6.0,17.5,-5.4,31.0,87,33.6,92,64,2025-11-22 20:00:00+00:00
23.5,96,22.9,1012.0,1013.2,100,83,13,100,11.2,80,23.8,3.3,1000.0,-1.5,2.0,17.4,-5.4,30.1,87,33.6,92,69,2025-11-22 21:00:00+00:00
23.6,94,22.6,1011.5,1012.7,100,98,46,93,8.0,80,21.6,0.7,1120.0,-1.3,1.0,17.5,-5.4,28.3,87,36.1,94,71,2025-11-22 22:00:00+00:00
23.8,94,22.9,1011.6,1012.8,96,34,4,95,8.6,31,16.9,1.2,900.0,-1.0,2.0,17.3,-5.1,28.7,87,37.3,94,71,2025-11-22 23:00:00+00:00
24.8,91,23.3,1011.7,1012.9,100,38,9,100,5.3,352,18.7,0.2,1500.0,-1.1,1.0,17.5,-5.4,29.2,94,33.6,90,68,2025-11-23 00:00:00+00:00
23.5,94,22.6,1012.6,1013.8,100,37,57,100,15.5,2,31.0,0.5,900.0,-1.5,10.0,17.3,-5.4,29.7,94,34.8,92,68,2025-11-23 01:00:00+00:00
24.2,92,22.8,1013.4,1014.6,100,54,35,100,13.4,17,31.7,0.2,1010.0,-2.2,9.0,17.4,-5.1,31.4,91,34.9,94,71,2025-11-23 02:00:00+00:00
25.1,88,23.0,1013.9,1015.1,100,84,50,100,16.2,35,37.4,0.5,1030.0,-2.6,1.0,17.4,-4.4,34.6,89,37.5,97,74,2025-11-23 03:00:00+00:00
25.4,86,22.8,1014.4,1015.6,100,33,45,100,14.5,58,42.1,0.9,630.0,-2.4,15.0,17.4,-4.2,35.1,89,35.0,96,72,2025-11-23 04:00:00+00:00
26.8,81,23.4,1013.7,1014.9,100,13,15,100,13.2,29,33.1,0.1,1170.0,-2.9,6.0,17.5,-4.2,34.7,87,33.8,96,70,2025-11-23 05:00:00+00:00
27.4,79,23.4,1013.1,1014.3,100,33,55,100,15.7,63,33.8,0.1,1300.0,-2.9,6.0,17.6,-4.7,33.9,73,31.2,88,66,2025-11-23 06:00:00+00:00
28.3,77,23.9,1011.9,1013.0,100,9,2,100,14.4,50,36.0,0.1,1960.0,-2.4,2.0,17.7,-4.7,32.6,72,30.0,90,66,2025-11-23 07:00:00+00:00
28.7,76,24.0,1010.6,1011.7,100,11,5,100,14.2,39,35.6,0.0,2130.0,-2.7,0.0,18.0,-4.7,33.0,66,30.0,90,69,2025-11-23 08:00:00+00:00
27.4,81,24.0,1009.7,1010.8,100,11,10,99,14.8,46,40.7,0.1,1910.0,-2.8,3.0,18.0,-4.7,32.6,62,28.8,90,64,2025-11-23 09:00:00+00:00
27.3,81,23.9,1009.4,1010.5,95,22,22,92,12.3,51,37.4,0.1,1770.0,-2.6,6.0,18.0,-4.7,33.5,61,27.6,90,67,2025-11-23 10:00:00+00:00
28.0,79,24.0,1009.4,1010.5,37,17,26,0,15.0,63,37.8,0.0,2180.0,-2.6,1.0,17.7,-4.7,35.9,63,26.4,87,68,2025-11-23 11:00:00+00:00
26.5,87,24.3,1010.2,1011.4,66,24,45,17,12.9,41,32.8,0.7,2130.0,-2.1,6.0,18.1,-4.7,34.5,66,22.8,87,46,2025-11-23 12:00:00+00:00
25.4,91,23.9,1011.1,1012.3,91,60,68,28,13.8,49,28.8,0.1,1710.0,-2.0,0.0,18.0,-4.9,35.4,68,24.0,87,51,2025-11-23 13:00:00+00:00
25.3,91,23.7,1012.1,1013.3,91,72,45,42,16.0,51,31.7,0.3,1550.0,-2.0,0.0,17.9,-4.9,36.6,71,25.2,87,57,2025-11-23 14:00:00+00:00
25.0,92,23.7,1012.8,1014.0,98,54,19,94,10.6,21,32.0,0.2,1290.0,-2.1,0.0,17.6,-4.9,37.7,75,26.6,82,57,2025-11-23 15:00:00+00:00
23.9,97,23.4,1013.4,1014.6,100,100,49,100,11.0,23,24.1,0.6,1150.0,-2.0,0.0,17.4,-5.1,38.0,80,30.4,81,57,2025-11-23 16:00:00+00:00
23.8,95,23.0,1013.3,1014.5,100,80,19,100,9.1,18,24.5,1.4,1030.0,-1.7,1.0,17.4,-5.1,36.4,81,32.4,88,58,2025-11-23 17:00:00+00:00
25.6,91,23.9,1012.7,1013.9,100,2,12,100,10.9,34,20.2,0.5,1840.0,-1.4,6.0,17.5,-4.9,33.8,76,31.3,94,44,2025-11-23 18:00:00+00:00
25.5,91,23.9,1012.1,1013.3,98,22,20,98,11.1,20,22.0,0.1,1650.0,-1.4,13.0,17.5,-4.9,33.4,76,30.1,95,56,2025-11-23 19:00:00+00:00
24.4,95,23.5,1012.1,1013.3,100,84,60,100,2.1,75,21.6,0.6,900.0,-1.1,0.0,17.5,-4.9,33.2,74,30.1,95,50,2025-11-23 20:00:00+00:00
24.5,95,23.6,1011.4,1012.6,100,19,40,99,7.4,354,14.4,0.4,1150.0,-0.8,13.0,17.1,-4.7,32.4,73,30.1,95,53,2025-11-23 21:00:00+00:00
24.3,91,22.8,1011.5,1012.7,100,23,27,100,7.0,348,16.9,0.5,660.0,-0.5,2.0,17.0,-4.4,34.9,68,28.8,90,59,2025-11-23 22:00:00+00:00
23.8,95,22.9,1011.9,1013.1,100,25,30,100,6.8,305,15.1,0.4,410.0,-0.6,1.0,16.9,-4.4,39.3,65,28.9,95,58,2025-11-23 23:00:00+00:00
25.5,87,23.2,1012.1,1013.3,100,9,28,100,9.5,29,17.3,0.5,1040.0,-0.4,1.0,16.8,-4.9,39.1,56,29.2,81,68,2025-11-24 00:00:00+00:00
25.9,85,23.1,1012.7,1013.9,100,17,77,100,10.4,42,20.9,0.0,1160.0,-0.4,17.0,16.8,-4.9,40.7,58,30.6,79,56,2025-11-24 01:00:00+00:00
26.4,81,22.9,1013.4,1014.6,100,23,48,100,10.5,39,22.0,0.3,990.0,-0.5,14.0,16.8,-5.1,39.4,56,32.3,75,37,2025-11-24 02:00:00+00:00
27.2,78,23.0,1014.0,1015.2,100,9,19,100,12.2,49,24.8,0.6,1200.0,-0.9,8.0,16.7,-5.1,37.6,54,33.5,75,29,2025-11-24 03:00:00+00:00
28.0,74,22.9,1014.4,1015.6,100,8,9,100,16.3,58,37.4,0.5,1230.0,-0.9,3.0,16.9,-5.1,35.4,52,33.5,75,37,2025-11-24 04:00:00+00:00
28.2,73,23.0,1014.1,1015.3,100,6,5,100,15.8,56,38.2,0.1,1260.0,-0.8,1.0,16.7,-5.1,33.3,50,34.4,78,34,2025-11-24 05:00:00+00:00
28.2,73,22.8,1013.5,1014.6,95,9,2,94,17.6,56,40.0,0.0,1120.0,-1.4,1.0,16.9,-5.4,27.1,48,32.5,86,38,2025-11-24 06:00:00+00:00
28.3,73,23.1,1012.3,1013.4,100,8,22,100,18.1,57,43.2,0.3,1240.0,-0.8,2.0,17.0,-5.4,25.8,45,31.3,86,39,2025-11-24 07:00:00+00:00
28.0,73,22.8,1011.4,1012.5,100,8,5,100,18.2,56,42.8,0.1,1100.0,-0.4,2.0,17.3,-5.1,25.5,44,31.3,86,43,2025-11-24 08:00:00+00:00
27.6,74,22.6,1010.6,1011.7,100,12,3,100,18.4,53,42.5,0.0,950.0,-0.7,2.0,17.3,-5.1,26.5,39,30.2,83,41,2025-11-24 09:00:00+00:00
27.5,74,22.4,1010.3,1011.4,100,5,2,100,17.2,53,42.5,0.0,790.0,-0.5,1.0,17.1,-4.9,27.0,37,29.0,83,39,2025-11-24 10:00:00+00:00
27.0,77,22.5,1010.6,1011.8,100,13,2,100,14.9,54,37.1,0.0,760.0,0.3,3.0,17.1,-4.9,27.4,36,29.2,81,38,2025-11-24 11:00:00+00:00
26.8,80,23.0,1011.1,1012.3,100,8,0,100,14.6,56,31.0,0.0,1210.0,0.4,5.0,17.0,-4.7,27.6,31,23.3,78,46,2025-11-24 12:00:00+00:00
26.4,81,22.9,1011.7,1012.9,100,9,0,100,14.7,51,30.2,0.0,1050.0,0.4,7.0,17.1,-4.4,29.4,30,24.7,76,44,2025-11-24 13:00:00+00:00
26.3,82,22.9,1012.6,1013.8,100,12,0,100,15.1,49,31.0,0.0,1010.0,0.4,8.0,17.3,-4.4,31.4,28,26.2,74,47,2025-11-24 14:00:00+00:00
26.0,83,22.9,1013.1,1014.3,90,13,0,88,15.1,45,30.6,0.0,930.0,0.8,7.0,17.1,-4.4,34.4,28,28.1,70,48,2025-11-24 15:00:00+00:00
26.0,83,22.9,1013.3,1014.5,100,20,0,100,15.2,50,30.6,0.0,920.0,1.3,7.0,17.3,-4.4,36.1,28,28.1,70,47,2025-11-24 16:00:00+00:00
25.9,83,22.9,1013.5,1014.7,100,27,1,100,15.2,54,31.3,0.0,940.0,1.8,6.0,17.3,-4.4,35.3,30,29.2,71,43,2025-11-24 17:00:00+00:00
26.0,81,22.6,1013.1,1014.3,100,18,1,100,15.7,50,31.7,0.0,790.0,1.4,6.0,16.9,-4.4,32.7,32,29.2,81,41,2025-11-24 18:00:00+00:00
26.1,80,22.4,1012.6,1013.8,100,22,0,100,16.1,50,33.1,0.0,660.0,1.5,6.0,16.8,-4.2,33.1,34,29.2,81,37,2025-11-24 19:00:00+00:00
25.9,81,22.3,1012.0,1013.2,100,17,0,100,15.3,50,33.1,0.0,650.0,2.4,6.0,16.4,-4.2,34.5,36,30.4,81,33,2025-11-24 20:00:00+00:00
25.9,80,22.2,1011.4,1012.6,99,20,0,99,14.3,45,31.3,0.0,580.0,2.6,10.0,16.2,-4.2,35.7,39,30.2,83,31,2025-11-24 21:00:00+00:00
25.6,81,22.1,1011.0,1012.2,96,16,0,95,14.2,38,28.8,0.0,450.0,2.4,9.0,15.2,-4.0,35.8,41,31.8,79,31,2025-11-24 22:00:00+00:00
25.1,83,22.1,1011.2,1012.4,98,20,9,97,13.8,33,28.8,0.0,350.0,2.9,7.0,15.2,-4.0,36.5,40,33.5,75,31,2025-11-24 23:00:00+00:00
25.8,79,21.9,1011.8,1013.0,100,13,13,100,15.4,49,28.4,0.1,370.0,2.4,13.0,15.7,-4.2,35.8,41,27.1,77,40,2025-11-25 00:00:00+00:00
26.0,77,21.6,1012.3,1013.5,100,13,13,100,15.3,51,31.0,0.2,260.0,1.3,14.0,15.7,-4.4,36.4,42,27.1,77,42,2025-11-25 01:00:00+00:00
26.8,73,21.5,1012.8,1014.0,99,7,2,99,16.0,52,32.4,0.0,220.0,1.4,6.0,15.4,-4.2,35.8,49,28.5,75,46,2025-11-25 02:00:00+00:00
27.5,69,21.3,1013.6,1014.8,59,22,13,47,16.8,53,37.8,0.0,140.0,1.0,2.0,16.2,-4.4,35.7,55,30.0,74,50,2025-11-25 03:00:00+00:00
27.9,66,21.0,1014.1,1015.3,28,16,5,13,19.2,53,43.9,0.0,80.0,0.9,4.0,15.8,-4.7,27.9,52,31.2,74,50,2025-11-25 04:00:00+00:00
28.2,65,21.1,1013.6,1014.7,60,22,8,48,20.0,47,46.4,0.1,90.0,1.0,5.0,16.1,-4.9,26.2,50,31.2,74,50,2025-11-25 05:00:00+00:00
28.0,69,21.9,1013.1,1014.2,38,16,6,25,19.2,42,48.2,0.1,310.0,0.9,0.0,16.4,-4.7,28.4,45,31.7,65,66,2025-11-25 06:00:00+00:00
28.1,68,21.6,1012.3,1013.4,13,10,6,0,19.2,43,45.7,0.2,260.0,0.9,1.0,16.2,-4.9,28.7,42,31.7,65,66,2025-11-25 07:00:00+00:00
28.1,68,21.5,1011.2,1012.3,10,10,3,0,19.2,40,45.7,0.1,240.0,0.9,1.0,16.1,-5.1,28.8,41,31.7,65,61,2025-11-25 08:00:00+00:00
27.9,68,21.5,1010.7,1011.8,16,13,2,3,18.7,39,45.7,0.0,280.0,1.0,1.0,16.5,-5.1,27.2,40,30.6,64,61,2025-11-25 09:00:00+00:00
27.6,69,21.4,1010.5,1011.6,23,23,0,0,19.2,40,44.3,0.0,220.0,1.2,0.0,16.7,-5.1,28.0,37,30.6,64,58,2025-11-25 10:00:00+00:00
27.0,70,21.1,1010.4,1011.6,5,5,0,0,16.4,39,47.5,0.0,130.0,2.1,3.0,16.7,-4.9,27.9,34,31.2,67,56,2025-11-25 11:00:00+00:00
26.5,75,21.6,1010.8,1012.0,50,6,13,41,16.1,36,34.6,0.0,250.0,2.6,11.0,17.1,-4.7,29.7,32,31.5,72,60,2025-11-25 12:00:00+00:00
26.2,75,21.5,1011.2,1012.4,5,4,0,1,15.2,34,32.8,0.0,160.0,3.4,25.0,16.9,-4.7,31.0,28,32.0,77,57,2025-11-25 13:00:00+00:00
26.0,77,21.6,1012.0,1013.2,100,8,0,100,13.6,31,31.0,0.0,180.0,3.6,29.0,16.9,-4.7,31.3,31,32.8,82,49,2025-11-25 14:00:00+00:00
25.9,76,21.4,1012.4,1013.6,100,26,0,100,13.8,36,27.4,0.0,130.0,3.7,44.0,17.3,-4.4,27.5,29,33.8,84,47,2025-11-25 15:00:00+00:00
25.8,77,21.4,1012.3,1013.5,99,31,0,98,14.1,38,28.4,0.0,110.0,3.8,59.0,17.9,-4.2,27.7,27,34.9,86,38,2025-11-25 16:00:00+00:00
25.8,77,21.5,1012.5,1013.7,100,33,0,100,13.7,38,28.4,0.0,130.0,3.9,54.0,18.1,-4.2,26.3,30,34.9,86,33,2025-11-25 17:00:00+00:00
25.9,78,21.8,1012.1,1013.3,100,40,0,100,12.6,38,27.4,0.0,260.0,3.8,16.0,17.3,-4.4,20.9,44,30.6,79,19,2025-11-25 18:00:00+00:00
25.7,80,22.0,1011.7,1012.9,99,27,0,99,12.1,32,24.8,0.0,330.0,3.9,14.0,17.5,-4.2,21.0,49,31.6,81,17,2025-11-25 19:00:00+00:00
25.4,81,22.0,1010.9,1012.1,100,41,0,100,11.6,36,24.5,0.0,340.0,3.7,12.0,17.9,-4.0,22.6,50,29.2,81,18,2025-11-25 20:00:00+00:00
25.3,82,22.1,1010.8,1012.0,100,21,20,100,11.1,42,23.0,0.0,370.0,3.9,12.0,17.4,-4.0,24.9,50,28.0,80,19,2025-11-25 21:00:00+00:00
25.3,82,22.0,1010.5,1011.7,100,8,15,100,13.2,39,25.9,0.1,340.0,4.1,11.0,16.1,-4.0,27.1,54,28.2,78,19,2025-11-25 22:00:00+00:00
25.0,83,21.9,1010.7,1011.9,100,5,13,100,14.0,36,27.4,0.2,270.0,4.2,10.0,15.0,-4.0,28.5,61,29.4,78,21,2025-11-25 23:00:00+00:00
24.6,87,22.4,1011.2,1012.4,100,9,13,100,14.1,27,27.7,0.1,340.0,3.8,8.0,15.2,-4.4,27.9,62,30.4,81,13,2025-11-26 00:00:00+00:00
24.8,84,21.9,1012.3,1013.5,65,11,8,59,13.5,30,27.7,0.1,160.0,3.8,10.0,15.0,-4.4,26.4,54,31.4,83,14,2025-11-26 01:00:00+00:00
25.7,77,21.4,1013.0,1014.2,100,16,12,100,13.9,25,27.7,0.0,70.0,3.6,9.0,14.8,-4.4,25.5,55,33.8,84,12,2025-11-26 02:00:00+00:00
26.8,68,20.5,1013.7,1014.9,100,6,0,100,17.5,32,38.9,0.0,10.0,4.3,2.0,15.0,-4.4,27.1,65,33.7,86,13,2025-11-26 03:00:00+00:00
27.4,66,20.5,1013.8,1015.0,100,29,0,100,18.6,37,46.8,0.0,20.0,3.6,0.0,14.7,-4.4,29.3,69,33.6,88,13,2025-11-26 04:00:00+00:00
27.8,60,19.5,1013.8,1015.0,100,7,0,100,17.9,40,47.5,0.0,10.0,4.3,0.0,14.7,-4.2,26.9,62,33.6,88,14,2025-11-26 05:00:00+00:00
28.0,61,19.7,1013.4,1014.5,100,70,5,100,18.4,36,48.6,0.0,10.0,3.5,0.0,14.8,-4.4,20.7,41,28.8,92,19,2025-11-26 06:00:00+00:00
28.2,62,20.2,1012.4,1013.5,100,13,3,100,19.1,38,46.8,0.0,40.0,3.1,0.0,14.6,-4.4,23.7,30,30.0,92,18,2025-11-26 07:00:00+00:00
27.9,62,19.9,1011.6,1012.7,100,48,0,100,19.0,35,45.4,0.0,30.0,2.9,51.0,14.8,-4.7,26.3,34,30.0,90,18,2025-11-26 08:00:00+00:00
27.7,62,19.8,1011.1,1012.2,100,16,0,100,19.0,33,45.4,0.0,30.0,1.8,65.0,14.8,-4.7,24.1,37,28.8,90,18,2025-11-26 09:00:00+00:00
27.6,63,19.8,1010.8,1011.9,100,13,0,100,18.8,29,44.3,0.0,30.0,1.7,78.0,15.3,-4.4,27.4,43,28.8,92,16,2025-11-26 10:00:00+00:00
27.1,66,20.2,1011.2,1012.4,99,37,0,99,16.2,26,39.6,0.0,70.0,1.9,3.0,15.2,-4.7,36.9,50,28.8,92,13,2025-11-26 11:00:00+00:00
26.6,70,20.7,1012.1,1013.3,91,27,24,84,15.1,33,33.8,0.0,110.0,2.2,11.0,14.6,-4.7,41.6,46,32.6,96,13,2025-11-26 12:00:00+00:00
26.2,71,20.5,1012.6,1013.8,66,41,1,43,16.8,37,33.8,0.0,70.0,2.8,17.0,14.5,-4.7,41.6,45,32.6,96,11,2025-11-26 13:00:00+00:00
26.1,72,20.6,1013.3,1014.5,56,48,0,15,16.2,41,34.2,0.0,70.0,3.2,20.0,14.6,-4.7,37.7,45,32.8,98,9,2025-11-26 14:00:00+00:00
25.9,75,21.2,1013.6,1014.8,95,48,41,88,17.6,43,34.9,0.0,130.0,3.4,18.0,14.8,-4.4,43.6,49,32.8,98,8,2025-11-26 15:00:00+00:00
25.7,79,21.8,1013.7,1014.9,91,36,14,85,18.2,47,38.9,0.0,230.0,3.4,9.0,14.7,-4.2,42.9,48,33.9,98,7,2025-11-26 16:00:00+00:00
25.9,78,21.7,1013.4,1014.6,98,16,0,97,18.1,48,37.1,0.0,230.0,3.6,11.0,14.6,-4.2,40.6,46,33.0,100,7,2025-11-26 17:00:00+00:00
26.0,76,21.4,1013.3,1014.5,100,15,3,100,18.0,49,37.8,0.0,160.0,4.0,14.0,13.6,-4.0,38.0,47,39.9,97,7,2025-11-26 18:00:00+00:00
25.8,76,21.2,1012.7,1013.9,98,41,0,98,17.9,45,36.4,0.0,120.0,4.4,12.0,13.8,-4.0,38.1,49,36.2,96,7,2025-11-26 19:00:00+00:00
25.7,76,21.2,1011.9,1013.1,97,18,0,97,17.1,37,36.4,0.0,120.0,4.7,14.0,13.6,-4.0,39.2,50,33.8,96,7,2025-11-26 20:00:00+00:00
25.4,75,20.7,1011.3,1012.5,100,5,0,100,18.3,34,36.7,0.0,50.0,3.7,16.0,14.0,-4.2,38.9,51,30.1,95,7,2025-11-26 21:00:00+00:00
25.3,69,19.3,1010.9,1012.1,100,25,0,100,17.1,35,37.1,0.0,10.0,4.1,18.0,14.7,-4.2,43.6,50,27.7,95,7,2025-11-26 22:00:00+00:00
25.4,67,18.8,1011.1,1012.3,100,83,0,99,17.4,41,34.6,0.0,10.0,4.8,19.0,14.5,-4.0,45.7,51,24.0,93,7,2025-11-26 23:00:00+00:00
25.2,72,19.9,1011.9,1013.1,100,11,0,100,15.7,48,36.7,0.0,10.0,5.1,20.0,14.1,-3.7,48.1,48,16.3,107,7,2025-11-27 00:00:00+00:00
25.5,70,19.6,1012.6,1013.8,100,30,0,100,16.6,47,32.8,0.0,10.0,4.7,20.0,14.2,-3.5,52.0,48,15.2,108,6,2025-11-27 01:00:00+00:00
26.2,67,19.7,1013.2,1014.4,100,34,0,100,18.0,46,36.7,0.0,20.0,4.4,19.0,14.0,-3.5,51.2,51,14.0,110,6,2025-11-27 02:00:00+00:00
26.8,65,19.6,1013.7,1014.9,100,20,0,100,20.8,48,45.0,0.0,10.0,4.2,1.0,13.9,-3.5,49.3,54,13.4,100,6,2025-11-27 03:00:00+00:00
27.1,62,19.2,1013.8,1015.0,99,19,0,99,21.4,46,55.1,0.0,10.0,5.2,1.0,14.2,-3.5,50.4,55,13.4,100,6,2025-11-27 04:00:00+00:00
27.5,61,19.3,1013.4,1014.6,91,22,0,88,21.3,44,54.4,0.0,20.0,4.1,1.0,14.1,-3.5,54.8,54,14.8,104,6,2025-11-27 05:00:00+00:00
28.2,62,20.3,1013.0,1014.1,40,34,0,8,22.8,43,55.4,0.0,40.0,3.9,0.0,14.4,-3.5,48.9,51,14.4,90,6,2025-11-27 06:00:00+00:00
28.1,61,19.8,1012.1,1013.2,74,27,0,65,24.3,38,56.9,0.0,30.0,3.8,0.0,15.0,-3.7,43.3,49,15.6,86,6,2025-11-27 07:00:00+00:00
28.1,60,19.6,1011.1,1012.2,60,27,0,45,23.8,37,57.2,0.0,30.0,4.1,0.0,15.1,-3.7,39.3,46,17.2,78,7,2025-11-27 08:00:00+00:00
27.8,60,19.4,1010.8,1011.9,100,27,0,100,22.8,38,55.8,0.0,30.0,4.7,0.0,15.2,-4.0,38.4,43,19.0,72,6,2025-11-27 09:00:00+00:00
27.4,59,18.6,1010.7,1011.8,100,37,0,100,22.1,35,58.3,0.0,10.0,4.6,1.0,15.1,-4.0,36.2,41,21.6,71,6,2025-11-27 10:00:00+00:00
26.9,61,18.7,1011.0,1012.2,100,45,0,100,19.0,40,55.4,0.0,10.0,4.4,3.0,14.7,-3.7,35.7,38,24.5,79,4,2025-11-27 11:00:00+00:00
26.7,66,19.9,1011.2,1012.4,100,39,0,100,17.8,42,40.0,0.0,30.0,5.0,15.0,15.7,-3.5,43.5,44,27.7,85,4,2025-11-27 12:00:00+00:00
26.3,68,20.0,1011.1,1012.3,100,12,0,100,18.3,37,37.4,0.0,20.0,5.6,16.0,15.4,-3.3,44.8,43,27.7,85,3,2025-11-27 13:00:00+00:00
26.0,68,19.7,1011.8,1013.0,100,16,0,100,18.4,33,37.4,0.0,10.0,5.4,22.0,15.8,-3.5,44.8,45,30.1,85,3,2025-11-27 14:00:00+00:00
25.8,68,19.5,1012.0,1013.2,100,20,0,100,20.2,30,41.0,0.0,10.0,4.6,24.0,15.8,-3.5,43.0,50,31.3,86,3,2025-11-27 15:00:00+00:00
25.8,68,19.4,1012.4,1013.6,100,52,0,100,20.2,36,41.0,0.0,10.0,4.1,11.0,15.9,-3.5,39.0,60,31.2,88,3,2025-11-27 16:00:00+00:00
25.8,67,19.2,1012.2,1013.4,95,48,0,89,20.2,39,41.8,0.0,10.0,4.0,10.0,15.8,-3.5,35.1,60,31.2,88,3,2025-11-27 17:00:00+00:00
25.6,71,19.9,1012.1,1013.3,85,41,2,75,18.2,41,41.0,0.0,20.0,4.2,16.0,15.9,-3.7,41.0,47,32.8,98,4,2025-11-27 18:00:00+00:00
25.5,71,19.8,1011.6,1012.8,98,30,0,98,19.4,43,39.6,0.0,30.0,4.2,14.0,16.2,-3.7,40.7,49,33.8,96,6,2025-11-27 19:00:00+00:00
25.3,71,19.6,1010.9,1012.1,100,14,0,100,19.1,35,39.6,0.0,20.0,4.3,16.0,16.1,-3.7,44.0,40,32.6,96,7,2025-11-27 20:00:00+00:00
25.1,70,19.3,1010.1,1011.3,100,6,0,100,19.5,30,40.0,0.0,20.0,4.2,5.0,15.9,-4.0,48.2,37,31.2,92,8,2025-11-27 21:00:00+00:00
25.0,70,19.2,1009.9,1011.1,100,24,0,100,19.0,37,39.6,0.0,20.0,3.9,21.0,15.9,-4.0,52.3,41,32.4,92,10,2025-11-27 22:00:00+00:00
25.0,70,19.2,1010.0,1011.2,84,27,0,77,18.1,38,38.9,0.0,20.0,3.8,26.0,15.3,-4.2,52.5,43,33.6,92,10,2025-11-27 23:00:00+00:00
25.7,70,19.9,1010.7,1011.9,100,38,0,100,18.5,41,37.1,0.0,40.0,4.3,19.0,14.6,-4.0,54.5,45,28.8,92,9,2025-11-28 00:00:00+00:00
25.7,70,19.8,1010.9,1012.1,100,25,0,100,19.7,36,40.0,0.0,30.0,3.7,16.0,14.4,-4.0,53.2,47,31.3,94,9,2025-11-28 01:00:00+00:00
26.0,69,19.9,1011.7,1012.9,100,9,0,100,19.8,36,40.7,0.0,40.0,3.6,10.0,14.4,-4.2,53.6,49,32.6,96,10,2025-11-28 02:00:00+00:00
27.1,63,19.3,1012.5,1013.7,100,3,0,100,22.7,38,54.7,0.0,40.0,3.5,0.0,14.5,-4.2,50.4,53,33.9,98,11,2025-11-28 03:00:00+00:00
27.4,60,18.9,1012.6,1013.8,100,6,0,100,22.6,36,59.0,0.0,30.0,3.3,0.0,15.2,-4.4,44.8,55,33.8,96,11,2025-11-28 04:00:00+00:00
27.7,57,18.6,1012.4,1013.6,100,13,0,100,23.1,37,55.1,0.0,20.0,2.5,0.0,15.9,-4.4,43.4,54,35.0,96,13,2025-11-28 05:00:00+00:00
28.2,58,19.2,1011.7,1012.8,100,9,0,100,23.2,27,55.8,0.0,30.0,2.0,0.0,15.7,-4.2,42.9,46,37.4,96,17,2025-11-28 06:00:00+00:00
28.2,56,18.5,1010.3,1011.4,100,59,8,100,22.1,21,54.0,0.0,0.0,1.8,0.0,15.7,-4.2,41.9,44,38.6,95,20,2025-11-28 07:00:00+00:00
27.8,56,18.3,1009.2,1010.3,100,3,4,100,22.3,18,52.6,0.0,0.0,1.5,0.0,15.8,-4.4,40.7,41,38.6,95,23,2025-11-28 08:00:00+00:00
27.8,55,18.0,1008.5,1009.6,98,0,2,98,23.1,16,53.6,0.0,0.0,1.6,0.0,16.2,-4.7,37.4,42,38.7,97,26,2025-11-28 09:00:00+00:00
27.4,56,17.9,1008.1,1009.2,100,1,26,100,23.2,13,54.0,0.0,0.0,1.6,171.0,16.4,-4.9,36.4,46,39.9,97,28,2025-11-28 10:00:00+00:00
26.8,59,18.0,1008.1,1009.2,100,9,55,100,21.7,13,53.6,0.0,0.0,1.9,10.0,16.2,-5.1,38.0,47,40.1,99,28,2025-11-28 11:00:00+00:00
26.2,69,20.0,1008.5,1009.7,100,0,100,100,19.0,7,45.0,0.0,0.0,1.6,166.0,15.8,-5.4,44.8,55,37.3,94,27,2025-11-28 12:00:00+00:00
25.9,68,19.6,1009.4,1010.6,100,5,100,100,17.2,7,39.6,0.0,0.0,2.0,70.0,15.8,-5.4,46.9,56,38.5,94,24,2025-11-28 13:00:00+00:00
25.9,70,20.1,1009.9,1011.1,100,11,100,100,18.3,10,37.1,0.0,0.0,2.1,46.0,15.7,-5.4,49.7,55,42.2,95,21,2025-11-28 14:00:00+00:00
26.1,69,20.0,1010.5,1011.7,100,42,99,100,18.4,12,41.8,0.0,0.0,1.5,28.0,15.8,-5.8,50.1,59,43.3,95,19,2025-11-28 15:00:00+00:00
26.6,69,20.4,1010.2,1011.4,100,20,93,100,19.2,28,38.2,0.0,30.0,0.8,120.0,16.1,-5.6,49.1,59,44.5,95,20,2025-11-28 16:00:00+00:00
25.3,78,21.2,1010.3,1011.5,100,25,91,100,19.6,17,43.9,0.0,50.0,0.4,82.0,16.3,-5.6,46.4,57,46.0,97,38,2025-11-28 17:00:00+00:00
25.1,82,21.9,1009.5,1010.7,100,29,51,100,16.0,17,40.0,0.6,90.0,0.1,4.0,16.3,-5.8,42.3,56,43.6,98,60,2025-11-28 18:00:00+00:00
24.6,85,21.9,1009.2,1010.4,100,48,63,100,16.4,19,35.6,0.8,250.0,0.3,0.0,16.5,-6.3,42.1,56,44.8,98,89,2025-11-28 19:00:00+00:00
24.9,85,22.3,1008.3,1009.5,100,41,16,100,20.1,30,39.2,0.3,250.0,0.2,18.0,16.5,-5.8,44.0,58,45.2,101,98,2025-11-28 20:00:00+00:00
25.2,83,22.1,1007.4,1008.6,100,5,32,100,20.3,29,40.3,0.2,240.0,0.4,13.0,16.3,-5.1,44.8,59,46.0,97,100,2025-11-28 21:00:00+00:00
25.5,80,21.8,1007.1,1008.3,100,14,23,100,18.5,31,40.3,0.0,150.0,0.5,12.0,16.3,-4.7,44.9,57,48.2,96,100,2025-11-28 22:00:00+00:00
25.5,79,21.5,1007.1,1008.3,100,19,60,100,19.7,34,39.6,0.0,120.0,0.1,12.0,16.1,-4.7,45.0,58,47.0,96,100,2025-11-28 23:00:00+00:00
26.1,75,21.3,1007.9,1009.1,100,30,98,100,18.9,38,41.4,0.0,110.0,-0.5,4.0,16.3,-5.4,47.1,63,50.6,95,98,2025-11-29 00:00:00+00:00
26.0,76,21.4,1008.7,1009.9,100,30,100,100,19.2,43,38.9,0.2,70.0,-0.4,24.0,16.2,-5.4,47.3,66,53.1,96,99,2025-11-29 01:00:00+00:00
25.4,84,22.4,1009.5,1010.7,100,10,100,100,19.1,33,38.9,1.3,310.0,-0.7,21.0,16.3,-5.4,49.0,67,53.1,96,97,2025-11-29 02:00:00+00:00
26.1,78,22.0,1010.1,1011.3,100,32,91,100,20.6,37,42.5,0.0,190.0,-1.2,1.0,16.2,-5.4,49.4,67,53.3,98,93,2025-11-29 03:00:00+00:00
26.9,75,22.2,1010.3,1011.5,100,55,43,99,20.9,42,54.7,0.1,430.0,-1.6,0.0,16.7,-5.4,49.7,68,53.9,102,98,2025-11-29 04:00:00+00:00
27.4,75,22.5,1009.7,1010.8,93,37,35,87,24.0,42,56.9,0.6,510.0,-1.9,3.0,16.9,-5.1,48.1,68,54.6,99,96,2025-11-29 05:00:00+00:00
27.8,73,22.6,1008.9,1010.0,100,28,98,97,24.7,32,58.0,1.1,580.0,-1.9,0.0,17.1,-5.1,45.1,62,54.1,93,100,2025-11-29 06:00:00+00:00
27.3,74,22.3,1007.9,1009.0,99,22,43,98,24.1,36,58.0,0.1,430.0,-2.2,2.0,17.0,-5.1,47.3,64,54.0,89,97,2025-11-29 07:00:00+00:00
27.8,71,22.0,1007.2,1008.3,100,23,43,99,25.3,36,59.4,0.1,370.0,-2.1,4.0,16.9,-5.4,47.3,62,55.3,88,97,2025-11-29 08:00:00+00:00
27.4,73,22.1,1006.3,1007.4,100,16,56,99,26.1,31,58.0,0.2,420.0,-1.7,4.0,17.0,-5.4,47.9,62,59.1,84,97,2025-11-29 09:00:00+00:00
27.2,72,21.7,1006.1,1007.2,100,20,100,99,23.9,35,59.8,0.1,200.0,-1.9,2.0,17.0,-5.4,50.3,64,59.1,84,98,2025-11-29 10:00:00+00:00
27.3,72,21.7,1006.5,1007.6,100,10,100,100,22.2,36,54.4,0.0,280.0,-1.8,6.0,16.7,-5.1,50.0,61,60.0,89,92,2025-11-29 11:00:00+00:00
26.0,79,22.1,1007.1,1008.3,100,10,100,100,22.2,44,47.9,0.1,280.0,-1.5,13.0,16.3,-4.7,50.6,58,58.8,92,93,2025-11-29 12:00:00+00:00
25.4,81,21.9,1007.6,1008.8,100,22,100,100,25.3,57,50.4,1.7,140.0,-1.3,14.0,16.4,-4.2,54.6,62,57.9,96,91,2025-11-29 13:00:00+00:00
25.0,84,22.1,1008.3,1009.5,100,35,100,99,27.3,54,54.0,1.1,140.0,-1.4,14.0,16.5,-4.0,58.3,66,58.8,92,79,2025-11-29 14:00:00+00:00
24.7,83,21.5,1008.9,1010.1,100,37,100,100,24.1,68,54.0,0.4,30.0,-1.9,14.0,16.8,-4.2,57.9,65,58.4,99,83,2025-11-29 15:00:00+00:00
24.6,78,20.6,1008.9,1010.1,100,4,100,99,24.3,62,52.9,1.0,40.0,-2.1,17.0,16.5,-4.2,58.3,65,50.6,95,89,2025-11-29 16:00:00+00:00
23.9,92,22.5,1008.2,1009.4,100,15,100,100,22.8,41,48.6,8.3,100.0,-1.3,13.0,16.5,-4.2,58.8,67,52.3,99,89,2025-11-29 17:00:00+00:00
23.9,87,21.6,1008.0,1009.2,100,5,100,100,28.7,53,56.5,4.6,140.0,-0.8,44.0,16.9,-4.4,60.3,67,48.4,113,86,2025-11-29 18:00:00+00:00
23.9,92,22.6,1007.4,1008.6,100,28,100,100,22.3,46,55.1,2.1,180.0,-1.6,5.0,17.3,-4.2,62.7,70,47.9,112,87,2025-11-29 19:00:00+00:00
24.1,92,22.7,1006.2,1007.4,100,37,100,100,26.4,47,49.0,2.7,130.0,-1.5,0.0,17.0,-4.2,65.8,68,47.1,109,84,2025-11-29 20:00:00+00:00
24.1,93,22.9,1005.9,1007.1,100,100,100,100,19.5,54,51.8,7.5,240.0,-1.8,5.0,16.7,-4.0,62.6,65,47.8,102,86,2025-11-29 21:00:00+00:00
24.1,92,22.8,1005.5,1006.7,100,35,100,100,26.3,30,50.0,18.1,20.0,-1.9,85.0,16.9,-4.4,60.0,69,44.8,106,93,2025-11-29 22:00:00+00:00
24.2,92,22.9,1005.9,1007.1,100,37,100,100,29.4,45,59.0,14.3,230.0,-2.5,11.0,17.0,-4.4,60.7,70,45.5,108,96,2025-11-29 23:00:00+00:00
24.4,91,22.8,1006.4,1007.6,100,8,100,0,27.4,37,56.9,9.5,390.0,-2.9,5.0,17.1,-4.4,56.6,75,47.2,117,98,2025-11-30 00:00:00+00:00
24.4,88,22.3,1007.1,1008.3,100,87,100,3,28.7,36,55.1,1.8,90.0,-3.1,1.0,17.3,-4.7,58.7,74,47.2,117,100,2025-11-30 01:00:00+00:00
23.9,93,22.7,1008.1,1009.3,100,93,100,20,25.4,28,55.8,3.3,100.0,-2.9,0.0,17.0,-4.4,58.5,73,47.2,117,90,2025-11-30 02:00:00+00:00
24.7,91,23.0,1008.7,1009.9,98,67,95,9,22.5,35,49.0,1.1,400.0,-2.7,4.0,17.3,-4.2,58.1,70,42.9,117,90,2025-11-30 03:00:00+00:00
25.5,84,22.7,1008.5,1009.7,98,84,46,77,26.0,31,54.4,2.1,210.0,-2.6,2.0,16.7,-4.2,61.7,67,44.5,104,98,2025-11-30 04:00:00+00:00
25.8,85,23.1,1008.2,1009.4,86,33,37,70,25.6,30,59.8,0.6,560.0,-2.4,0.0,17.1,-4.4,56.7,65,50.5,108,100,2025-11-30 05:00:00+00:00
25.8,85,23.1,1007.9,1009.1,100,42,100,71,20.5,18,59.4,0.2,590.0,-2.3,0.0,17.1,-4.0,49.1,63,34.6,104,86,2025-11-30 06:00:00+00:00
25.9,85,23.2,1006.7,1007.9,100,78,95,100,19.7,27,51.1,0.5,390.0,-2.9,1.0,17.5,-3.7,47.0,60,32.5,94,91,2025-11-30 07:00:00+00:00
25.4,87,23.1,1006.0,1007.2,100,100,100,100,21.6,24,47.5,1.7,350.0,-3.0,0.0,17.4,-3.5,48.5,56,41.0,95,90,2025-11-30 08:00:00+00:00
25.1,91,23.4,1005.4,1006.6,100,100,98,99,21.0,21,45.7,1.8,720.0,-3.0,1.0,17.3,-3.5,48.0,47,42.0,92,87,2025-11-30 09:00:00+00:00
25.3,90,23.5,1004.9,1006.1,100,98,56,91,19.5,14,42.8,0.6,620.0,-2.8,0.0,17.3,-3.7,47.9,40,37.2,90,84,2025-11-30 10:00:00+00:00
25.3,90,23.5,1005.4,1006.6,100,100,61,53,16.5,16,39.6,0.7,790.0,-2.0,2.0,17.5,-3.7,50.3,38,33.8,96,81,2025-11-30 11:00:00+00:00
25.1,89,23.1,1006.5,1007.7,100,40,83,99,22.0,8,34.6,1.3,580.0,-2.5,5.0,17.7,-3.5,54.2,42,23.6,105,82,2025-11-30 12:00:00+00:00
24.9,89,22.9,1007.0,1008.2,100,44,100,99,23.3,6,47.5,0.5,260.0,-2.8,1.0,17.0,-3.5,54.9,42,20.4,87,88,2025-11-30 13:00:00+00:00
25.0,87,22.7,1007.8,1009.0,100,44,100,100,22.5,11,48.6,0.1,250.0,-3.1,0.0,17.4,-3.3,53.3,37,13.7,75,97,2025-11-30 14:00:00+00:00
25.0,87,22.8,1008.5,1009.7,100,100,99,99,22.0,8,46.4,0.2,380.0,-3.2,0.0,17.4,-3.0,53.8,36,3.8,108,94,2025-11-30 15:00:00+00:00
25.1,87,22.8,1008.2,1009.4,100,72,61,98,22.0,8,46.4,0.3,570.0,-3.0,0.0,17.1,-3.3,54.2,39,7.0,239,89,2025-11-30 16:00:00+00:00
25.3,88,23.1,1007.8,1009.0,100,100,100,100,22.1,19,45.0,0.2,680.0,-2.4,0.0,17.6,-3.3,57.5,41,8.5,278,90,2025-11-30 17:00:00+00:00
24.5,93,23.3,1007.6,1008.8,100,79,100,98,20.1,7,44.6,1.9,490.0,-1.9,0.0,17.4,-3.0,47.9,28,7.7,231,96,2025-11-30 18:00:00+00:00
24.4,94,23.3,1006.9,1008.1,100,48,100,99,20.9,2,40.7,2.0,510.0,-1.7,8.0,17.5,-3.3,50.2,29,15.6,247,91,2025-11-30 19:00:00+00:00
24.5,92,23.2,1006.1,1007.3,100,100,98,100,20.2,358,43.2,0.9,680.0,-1.4,0.0,17.9,-3.5,48.1,26,16.7,249,90,2025-11-30 20:00:00+00:00
24.0,96,23.3,1005.4,1006.6,100,100,100,100,18.3,347,38.2,1.8,760.0,-1.4,0.0,17.7,-3.5,47.5,21,17.2,258,89,2025-11-30 21:00:00+00:00
23.7,97,23.2,1005.0,1006.2,100,100,100,97,19.9,344,37.8,2.7,700.0,-1.1,6.0,17.7,-3.0,48.8,16,17.0,262,90,2025-11-30 22:00:00+00:00
23.7,97,23.1,1005.1,1006.3,100,100,56,95,20.5,336,40.0,1.9,700.0,-0.8,3.0,17.6,-3.0,49.2,11,17.0,262,87,2025-11-30 23:00:00+00:00
24.6,92,23.2,1005.3,1006.5,100,44,22,100,26.3,353,40.0,0.8,660.0,-0.7,22.0,17.7,-3.0,50.8,12,7.3,279,86,2025-12-01 00:00:00+00:00
24.6,91,23.1,1006.3,1007.5,100,100,100,97,26.3,349,52.9,0.4,750.0,-0.4,17.0,17.7,-2.8,52.4,11,8.0,297,86,2025-12-01 01:00:00+00:00
24.3,95,23.5,1007.2,1008.4,100,100,100,96,26.8,346,52.9,2.8,870.0,-0.3,6.0,18.1,-2.6,51.9,11,8.0,297,89,2025-12-01 02:00:00+00:00
24.6,96,23.8,1008.0,1009.2,100,100,100,99,25.5,351,52.2,6.6,930.0,0.5,0.0,18.1,-2.6,51.8,15,6.5,292,83,2025-12-01 03:00:00+00:00
24.6,95,23.8,1008.3,1009.5,100,100,100,63,31.3,351,59.0,6.3,770.0,1.9,17.0,18.1,-2.8,53.3,17,6.0,307,81,2025-12-01 04:00:00+00:00
25.3,90,23.5,1008.0,1009.2,100,66,100,82,31.0,360,61.2,3.0,890.0,2.6,7.0,18.1,-3.0,52.9,17,3.8,288,80,2025-12-01 05:00:00+00:00
24.9,92,23.5,1007.4,1008.6,100,29,100,99,29.7,340,62.3,1.3,1150.0,-0.1,3.0,17.7,-2.3,61.2,19,6.1,191,91,2025-12-01 06:00:00+00:00
24.7,93,23.6,1006.4,1007.6,100,48,100,100,31.7,354,60.1,7.1,1540.0,-0.4,0.0,17.7,-2.6,60.7,19,9.9,194,87,2025-12-01 07:00:00+00:00
24.4,93,23.3,1005.3,1006.5,100,95,100,100,36.4,353,72.4,8.8,890.0,-0.7,0.0,17.7,-2.3,59.5,18,14.0,200,83,2025-12-01 08:00:00+00:00
24.2,93,23.1,1004.8,1006.0,100,100,100,100,36.0,348,72.0,9.1,840.0,-0.4,0.0,17.9,-3.0,58.6,15,16.1,207,87,2025-12-01 09:00:00+00:00
24.1,93,22.9,1004.6,1005.8,100,100,100,100,33.2,343,70.6,10.9,730.0,-0.5,0.0,17.9,-3.5,57.9,19,14.6,215,97,2025-12-01 10:00:00+00:00
24.1,94,23.2,1004.6,1005.8,100,98,98,100,28.9,345,64.4,7.0,770.0,-1.2,9.0,18.0,-3.7,58.8,23,14.4,222,92,2025-12-01 11:00:00+00:00
25.4,91,23.9,1005.0,1006.2,100,63,100,100,25.9,2,55.8,2.4,1380.0,-1.7,53.0,18.3,-3.7,54.4,9,16.1,222,91,2025-12-01 12:00:00+00:00
24.8,95,23.9,1005.6,1006.8,100,84,34,100,28.3,357,55.1,3.5,1120.0,0.6,83.0,18.2,-3.5,53.5,12,12.8,229,96,2025-12-01 13:00:00+00:00
24.5,96,23.8,1007.4,1008.6,100,67,54,100,26.5,360,55.1,5.2,1410.0,-1.4,4.0,19.3,-3.0,53.2,12,11.3,238,82,2025-12-01 14:00:00+00:00
24.6,95,23.8,1008.4,1009.6,100,100,30,100,26.6,359,53.3,2.0,1230.0,-2.8,2.0,18.6,-2.8,56.5,14,12.0,233,73,2025-12-01 15:00:00+00:00
25.0,92,23.7,1008.3,1009.5,100,83,43,99,28.4,1,56.5,0.7,1150.0,-2.9,52.0,18.6,-2.6,56.6,15,14.4,228,73,2025-12-01 16:00:00+00:00
24.7,94,23.7,1008.5,1009.7,100,100,100,99,27.8,5,55.4,1.4,1440.0,-1.9,0.0,18.0,-3.0,54.3,19,13.6,225,73,2025-12-01 17:00:00+00:00
24.5,92,23.1,1008.2,1009.4,100,100,59,100,28.4,6,53.3,1.4,1360.0,-2.1,2.0,18.0,-2.8,50.7,19,17.7,208,76,2025-12-01 18:00:00+00:00
24.2,93,22.9,1007.7,1008.9,100,26,27,100,21.7,343,55.4,0.3,1410.0,-2.4,26.0,18.0,-3.0,50.5,20,17.7,208,81,2025-12-01 19:00:00+00:00
24.0,94,23.0,1006.7,1007.9,100,94,39,100,23.1,345,50.4,0.1,1420.0,-2.6,8.0,17.9,-2.8,48.1,22,16.7,210,81,2025-12-01 20:00:00+00:00
24.0,95,23.2,1006.1,1007.3,100,72,23,100,24.4,342,49.7,0.2,1960.0,-1.6,14.0,17.9,-2.6,48.8,22,15.6,212,80,2025-12-01 21:00:00+00:00
23.8,95,22.9,1005.7,1006.9,100,100,2,100,24.2,342,51.1,0.1,1910.0,-1.1,22.0,18.0,-2.6,47.1,26,14.0,211,84,2025-12-01 22:00:00+00:00
23.8,94,22.8,1006.2,1007.4,100,100,34,100,23.7,337,49.3,0.3,1850.0,-1.2,1.0,18.0,-2.8,46.5,27,13.0,214,94,2025-12-01 23:00:00+00:00
23.7,96,23.1,1006.6,1007.8,100,100,17,99,23.8,342,49.7,1.0,2180.0,-1.1,0.0,18.1,-3.3,43.4,25,9.1,203,96,2025-12-02 00:00:00+00:00
23.3,96,22.7,1007.5,1008.7,100,94,95,99,27.9,333,53.6,10.0,1740.0,-1.1,5.0,18.0,-3.5,42.0,29,5.1,225,100,2025-12-02 01:00:00+00:00
23.1,96,22.5,1008.4,1009.6,100,100,100,100,25.4,335,54.0,27.3,1300.0,-1.1,15.0,18.1,-3.5,42.7,34,4.8,270,100,2025-12-02 02:00:00+00:00
23.5,96,22.8,1009.2,1010.4,100,100,100,100,20.7,347,49.0,34.0,1300.0,-0.7,10.0,18.0,-3.7,43.8,38,7.2,270,97,2025-12-02 03:00:00+00:00
23.7,96,23.0,1009.2,1010.4,100,100,92,100,23.2,348,45.0,10.7,1340.0,-0.7,27.0,18.0,-3.7,41.0,42,8.5,278,93,2025-12-02 04:00:00+00:00
24.2,97,23.7,1008.7,1009.9,100,100,27,100,21.6,1,44.6,1.2,1720.0,-1.1,14.0,18.0,-3.7,40.4,41,12.0,270,100,2025-12-02 05:00:00+00:00
24.6,96,23.9,1009.0,1010.2,100,100,100,100,22.1,16,41.4,2.3,990.0,-1.2,38.0,18.0,-4.2,38.4,43,17.2,245,82,2025-12-02 06:00:00+00:00
24.7,96,24.1,1007.9,1009.1,100,55,5,100,21.6,10,42.8,5.0,1270.0,-1.3,18.0,18.1,-4.2,37.1,44,20.1,253,94,2025-12-02 07:00:00+00:00
24.8,96,24.0,1006.6,1007.8,100,100,4,100,23.8,10,46.8,2.6,1420.0,-1.7,1.0,18.1,-4.0,37.2,50,18.6,255,81,2025-12-02 08:00:00+00:00
24.8,94,23.8,1006.3,1007.5,100,98,89,100,22.4,24,47.2,2.7,1300.0,-1.9,0.0,18.0,-3.7,37.8,49,15.6,270,99,2025-12-02 09:00:00+00:00
25.1,91,23.6,1006.3,1007.5,100,100,100,100,22.1,28,42.5,2.3,1340.0,-2.2,0.0,18.1,-3.7,36.8,56,11.8,294,100,2025-12-02 10:00:00+00:00
24.7,94,23.7,1006.3,1007.5,100,100,38,100,18.2,20,41.8,1.1,1550.0,-2.3,0.0,18.1,-3.5,37.1,64,12.0,307,100,2025-12-02 11:00:00+00:00
24.3,95,23.4,1006.6,1007.8,100,80,14,100,17.2,11,34.9,0.7,1980.0,-1.8,0.0,18.1,-3.3,32.9,66,7.6,288,100,2025-12-02 12:00:00+00:00
23.7,96,23.0,1007.4,1008.6,100,100,100,100,17.1,356,33.5,2.1,1630.0,-1.6,4.0,18.0,-3.5,34.4,68,7.7,309,90,2025-12-02 13:00:00+00:00
23.1,97,22.7,1008.1,1009.3,100,100,76,100,18.9,4,37.8,11.8,1430.0,-1.5,10.0,17.9,-3.7,33.1,75,7.6,342,92,2025-12-02 14:00:00+00:00
23.1,98,22.7,1009.4,1010.6,100,100,99,100,18.6,6,37.4,13.4,1420.0,-1.6,2.0,18.0,-3.7,32.2,82,8.5,352,87,2025-12-02 15:00:00+00:00
23.3,98,22.9,1009.8,1011.0,100,100,69,100,14.4,356,37.8,0.6,1090.0,-1.8,2.0,17.9,-4.0,32.6,84,9.9,14,93,2025-12-02 16:00:00+00:00
23.9,97,23.4,1009.8,1011.0,100,77,38,100,9.1,75,31.7,11.7,1140.0,-2.0,8.0,17.6,-4.2,31.5,92,10.7,27,86,2025-12-02 17:00:00+00:00
24.9,93,23.8,1009.3,1010.5,100,53,100,100,21.0,83,27.7,0.8,1540.0,-1.9,1.0,17.9,-3.7,37.5,111,5.1,315,90,2025-12-02 18:00:00+00:00
24.7,94,23.7,1008.8,1010.0,100,69,99,100,19.6,79,39.2,10.2,1450.0,-1.8,0.0,17.7,-4.0,37.9,119,2.4,360,88,2025-12-02 19:00:00+00:00
24.2,91,22.7,1008.2,1009.4,100,46,58,100,18.8,70,40.7,4.2,1120.0,-2.0,4.0,17.7,-4.2,39.9,125,1.2,90,87,2025-12-02 20:00:00+00:00
24.4,95,23.6,1007.8,1009.0,100,43,90,100,19.6,83,36.7,1.2,980.0,-2.6,1.0,17.5,-4.4,37.8,126,3.8,108,87,2025-12-02 21:00:00+00:00
24.1,96,23.4,1007.6,1008.8,100,58,100,100,19.0,103,40.0,4.8,970.0,-1.8,0.0,17.4,-4.4,36.8,126,3.8,108,83,2025-12-02 22:00:00+00:00
24.3,96,23.5,1007.8,1009.0,100,43,100,100,16.9,93,36.4,4.7,910.0,-2.0,0.0,17.4,-4.7,36.5,130,3.8,108,80,2025-12-02 23:00:00+00:00
24.4,95,23.6,1009.5,1010.7,100,8,100,100,6.2,128,34.9,0.7,1260.0,-2.7,5.0,17.3,-5.4,31.5,127,3.4,225,82,2025-12-03 00:00:00+00:00
24.6,95,23.7,1010.0,1011.2,100,2,18,100,5.5,107,16.6,7.8,1430.0,-2.1,7.0,17.3,-5.4,31.7,129,3.8,288,80,2025-12-03 01:00:00+00:00
23.9,94,22.9,1011.5,1012.7,100,94,78,100,8.5,86,17.6,6.5,840.0,-2.0,0.0,17.5,-5.4,33.4,129,7.7,321,78,2025-12-03 02:00:00+00:00
24.4,95,23.5,1012.1,1013.3,100,28,77,100,12.0,99,22.7,2.7,1010.0,-2.3,7.0,17.5,-4.9,32.5,128,15.8,351,73,2025-12-03 03:00:00+00:00
25.0,95,24.1,1012.2,1013.4,100,64,100,100,9.8,114,22.7,1.6,1590.0,-2.2,2.0,17.5,-4.2,30.5,128,15.6,360,71,2025-12-03 04:00:00+00:00
25.9,85,23.2,1012.3,1013.5,100,27,100,100,8.1,102,19.1,1.3,1260.0,-2.4,6.0,17.4,-4.9,27.7,126,7.3,351,69,2025-12-03 05:00:00+00:00
25.1,94,24.1,1012.1,1013.3,100,13,66,100,3.7,284,18.0,1.3,1850.0,-2.4,5.0,17.0,-4.9,29.3,133,2.4,360,67,2025-12-03 06:00:00+00:00
26.1,84,23.1,1011.2,1012.4,100,100,23,100,2.5,8,13.0,0.7,1530.0,-2.6,8.0,17.1,-5.4,26.5,129,4.9,284,68,2025-12-03 07:00:00+00:00
26.3,88,24.2,1010.4,1011.6,100,99,88,100,1.9,41,13.3,0.5,2030.0,-2.4,0.0,17.1,-5.1,26.1,131,4.8,270,67,2025-12-03 08:00:00+00:00
25.3,84,22.4,1009.8,1011.0,96,66,79,78,6.8,155,21.6,3.0,740.0,-1.8,9.0,17.1,-5.1,25.1,134,2.7,243,66,2025-12-03 09:00:00+00:00
25.5,87,23.1,1009.3,1010.5,100,16,93,95,2.1,142,18.0,0.3,990.0,-1.6,14.0,17.1,-5.1,24.5,132,2.7,207,68,2025-12-03 10:00:00+00:00
25.2,88,23.1,1010.0,1011.2,100,25,63,99,5.3,78,11.5,0.2,980.0,-1.4,6.0,17.4,-5.1,22.4,128,2.4,180,70,2025-12-03 11:00:00+00:00
24.5,95,23.7,1010.6,1011.8,100,95,100,100,13.1,69,22.3,0.9,1590.0,-2.1,0.0,17.7,-5.4,20.3,132,3.8,162,73,2025-12-03 12:00:00+00:00
23.2,95,22.4,1011.7,1012.9,100,97,100,100,17.8,77,36.7,2.6,780.0,-2.5,0.0,17.4,-5.4,19.0,132,5.4,153,73,2025-12-03 13:00:00+00:00
23.1,94,22.1,1012.3,1013.5,100,41,100,100,10.1,92,33.8,10.6,800.0,-3.0,8.0,17.4,-5.4,17.6,127,7.3,171,71,2025-12-03 14:00:00+00:00
23.2,96,22.6,1013.0,1014.2,100,45,98,99,2.0,95,18.4,4.6,690.0,-3.4,2.0,17.1,-5.4,16.9,117,7.2,180,70,2025-12-03 15:00:00+00:00
23.4,95,22.6,1013.1,1014.3,100,1,100,100,1.1,270,5.8,1.9,750.0,-3.0,9.0,17.0,-5.4,17.2,112,7.3,171,69,2025-12-03 16:00:00+00:00
23.0,97,22.5,1013.0,1014.2,100,10,94,100,4.4,277,9.4,0.3,730.0,-2.8,6.0,17.0,-5.6,17.3,108,8.5,172,69,2025-12-03 17:00:00+00:00
24.3,94,23.3,1012.0,1013.2,100,17,24,100,3.1,62,13.0,0.1,1640.0,-2.3,3.0,17.0,-5.6,15.1,106,7.7,129,73,2025-12-03 18:00:00+00:00
23.3,99,23.1,1012.0,1013.2,100,94,86,95,6.6,339,13.3,1.6,1230.0,-2.3,0.0,17.0,-5.6,14.4,101,8.7,124,71,2025-12-03 19:00:00+00:00
23.3,97,22.8,1011.2,1012.4,100,100,21,99,9.1,343,16.2,0.2,1150.0,-2.3,0.0,17.0,-5.6,13.7,90,8.7,124,69,2025-12-03 20:00:00+00:00
23.4,96,22.7,1010.3,1011.5,96,23,11,95,7.9,347,19.4,0.0,850.0,-1.8,5.0,16.8,-5.6,13.8,73,7.7,129,68,2025-12-03 21:00:00+00:00
23.4,95,22.6,1010.5,1011.7,98,63,22,93,9.5,1,18.0,0.1,720.0,-1.6,0.0,16.4,-5.6,17.8,50,6.8,135,64,2025-12-03 22:00:00+00:00
23.4,96,22.7,1010.5,1011.7,90,23,13,85,8.6,345,18.0,0.0,730.0,-1.8,0.0,16.7,-5.8,17.4,47,6.0,127,61,2025-12-03 23:00:00+00:00
23.8,94,22.8,1011.1,1012.3,63,39,43,24,3.5,348,18.0,0.0,1060.0,-1.7,8.0,17.0,-5.8,12.4,62,8.5,98,68,2025-12-04 00:00:00+00:00
24.1,93,23.0,1012.2,1013.4,97,33,95,22,8.3,2,14.8,0.2,920.0,-1.6,16.0,17.0,-5.8,15.8,57,8.5,98,67,2025-12-04 01:00:00+00:00
24.3,92,22.9,1013.4,1014.6,98,55,96,25,13.8,35,27.4,0.2,770.0,-2.7,4.0,16.9,-5.8,17.4,57,10.9,96,70,2025-12-04 02:00:00+00:00
24.7,90,22.9,1014.0,1015.2,43,18,30,5,13.3,38,27.4,0.2,860.0,-2.8,1.0,16.9,-5.8,21.6,60,10.9,96,69,2025-12-04 03:00:00+00:00
26.0,85,23.2,1014.1,1015.3,95,29,94,1,14.0,41,32.4,0.2,1140.0,-2.7,0.0,16.5,-5.8,25.3,64,10.9,96,67,2025-12-04 04:00:00+00:00
26.0,82,22.8,1014.2,1015.4,100,30,100,50,12.5,43,37.8,0.5,730.0,-2.4,3.0,16.5,-5.6,28.9,69,9.6,90,61,2025-12-04 05:00:00+00:00
27.5,78,23.3,1013.5,1014.7,92,85,44,12,13.0,44,33.1,0.2,1280.0,-2.8,0.0,16.5,-5.6,32.3,67,12.1,84,64,2025-12-04 06:00:00+00:00
25.8,86,23.2,1013.3,1014.5,100,96,100,100,14.4,47,37.4,3.9,990.0,-3.1,2.0,16.7,-5.6,33.1,67,10.9,84,68,2025-12-04 07:00:00+00:00
24.6,90,22.8,1011.8,1013.0,90,2,6,89,12.4,40,32.8,3.6,780.0,-3.7,23.0,16.8,-5.6,34.1,65,10.8,90,72,2025-12-04 08:00:00+00:00
25.4,86,22.9,1011.4,1012.6,94,23,20,91,10.9,34,27.4,0.0,960.0,-3.7,3.0,16.8,-5.8,34.0,64,10.9,96,71,2025-12-04 09:00:00+00:00
25.8,83,22.7,1011.3,1012.5,100,94,55,97,12.2,52,34.6,0.1,990.0,-3.5,0.0,16.9,-5.6,35.1,65,9.6,90,69,2025-12-04 10:00:00+00:00
25.2,85,22.6,1011.5,1012.7,100,91,48,95,11.5,59,34.6,0.8,750.0,-3.9,1.0,17.0,-5.8,33.2,65,8.4,90,67,2025-12-04 11:00:00+00:00
24.7,95,23.9,1011.7,1012.9,95,18,77,72,6.3,329,25.9,0.2,1600.0,-3.8,7.0,17.5,-5.6,33.7,71,8.4,90,68,2025-12-04 12:00:00+00:00
23.8,96,23.1,1013.3,1014.5,99,56,91,95,8.8,39,19.1,4.7,760.0,-3.5,4.0,17.4,-5.8,31.8,71,7.2,90,68,2025-12-04 13:00:00+00:00
24.1,94,23.1,1013.9,1015.1,82,5,16,78,8.5,6,16.9,0.4,970.0,-3.2,14.0,17.4,-6.1,30.6,70,8.7,74,69,2025-12-04 14:00:00+00:00
23.8,95,22.9,1014.3,1015.5,56,23,3,41,8.3,342,16.9,0.2,840.0,-3.1,30.0,17.1,-6.1,30.9,68,9.7,83,68,2025-12-04 15:00:00+00:00
24.2,93,23.0,1014.5,1015.7,56,34,5,32,7.7,16,15.1,0.1,1050.0,-2.8,14.0,17.1,-6.1,30.6,70,10.9,84,68,2025-12-04 16:00:00+00:00
24.6,91,23.0,1014.4,1015.6,78,23,13,70,11.6,51,20.2,0.1,1060.0,-2.6,16.0,17.1,-6.1,31.3,69,11.1,77,67,2025-12-04 17:00:00+00:00
24.8,89,22.9,1013.9,1015.1,95,34,28,90,13.7,58,26.6,0.0,1020.0,-2.4,11.0,17.0,-6.1,28.6,68,14.8,76,69,2025-12-04 18:00:00+00:00
24.9,88,22.8,1013.4,1014.6,74,30,17,62,13.6,42,27.0,0.1,990.0,-2.1,12.0,16.8,-6.1,29.4,66,14.6,81,67,2025-12-04 19:00:00+00:00
24.8,88,22.7,1012.9,1014.1,55,24,24,28,12.1,41,26.3,0.0,1050.0,-2.0,12.0,16.5,-5.8,30.0,66,15.8,81,64,2025-12-04 20:00:00+00:00
24.8,89,22.9,1012.1,1013.3,48,14,20,32,11.6,32,23.8,0.0,1240.0,-1.8,11.0,16.5,-5.8,31.2,61,15.8,81,62,2025-12-04 21:00:00+00:00
24.6,91,23.1,1011.8,1013.0,25,9,10,11,10.0,18,22.7,0.0,1450.0,-1.9,8.0,16.5,-5.8,32.7,58,17.0,82,64,2025-12-04 22:00:00+00:00
24.6,92,23.1,1012.1,1013.3,48,20,23,17,10.9,19,19.4,0.0,1460.0,-1.8,7.0,16.5,-5.6,35.9,54,16.8,86,72,2025-12-04 23:00:00+00:00
25.0,87,22.6,1012.6,1013.8,95,27,22,91,14.5,43,23.4,0.1,1130.0,-2.1,18.0,16.5,-5.8,37.5,49,13.4,63,79,2025-12-05 00:00:00+00:00
25.5,82,22.2,1013.1,1014.3,87,10,20,81,15.9,39,31.0,0.1,920.0,-1.9,19.0,16.4,-5.6,38.3,45,12.5,73,79,2025-12-05 01:00:00+00:00
26.4,78,22.2,1013.7,1014.9,83,8,23,76,15.3,36,31.7,0.0,930.0,-2.2,12.0,16.5,-5.6,38.4,43,14.8,76,77,2025-12-05 02:00:00+00:00
27.4,72,22.0,1014.5,1015.7,94,7,16,92,16.1,40,37.1,0.0,900.0,-2.3,1.0,16.5,-5.6,38.3,45,16.0,77,77,2025-12-05 03:00:00+00:00
28.1,69,21.8,1014.3,1015.5,73,7,16,66,19.2,44,44.6,0.0,790.0,-2.3,0.0,16.5,-5.8,33.5,47,15.6,86,69,2025-12-05 04:00:00+00:00
28.5,65,21.4,1014.4,1015.5,69,10,15,60,19.1,44,48.6,0.0,630.0,-2.6,0.0,17.5,-5.6,32.2,44,15.6,86,68,2025-12-05 05:00:00+00:00
28.4,69,22.2,1013.7,1014.8,100,15,30,100,20.4,44,50.8,0.0,1070.0,-2.3,0.0,17.6,-5.6,29.0,44,19.2,86,67,2025-12-05 06:00:00+00:00
28.3,69,22.0,1013.1,1014.2,94,8,58,85,20.3,38,51.5,0.1,980.0,-2.2,0.0,17.1,-5.6,29.0,42,18.0,86,64,2025-12-05 07:00:00+00:00
28.2,69,21.9,1012.2,1013.3,85,15,17,80,22.4,36,52.2,0.1,910.0,-2.1,0.0,17.0,-5.6,28.0,44,18.2,82,61,2025-12-05 08:00:00+00:00
27.9,68,21.5,1011.7,1012.8,98,13,9,98,22.2,35,52.6,0.1,640.0,-2.1,0.0,16.7,-5.8,33.2,44,18.6,75,56,2025-12-05 09:00:00+00:00
27.5,69,21.3,1011.5,1012.7,94,12,13,92,21.6,35,51.5,0.0,500.0,-1.9,3.0,16.3,-5.8,35.5,43,17.5,74,50,2025-12-05 10:00:00+00:00
27.0,71,21.4,1011.5,1012.7,100,10,2,100,18.8,36,49.0,0.0,540.0,-2.1,1.0,16.3,-5.6,32.9,44,17.5,74,46,2025-12-05 11:00:00+00:00
26.4,78,22.4,1011.6,1012.8,57,12,13,46,17.4,35,39.6,0.0,1120.0,-2.0,5.0,16.7,-5.8,25.9,51,15.6,90,42,2025-12-05 12:00:00+00:00
25.9,81,22.4,1012.7,1013.9,93,13,14,91,16.7,35,36.7,0.0,1020.0,-1.7,8.0,16.4,-5.8,32.1,55,15.6,90,44,2025-12-05 13:00:00+00:00
25.8,80,22.1,1013.6,1014.8,100,18,21,99,16.7,32,34.6,0.2,730.0,-1.4,11.0,16.4,-5.8,32.2,57,15.6,94,37,2025-12-05 14:00:00+00:00
25.8,78,21.6,1013.9,1015.1,100,23,16,100,16.3,29,34.2,0.1,490.0,-1.2,15.0,16.4,-5.8,31.4,60,15.6,94,31,2025-12-05 15:00:00+00:00
25.7,77,21.5,1014.3,1015.5,100,20,11,100,15.3,34,33.1,0.1,420.0,-0.7,17.0,16.8,-5.8,29.4,62,14.4,90,31,2025-12-05 16:00:00+00:00
25.7,77,21.3,1014.0,1015.2,80,33,17,68,17.7,33,34.9,0.0,370.0,-0.3,43.0,16.7,-5.6,28.3,62,13.3,85,30,2025-12-05 17:00:00+00:00
25.4,82,22.1,1013.8,1015.0,79,18,27,66,16.5,36,36.7,0.0,710.0,-0.3,11.0,16.1,-5.6,27.3,62,12.5,107,37,2025-12-05 18:00:00+00:00
25.2,83,22.1,1013.7,1014.9,77,25,26,60,16.6,37,33.5,0.1,720.0,-0.5,9.0,16.2,-5.6,27.3,62,12.5,107,34,2025-12-05 19:00:00+00:00
24.9,84,22.0,1013.2,1014.4,91,16,27,85,16.9,36,34.2,0.2,610.0,-0.3,8.0,16.1,-5.8,27.5,61,12.5,107,36,2025-12-05 20:00:00+00:00
25.0,81,21.5,1013.0,1014.2,100,27,14,100,15.5,28,33.8,0.1,350.0,-0.2,11.0,15.6,-5.8,28.1,63,11.1,103,39,2025-12-05 21:00:00+00:00
24.9,78,20.9,1012.7,1013.9,99,23,12,99,14.7,25,31.0,0.1,130.0,-0.3,17.0,16.1,-5.8,31.7,67,9.9,104,43,2025-12-05 22:00:00+00:00
24.8,78,20.7,1012.7,1013.9,89,20,4,86,13.3,27,29.5,0.0,80.0,-0.1,20.0,15.9,-5.8,31.6,65,9.6,90,47,2025-12-05 23:00:00+00:00
25.1,78,20.9,1013.0,1014.2,37,9,6,25,13.6,26,25.9,0.0,140.0,0.1,24.0,15.9,-6.1,31.0,64,8.4,90,54,2025-12-06 00:00:00+00:00
25.0,79,21.1,1013.5,1014.7,20,13,4,5,11.7,17,26.6,0.0,170.0,0.1,39.0,15.9,-5.8,30.0,64,9.7,83,48,2025-12-06 01:00:00+00:00
25.6,79,21.7,1014.2,1015.4,26,24,3,1,11.1,17,23.0,0.0,320.0,-0.4,23.0,16.2,-5.6,29.0,66,9.7,83,46,2025-12-06 02:00:00+00:00
27.2,71,21.5,1014.4,1015.6,33,21,5,13,11.9,29,27.0,0.0,450.0,-0.4,5.0,16.4,-5.4,28.0,68,10.9,84,47,2025-12-06 03:00:00+00:00
28.3,64,20.8,1014.7,1015.9,36,16,0,23,16.6,43,40.7,0.0,240.0,-0.1,22.0,16.4,-5.4,27.9,66,12.0,90,46,2025-12-06 04:00:00+00:00
28.3,66,21.3,1014.5,1015.7,95,95,0,2,17.6,43,43.2,0.0,410.0,0.2,3.0,16.5,-5.1,28.0,71,13.4,100,43,2025-12-06 05:00:00+00:00
28.6,68,22.2,1014.3,1015.4,24,16,9,4,14.8,36,42.5,0.0,900.0,0.4,1.0,16.4,-5.1,19.9,70,14.0,121,43,2025-12-06 06:00:00+00:00
28.5,69,22.1,1013.2,1014.3,48,25,12,26,16.1,40,39.2,0.1,900.0,0.4,4.0,16.2,-5.1,19.6,65,13.0,124,41,2025-12-06 07:00:00+00:00
28.1,71,22.3,1012.1,1013.2,29,20,6,5,17.3,39,41.4,0.1,1000.0,0.0,5.0,16.1,-5.1,17.5,62,12.8,131,41,2025-12-06 08:00:00+00:00
27.8,72,22.3,1011.7,1012.8,23,19,5,0,18.0,38,42.5,0.1,1040.0,0.0,5.0,16.1,-5.4,16.7,61,11.9,135,40,2025-12-06 09:00:00+00:00
27.3,74,22.2,1011.7,1012.9,20,17,3,0,18.7,36,43.2,0.1,1000.0,0.1,3.0,16.4,-5.4,18.1,62,11.1,139,38,2025-12-06 10:00:00+00:00
26.8,76,22.2,1011.8,1013.0,13,12,3,0,17.5,32,43.2,0.1,960.0,-0.5,1.0,16.5,-5.4,19.2,62,10.2,135,38,2025-12-06 11:00:00+00:00
26.6,80,22.9,1012.3,1013.5,23,11,10,5,14.2,22,36.4,0.0,1490.0,-0.3,6.0,16.7,-5.6,20.6,65,13.0,124,37,2025-12-06 12:00:00+00:00
26.1,81,22.5,1012.9,1014.1,33,10,27,0,14.2,16,29.2,0.0,1080.0,-0.4,13.0,16.8,-5.6,21.2,65,12.0,127,37,2025-12-06 13:00:00+00:00
25.8,80,22.1,1013.8,1015.0,11,9,3,0,14.5,11,29.9,0.0,750.0,-0.4,17.0,16.7,-5.6,24.9,64,12.0,127,33,2025-12-06 14:00:00+00:00
25.5,81,22.0,1014.7,1015.9,21,17,13,0,13.6,8,29.5,0.0,620.0,-0.3,19.0,16.5,-5.6,25.1,63,12.0,127,31,2025-12-06 15:00:00+00:00
25.3,82,21.9,1014.9,1016.1,30,13,20,1,13.5,9,27.7,0.0,560.0,-0.1,19.0,16.7,-5.6,22.4,61,10.2,135,27,2025-12-06 16:00:00+00:00
25.2,80,21.6,1014.7,1015.9,54,15,14,41,12.2,17,27.4,0.0,400.0,-0.4,23.0,17.0,-5.6,20.6,62,8.7,146,26,2025-12-06 17:00:00+00:00
25.6,78,21.5,1014.4,1015.6,97,7,2,96,12.2,24,24.5,0.0,440.0,-0.8,27.0,17.0,-5.8,20.0,66,8.7,146,30,2025-12-06 18:00:00+00:00
25.5,78,21.4,1014.3,1015.5,98,13,0,98,11.6,24,23.4,0.0,380.0,-0.7,23.0,17.1,-5.8,19.3,71,9.1,157,28,2025-12-06 19:00:00+00:00
25.3,79,21.4,1013.7,1014.9,84,18,5,80,12.4,26,24.5,0.0,380.0,-0.4,19.0,16.9,-5.6,18.5,74,9.1,157,28,2025-12-06 20:00:00+00:00
25.1,80,21.4,1013.4,1014.6,93,14,5,91,11.9,29,24.5,0.0,390.0,0.0,16.0,17.1,-5.6,18.2,72,9.1,157,27,2025-12-06 21:00:00+00:00
25.0,81,21.4,1012.8,1014.0,67,10,0,63,12.4,26,24.1,0.0,360.0,0.4,20.0,17.3,-5.4,20.6,59,9.7,150,27,2025-12-06 22:00:00+00:00
24.8,82,21.5,1012.6,1013.8,34,11,0,26,12.3,31,24.5,0.0,360.0,0.6,7.0,17.1,-5.1,23.3,55,9.7,150,27,2025-12-06 23:00:00+00:00
25.2,80,21.6,1013.2,1014.4,51,9,4,44,12.1,27,24.5,0.0,450.0,0.7,17.0,16.2,-5.4,18.8,51,8.0,153,30,2025-12-07 00:00:00+00:00
25.2,81,21.7,1013.6,1014.8,89,10,1,88,12.2,27,23.8,0.0,390.0,1.0,1.0,16.4,-5.1,20.2,54,6.5,158,30,2025-12-07 01:00:00+00:00
25.7,81,22.1,1014.2,1015.4,91,20,0,88,13.2,26,26.6,0.0,650.0,0.5,8.0,16.4,-5.1,19.7,56,6.0,143,30,2025-12-07 02:00:00+00:00
26.6,75,21.7,1014.6,1015.8,45,38,0,13,18.2,31,40.7,0.0,480.0,0.1,25.0,15.9,-4.9,21.7,57,6.8,135,30,2025-12-07 03:00:00+00:00
27.1,71,21.5,1014.9,1016.1,79,45,0,61,19.1,33,43.9,0.0,370.0,-0.2,35.0,16.1,-4.9,21.7,57,7.7,141,29,2025-12-07 04:00:00+00:00
27.4,71,21.6,1014.8,1016.0,91,48,0,82,20.3,38,47.2,0.1,420.0,-0.1,0.0,16.8,-4.9,25.3,52,6.0,143,28,2025-12-07 05:00:00+00:00
27.5,72,22.0,1014.2,1015.4,98,20,33,98,20.8,32,47.9,0.1,660.0,-0.1,0.0,17.0,-4.9,25.8,48,2.7,153,27,2025-12-07 06:00:00+00:00
27.2,73,22.0,1013.4,1014.6,100,12,21,99,20.1,34,47.9,0.8,660.0,0.2,3.0,17.0,-4.9,25.8,48,2.4,180,27,2025-12-07 07:00:00+00:00
27.5,68,21.1,1012.8,1014.0,100,16,13,100,20.1,30,46.8,0.3,280.0,0.4,4.0,17.0,-4.9,26.5,48,2.4,180,27,2025-12-07 08:00:00+00:00
27.5,67,20.8,1012.4,1013.6,100,22,5,100,18.6,32,46.4,0.0,240.0,1.0,7.0,16.9,-4.9,27.7,45,2.4,180,29,2025-12-07 09:00:00+00:00
27.1,68,20.7,1012.1,1013.3,100,8,5,100,18.2,35,43.2,0.0,170.0,1.2,11.0,17.0,-4.9,27.4,43,2.7,153,30,2025-12-07 10:00:00+00:00
26.5,71,20.8,1012.3,1013.5,100,4,2,100,17.8,36,42.1,0.0,160.0,1.7,10.0,17.1,-4.9,26.8,43,4.3,146,30,2025-12-07 11:00:00+00:00
25.7,78,21.6,1012.9,1014.1,54,6,2,50,12.2,22,37.4,0.0,340.0,2.5,8.0,17.1,-5.1,25.8,44,5.4,153,31,2025-12-07 12:00:00+00:00
25.2,80,21.5,1013.5,1014.7,57,7,1,53,11.7,20,24.8,0.0,290.0,3.1,16.0,17.4,-5.1,26.1,44,5.4,153,30,2025-12-07 13:00:00+00:00
24.9,82,21.6,1014.2,1015.4,20,20,0,0,12.3,23,24.1,0.0,310.0,3.5,17.0,17.6,-5.1,27.7,45,4.3,146,30,2025-12-07 14:00:00+00:00
24.8,84,21.9,1014.4,1015.6,20,20,0,0,13.0,24,25.6,0.0,370.0,3.9,20.0,17.9,-5.1,29.3,47,2.7,153,30,2025-12-07 15:00:00+00:00
24.9,83,21.8,1014.5,1015.7,37,31,0,8,13.5,23,26.6,0.0,360.0,4.1,15.0,18.2,-5.4,29.1,49,3.4,135,30,2025-12-07 16:00:00+00:00
24.7,84,21.8,1014.0,1015.2,16,16,0,0,13.7,28,27.0,0.0,330.0,4.1,27.0,18.5,-5.4,28.8,51,5.4,117,31,2025-12-07 17:00:00+00:00
24.6,81,21.2,1013.8,1015.0,11,11,0,0,12.9,28,28.4,0.0,100.0,4.3,60.0,18.7,-4.9,29.2,56,9.4,130,28,2025-12-07 18:00:00+00:00
24.4,81,20.9,1013.4,1014.6,5,5,0,0,12.8,26,25.6,0.0,20.0,4.4,130.0,18.6,-5.1,30.0,54,10.3,126,28,2025-12-07 19:00:00+00:00
24.1,81,20.7,1012.8,1014.0,0,0,0,0,12.8,22,25.6,0.0,10.0,4.6,118.0,18.5,-5.1,30.9,53,11.1,131,27,2025-12-07 20:00:00+00:00
23.8,81,20.3,1012.4,1013.6,24,20,0,6,11.9,18,25.2,0.0,10.0,4.9,101.0,18.5,-4.9,31.7,50,10.3,126,27,2025-12-07 21:00:00+00:00
23.6,82,20.3,1012.0,1013.2,63,43,0,34,11.7,14,23.4,0.0,10.0,5.3,80.0,18.3,-4.9,32.7,50,8.0,117,28,2025-12-07 22:00:00+00:00
23.4,82,20.2,1012.2,1013.4,83,23,0,77,11.0,11,22.3,0.0,10.0,5.3,58.0,18.5,-4.9,34.5,53,7.0,121,28,2025-12-07 23:00:00+00:00
23.7,85,20.9,1012.6,1013.8,74,21,0,67,10.8,11,21.6,0.0,30.0,5.2,206.0,18.2,-5.1,28.9,52,3.8,108,26,2025-12-08 00:00:00+00:00
23.5,85,20.9,1013.1,1014.3,31,31,0,0,11.2,3,21.6,0.0,20.0,4.9,19.0,18.3,-5.1,30.0,54,3.6,90,27,2025-12-08 01:00:00+00:00
24.0,86,21.5,1013.9,1015.1,46,46,0,0,10.2,351,22.3,0.0,70.0,4.0,11.0,18.5,-5.4,29.1,55,3.8,108,27,2025-12-08 02:00:00+00:00
25.2,81,21.8,1014.7,1015.9,44,33,0,16,11.7,360,26.6,0.0,210.0,3.1,0.0,18.5,-5.4,30.5,55,4.9,104,27,2025-12-08 03:00:00+00:00
26.3,70,20.4,1015.1,1016.3,66,30,0,52,16.2,17,41.4,0.0,20.0,2.4,0.0,18.2,-5.4,32.0,54,4.9,104,27,2025-12-08 04:00:00+00:00
27.0,64,19.5,1014.9,1016.1,96,19,0,95,17.3,24,44.6,0.0,10.0,2.3,10.0,17.7,-5.6,32.8,52,3.8,108,27,2025-12-08 05:00:00+00:00
27.1,64,19.6,1014.5,1015.7,97,44,0,95,17.7,22,44.6,0.0,10.0,2.1,13.0,17.4,-5.4,30.0,47,1.7,45,31,2025-12-08 06:00:00+00:00
27.3,64,20.0,1013.3,1014.5,99,77,0,98,18.9,22,45.0,0.0,10.0,2.0,16.0,16.7,-5.4,30.9,44,1.2,360,31,2025-12-08 07:00:00+00:00
27.2,66,20.3,1012.3,1013.5,100,31,0,100,18.7,17,44.6,0.0,20.0,1.8,19.0,16.5,-5.6,31.0,43,2.7,297,32,2025-12-08 08:00:00+00:00
27.2,66,20.2,1011.6,1012.8,100,21,0,100,19.3,14,45.0,0.0,20.0,1.5,23.0,17.4,-5.6,31.3,43,3.8,288,32,2025-12-08 09:00:00+00:00
26.9,66,20.0,1011.5,1012.7,92,34,0,88,19.3,20,45.4,0.0,20.0,1.6,128.0,17.7,-5.6,30.6,44,3.6,270,31,2025-12-08 10:00:00+00:00
26.4,69,20.3,1011.8,1013.0,91,50,0,83,17.0,18,44.3,0.0,30.0,1.0,94.0,17.9,-5.6,30.9,46,3.8,252,31,2025-12-08 11:00:00+00:00
25.8,76,21.3,1011.8,1013.0,35,5,5,28,13.6,6,36.0,0.0,200.0,1.3,13.0,18.1,-5.6,32.6,41,3.4,225,31,2025-12-08 12:00:00+00:00
25.3,77,21.0,1012.7,1013.9,38,18,3,24,13.1,7,27.7,0.0,90.0,0.9,36.0,18.2,-5.6,32.6,41,2.7,207,31,2025-12-08 13:00:00+00:00
25.0,78,20.9,1013.3,1014.5,34,24,6,13,12.7,7,26.3,0.0,30.0,1.0,78.0,18.2,-5.4,34.0,40,3.6,180,31,2025-12-08 14:00:00+00:00
24.7,79,20.9,1013.7,1014.9,79,26,12,68,11.6,5,24.8,0.0,10.0,0.6,16.0,18.3,-5.1,35.6,40,3.8,198,31,2025-12-08 15:00:00+00:00
24.5,81,21.0,1014.1,1015.3,80,34,6,70,12.1,359,22.7,0.0,70.0,0.9,47.0,18.2,-5.1,36.5,40,3.8,198,31,2025-12-08 16:00:00+00:00
24.1,84,21.3,1013.8,1015.0,100,23,18,100,12.8,358,25.6,0.1,50.0,1.4,75.0,18.1,-5.1,37.4,43,2.7,207,32,2025-12-08 17:00:00+00:00
24.3,87,21.9,1013.4,1014.6,99,16,7,98,12.6,2,25.2,0.1,390.0,1.9,19.0,18.1,-5.6,30.7,55,1.2,270,40,2025-12-08 18:00:00+00:00
24.3,86,21.9,1012.8,1014.0,80,41,22,65,12.4,9,24.8,0.0,390.0,2.6,16.0,18.1,-5.6,31.4,50,2.4,270,41,2025-12-08 19:00:00+00:00
24.2,87,21.9,1011.9,1013.1,89,35,35,80,12.9,12,25.2,0.1,400.0,2.5,14.0,17.9,-5.6,33.8,47,2.4,270,44,2025-12-08 20:00:00+00:00
24.2,86,21.8,1011.3,1012.5,64,44,36,34,13.2,15,26.3,0.1,390.0,2.4,12.0,17.5,-5.6,38.3,45,2.4,270,66,2025-12-08 21:00:00+00:00
24.3,84,21.5,1011.0,1012.2,95,15,48,88,12.4,17,26.3,0.1,290.0,2.5,14.0,17.6,-5.6,43.4,50,2.4,270,78,2025-12-08 22:00:00+00:00
24.4,83,21.3,1010.8,1012.0,72,15,4,66,13.0,18,25.6,0.0,220.0,2.1,16.0,17.1,-5.6,45.7,54,3.8,252,76,2025-12-08 23:00:00+00:00
23.9,90,22.1,1011.4,1012.6,98,19,24,98,11.2,6,25.6,0.0,420.0,1.5,19.0,16.3,-5.8,40.2,57,8.7,236,50,2025-12-09 00:00:00+00:00
24.1,87,21.9,1011.9,1013.1,60,18,9,48,12.3,4,23.8,0.0,320.0,1.4,17.0,16.7,-5.8,42.2,57,9.1,247,53,2025-12-09 01:00:00+00:00
24.8,87,22.5,1012.6,1013.8,58,25,31,26,12.6,11,24.8,0.0,640.0,0.8,8.0,16.7,-5.8,43.5,60,10.3,249,53,2025-12-09 02:00:00+00:00
26.3,76,21.8,1013.3,1014.5,25,20,2,5,17.4,27,36.4,0.2,470.0,-0.1,3.0,16.9,-5.8,43.6,64,10.3,249,56,2025-12-09 03:00:00+00:00
27.1,71,21.4,1013.6,1014.8,99,18,0,99,19.8,34,49.3,0.0,370.0,-0.4,0.0,17.1,-5.8,44.0,66,10.3,249,62,2025-12-09 04:00:00+00:00
27.5,70,21.4,1013.3,1014.5,77,15,1,73,19.0,33,49.3,0.0,350.0,-0.2,0.0,17.3,-5.6,42.0,66,10.3,249,67,2025-12-09 05:00:00+00:00
28.0,68,21.7,1012.8,1013.9,24,9,0,16,18.8,28,45.0,0.0,510.0,0.4,0.0,17.1,-5.6,34.6,63,12.4,241,63,2025-12-09 06:00:00+00:00
28.2,67,21.4,1012.2,1013.3,49,23,0,33,18.7,33,45.0,0.0,410.0,0.6,0.0,17.1,-5.6,33.9,61,12.9,248,71,2025-12-09 07:00:00+00:00
27.9,66,21.1,1011.4,1012.5,38,27,0,14,20.2,31,47.9,0.0,310.0,0.5,0.0,17.0,-5.8,32.7,60,11.8,246,74,2025-12-09 08:00:00+00:00
27.5,66,20.6,1011.1,1012.2,16,13,0,2,20.2,27,47.9,0.0,170.0,0.7,0.0,17.3,-6.1,32.5,59,9.7,240,79,2025-12-09 09:00:00+00:00
27.1,66,20.1,1011.1,1012.3,67,33,0,52,19.8,24,51.1,0.0,60.0,0.9,50.0,17.5,-6.3,31.5,59,9.4,230,81,2025-12-09 10:00:00+00:00
26.4,69,20.2,1011.2,1012.4,100,26,0,100,18.6,20,46.4,0.0,40.0,0.4,69.0,17.7,-6.3,30.0,60,9.4,220,81,2025-12-09 11:00:00+00:00
26.0,75,21.2,1011.7,1012.9,92,36,0,88,15.0,27,39.6,0.0,240.0,1.0,7.0,17.6,-6.3,25.3,60,8.5,225,69,2025-12-09 12:00:00+00:00
25.5,77,21.2,1012.4,1013.6,100,39,0,100,13.1,25,30.6,0.0,220.0,1.4,14.0,17.7,-6.3,25.7,63,9.7,210,73,2025-12-09 13:00:00+00:00
25.3,77,20.9,1013.3,1014.5,99,37,0,99,12.2,24,26.6,0.0,120.0,1.6,20.0,17.7,-6.3,26.9,62,10.7,207,73,2025-12-09 14:00:00+00:00
25.1,77,20.7,1013.7,1014.9,100,29,0,100,12.4,22,24.1,0.0,60.0,1.9,48.0,17.7,-6.1,27.4,60,11.8,204,74,2025-12-09 15:00:00+00:00
25.0,76,20.6,1014.0,1015.2,100,26,0,100,12.9,21,25.6,0.0,40.0,2.2,116.0,18.0,-6.3,27.1,57,12.4,209,76,2025-12-09 16:00:00+00:00
24.9,76,20.4,1013.7,1014.9,100,19,0,100,13.1,21,26.3,0.0,20.0,2.6,140.0,18.0,-6.3,27.0,53,13.0,214,76,2025-12-09 17:00:00+00:00
24.6,77,20.2,1013.2,1014.4,100,4,0,100,11.6,18,25.9,0.0,0.0,2.2,37.0,17.6,-6.1,25.3,38,11.1,229,77,2025-12-09 18:00:00+00:00
24.4,78,20.4,1013.1,1014.3,100,16,2,100,10.8,18,22.0,0.0,0.0,2.4,25.0,17.5,-6.3,26.8,32,13.7,232,76,2025-12-09 19:00:00+00:00
24.1,79,20.3,1012.4,1013.6,100,14,0,100,11.6,6,22.3,0.0,0.0,2.3,22.0,17.3,-6.1,28.8,29,13.7,232,77,2025-12-09 20:00:00+00:00
23.8,83,20.7,1011.9,1013.1,100,38,0,100,11.0,2,22.3,0.0,20.0,2.5,4.0,17.3,-6.1,30.7,32,15.6,238,76,2025-12-09 21:00:00+00:00
23.6,87,21.4,1011.8,1013.0,100,43,0,100,11.7,4,23.0,0.0,130.0,2.3,13.0,17.3,-5.8,33.9,36,15.0,241,74,2025-12-09 22:00:00+00:00
23.5,89,21.5,1011.8,1013.0,100,25,0,100,12.5,5,24.5,0.0,150.0,2.6,14.0,17.5,-5.8,38.5,40,15.0,241,72,2025-12-09 23:00:00+00:00
24.0,82,20.7,1012.4,1013.6,100,48,0,100,13.5,16,24.5,0.0,30.0,3.0,32.0,17.1,-6.3,35.9,40,16.0,257,59,2025-12-10 00:00:00+00:00
24.0,79,20.2,1012.9,1014.1,100,36,0,100,12.9,18,27.0,0.0,10.0,3.1,32.0,17.1,-6.3,40.6,44,16.3,253,57,2025-12-10 01:00:00+00:00
24.5,77,20.2,1014.1,1015.3,99,5,0,99,11.5,23,25.2,0.0,0.0,2.6,31.0,17.0,-6.1,44.2,46,17.8,250,52,2025-12-10 02:00:00+00:00
25.7,69,19.7,1014.7,1015.9,88,5,0,87,14.2,26,32.8,0.0,0.0,2.2,31.0,17.0,-5.8,44.8,48,17.5,254,50,2025-12-10 03:00:00+00:00
26.3,67,19.6,1015.0,1016.2,100,16,0,100,17.4,32,43.6,0.0,0.0,2.3,30.0,17.0,-5.8,46.9,49,18.6,255,49,2025-12-10 04:00:00+00:00
26.8,65,19.6,1014.6,1015.8,100,5,0,100,17.4,33,42.1,0.0,0.0,2.3,30.0,16.8,-5.8,47.5,49,18.4,259,48,2025-12-10 05:00:00+00:00
27.3,62,19.4,1014.3,1015.5,100,37,0,100,20.2,34,46.1,0.0,10.0,2.3,29.0,16.3,-6.1,46.4,47,17.0,262,26,2025-12-10 06:00:00+00:00
27.2,62,19.2,1013.2,1014.4,100,23,0,100,19.9,31,48.2,0.0,10.0,2.5,29.0,16.3,-5.8,44.8,45,16.8,266,21,2025-12-10 07:00:00+00:00
27.3,61,19.1,1012.2,1013.4,70,18,0,63,20.0,28,47.9,0.0,10.0,2.3,28.0,16.4,-5.6,42.5,45,18.0,266,16,2025-12-10 08:00:00+00:00
27.2,61,18.9,1011.3,1012.5,30,30,0,0,20.2,27,48.2,0.0,10.0,2.4,27.0,16.8,-5.4,40.6,46,19.2,270,13,2025-12-10 09:00:00+00:00
26.9,60,18.5,1011.1,1012.3,38,37,0,0,20.6,22,49.0,0.0,0.0,2.5,27.0,16.4,-5.4,36.7,46,19.2,270,12,2025-12-10 10:00:00+00:00
26.3,65,19.1,1011.2,1012.4,22,20,0,2,18.0,20,47.9,0.0,10.0,2.6,26.0,15.7,-5.4,33.2,47,20.4,273,12,2025-12-10 11:00:00+00:00
26.0,73,20.8,1011.6,1012.8,55,55,0,0,14.5,17,38.2,0.0,70.0,3.5,8.0,15.1,-5.8,31.9,42,16.0,257,12,2025-12-10 12:00:00+00:00
25.5,75,20.8,1012.2,1013.4,23,23,0,0,15.8,21,32.0,0.0,80.0,4.1,12.0,15.3,-5.8,32.5,44,16.0,257,16,2025-12-10 13:00:00+00:00
25.0,79,21.2,1013.0,1014.2,35,34,0,0,16.1,16,33.5,0.0,90.0,4.1,4.0,15.3,-5.8,33.2,44,15.6,247,16,2025-12-10 14:00:00+00:00
24.8,81,21.3,1013.5,1014.7,25,25,0,0,15.8,21,32.8,0.0,140.0,3.8,12.0,15.7,-5.6,32.9,45,16.1,243,16,2025-12-10 15:00:00+00:00
24.6,81,21.2,1013.6,1014.8,41,41,0,0,16.6,30,33.8,0.0,100.0,3.7,10.0,16.2,-5.4,31.9,44,16.7,240,16,2025-12-10 16:00:00+00:00
24.5,82,21.2,1013.5,1014.7,34,34,13,0,17.0,27,34.9,0.0,100.0,3.8,8.0,16.5,-5.4,30.6,46,17.1,231,17,2025-12-10 17:00:00+00:00
24.7,82,21.3,1013.2,1014.4,44,19,10,28,13.9,17,34.9,0.0,160.0,3.7,13.0,14.4,-5.6,34.3,41,16.3,234,18,2025-12-10 18:00:00+00:00
25.0,76,20.5,1013.1,1014.3,44,44,9,0,13.6,22,27.7,0.0,60.0,4.0,20.0,14.4,-5.6,33.6,41,17.8,228,19,2025-12-10 19:00:00+00:00
24.7,74,19.7,1012.5,1013.7,59,58,5,0,13.8,28,28.1,0.0,30.0,4.5,22.0,14.5,-5.6,33.7,38,17.8,228,20,2025-12-10 20:00:00+00:00
24.5,75,19.9,1011.8,1013.0,46,46,2,0,14.6,24,28.8,0.0,30.0,4.6,19.0,14.5,-5.6,36.7,37,18.7,230,21,2025-12-10 21:00:00+00:00
24.5,76,20.1,1011.5,1012.7,22,22,0,0,15.9,34,32.0,0.0,20.0,4.5,13.0,14.4,-5.6,41.1,40,18.3,238,22,2025-12-10 22:00:00+00:00
24.5,74,19.6,1011.5,1012.7,5,5,0,0,17.2,37,34.9,0.0,10.0,4.2,2.0,14.8,-5.4,42.9,44,17.8,250,22,2025-12-10 23:00:00+00:00
24.5,76,19.9,1012.3,1013.5,22,21,2,0,15.6,29,34.9,0.0,30.0,3.7,17.0,14.7,-6.5,36.4,47,17.1,231,22,2025-12-11 00:00:00+00:00
24.5,75,19.8,1013.1,1014.3,39,39,0,0,15.7,24,31.3,0.0,20.0,3.5,18.0,16.3,-6.5,50.7,48,15.6,238,23,2025-12-11 01:00:00+00:00
25.0,74,20.1,1013.9,1015.1,5,5,0,0,16.2,21,33.1,0.0,10.0,3.0,-1.0,16.3,-6.5,55.0,50,15.6,238,23,2025-12-11 02:00:00+00:00
26.1,64,18.8,1014.4,1015.6,1,1,0,0,18.8,26,42.5,0.0,0.0,2.4,-1.0,16.5,-6.3,54.1,51,14.0,239,22,2025-12-11 03:00:00+00:00
26.7,62,18.7,1014.4,1015.6,0,0,0,0,19.3,24,45.4,0.0,0.0,2.3,-2.0,16.7,-6.3,55.3,55,12.0,233,22,2025-12-11 04:00:00+00:00
27.2,59,18.5,1014.3,1015.5,0,0,0,0,19.4,23,46.1,0.0,0.0,2.3,-3.0,16.5,-6.1,52.0,53,11.1,229,21,2025-12-11 05:00:00+00:00
28.0,61,19.7,1013.7,1014.9,1,1,0,0,19.6,20,46.8,0.0,10.0,2.5,-4.0,16.9,-5.8,47.2,53,11.9,225,21,2025-12-11 06:00:00+00:00
28.1,62,20.0,1012.9,1014.0,20,20,0,0,20.8,22,49.3,0.0,40.0,2.6,0.0,17.0,-5.6,44.4,54,13.6,225,20,2025-12-11 07:00:00+00:00
27.9,61,19.8,1011.9,1013.0,7,7,0,0,20.6,23,49.7,0.0,20.0,2.4,16.0,17.0,-5.6,42.7,53,13.6,225,19,2025-12-11 08:00:00+00:00
27.5,62,19.5,1011.2,1012.3,7,7,0,0,20.6,22,49.0,0.0,10.0,2.3,-6.0,17.0,-5.1,40.2,51,13.7,232,18,2025-12-11 09:00:00+00:00
27.0,62,19.1,1010.8,1012.0,2,2,0,0,20.2,22,49.3,0.0,0.0,2.7,-6.0,17.3,-5.1,38.6,51,14.0,239,18,2025-12-11 10:00:00+00:00
26.4,64,19.1,1011.1,1012.3,15,14,0,1,19.4,23,48.6,0.0,0.0,2.5,-7.0,17.6,-4.9,36.6,54,12.9,248,17,2025-12-11 11:00:00+00:00
25.9,73,20.8,1011.1,1012.3,49,49,0,0,16.3,19,45.0,0.0,70.0,3.2,16.0,17.5,-4.9,37.0,52,11.3,238,17,2025-12-11 12:00:00+00:00
25.3,76,20.7,1011.4,1012.6,23,23,0,0,15.8,21,33.8,0.0,30.0,4.0,45.0,18.2,-4.7,36.3,55,10.9,264,17,2025-12-11 13:00:00+00:00
25.2,75,20.5,1012.1,1013.3,13,13,0,0,15.4,27,32.0,0.0,20.0,4.2,-7.0,18.8,-4.7,37.0,56,11.1,283,17,2025-12-11 14:00:00+00:00
25.0,75,20.3,1012.8,1014.0,27,27,0,0,15.9,35,31.3,0.0,10.0,4.5,-7.0,18.9,-4.9,36.8,56,11.8,294,17,2025-12-11 15:00:00+00:00
25.0,75,20.2,1012.9,1014.1,29,29,0,0,15.7,39,32.4,0.0,10.0,4.9,-7.0,19.1,-5.1,35.9,54,13.0,304,17,2025-12-11 16:00:00+00:00
24.8,75,20.0,1012.9,1014.1,43,43,0,0,15.2,40,32.0,0.0,20.0,5.0,-7.0,18.9,-5.4,36.1,53,13.0,304,17,2025-12-11 17:00:00+00:00
25.0,77,20.7,1012.5,1013.7,66,66,0,0,14.2,40,31.0,0.0,70.0,5.2,8.0,18.7,-4.7,31.3,59,17.2,295,16,2025-12-11 18:00:00+00:00
24.9,77,20.6,1012.2,1013.4,76,76,0,0,14.1,38,28.8,0.0,50.0,5.4,9.0,18.6,-4.9,31.7,60,16.7,300,16,2025-12-11 19:00:00+00:00
24.6,77,20.3,1011.6,1012.8,68,68,0,0,13.3,35,28.8,0.0,30.0,5.6,11.0,18.2,-4.9,32.4,58,16.3,306,16,2025-12-11 20:00:00+00:00
24.4,77,20.1,1010.9,1012.1,70,70,0,0,12.6,31,27.0,0.0,30.0,5.8,12.0,17.7,-4.9,33.6,54,14.4,312,17,2025-12-11 21:00:00+00:00
24.2,78,20.1,1010.7,1011.9,55,55,0,0,12.4,26,25.2,0.0,30.0,6.0,13.0,17.4,-4.9,34.5,53,14.0,329,17,2025-12-11 22:00:00+00:00
24.1,78,20.1,1010.8,1012.0,47,47,0,0,12.2,24,24.5,0.0,20.0,6.2,14.0,17.1,-4.9,36.1,53,12.5,343,17,2025-12-11 23:00:00+00:00
23.8,81,20.3,1011.3,1012.5,33,33,0,0,12.8,26,24.8,0.0,20.0,6.3,0.0,16.9,-4.7,33.7,55,12.5,343,18,2025-12-12 00:00:00+00:00
23.6,81,20.2,1011.9,1013.1,45,45,0,0,12.4,22,24.8,0.0,20.0,6.5,2.0,16.9,-4.9,34.5,56,12.1,354,18,2025-12-12 01:00:00+00:00
24.2,77,20.0,1012.9,1014.1,56,56,0,0,13.6,22,27.7,0.0,10.0,5.8,4.0,16.9,-4.9,34.5,59,12.0,360,19,2025-12-12 02:00:00+00:00
25.4,66,18.7,1013.5,1014.7,49,49,0,0,18.2,26,45.0,0.0,10.0,5.4,3.0,16.9,-4.9,34.6,63,12.1,6,19,2025-12-12 03:00:00+00:00
26.2,62,18.3,1013.9,1015.1,53,53,0,0,18.6,23,43.9,0.0,0.0,5.6,0.0,16.7,-4.9,33.6,65,12.1,6,19,2025-12-12 04:00:00+00:00
26.5,61,18.3,1013.8,1015.0,54,9,0,48,18.8,19,45.7,0.0,0.0,5.7,1.0,16.5,-4.9,32.6,63,13.3,5,20,2025-12-12 05:00:00+00:00
27.0,58,18.1,1013.2,1014.4,99,5,0,99,19.1,19,45.7,0.0,0.0,5.7,0.0,16.2,-4.7,28.3,53,13.4,10,19,2025-12-12 06:00:00+00:00
27.3,58,18.3,1012.3,1013.5,98,7,0,98,19.3,20,47.2,0.0,0.0,6.0,79.0,16.3,-4.9,26.2,50,13.4,10,19,2025-12-12 07:00:00+00:00
27.3,57,18.1,1011.3,1012.5,91,5,0,91,19.5,20,47.5,0.0,0.0,6.2,79.0,16.4,-4.7,24.8,44,14.4,5,20,2025-12-12 08:00:00+00:00
27.1,58,18.0,1010.6,1011.8,94,3,0,94,19.0,20,47.5,0.0,0.0,6.9,80.0,16.5,-4.7,23.9,42,15.6,4,19,2025-12-12 09:00:00+00:00
26.7,59,17.9,1010.4,1011.6,96,2,0,95,18.2,23,46.1,0.0,0.0,7.4,81.0,16.5,-4.4,21.9,42,15.6,4,19,2025-12-12 10:00:00+00:00
26.0,60,17.8,1010.6,1011.8,94,6,0,94,17.8,26,43.6,0.0,0.0,6.8,81.0,17.3,-4.4,21.3,43,16.8,4,19,2025-12-12 11:00:00+00:00
25.5,68,19.2,1010.9,1012.1,27,12,0,17,14.2,26,41.0,0.0,0.0,7.0,270.0,17.4,-4.4,18.4,50,18.4,11,20,2025-12-12 12:00:00+00:00
24.9,70,19.1,1011.6,1012.8,13,13,0,0,14.1,28,29.5,0.0,0.0,8.0,2.0,18.1,-4.4,18.1,51,19.5,11,20,2025-12-12 13:00:00+00:00
24.8,70,18.9,1012.6,1013.8,36,36,0,0,13.7,32,28.8,0.0,10.0,7.8,1.0,18.2,-4.4,18.6,54,19.8,14,20,2025-12-12 14:00:00+00:00
24.7,70,18.9,1013.2,1014.4,50,50,0,0,13.6,34,27.7,0.0,10.0,8.0,1.0,18.2,-4.4,17.8,50,19.8,14,20,2025-12-12 15:00:00+00:00
24.5,71,19.0,1013.7,1014.9,20,20,0,0,13.1,33,27.4,0.0,0.0,7.9,1.0,18.3,-4.7,17.4,49,19.8,14,20,2025-12-12 16:00:00+00:00
24.0,74,19.1,1013.6,1014.8,7,7,0,0,11.9,32,25.9,0.0,0.0,7.9,0.0,18.2,-4.7,17.4,49,19.8,14,21,2025-12-12 17:00:00+00:00
23.9,72,18.6,1013.3,1014.5,12,12,0,0,11.0,32,23.4,0.0,0.0,7.9,0.0,17.7,-4.7,14.5,58,18.4,11,21,2025-12-12 18:00:00+00:00
23.6,73,18.5,1013.2,1014.4,10,10,0,0,9.8,23,20.9,0.0,0.0,8.1,0.0,17.6,-4.7,14.4,55,17.0,8,20,2025-12-12 19:00:00+00:00
23.0,76,18.5,1012.4,1013.6,18,18,0,0,8.6,11,18.7,0.0,0.0,8.2,-1.0,17.5,-4.9,14.4,55,17.0,8,20,2025-12-12 20:00:00+00:00
22.4,79,18.5,1011.9,1013.1,23,23,0,0,8.8,1,16.6,0.0,0.0,8.2,-1.0,17.4,-4.9,14.5,49,16.8,4,20,2025-12-12 21:00:00+00:00
21.8,81,18.5,1011.6,1012.8,15,15,0,0,7.8,351,16.6,0.0,0.0,8.5,-1.0,17.4,-4.9,14.8,47,18.0,4,19,2025-12-12 22:00:00+00:00
21.2,85,18.6,1011.5,1012.7,24,24,0,0,7.9,336,15.5,0.0,0.0,8.8,-1.0,17.6,-4.7,14.5,46,19.2,4,17,2025-12-12 23:00:00+00:00
21.0,92,19.7,1011.6,1012.8,55,55,0,0,9.0,330,16.6,0.0,0.0,8.9,0.0,17.6,-4.9,15.9,39,20.4,357,10,2025-12-13 00:00:00+00:00
20.8,94,19.8,1012.3,1013.5,63,63,0,0,9.0,331,18.0,0.0,10.0,9.2,2.0,17.7,-4.7,16.6,37,20.4,3,9,2025-12-13 01:00:00+00:00
21.9,90,20.2,1013.2,1014.4,11,11,0,0,9.0,340,19.4,0.0,10.0,8.3,4.0,17.6,-4.7,19.1,38,20.5,7,4,2025-12-13 02:00:00+00:00
23.8,82,20.5,1014.0,1015.2,24,24,0,0,9.4,348,23.8,0.0,30.0,7.3,303.0,17.5,-4.7,21.6,44,21.0,13,3,2025-12-13 03:00:00+00:00
25.5,68,19.2,1014.3,1015.5,13,13,0,0,13.5,16,33.8,0.0,10.0,6.9,0.0,17.3,-4.7,24.2,49,20.1,17,2,2025-12-13 04:00:00+00:00
26.6,58,17.8,1013.9,1015.1,5,5,0,0,14.3,24,37.1,0.0,0.0,6.8,12.0,17.0,-4.9,25.6,51,21.3,16,2,2025-12-13 05:00:00+00:00
27.3,54,17.2,1013.3,1014.5,4,4,0,0,15.2,30,38.9,0.0,0.0,7.0,13.0,16.7,-4.7,25.2,49,21.6,19,2,2025-12-13 06:00:00+00:00
27.6,52,16.8,1012.3,1013.5,4,4,0,1,15.5,33,40.3,0.0,0.0,7.3,11.0,16.7,-4.7,24.6,51,20.5,21,2,2025-12-13 07:00:00+00:00
27.6,52,16.8,1011.4,1012.5,3,2,0,1,15.7,34,40.7,0.0,0.0,7.1,6.0,16.8,-4.7,23.0,51,20.1,17,3,2025-12-13 08:00:00+00:00
27.2,55,17.4,1010.6,1011.7,2,2,0,0,15.8,34,40.7,0.0,0.0,7.0,0.0,16.9,-4.7,21.1,51,19.8,14,3,2025-12-13 09:00:00+00:00
26.7,57,17.4,1010.5,1011.7,13,13,0,0,15.9,31,40.3,0.0,0.0,6.9,-4.0,16.9,-4.7,20.1,51,19.8,14,4,2025-12-13 10:00:00+00:00
26.0,58,17.1,1010.8,1012.0,17,17,0,0,15.8,32,39.6,0.0,0.0,6.4,-4.0,17.0,-4.7,20.4,50,19.8,14,4,2025-12-13 11:00:00+00:00
25.3,66,18.4,1011.1,1012.3,13,13,0,0,13.7,32,37.4,0.0,10.0,6.7,2.0,17.3,-5.1,19.0,46,23.6,15,6,2025-12-13 12:00:00+00:00
24.8,67,18.4,1011.9,1013.1,19,19,0,0,12.5,28,28.8,0.0,10.0,7.3,17.0,17.1,-5.1,20.3,44,23.9,18,6,2025-12-13 13:00:00+00:00
24.7,67,18.3,1013.1,1014.3,21,21,0,0,12.1,28,25.9,0.0,10.0,7.4,39.0,17.4,-5.4,20.6,45,24.3,20,6,2025-12-13 14:00:00+00:00
24.7,67,18.2,1013.6,1014.8,19,19,0,0,11.8,33,24.5,0.0,10.0,7.5,65.0,17.1,-5.4,20.6,47,24.3,20,7,2025-12-13 15:00:00+00:00
24.7,66,17.9,1014.1,1015.3,35,35,0,0,11.5,39,23.4,0.0,10.0,7.4,69.0,17.1,-5.6,20.0,47,23.2,21,7,2025-12-13 16:00:00+00:00
24.6,65,17.6,1014.2,1015.4,62,62,0,0,11.3,43,23.0,0.0,10.0,7.1,57.0,17.4,-5.6,20.0,47,23.2,21,7,2025-12-13 17:00:00+00:00
24.5,65,17.5,1014.0,1015.2,41,41,0,0,11.6,49,22.0,0.0,20.0,7.0,32.5,16.1,-5.8,16.3,54,21.5,27,8,2025-12-13 18:00:00+00:00
24.4,65,17.5,1013.8,1015.0,40,40,0,0,11.3,53,23.4,0.0,10.0,7.1,-3.0,16.1,-5.8,17.2,53,20.0,33,8,2025-12-13 19:00:00+00:00
24.2,66,17.4,1013.0,1014.2,43,43,0,0,11.1,50,22.7,0.0,10.0,6.8,0.0,15.8,-5.8,18.2,53,18.7,40,8,2025-12-13 20:00:00+00:00
24.0,66,17.1,1012.4,1013.6,48,48,0,0,11.7,43,22.7,0.0,10.0,7.0,0.0,16.3,-5.8,20.8,52,17.0,45,8,2025-12-13 21:00:00+00:00
23.7,66,17.0,1012.2,1013.4,47,47,0,0,11.3,39,23.0,0.0,10.0,7.2,0.0,17.3,-5.8,25.9,49,17.0,45,8,2025-12-13 22:00:00+00:00
23.6,67,17.1,1012.3,1013.5,50,50,0,0,10.7,33,21.6,0.0,10.0,7.2,0.0,17.1,-5.6,29.5,52,15.3,45,8,2025-12-13 23:00:00+00:00
23.7,71,18.0,1012.7,1013.9,34,34,0,0,11.9,25,22.0,0.0,10.0,7.3,0.0,15.4,-5.8,33.2,46,22.1,45,10,2025-12-14 00:00:00+00:00
23.7,70,17.8,1013.5,1014.7,56,56,0,0,11.8,24,23.4,0.0,10.0,7.5,0.0,15.8,-5.6,32.9,48,22.9,47,10,2025-12-14 01:00:00+00:00
24.6,65,17.7,1014.3,1015.5,62,62,0,0,10.5,27,22.7,0.0,10.0,6.5,-5.0,16.1,-5.4,33.5,52,26.4,51,9,2025-12-14 02:00:00+00:00
26.1,58,17.1,1015.0,1016.2,41,41,0,0,12.2,33,31.0,0.0,10.0,6.0,-4.0,16.4,-5.1,34.1,56,29.0,52,8,2025-12-14 03:00:00+00:00
26.9,54,16.7,1015.1,1016.3,26,26,0,0,16.4,42,40.7,0.0,0.0,6.0,0.0,16.3,-5.1,35.3,57,30.0,53,8,2025-12-14 04:00:00+00:00
27.4,53,17.0,1014.8,1016.0,13,13,0,0,16.1,40,41.4,0.0,0.0,6.2,0.0,16.1,-5.1,34.9,54,30.0,53,8,2025-12-14 05:00:00+00:00
27.6,52,16.9,1014.0,1015.2,23,23,0,0,16.5,34,42.5,0.0,10.0,6.2,47.3,15.8,-5.1,32.3,48,33.0,57,8,2025-12-14 06:00:00+00:00
28.1,49,16.4,1013.0,1014.1,18,18,0,0,16.3,34,43.2,0.0,0.0,5.9,0.0,15.9,-4.9,30.4,49,34.0,58,8,2025-12-14 07:00:00+00:00
27.9,49,16.1,1011.8,1012.9,25,25,0,0,15.7,36,42.8,0.0,0.0,5.8,0.0,16.3,-5.1,26.5,48,35.0,59,8,2025-12-14 08:00:00+00:00
27.6,51,16.5,1011.2,1012.3,19,19,0,0,14.9,36,41.4,0.0,0.0,5.9,0.0,16.7,-5.1,23.3,50,35.0,59,7,2025-12-14 09:00:00+00:00
27.1,52,16.4,1010.8,1012.0,12,12,0,0,14.7,33,39.2,0.0,0.0,5.8,0.0,16.8,-4.9,20.8,52,35.0,59,7,2025-12-14 10:00:00+00:00
26.2,57,16.9,1010.9,1012.1,16,16,0,0,14.5,30,37.8,0.0,0.0,5.4,0.0,17.0,-4.9,18.3,55,35.0,59,6,2025-12-14 11:00:00+00:00
25.7,61,17.6,1011.1,1012.3,10,10,0,0,12.0,26,36.0,0.0,0.0,5.7,1.5,17.4,-4.9,18.0,54,34.1,51,6,2025-12-14 12:00:00+00:00
25.1,65,18.0,1011.7,1012.9,16,16,0,0,10.9,27,27.7,0.0,0.0,6.9,0.0,17.6,-4.9,18.1,56,33.4,52,6,2025-12-14 13:00:00+00:00
24.8,67,18.3,1012.7,1013.9,18,18,0,0,11.2,33,22.7,0.0,0.0,7.1,0.0,17.9,-4.9,18.6,59,33.2,49,4,2025-12-14 14:00:00+00:00
24.7,67,18.2,1013.5,1014.7,20,20,0,0,12.2,38,24.5,0.0,0.0,7.3,0.0,18.0,-4.9,19.0,63,32.4,51,4,2025-12-14 15:00:00+00:00
24.5,68,18.1,1013.8,1015.0,15,15,0,0,12.8,42,25.9,0.0,0.0,7.5,0.0,18.1,-4.9,19.2,68,32.4,51,4,2025-12-14 16:00:00+00:00
24.1,69,18.0,1013.8,1015.0,11,11,0,0,11.9,39,25.6,0.0,0.0,7.6,-1.0,18.2,-4.9,19.5,69,31.7,53,4,2025-12-14 17:00:00+00:00
23.9,67,17.3,1013.8,1015.0,27,27,0,0,11.3,39,23.8,0.0,0.0,7.5,-3.0,16.7,-4.9,20.7,76,29.6,58,4,2025-12-14 18:00:00+00:00
23.9,66,17.2,1013.4,1014.6,34,34,0,0,10.5,38,21.6,0.0,0.0,7.4,0.0,16.7,-5.1,20.5,78,30.1,61,3,2025-12-14 19:00:00+00:00
23.8,67,17.2,1013.0,1014.2,30,30,0,0,10.0,38,20.2,0.0,0.0,7.2,0.0,16.7,-5.1,20.8,81,30.1,61,3,2025-12-14 20:00:00+00:00
23.6,67,17.1,1012.4,1013.6,34,34,0,0,9.1,38,18.7,0.0,0.0,7.3,0.0,16.9,-5.4,21.0,88,30.7,59,3,2025-12-14 21:00:00+00:00
23.4,68,17.2,1012.0,1013.2,25,25,0,0,8.1,28,17.3,0.0,0.0,7.4,0.0,17.3,-5.4,21.4,92,32.3,59,3,2025-12-14 22:00:00+00:00
23.1,71,17.5,1012.2,1013.4,41,41,0,0,8.6,8,16.2,0.0,0.0,7.7,-2.0,17.4,-5.4,20.6,95,33.3,60,3,2025-12-14 23:00:00+00:00
23.4,74,18.4,1012.7,1013.9,51,51,0,0,9.9,4,16.6,0.0,10.0,7.6,3.8,16.3,-5.6,19.7,97,41.4,60,2,2025-12-15 00:00:00+00:00
23.0,76,18.6,1013.3,1014.5,26,26,0,0,9.7,358,19.1,0.0,10.0,7.5,0.0,16.9,-5.4,18.7,94,42.4,65,2,2025-12-15 01:00:00+00:00
23.9,72,18.7,1013.9,1015.1,45,45,0,0,9.6,9,20.5,0.0,0.0,6.5,-26.0,17.3,-5.4,19.1,91,44.1,68,2,2025-12-15 02:00:00+00:00
25.7,65,18.6,1014.7,1015.9,23,23,0,0,11.5,14,28.4,0.0,10.0,5.5,-6.0,17.5,-5.1,20.5,89,45.9,70,2,2025-12-15 03:00:00+00:00
27.1,57,17.9,1014.7,1015.9,21,21,0,0,16.7,32,41.8,0.0,0.0,4.8,-0.8,17.3,-5.1,20.8,81,46.3,73,2,2025-12-15 04:00:00+00:00
27.6,55,17.7,1014.5,1015.7,21,21,0,0,17.2,31,43.6,0.0,0.0,4.7,0.0,16.5,-5.1,21.5,73,46.0,75,2,2025-12-15 05:00:00+00:00
27.9,54,17.7,1014.0,1015.2,11,11,0,0,17.4,27,43.9,0.0,0.0,4.4,63.0,15.7,-5.4,20.9,58,48.0,77,3,2025-12-15 06:00:00+00:00
28.4,51,17.4,1013.0,1014.1,9,9,0,0,16.7,25,44.6,0.0,0.0,4.1,1.0,16.1,-5.4,21.5,58,46.4,80,3,2025-12-15 07:00:00+00:00
28.2,52,17.4,1012.1,1013.2,24,24,0,0,17.4,28,44.6,0.0,0.0,3.8,2.0,16.2,-5.4,22.2,62,45.2,79,4,2025-12-15 08:00:00+00:00
28.0,52,17.3,1011.4,1012.5,8,8,0,0,17.7,30,45.4,0.0,0.0,3.7,3.0,16.5,-5.4,22.0,66,45.2,79,6,2025-12-15 09:00:00+00:00
27.6,53,17.2,1011.0,1012.1,18,18,0,0,18.1,28,45.0,0.0,0.0,3.6,4.0,16.8,-5.1,22.5,69,45.2,79,9,2025-12-15 10:00:00+00:00
26.9,56,17.3,1010.8,1012.0,3,3,0,0,18.5,24,44.6,0.0,0.0,3.1,6.0,16.7,-5.1,23.8,73,45.4,78,16,2025-12-15 11:00:00+00:00
26.5,63,18.9,1011.4,1012.6,73,72,7,0,16.1,20,43.9,0.0,0.0,3.1,59.0,15.6,-5.1,23.4,77,42.8,79,23,2025-12-15 12:00:00+00:00
26.1,67,19.4,1012.2,1013.4,53,52,6,0,15.1,22,37.1,0.0,0.0,3.5,34.0,15.8,-5.1,24.8,77,42.8,79,32,2025-12-15 13:00:00+00:00
26.0,68,19.7,1013.1,1014.3,53,52,2,0,15.5,29,35.3,0.0,10.0,3.7,24.0,15.8,-4.9,26.3,76,43.1,77,33,2025-12-15 14:00:00+00:00
25.9,69,19.8,1013.5,1014.7,30,30,0,0,16.4,33,37.4,0.0,10.0,3.8,14.0,16.1,-4.9,27.7,73,44.5,76,33,2025-12-15 15:00:00+00:00
25.6,71,20.0,1013.6,1014.8,9,9,1,0,16.1,33,34.2,0.0,10.0,3.7,6.0,16.3,-4.7,30.7,69,46.9,77,40,2025-12-15 16:00:00+00:00
25.3,72,20.0,1013.3,1014.5,38,38,0,0,15.1,32,33.5,0.0,10.0,3.7,5.0,16.4,-4.7,32.4,64,48.0,77,57,2025-12-15 17:00:00+00:00
25.0,76,20.5,1012.7,1013.9,14,13,1,0,14.8,22,31.3,0.0,10.0,3.6,26.0,16.4,-4.9,33.5,66,53.3,76,73,2025-12-15 18:00:00+00:00
24.9,76,20.4,1012.3,1013.5,22,19,4,0,15.5,18,32.4,0.0,10.0,3.6,75.0,16.4,-4.9,35.5,64,53.0,77,76,2025-12-15 19:00:00+00:00
24.7,77,20.3,1011.5,1012.7,83,78,9,15,15.3,17,33.1,0.0,0.0,3.3,77.0,16.2,-4.9,36.5,61,53.3,76,77,2025-12-15 20:00:00+00:00
24.8,77,20.4,1010.8,1012.0,97,96,5,16,14.8,13,31.7,0.0,30.0,3.2,104.0,16.3,-4.9,36.1,62,51.3,74,76,2025-12-15 21:00:00+00:00
24.7,77,20.4,1010.7,1011.9,72,66,16,4,14.2,18,30.6,0.0,20.0,3.0,177.0,16.2,-4.9,37.1,64,51.3,69,73,2025-12-15 22:00:00+00:00
24.9,76,20.4,1010.8,1012.0,100,100,12,0,15.0,17,31.0,0.0,30.0,2.9,195.0,16.1,-4.9,37.8,67,51.1,66,76,2025-12-15 23:00:00+00:00
25.1,77,20.8,1011.2,1012.4,100,69,95,91,14.8,26,31.7,0.0,80.0,1.7,123.0,16.2,-5.1,38.8,72,51.5,65,77,2025-12-16 00:00:00+00:00
25.6,75,20.9,1011.9,1013.1,98,34,28,97,16.3,32,33.1,0.2,120.0,1.5,107.0,16.1,-4.9,38.0,80,52.6,63,81,2025-12-16 01:00:00+00:00
26.2,72,20.8,1012.6,1013.8,99,31,9,99,17.1,38,38.5,0.0,120.0,0.9,114.0,16.1,-4.9,38.5,84,53.2,62,82,2025-12-16 02:00:00+00:00
26.8,70,20.8,1013.8,1015.0,100,99,43,100,19.3,49,45.7,0.1,170.0,0.4,49.0,15.9,-4.9,40.4,84,53.7,61,83,2025-12-16 03:00:00+00:00
26.6,71,21.0,1014.2,1015.4,100,100,100,100,17.0,42,44.6,0.2,300.0,0.4,0.0,15.9,-4.9,38.9,80,52.7,60,87,2025-12-16 04:00:00+00:00
27.1,71,21.4,1013.9,1015.1,100,100,37,97,19.0,49,47.2,0.6,380.0,-0.5,0.0,16.1,-4.9,36.6,76,52.3,58,88,2025-12-16 05:00:00+00:00
27.3,72,21.9,1013.2,1014.4,100,58,50,100,17.8,23,48.6,0.1,430.0,-1.2,0.0,16.5,-4.7,36.5,89,50.9,56,87,2025-12-16 06:00:00+00:00
26.5,77,22.1,1012.6,1013.8,100,71,78,99,17.4,63,45.0,0.6,460.0,-1.5,1.0,16.5,-4.7,36.0,89,50.6,54,86,2025-12-16 07:00:00+00:00
25.8,80,22.1,1011.6,1012.8,99,80,80,91,14.7,59,42.5,0.4,300.0,-1.7,1.0,16.5,-4.4,34.6,89,51.6,54,87,2025-12-16 08:00:00+00:00
26.0,79,22.0,1011.1,1012.3,98,82,29,90,17.3,48,40.3,0.4,590.0,-1.6,0.0,16.8,-4.4,34.2,88,50.9,56,84,2025-12-16 09:00:00+00:00
25.5,80,21.9,1010.9,1012.1,100,53,100,93,17.0,51,42.8,0.3,310.0,-1.2,2.0,16.9,-4.4,33.5,84,50.3,57,84,2025-12-16 10:00:00+00:00
25.1,84,22.2,1011.1,1012.3,100,100,75,81,14.7,47,38.5,0.4,490.0,-1.0,0.0,16.8,-4.4,31.5,76,50.3,57,82,2025-12-16 11:00:00+00:00
26.0,82,22.7,1011.2,1012.4,100,20,49,99,18.0,39,34.9,0.3,960.0,-0.8,3.0,17.1,-4.7,34.4,79,51.7,59,81,2025-12-16 12:00:00+00:00
25.4,84,22.5,1012.0,1013.2,100,40,44,100,15.2,36,36.4,0.3,590.0,-0.6,5.0,17.1,-4.4,34.4,79,51.7,59,82,2025-12-16 13:00:00+00:00
25.7,83,22.6,1012.5,1013.7,100,20,1,100,15.7,30,32.0,0.1,760.0,-0.5,8.0,17.0,-4.4,33.9,75,52.7,60,73,2025-12-16 14:00:00+00:00
25.6,84,22.7,1013.0,1014.2,57,26,0,42,15.0,37,32.4,0.0,770.0,-0.5,3.0,16.9,-4.4,33.3,73,53.2,62,69,2025-12-16 15:00:00+00:00
25.4,86,22.8,1013.3,1014.5,38,34,16,5,15.6,39,31.7,0.1,760.0,-0.6,1.0,16.9,-4.4,33.3,73,51.0,63,58,2025-12-16 16:00:00+00:00
25.2,87,22.9,1013.1,1014.3,41,25,21,1,14.1,39,31.3,0.1,750.0,-0.5,1.0,16.9,-4.4,32.3,74,50.0,66,50,2025-12-16 17:00:00+00:00
24.7,89,22.9,1012.9,1014.1,75,36,62,1,13.0,46,28.8,0.1,990.0,-0.6,0.0,16.9,-4.9,31.3,77,45.1,65,33,2025-12-16 18:00:00+00:00
24.5,92,23.1,1012.6,1013.8,88,79,45,11,11.6,49,24.8,0.3,860.0,-0.8,0.0,16.9,-4.9,32.5,79,44.6,66,24,2025-12-16 19:00:00+00:00
24.6,90,22.8,1012.0,1013.2,66,54,20,12,13.3,32,25.2,0.1,770.0,-0.8,0.0,16.9,-4.9,32.6,72,44.6,66,24,2025-12-16 20:00:00+00:00
24.2,91,22.7,1011.5,1012.7,85,29,79,8,13.5,29,28.4,0.0,680.0,-0.8,0.0,16.9,-4.9,32.3,68,43.0,67,12,2025-12-16 21:00:00+00:00
24.1,92,22.6,1011.3,1012.5,84,77,33,5,12.5,33,26.3,0.3,680.0,-1.0,0.0,16.7,-4.9,33.7,67,43.5,66,7,2025-12-16 22:00:00+00:00
24.3,90,22.6,1011.4,1012.6,63,38,17,26,13.3,23,25.9,0.1,700.0,-1.1,0.0,16.7,-4.9,34.7,65,43.0,67,4,2025-12-16 23:00:00+00:00
24.5,89,22.7,1012.2,1013.4,73,22,21,57,13.1,29,27.0,0.1,730.0,-1.3,1.0,16.8,-5.1,34.1,67,45.9,70,3,2025-12-17 00:00:00+00:00
24.4,89,22.5,1013.2,1014.4,84,34,49,55,13.9,34,26.6,0.2,660.0,-0.8,1.0,16.7,-5.1,34.4,64,44.8,70,4,2025-12-17 01:00:00+00:00
25.2,88,23.0,1014.1,1015.3,70,15,16,57,15.7,33,30.2,0.3,960.0,-1.2,5.0,16.5,-5.1,33.4,62,45.9,70,4,2025-12-17 02:00:00+00:00
26.2,82,22.9,1014.7,1015.9,55,18,13,38,18.9,37,42.1,0.3,1050.0,-1.0,0.0,16.5,-5.1,31.2,61,44.8,70,4,2025-12-17 03:00:00+00:00
27.0,77,22.6,1015.4,1016.6,73,9,0,71,20.7,40,48.2,0.2,970.0,-0.4,1.0,16.4,-5.4,28.0,60,44.8,70,4,2025-12-17 04:00:00+00:00
27.6,74,22.4,1015.2,1016.4,100,11,0,100,21.0,38,49.7,0.0,860.0,0.0,0.0,16.5,-5.4,27.1,57,45.7,67,4,2025-12-17 05:00:00+00:00
28.1,69,21.8,1014.6,1015.8,66,3,0,65,20.9,32,51.1,0.0,570.0,0.5,0.0,16.1,-5.1,19.7,50,51.1,66,4,2025-12-17 06:00:00+00:00
28.3,64,20.7,1013.9,1015.0,0,0,0,0,20.4,29,50.4,0.0,110.0,1.3,65.0,16.9,-4.9,21.1,51,52.6,66,4,2025-12-17 07:00:00+00:00
28.2,62,20.3,1012.8,1013.9,34,0,0,33,20.1,27,49.3,0.0,10.0,1.4,59.0,17.4,-4.7,22.3,49,55.3,66,6,2025-12-17 08:00:00+00:00
27.9,60,19.5,1012.2,1013.3,0,0,0,0,20.0,23,49.0,0.0,0.0,2.2,100.0,17.9,-4.7,24.2,46,56.3,63,6,2025-12-17 09:00:00+00:00
27.3,63,19.7,1011.8,1013.0,0,0,0,0,19.9,21,47.9,0.0,0.0,3.2,138.0,18.2,-4.4,26.1,46,56.9,62,6,2025-12-17 10:00:00+00:00
26.4,69,20.2,1012.0,1013.2,38,0,0,38,19.4,21,47.2,0.0,0.0,3.5,166.0,18.6,-4.4,27.4,46,58.0,60,6,2025-12-17 11:00:00+00:00
25.6,79,21.6,1012.6,1013.8,7,2,0,4,15.8,12,44.6,0.0,210.0,4.1,52.0,18.8,-4.7,27.8,50,60.7,60,4,2025-12-17 12:00:00+00:00
24.8,82,21.5,1013.1,1014.3,16,3,0,13,15.3,12,33.1,0.0,130.0,4.8,103.0,19.1,-4.7,29.8,51,61.3,59,4,2025-12-17 13:00:00+00:00
24.5,83,21.5,1014.1,1015.3,7,6,0,0,14.0,15,31.3,0.0,90.0,5.3,141.0,19.4,-4.7,31.2,52,61.9,58,4,2025-12-17 14:00:00+00:00
24.3,84,21.4,1014.5,1015.7,16,14,0,2,13.8,17,28.4,0.0,70.0,5.6,169.0,19.6,-4.7,32.1,51,61.6,57,4,2025-12-17 15:00:00+00:00
24.3,84,21.3,1014.8,1016.0,45,15,0,36,14.2,20,28.8,0.0,60.0,5.7,201.0,19.6,-4.4,32.8,52,61.2,55,4,2025-12-17 16:00:00+00:00
24.1,84,21.3,1014.4,1015.6,13,12,0,2,13.3,23,28.8,0.0,40.0,5.8,227.0,19.7,-4.2,33.3,54,60.3,55,4,2025-12-17 17:00:00+00:00
23.9,88,21.7,1014.1,1015.3,56,36,0,31,13.1,29,26.6,0.0,110.0,5.7,65.0,19.6,-4.7,36.2,59,57.6,54,4,2025-12-17 18:00:00+00:00
23.8,87,21.6,1013.8,1015.0,58,42,0,27,12.2,31,26.3,0.0,70.0,6.1,2.0,19.6,-4.4,39.3,58,55.9,55,6,2025-12-17 19:00:00+00:00
23.5,86,20.9,1013.2,1014.4,78,20,0,73,11.6,30,24.5,0.0,10.0,6.2,27.0,19.4,-4.2,42.1,59,54.0,53,4,2025-12-17 20:00:00+00:00
23.1,83,20.2,1012.6,1013.8,99,22,0,98,11.4,29,23.4,0.0,0.0,6.5,23.0,19.3,-4.2,44.9,60,52.3,53,4,2025-12-17 21:00:00+00:00
22.9,82,19.7,1012.2,1013.4,98,8,0,98,11.0,34,22.7,0.0,0.0,6.7,19.0,19.2,-4.0,46.7,60,52.3,53,4,2025-12-17 22:00:00+00:00
22.7,82,19.6,1012.4,1013.6,100,16,0,100,10.5,38,21.6,0.0,0.0,6.9,16.0,19.1,-3.7,47.7,61,52.3,53,3,2025-12-17 23:00:00+00:00
23.5,79,19.7,1013.0,1014.2,100,52,0,100,12.2,36,20.5,0.0,10.0,6.8,12.0,18.6,-4.0,45.9,61,50.4,52,4,2025-12-18 00:00:00+00:00
23.6,79,19.7,1013.9,1015.1,100,31,0,100,12.5,32,25.2,0.0,10.0,6.8,10.0,18.5,-4.0,46.1,62,53.0,52,3,2025-12-18 01:00:00+00:00
24.5,74,19.6,1014.7,1015.9,100,44,0,100,12.2,34,28.1,0.0,10.0,6.0,7.0,18.2,-4.0,45.7,63,53.8,51,3,2025-12-18 02:00:00+00:00
25.7,65,18.8,1015.2,1016.4,100,37,0,100,15.0,40,36.0,0.0,10.0,5.3,5.0,18.0,-4.0,45.0,63,53.8,51,4,2025-12-18 03:00:00+00:00
26.6,60,18.3,1015.7,1016.9,100,20,0,100,15.7,43,39.2,0.0,10.0,5.2,31.0,17.7,-4.0,44.4,63,55.5,51,4,2025-12-18 04:00:00+00:00
27.4,56,17.8,1015.6,1016.8,100,25,0,100,16.5,40,41.4,0.0,10.0,5.5,29.0,17.4,-4.0,42.0,61,55.5,51,6,2025-12-18 05:00:00+00:00
27.3,58,18.5,1014.9,1016.1,98,41,0,95,17.3,39,42.8,0.0,10.0,5.2,27.0,16.8,-4.2,35.6,59,56.4,52,7,2025-12-18 06:00:00+00:00
28.0,56,18.4,1013.9,1015.1,52,49,0,5,17.3,42,43.6,0.0,10.0,5.0,26.0,16.3,-4.0,32.7,55,55.9,55,7,2025-12-18 07:00:00+00:00
28.0,56,18.3,1012.7,1013.8,71,69,0,8,17.0,42,43.6,0.0,10.0,4.6,24.0,15.8,-4.0,29.8,50,56.9,55,7,2025-12-18 08:00:00+00:00
27.4,61,19.1,1011.7,1012.9,51,51,0,0,16.3,38,42.1,0.1,20.0,4.3,22.0,15.8,-3.7,28.0,46,57.2,57,7,2025-12-18 09:00:00+00:00
26.9,64,19.6,1011.3,1012.5,42,42,0,0,16.0,35,40.7,0.1,20.0,4.1,1.0,15.8,-3.7,26.7,44,56.6,58,7,2025-12-18 10:00:00+00:00
26.4,66,19.7,1011.5,1012.7,45,45,0,0,14.6,35,38.9,0.1,20.0,3.9,1.0,16.4,-3.7,27.4,44,56.0,59,6,2025-12-18 11:00:00+00:00
26.3,64,18.9,1011.7,1012.9,42,42,0,0,12.4,33,34.6,0.1,10.0,4.1,17.0,17.6,-4.2,25.2,41,59.1,61,6,2025-12-18 12:00:00+00:00
25.3,72,20.0,1012.7,1013.9,20,12,0,9,10.5,39,25.9,0.0,10.0,5.1,16.0,18.5,-4.0,26.5,42,57.5,61,6,2025-12-18 13:00:00+00:00
24.9,73,19.8,1013.8,1015.0,33,6,0,28,9.3,44,21.2,0.0,10.0,5.3,14.0,19.1,-4.0,26.5,41,58.0,60,6,2025-12-18 14:00:00+00:00
24.6,73,19.4,1014.1,1015.3,99,4,0,99,9.5,44,18.7,0.0,0.0,5.2,13.0,19.1,-4.0,27.3,38,60.1,61,6,2025-12-18 15:00:00+00:00
24.3,73,19.3,1014.1,1015.3,98,0,0,98,9.7,45,18.7,0.0,0.0,5.5,11.0,18.7,-4.0,27.4,36,60.6,63,6,2025-12-18 16:00:00+00:00
24.1,73,19.0,1014.0,1015.2,71,0,0,71,10.3,46,20.2,0.0,0.0,5.8,10.0,18.5,-4.0,27.6,31,60.1,64,6,2025-12-18 17:00:00+00:00
24.1,73,19.0,1013.6,1014.8,83,19,0,79,9.7,45,19.8,0.0,10.0,6.2,8.0,18.1,-4.0,23.5,36,60.1,61,6,2025-12-18 18:00:00+00:00
23.9,74,19.0,1013.2,1014.4,99,16,0,99,8.9,32,18.4,0.0,10.0,6.5,7.0,18.1,-3.7,24.6,34,58.5,62,6,2025-12-18 19:00:00+00:00
23.6,75,19.0,1012.7,1013.9,100,28,0,100,8.0,18,16.9,0.0,10.0,6.7,6.0,18.0,-3.7,25.1,37,59.6,62,6,2025-12-18 20:00:00+00:00
23.2,78,19.2,1011.9,1013.1,100,29,0,100,7.6,12,15.1,0.0,10.0,7.0,5.0,17.9,-3.7,25.9,39,59.0,63,6,2025-12-18 21:00:00+00:00
22.9,81,19.4,1011.7,1012.9,100,23,0,100,8.1,6,15.1,0.0,10.0,7.3,4.0,17.5,-3.7,27.4,43,59.0,63,6,2025-12-18 22:00:00+00:00
22.6,82,19.3,1011.7,1012.9,100,8,0,100,8.7,4,16.6,0.0,0.0,7.5,3.0,16.9,-3.7,27.4,46,57.4,64,6,2025-12-18 23:00:00+00:00
22.7,82,19.5,1012.1,1013.3,100,16,0,100,9.2,349,16.2,0.0,0.0,7.2,2.0,16.3,-3.5,29.0,48,59.1,66,6,2025-12-19 00:00:00+00:00
22.5,81,19.1,1013.1,1014.3,100,14,0,100,7.9,348,17.6,0.0,0.0,7.3,1.0,15.9,-3.5,32.1,51,58.5,64,6,2025-12-19 01:00:00+00:00
23.4,78,19.3,1013.9,1015.1,100,22,0,100,7.5,349,16.6,0.0,10.0,6.4,1.0,15.4,-3.5,34.4,55,58.5,64,4,2025-12-19 02:00:00+00:00
25.1,74,20.2,1014.9,1016.1,84,20,0,79,7.1,353,20.2,0.0,60.0,5.5,6.0,15.2,-3.5,34.3,60,57.4,64,4,2025-12-19 03:00:00+00:00
26.9,60,18.4,1014.7,1015.9,2,2,0,0,10.3,27,28.1,0.0,30.0,5.1,0.0,13.9,-3.5,30.4,60,56.3,63,6,2025-12-19 04:00:00+00:00
28.1,47,15.7,1014.3,1015.5,9,7,0,2,12.2,43,33.8,0.0,0.0,5.0,0.0,13.2,-3.5,20.2,54,55.3,63,7,2025-12-19 05:00:00+00:00
28.4,45,15.3,1013.5,1014.6,25,16,0,11,12.7,55,36.0,0.0,0.0,5.6,0.0,13.3,-3.7,18.8,51,55.3,66,7,2025-12-19 06:00:00+00:00
28.7,46,15.9,1012.4,1013.5,30,16,0,17,12.6,54,35.6,0.0,0.0,5.7,95.0,13.6,-3.7,15.1,44,54.8,67,6,2025-12-19 07:00:00+00:00
28.7,46,15.8,1011.4,1012.5,34,16,0,21,12.3,52,35.6,0.0,0.0,5.9,90.0,13.9,-4.0,12.3,31,54.4,68,6,2025-12-19 08:00:00+00:00
28.4,46,15.7,1010.5,1011.6,18,18,0,0,12.5,51,34.9,0.0,0.0,6.0,85.0,14.0,-4.0,11.0,17,53.9,69,6,2025-12-19 09:00:00+00:00
27.7,49,15.9,1010.2,1011.3,3,3,0,0,12.9,47,34.6,0.0,0.0,6.1,80.0,13.9,-4.0,10.2,10,54.6,71,6,2025-12-19 10:00:00+00:00
26.9,52,16.2,1009.9,1011.1,7,1,0,6,12.4,41,34.2,0.0,0.0,5.9,75.0,14.4,-4.0,10.5,2,55.4,72,6,2025-12-19 11:00:00+00:00
26.6,56,17.1,1010.0,1011.2,69,4,0,68,9.6,43,32.0,0.0,0.0,5.9,203.0,14.8,-3.7,10.2,350,57.9,77,6,2025-12-19 12:00:00+00:00
25.7,61,17.7,1010.4,1011.6,73,1,0,73,8.8,41,22.7,0.0,0.0,6.6,65.0,15.6,-4.0,13.9,351,57.4,79,4,2025-12-19 13:00:00+00:00
25.3,64,17.9,1011.4,1012.6,23,1,0,23,8.9,43,18.0,0.0,0.0,7.0,60.0,15.7,-4.0,16.3,349,58.2,82,4,2025-12-19 14:00:00+00:00
25.0,65,17.9,1011.7,1012.9,16,1,0,15,9.4,48,18.4,0.0,0.0,7.0,55.0,15.6,-4.0,17.5,351,57.9,84,4,2025-12-19 15:00:00+00:00
24.8,65,17.8,1012.0,1013.2,27,1,0,27,9.0,59,18.4,0.0,0.0,7.1,50.0,15.4,-4.0,19.7,355,57.8,85,4,2025-12-19 16:00:00+00:00
24.5,65,17.6,1012.0,1013.2,40,0,0,40,8.8,64,17.3,0.0,0.0,7.2,46.0,15.2,-4.0,21.0,359,56.5,88,4,2025-12-19 17:00:00+00:00
24.2,69,18.1,1011.6,1012.8,68,28,0,55,7.3,48,16.6,0.0,10.0,7.2,302.0,15.2,-4.2,22.8,3,54.1,87,4,2025-12-19 18:00:00+00:00
23.6,72,18.2,1011.2,1012.4,20,20,0,0,6.7,27,13.7,0.0,10.0,7.2,36.0,14.8,-4.2,25.7,6,54.0,89,4,2025-12-19 19:00:00+00:00
23.0,75,18.3,1010.6,1011.8,5,5,0,0,4.8,349,12.2,0.0,10.0,7.2,32.0,14.4,-4.2,28.7,10,54.0,90,4,2025-12-19 20:00:00+00:00
22.7,75,18.0,1009.8,1011.0,11,2,0,9,7.1,324,13.3,0.0,0.0,7.2,28.0,13.4,-4.2,29.6,14,54.0,90,4,2025-12-19 21:00:00+00:00
22.4,71,16.8,1009.4,1010.6,29,2,0,27,7.7,336,14.4,0.0,0.0,7.3,24.0,12.8,-4.2,30.1,18,54.0,91,4,2025-12-19 22:00:00+00:00
22.0,71,16.4,1009.5,1010.7,20,0,0,20,7.3,349,14.4,0.0,0.0,7.3,20.0,12.4,-4.2,30.2,23,54.1,93,4,2025-12-19 23:00:00+00:00
20.9,82,17.7,1009.8,1011.0,31,5,0,27,8.1,325,14.0,0.0,0.0,7.3,20.0,11.6,-4.2,20.5,32,55.2,89,4,2025-12-20 00:00:00+00:00
20.9,83,17.9,1010.8,1012.0,44,23,0,27,8.1,323,15.8,0.0,20.0,7.4,27.0,11.3,-4.2,20.5,37,54.0,90,4,2025-12-20 01:00:00+00:00
21.8,82,18.6,1011.9,1013.1,96,16,0,95,7.3,316,15.5,0.0,40.0,6.9,33.0,11.5,-4.2,20.6,45,54.0,90,3,2025-12-20 02:00:00+00:00
24.3,71,18.8,1012.7,1013.9,100,21,0,100,5.6,315,16.6,0.0,60.0,6.0,26.0,11.7,-4.2,22.3,51,52.8,91,3,2025-12-20 03:00:00+00:00
26.6,58,17.6,1012.7,1013.9,100,35,1,100,8.8,26,24.1,0.0,40.0,5.9,0.0,11.9,-4.0,20.9,54,52.9,93,3,2025-12-20 04:00:00+00:00
27.9,47,15.6,1012.6,1013.7,79,18,3,74,12.0,45,33.1,0.0,10.0,6.1,0.0,12.2,-4.0,17.0,54,51.7,93,3,2025-12-20 05:00:00+00:00
28.6,43,14.7,1012.0,1013.1,22,12,11,1,10.1,57,33.5,0.0,10.0,6.0,0.0,12.6,-4.0,14.9,52,55.2,91,3,2025-12-20 06:00:00+00:00
29.0,39,13.5,1011.0,1012.1,18,5,16,0,9.8,62,30.2,0.0,0.0,5.7,-0.8,12.4,-4.2,13.9,52,54.0,91,3,2025-12-20 07:00:00+00:00
29.0,38,13.3,1010.1,1011.2,20,10,16,4,9.8,70,29.9,0.0,0.0,5.5,-2.0,12.7,-4.4,13.3,52,54.0,90,2,2025-12-20 08:00:00+00:00
28.9,39,13.7,1009.2,1010.3,9,8,9,0,10.7,74,31.0,0.0,0.0,5.3,-4.0,13.2,-4.7,10.8,54,52.8,90,2,2025-12-20 09:00:00+00:00
28.3,44,15.0,1009.1,1010.2,16,16,1,0,11.6,60,31.7,0.0,0.0,5.5,-2.0,13.6,-4.9,8.8,35,51.6,89,2,2025-12-20 10:00:00+00:00
27.2,52,16.4,1009.5,1010.6,23,23,0,0,11.4,62,31.7,0.0,10.0,6.0,-1.0,13.6,-5.1,10.2,27,52.9,87,2,2025-12-20 11:00:00+00:00
26.5,59,17.8,1009.4,1010.6,19,18,5,0,12.0,39,29.5,0.0,10.0,5.7,5.0,14.1,-4.9,10.0,360,52.9,86,2,2025-12-20 12:00:00+00:00
25.5,68,19.1,1010.2,1011.4,99,99,5,0,11.4,25,28.8,0.0,40.0,6.6,11.0,14.4,-5.1,12.4,352,54.1,86,2,2025-12-20 13:00:00+00:00
25.3,71,19.6,1011.2,1012.4,100,100,9,0,10.1,24,26.3,0.0,60.0,7.0,15.0,14.0,-5.1,14.8,342,55.4,85,2,2025-12-20 14:00:00+00:00
25.1,73,19.9,1011.8,1013.0,95,95,27,0,9.2,21,22.3,0.0,70.0,7.2,14.0,13.6,-5.4,16.0,3,56.6,85,3,2025-12-20 15:00:00+00:00
25.1,74,20.2,1012.2,1013.4,100,93,100,0,8.6,11,20.5,0.0,80.0,7.6,10.0,13.4,-5.1,14.8,18,55.3,86,3,2025-12-20 16:00:00+00:00
24.8,76,20.3,1012.2,1013.4,100,91,100,0,8.4,7,18.7,0.1,80.0,7.8,11.0,13.3,-5.1,12.4,24,55.3,88,3,2025-12-20 17:00:00+00:00
24.2,81,20.8,1012.0,1013.2,16,2,16,0,7.8,337,18.0,0.0,120.0,8.0,21.0,12.8,-5.1,13.3,52,54.2,95,3,2025-12-20 18:00:00+00:00
23.7,83,20.6,1011.5,1012.7,18,8,12,6,7.5,336,15.5,0.0,100.0,8.2,33.0,12.8,-5.1,15.4,56,54.3,96,3,2025-12-20 19:00:00+00:00
23.4,84,20.5,1011.0,1012.2,27,8,7,14,7.0,331,14.4,0.0,90.0,8.3,35.0,13.0,-5.1,16.5,62,52.1,98,2,2025-12-20 20:00:00+00:00
22.9,87,20.7,1010.3,1011.5,80,3,5,78,8.3,318,16.2,0.0,100.0,8.3,20.0,13.0,-5.1,17.9,63,51.1,99,2,2025-12-20 21:00:00+00:00
22.5,90,20.7,1010.0,1011.2,15,5,4,6,8.4,315,16.9,0.0,90.0,8.3,28.0,13.2,-5.1,20.6,65,48.7,100,2,2025-12-20 22:00:00+00:00
22.2,90,20.4,1010.3,1011.5,12,8,2,2,8.2,320,16.2,0.0,80.0,8.0,26.0,13.0,-5.1,22.3,67,47.5,100,2,2025-12-20 23:00:00+00:00
22.4,93,21.2,1010.7,1011.9,56,49,23,0,9.9,2,16.6,0.0,90.0,4.3,23.0,12.9,-4.9,17.4,57,45.0,99,2,2025-12-21 00:00:00+00:00
22.8,90,21.1,1011.5,1012.7,24,15,16,0,8.6,331,18.4,0.1,90.0,4.3,26.0,12.9,-4.9,18.8,51,43.8,99,2,2025-12-21 01:00:00+00:00
23.4,87,21.1,1012.5,1013.7,4,1,3,0,8.9,320,19.4,0.0,90.0,4.5,22.0,13.0,-4.9,20.1,51,43.8,99,2,2025-12-21 02:00:00+00:00
25.1,79,21.1,1013.1,1014.3,16,11,7,0,7.2,328,20.5,0.0,130.0,4.4,8.0,13.2,-4.9,21.1,51,42.6,100,2,2025-12-21 03:00:00+00:00
27.2,61,19.0,1013.5,1014.7,32,13,23,0,8.6,29,24.1,0.1,60.0,4.7,0.0,13.0,-4.9,23.0,51,41.7,102,2,2025-12-21 04:00:00+00:00
28.7,45,15.5,1013.3,1014.4,21,10,15,0,13.9,51,36.7,0.0,0.0,5.4,358.0,13.4,-5.1,23.6,50,40.2,100,3,2025-12-21 05:00:00+00:00
29.1,44,15.5,1013.1,1014.2,13,13,5,0,13.7,55,40.3,0.0,10.0,5.7,0.0,13.9,-4.9,16.3,36,42.4,98,2,2025-12-21 06:00:00+00:00
28.7,47,16.3,1012.1,1013.2,98,98,61,2,15.2,54,39.2,0.0,10.0,6.2,0.0,14.0,-4.9,15.3,23,41.1,97,2,2025-12-21 07:00:00+00:00
27.8,54,17.5,1011.5,1012.6,50,49,21,0,14.8,59,41.0,0.0,20.0,6.3,0.0,14.1,-4.7,13.9,11,38.6,95,2,2025-12-21 08:00:00+00:00
28.2,51,17.0,1010.5,1011.6,45,45,2,0,14.4,52,38.2,0.0,10.0,6.5,1.0,14.4,-4.7,14.2,6,37.3,94,2,2025-12-21 09:00:00+00:00
27.9,48,15.7,1010.1,1011.2,37,37,0,0,14.0,45,37.1,0.0,0.0,6.4,2.0,14.5,-4.7,14.2,7,36.1,94,2,2025-12-21 10:00:00+00:00
27.7,45,14.7,1010.2,1011.3,16,16,0,0,13.4,35,35.6,0.0,0.0,6.0,4.0,14.5,-4.7,13.7,2,34.8,92,2,2025-12-21 11:00:00+00:00
26.7,51,15.7,1010.4,1011.6,32,32,0,0,11.9,35,33.1,0.0,0.0,6.4,6.0,15.2,-4.7,14.1,345,33.6,92,2,2025-12-21 12:00:00+00:00
25.8,57,16.7,1010.9,1012.1,5,5,0,0,12.4,33,29.2,0.0,0.0,7.0,10.0,15.1,-4.7,14.1,345,34.9,94,2,2025-12-21 13:00:00+00:00
25.5,55,15.9,1011.7,1012.9,5,0,0,5,10.8,26,25.9,0.0,0.0,6.8,16.0,15.1,-4.4,13.9,351,36.3,98,2,2025-12-21 14:00:00+00:00
25.3,58,16.6,1012.6,1013.8,54,53,0,1,12.3,27,24.5,0.0,0.0,6.6,22.0,15.0,-4.4,13.3,354,37.0,103,2,2025-12-21 15:00:00+00:00
25.2,57,16.2,1012.8,1014.0,26,26,0,0,14.0,33,29.2,0.0,0.0,7.1,27.0,14.8,-4.4,13.7,358,37.2,111,2,2025-12-21 16:00:00+00:00
24.9,55,15.1,1012.9,1014.1,2,2,0,0,13.4,40,29.2,0.0,0.0,7.4,31.0,15.0,-4.4,12.3,2,37.6,117,2,2025-12-21 17:00:00+00:00
25.0,57,16.0,1012.4,1013.6,3,3,0,0,11.4,41,27.4,0.0,0.0,7.3,34.0,14.4,-4.4,12.7,30,35.0,128,2,2025-12-21 18:00:00+00:00
25.0,58,16.0,1011.8,1013.0,22,22,0,0,10.7,49,22.0,0.0,0.0,7.3,34.0,14.0,-4.2,14.3,37,34.9,131,2,2025-12-21 19:00:00+00:00
25.0,59,16.4,1011.2,1012.4,84,84,0,0,9.0,29,20.5,0.0,10.0,7.5,34.0,13.3,-4.2,17.1,46,33.9,135,3,2025-12-21 20:00:00+00:00
24.1,64,16.9,1010.9,1012.1,100,100,0,0,8.6,2,17.3,0.0,0.0,7.7,35.0,12.6,-4.0,26.7,53,31.4,137,3,2025-12-21 21:00:00+00:00
24.2,66,17.4,1010.8,1012.0,94,94,0,0,6.0,10,16.9,0.0,10.0,7.7,35.0,12.6,-4.0,31.4,57,29.7,137,4,2025-12-21 22:00:00+00:00
24.1,66,17.4,1010.7,1011.9,30,30,0,0,6.2,15,12.6,0.0,20.0,7.8,35.0,12.8,-4.0,25.2,58,27.2,135,6,2025-12-21 23:00:00+00:00
23.5,74,18.5,1011.1,1012.3,63,63,0,0,5.8,9,11.9,0.0,20.0,7.1,45.0,12.3,-4.2,24.3,67,22.6,122,8,2025-12-22 00:00:00+00:00
23.5,73,18.4,1011.6,1012.8,59,48,0,22,6.1,14,12.6,0.0,30.0,6.9,53.0,12.9,-4.2,34.4,62,20.4,118,9,2025-12-22 01:00:00+00:00
24.9,66,18.0,1012.5,1013.7,100,100,0,88,8.0,28,14.8,0.0,20.0,6.3,37.0,13.4,-4.4,35.3,63,19.4,112,7,2025-12-22 02:00:00+00:00
26.8,54,16.8,1013.1,1014.3,98,94,7,73,10.0,54,23.4,0.0,20.0,5.6,16.0,13.2,-4.2,29.3,64,20.1,107,4,2025-12-22 03:00:00+00:00
27.8,49,16.2,1013.4,1014.6,96,26,8,95,16.1,65,39.6,0.0,20.0,5.7,0.0,13.5,-4.2,25.1,68,19.8,104,3,2025-12-22 04:00:00+00:00
28.2,50,16.7,1013.3,1014.4,92,34,6,88,16.7,63,41.4,0.0,20.0,5.6,0.0,13.2,-4.2,32.3,67,19.5,101,3,2025-12-22 05:00:00+00:00
28.8,48,16.8,1012.6,1013.7,97,13,40,94,16.8,57,43.9,0.0,20.0,4.9,1.0,13.5,-4.2,26.9,62,19.5,101,2,2025-12-22 06:00:00+00:00
28.6,52,17.7,1011.7,1012.8,98,18,30,96,16.6,49,42.8,0.0,30.0,4.8,0.0,14.1,-4.2,24.8,58,18.2,98,2,2025-12-22 07:00:00+00:00
28.9,50,17.4,1010.8,1011.9,98,5,38,97,14.7,49,42.1,0.0,30.0,5.4,0.0,14.5,-4.0,18.7,45,16.8,90,2,2025-12-22 08:00:00+00:00
29.1,48,16.8,1010.1,1011.2,50,20,45,2,14.8,47,38.9,0.0,20.0,5.4,0.0,14.5,-3.7,13.3,38,15.6,86,3,2025-12-22 09:00:00+00:00
28.2,50,16.9,1009.8,1010.9,76,34,66,0,13.4,39,38.5,0.0,10.0,5.1,0.0,14.4,-3.7,10.1,36,15.8,81,3,2025-12-22 10:00:00+00:00
27.7,52,17.0,1009.9,1011.0,72,5,9,68,13.4,32,34.9,0.0,20.0,5.3,0.0,14.5,-3.7,10.8,28,17.5,74,3,2025-12-22 11:00:00+00:00
26.9,57,17.7,1010.2,1011.4,95,6,33,93,12.8,34,33.1,0.0,20.0,6.3,5.0,14.6,-4.0,8.3,9,19.4,68,3,2025-12-22 12:00:00+00:00
26.2,60,17.8,1010.5,1011.7,84,5,16,81,11.0,24,29.5,0.0,20.0,7.7,18.0,14.7,-3.7,9.2,6,21.6,71,3,2025-12-22 13:00:00+00:00
25.7,63,18.1,1011.5,1012.7,72,0,0,72,10.9,22,22.7,0.0,20.0,7.8,22.0,14.7,-3.7,10.5,360,24.3,70,3,2025-12-22 14:00:00+00:00
25.3,64,18.0,1012.3,1013.5,88,0,2,88,10.0,21,22.0,0.0,10.0,7.5,27.0,14.6,-3.7,10.5,355,26.2,74,3,2025-12-22 15:00:00+00:00
24.9,66,18.0,1012.6,1013.8,10,0,0,10,9.6,23,19.8,0.0,10.0,8.0,30.0,14.6,-3.7,9.4,346,25.9,77,3,2025-12-22 16:00:00+00:00
24.5,68,18.1,1012.5,1013.7,0,0,0,0,9.4,20,18.4,0.0,10.0,8.5,4.0,14.6,-3.7,8.4,338,25.7,79,3,2025-12-22 17:00:00+00:00
24.4,69,18.4,1012.4,1013.6,11,6,11,0,10.6,11,18.0,0.0,30.0,8.1,40.0,14.4,-3.7,4.1,276,26.2,106,3,2025-12-22 18:00:00+00:00
23.9,69,17.9,1011.7,1012.9,21,2,0,19,9.5,358,20.5,0.0,10.0,8.3,26.0,14.4,-3.7,3.5,293,24.7,104,4,2025-12-22 19:00:00+00:00
23.4,68,17.0,1011.3,1012.5,2,0,0,2,9.1,345,18.7,0.0,0.0,8.1,36.0,14.4,-3.7,2.8,279,23.9,108,4,2025-12-22 20:00:00+00:00
23.0,67,16.5,1010.5,1011.7,7,0,0,7,9.0,347,17.6,0.0,0.0,8.1,33.0,14.4,-3.7,2.9,288,22.4,106,4,2025-12-22 21:00:00+00:00
22.8,67,16.4,1010.1,1011.3,35,0,0,35,9.3,352,17.6,0.0,0.0,8.6,30.0,14.5,-3.7,2.0,297,22.8,108,4,2025-12-22 22:00:00+00:00
22.7,65,15.9,1010.0,1011.2,95,0,0,95,9.4,355,18.4,0.0,0.0,8.7,26.0,14.8,-3.7,1.0,243,21.6,109,4,2025-12-22 23:00:00+00:00
21.6,88,19.6,1010.4,1011.6,9,0,0,9,7.8,334,17.6,0.0,0.0,9.1,28.0,14.7,-3.7,6.8,200,22.4,106,4,2025-12-23 00:00:00+00:00
21.3,90,19.7,1011.0,1012.2,13,0,0,13,8.6,327,16.2,0.0,0.0,9.3,17.0,15.1,-3.7,7.3,180,22.1,103,4,2025-12-23 01:00:00+00:00
22.0,88,19.8,1011.9,1013.1,0,0,0,0,9.6,326,21.2,0.0,0.0,8.9,44.0,15.1,-3.7,8.3,174,20.7,100,3,2025-12-23 02:00:00+00:00
24.3,75,19.7,1012.5,1013.7,0,0,0,0,8.9,342,22.7,0.0,10.0,8.0,37.0,15.1,-3.7,9.7,172,19.3,97,3,2025-12-23 03:00:00+00:00
26.6,66,19.8,1012.6,1013.8,13,5,0,7,11.3,7,29.5,0.0,30.0,7.8,0.0,15.1,-3.7,10.1,172,18.0,94,2,2025-12-23 04:00:00+00:00
27.9,56,18.5,1012.6,1013.7,36,16,0,23,13.9,25,36.7,0.0,10.0,7.8,0.0,15.1,-3.7,7.9,170,18.0,86,2,2025-12-23 05:00:00+00:00
28.3,55,18.5,1011.9,1013.0,36,36,0,0,14.6,21,38.5,0.0,20.0,6.8,0.0,14.7,-4.0,3.5,157,19.2,90,2,2025-12-23 06:00:00+00:00
28.7,52,17.7,1011.0,1012.1,59,41,0,30,15.6,24,40.7,0.0,10.0,6.0,0.0,14.5,-4.0,0.5,360,18.0,86,2,2025-12-23 07:00:00+00:00
28.6,50,17.3,1010.3,1011.4,93,20,0,91,15.1,25,41.0,0.0,10.0,6.0,0.0,14.5,-4.0,4.2,311,19.2,90,2,2025-12-23 08:00:00+00:00
28.6,50,17.1,1009.6,1010.7,84,52,0,66,15.4,24,40.3,0.0,10.0,6.1,0.0,14.6,-4.0,6.6,326,19.2,90,2,2025-12-23 09:00:00+00:00
28.1,50,16.9,1009.3,1010.4,94,94,0,2,14.9,22,40.0,0.0,10.0,6.2,0.0,14.6,-4.0,6.4,315,19.2,86,2,2025-12-23 10:00:00+00:00
27.4,53,16.9,1009.6,1010.7,56,56,0,0,14.9,21,38.2,0.0,0.0,5.3,0.0,14.7,-4.0,8.1,308,20.4,87,2,2025-12-23 11:00:00+00:00
26.7,60,18.2,1009.9,1011.1,5,5,0,0,14.9,27,36.7,0.0,10.0,5.6,3.0,14.5,-4.0,10.3,319,22.1,77,3,2025-12-23 12:00:00+00:00
26.0,63,18.3,1010.3,1011.5,67,0,0,67,14.4,28,34.9,0.0,0.0,6.3,0.0,14.7,-4.0,11.4,323,23.3,78,3,2025-12-23 13:00:00+00:00
25.6,65,18.4,1010.9,1012.1,24,0,0,24,14.1,32,33.5,0.0,0.0,6.4,0.0,15.0,-4.2,13.9,328,24.5,79,4,2025-12-23 14:00:00+00:00
25.3,66,18.4,1011.1,1012.3,39,0,0,39,14.1,32,29.5,0.0,0.0,6.5,1.0,15.1,-4.2,16.3,337,25.5,82,6,2025-12-23 15:00:00+00:00
25.1,67,18.6,1011.6,1012.8,96,1,0,96,13.4,36,29.2,0.0,0.0,6.6,0.0,15.1,-4.2,18.3,341,25.3,85,6,2025-12-23 16:00:00+00:00
24.9,68,18.7,1011.6,1012.8,99,10,0,99,12.0,35,27.4,0.0,10.0,6.8,0.0,15.0,-4.2,19.0,343,25.2,87,7,2025-12-23 17:00:00+00:00
24.9,70,19.0,1011.5,1012.7,70,8,0,68,11.6,33,24.1,0.0,30.0,7.2,8.0,14.5,-4.2,18.9,352,23.1,99,6,2025-12-23 18:00:00+00:00
24.8,69,18.7,1011.3,1012.5,98,11,0,98,11.1,37,23.0,0.0,30.0,7.5,8.0,14.4,-4.2,21.0,358,23.3,102,4,2025-12-23 19:00:00+00:00
24.6,69,18.5,1010.8,1012.0,88,4,0,87,9.9,42,22.0,0.0,20.0,7.9,7.0,14.6,-4.0,22.9,5,21.3,106,4,2025-12-23 20:00:00+00:00
24.2,70,18.5,1010.0,1011.2,27,25,0,3,9.7,50,19.4,0.0,20.0,7.9,10.0,14.7,-4.0,24.4,14,21.0,114,3,2025-12-23 21:00:00+00:00
24.1,71,18.6,1009.9,1011.1,20,20,0,0,8.3,51,18.7,0.0,30.0,8.1,2.0,14.7,-3.7,26.1,29,19.9,115,4,2025-12-23 22:00:00+00:00
23.3,77,19.0,1010.1,1011.3,5,5,0,0,3.4,47,15.5,0.0,30.0,8.4,8.0,14.4,-3.7,26.5,41,18.3,122,3,2025-12-23 23:00:00+00:00
22.9,82,19.7,1010.7,1011.9,34,27,20,0,5.7,351,8.3,0.0,70.0,8.3,28.0,13.3,-3.7,21.6,42,20.4,118,4,2025-12-24 00:00:00+00:00
22.7,87,20.4,1011.3,1012.5,29,27,17,0,5.5,324,13.3,0.0,80.0,8.3,25.0,13.5,-3.5,21.1,51,20.0,123,4,2025-12-24 01:00:00+00:00
23.2,86,20.7,1012.1,1013.3,39,38,20,0,7.3,329,16.6,0.0,90.0,7.5,23.0,13.6,-3.5,22.2,55,19.3,120,3,2025-12-24 02:00:00+00:00
24.5,81,21.0,1013.0,1014.2,26,25,12,0,7.6,326,21.6,0.0,110.0,6.4,6.0,14.1,-3.5,22.6,62,18.8,117,3,2025-12-24 03:00:00+00:00
26.8,63,19.1,1013.1,1014.3,47,24,25,8,6.1,32,20.9,0.1,50.0,6.0,0.0,14.4,-3.5,20.9,74,17.2,115,3,2025-12-24 04:00:00+00:00
28.2,50,17.0,1013.0,1014.1,18,9,13,3,11.3,56,31.3,0.0,10.0,6.1,0.0,14.5,-3.7,17.8,87,16.3,107,3,2025-12-24 05:00:00+00:00
28.4,48,16.3,1012.7,1013.8,11,2,5,5,11.6,46,35.3,0.0,0.0,6.4,0.0,14.4,-3.7,14.3,99,14.6,99,2,2025-12-24 06:00:00+00:00
28.8,46,16.0,1011.5,1012.6,78,0,1,77,12.6,41,35.6,0.0,0.0,6.5,1.0,14.6,-3.7,12.0,115,13.3,95,2,2025-12-24 07:00:00+00:00
28.8,46,16.1,1010.6,1011.7,88,0,0,88,12.8,38,36.0,0.0,0.0,6.3,0.0,14.7,-4.0,9.7,131,13.2,90,2,2025-12-24 08:00:00+00:00
28.7,46,16.1,1009.9,1011.0,95,3,0,95,13.2,30,36.0,0.0,0.0,6.5,0.0,15.1,-4.0,7.8,144,12.1,84,2,2025-12-24 09:00:00+00:00
28.2,48,16.0,1009.5,1010.6,80,0,0,80,13.5,25,36.0,0.0,0.0,6.7,0.0,15.8,-4.0,6.6,146,11.1,77,2,2025-12-24 10:00:00+00:00
27.2,51,16.2,1009.4,1010.5,88,0,0,88,14.1,25,35.6,0.0,0.0,6.5,0.0,16.4,-4.0,5.2,142,11.4,72,2,2025-12-24 11:00:00+00:00
26.4,60,18.1,1009.7,1010.9,91,0,0,91,12.8,19,34.9,0.0,0.0,6.7,1.0,16.8,-4.0,3.5,157,12.5,73,2,2025-12-24 12:00:00+00:00
25.6,64,18.4,1010.3,1011.5,94,0,0,94,12.9,20,29.9,0.0,0.0,7.4,7.0,17.0,-4.0,4.2,131,14.0,70,2,2025-12-24 13:00:00+00:00
25.2,66,18.5,1011.1,1012.3,34,0,0,34,12.1,17,27.7,0.0,0.0,7.8,8.0,17.3,-4.0,7.0,122,15.2,72,2,2025-12-24 14:00:00+00:00
25.0,67,18.4,1011.7,1012.9,3,1,0,2,11.7,15,25.2,0.0,0.0,8.1,9.0,17.6,-3.7,10.2,122,16.0,77,2,2025-12-24 15:00:00+00:00
24.6,69,18.6,1011.9,1013.1,4,4,0,0,13.7,19,27.4,0.0,0.0,8.2,18.0,17.7,-3.7,13.0,126,17.2,78,2,2025-12-24 16:00:00+00:00
24.5,70,18.6,1011.7,1012.9,12,11,0,2,14.1,23,28.8,0.0,0.0,8.0,22.0,17.6,-3.5,16.3,126,17.0,82,2,2025-12-24 17:00:00+00:00
24.6,71,19.0,1011.3,1012.5,5,5,0,0,12.8,22,28.4,0.0,0.0,8.0,5.0,16.9,-3.5,19.2,115,19.5,79,2,2025-12-24 18:00:00+00:00
24.3,71,18.8,1010.9,1012.1,6,6,0,0,10.9,16,25.6,0.0,10.0,8.0,15.0,16.8,-3.5,19.2,115,19.3,83,3,2025-12-24 19:00:00+00:00
23.9,72,18.7,1010.4,1011.6,0,0,0,0,8.9,8,20.9,0.0,10.0,8.2,18.0,16.4,-3.5,18.4,113,19.5,79,4,2025-12-24 20:00:00+00:00
23.4,75,18.7,1010.3,1011.5,11,10,0,0,6.3,355,16.6,0.0,10.0,8.6,25.0,16.2,-3.5,18.5,110,19.5,79,7,2025-12-24 21:00:00+00:00
22.7,78,18.8,1010.2,1011.4,26,24,2,0,6.4,322,12.6,0.0,10.0,8.5,1.0,15.8,-3.5,15.6,111,19.8,76,9,2025-12-24 22:00:00+00:00
21.7,84,18.8,1010.5,1011.7,8,5,4,0,8.9,304,17.3,0.0,30.0,8.7,9.0,15.3,-3.5,14.7,97,19.8,76,9,2025-12-24 23:00:00+00:00
22.2,86,19.7,1010.9,1012.1,12,5,7,0,9.7,310,19.1,0.0,70.0,9.1,9.0,15.0,-3.7,14.6,86,19.0,72,21,2025-12-25 00:00:00+00:00
22.1,88,19.9,1011.9,1013.1,67,30,59,0,5.1,321,18.0,0.0,80.0,9.2,7.0,14.7,-3.7,16.9,71,20.1,73,27,2025-12-25 01:00:00+00:00
22.5,87,20.2,1012.9,1014.1,44,0,44,0,10.0,326,22.7,0.0,50.0,8.2,35.0,14.8,-4.0,18.5,70,22.4,74,24,2025-12-25 02:00:00+00:00
23.8,81,20.3,1014.1,1015.3,92,29,90,0,8.5,347,23.8,0.0,20.0,6.9,4.0,14.8,-4.0,19.6,68,24.7,76,13,2025-12-25 03:00:00+00:00
24.6,77,20.2,1014.0,1015.2,100,100,88,0,11.2,359,29.2,0.1,30.0,5.3,0.0,14.8,-4.2,18.5,62,25.7,79,8,2025-12-25 04:00:00+00:00
24.8,77,20.5,1013.8,1015.0,52,30,41,0,13.1,1,32.0,0.2,40.0,3.8,0.0,14.8,-4.4,15.4,56,25.7,79,7,2025-12-25 05:00:00+00:00
26.0,71,20.3,1013.0,1014.2,28,13,3,15,15.0,19,38.9,0.0,40.0,2.3,7.0,15.2,-4.2,13.6,50,23.1,81,16,2025-12-25 06:00:00+00:00
27.4,63,19.6,1012.0,1013.2,96,17,13,95,13.8,31,39.6,0.0,30.0,1.7,6.0,15.2,-4.2,12.9,45,21.7,84,8,2025-12-25 07:00:00+00:00
27.5,61,19.3,1011.1,1012.2,98,26,40,96,16.0,43,40.3,0.1,20.0,1.5,1.0,15.2,-4.2,12.8,35,20.5,83,7,2025-12-25 08:00:00+00:00
27.2,63,19.5,1010.3,1011.4,100,27,15,100,16.4,45,41.8,0.0,20.0,1.7,1.0,15.1,-4.2,12.9,32,20.5,83,8,2025-12-25 09:00:00+00:00
26.7,65,19.5,1009.9,1011.1,100,26,2,100,16.3,45,41.0,0.1,20.0,2.0,5.0,15.1,-4.4,12.8,27,20.5,83,7,2025-12-25 10:00:00+00:00
26.4,66,19.6,1010.3,1011.5,100,28,6,100,16.0,43,40.3,0.1,20.0,1.9,5.0,15.3,-4.4,12.7,21,21.7,84,7,2025-12-25 11:00:00+00:00
26.2,69,20.1,1010.6,1011.8,100,10,3,100,13.7,46,38.5,0.1,40.0,2.2,5.0,15.3,-4.4,15.7,30,21.6,87,13,2025-12-25 12:00:00+00:00
25.6,72,20.2,1011.3,1012.5,96,7,3,96,12.2,46,28.8,0.0,50.0,2.6,10.0,15.3,-4.4,14.5,24,22.8,87,10,2025-12-25 13:00:00+00:00
25.4,73,20.1,1012.1,1013.3,85,3,3,84,12.3,46,25.6,0.0,40.0,2.9,14.0,15.3,-4.4,15.3,23,24.0,87,9,2025-12-25 14:00:00+00:00
25.2,74,20.2,1012.8,1014.0,12,2,2,8,11.3,42,25.6,0.0,40.0,3.0,14.0,15.4,-4.4,16.0,20,26.4,90,8,2025-12-25 15:00:00+00:00
25.0,74,20.1,1012.8,1014.0,13,9,3,0,11.2,42,22.7,0.0,50.0,2.9,15.0,15.4,-4.4,15.9,18,27.6,90,7,2025-12-25 16:00:00+00:00
24.9,74,20.0,1013.0,1014.2,19,9,13,0,10.8,44,22.7,0.0,60.0,2.7,16.0,15.3,-4.4,16.9,19,27.6,92,7,2025-12-25 17:00:00+00:00
25.2,73,20.0,1012.5,1013.7,9,2,6,0,11.3,42,22.0,0.0,70.0,2.9,16.0,15.1,-4.7,14.8,34,32.4,92,6,2025-12-25 18:00:00+00:00
25.1,73,19.9,1012.3,1013.5,15,8,8,0,12.4,47,25.2,0.0,70.0,3.2,9.0,14.8,-4.7,16.5,28,31.3,94,6,2025-12-25 19:00:00+00:00
24.9,73,19.8,1011.6,1012.8,20,5,15,0,11.1,51,25.2,0.0,70.0,3.2,11.0,14.7,-4.7,17.7,29,31.4,97,4,2025-12-25 20:00:00+00:00
24.7,74,19.7,1011.1,1012.3,16,3,15,0,10.1,49,22.3,0.0,70.0,3.5,13.0,14.7,-4.7,19.0,27,31.4,97,4,2025-12-25 21:00:00+00:00
24.5,76,20.0,1010.8,1012.0,16,3,14,0,9.0,43,20.2,0.0,100.0,3.7,11.0,14.7,-4.7,19.2,25,30.4,99,4,2025-12-25 22:00:00+00:00
24.1,78,20.1,1011.0,1012.2,34,5,30,0,9.8,31,18.7,0.0,90.0,4.0,9.0,14.7,-4.7,19.6,25,29.2,99,4,2025-12-25 23:00:00+00:00
24.5,77,20.2,1011.4,1012.6,54,3,9,48,13.3,42,19.1,0.0,100.0,3.5,12.0,14.5,-4.9,16.5,28,24.5,101,4,2025-12-26 00:00:00+00:00
24.5,74,19.5,1011.8,1013.0,19,12,9,0,12.5,36,26.6,0.0,40.0,3.5,11.0,14.5,-4.7,17.9,27,23.6,105,4,2025-12-26 01:00:00+00:00
25.2,70,19.3,1012.4,1013.6,10,9,2,0,12.3,34,28.4,0.0,30.0,3.0,2.0,14.7,-4.4,18.8,32,23.9,108,3,2025-12-26 02:00:00+00:00
26.5,63,18.9,1013.4,1014.6,5,5,0,0,14.3,37,34.6,0.0,30.0,3.0,0.0,14.8,-4.4,18.9,37,24.3,110,3,2025-12-26 03:00:00+00:00
27.4,58,18.4,1013.4,1014.6,6,6,0,0,16.0,36,39.6,0.0,10.0,3.9,11.0,14.7,-4.2,20.4,39,23.6,114,3,2025-12-26 04:00:00+00:00
28.0,56,18.3,1013.4,1014.5,20,20,0,0,18.4,36,45.7,0.0,20.0,4.6,11.0,14.4,-4.2,22.5,36,22.5,115,3,2025-12-26 05:00:00+00:00
28.1,57,18.8,1012.9,1014.0,91,29,2,87,18.8,37,49.0,0.0,40.0,4.9,0.0,14.0,-3.7,17.7,12,22.0,119,4,2025-12-26 06:00:00+00:00
28.2,57,18.9,1011.6,1012.7,95,24,0,94,18.9,38,47.9,0.0,30.0,5.3,0.0,14.2,-4.0,17.1,9,20.6,126,4,2025-12-26 07:00:00+00:00
28.2,56,18.7,1010.6,1011.7,77,20,0,70,18.2,39,47.5,0.0,30.0,5.8,0.0,14.6,-3.7,16.4,360,17.8,132,4,2025-12-26 08:00:00+00:00
27.8,57,18.5,1009.9,1011.0,63,13,0,59,17.0,39,45.7,0.0,30.0,6.3,0.0,15.0,-3.7,16.1,353,16.1,138,6,2025-12-26 09:00:00+00:00
27.4,57,18.2,1009.9,1011.0,58,13,0,52,16.6,40,43.2,0.0,30.0,6.9,0.0,15.2,-3.7,15.7,350,12.8,139,6,2025-12-26 10:00:00+00:00
26.7,58,17.8,1010.2,1011.4,83,20,0,78,16.1,40,41.4,0.0,20.0,7.0,0.0,15.2,-3.5,16.3,349,11.1,139,6,2025-12-26 11:00:00+00:00
26.2,62,18.4,1010.4,1011.6,93,17,0,92,15.1,36,39.2,0.0,20.0,7.2,0.0,15.1,-3.7,15.1,355,11.9,135,6,2025-12-26 12:00:00+00:00
25.6,65,18.6,1011.2,1012.4,89,19,0,87,14.6,33,37.1,0.0,20.0,8.1,0.0,15.0,-3.7,15.0,360,10.3,126,6,2025-12-26 13:00:00+00:00
25.3,66,18.5,1012.3,1013.5,17,17,0,0,14.3,35,31.0,0.0,10.0,8.1,0.0,14.8,-3.7,15.1,5,10.7,117,6,2025-12-26 14:00:00+00:00
25.0,67,18.4,1012.8,1014.0,84,19,0,81,15.2,36,31.7,0.0,10.0,8.0,0.0,15.0,-3.7,14.2,7,10.3,111,6,2025-12-26 15:00:00+00:00
24.7,68,18.3,1012.9,1014.1,66,19,0,58,15.3,38,32.0,0.0,10.0,8.3,-1.0,15.2,-3.7,14.8,11,11.4,108,4,2025-12-26 16:00:00+00:00
24.4,68,18.2,1012.8,1014.0,69,6,0,67,14.3,40,31.3,0.0,10.0,8.6,-1.0,15.2,-3.7,15.3,17,11.4,108,6,2025-12-26 17:00:00+00:00
24.4,71,18.7,1012.4,1013.6,88,15,0,87,13.0,42,29.5,0.0,50.0,8.4,0.0,13.8,-4.0,18.4,44,8.7,106,6,2025-12-26 18:00:00+00:00
24.3,71,18.8,1012.4,1013.6,63,17,0,55,11.7,44,26.3,0.0,50.0,8.3,0.0,13.5,-3.7,15.8,49,9.1,113,6,2025-12-26 19:00:00+00:00
24.0,73,18.8,1012.0,1013.2,44,14,0,34,10.2,45,23.8,0.0,50.0,8.3,2.0,13.9,-3.7,10.9,57,8.7,124,6,2025-12-26 20:00:00+00:00
23.8,73,18.6,1011.6,1012.8,22,21,2,0,8.0,44,19.8,0.0,60.0,8.4,15.0,14.8,-3.7,11.0,66,10.2,135,6,2025-12-26 21:00:00+00:00
23.6,70,17.9,1011.2,1012.4,8,8,1,0,7.8,38,15.1,0.0,40.0,8.7,20.0,15.1,-4.0,13.1,61,11.1,139,6,2025-12-26 22:00:00+00:00
23.4,70,17.6,1011.5,1012.7,2,2,0,0,7.6,31,14.8,0.0,20.0,8.8,8.0,14.7,-4.0,15.9,51,11.1,139,6,2025-12-26 23:00:00+00:00
22.9,77,18.7,1011.8,1013.0,0,0,0,0,7.4,3,15.8,0.0,40.0,8.9,25.0,14.0,-3.7,14.7,60,12.0,143,7,2025-12-27 00:00:00+00:00
22.7,77,18.5,1012.3,1013.5,2,2,0,0,7.5,345,14.4,0.0,20.0,8.9,18.0,13.5,-3.7,24.1,61,13.0,146,7,2025-12-27 01:00:00+00:00
23.3,74,18.3,1013.0,1014.2,5,5,0,0,8.5,331,17.3,0.0,10.0,8.4,18.0,13.6,-3.7,26.9,64,13.7,142,6,2025-12-27 02:00:00+00:00
25.2,69,19.0,1013.8,1015.0,21,21,0,0,7.6,342,20.9,0.0,40.0,7.4,21.0,13.9,-3.7,26.7,65,13.7,142,6,2025-12-27 03:00:00+00:00
27.1,59,18.4,1014.1,1015.3,47,28,39,0,9.6,34,26.3,0.1,50.0,7.2,0.0,13.9,-3.5,27.5,63,13.7,142,6,2025-12-27 04:00:00+00:00
28.2,50,16.7,1013.7,1014.8,31,21,26,0,13.0,42,34.6,0.0,30.0,7.1,0.0,13.5,-3.5,22.6,65,12.8,139,6,2025-12-27 05:00:00+00:00
28.4,50,17.1,1013.4,1014.5,23,23,17,0,11.8,33,35.3,0.0,40.0,6.8,0.0,14.1,-3.5,8.4,41,11.1,131,6,2025-12-27 06:00:00+00:00
28.9,48,16.7,1012.2,1013.3,20,18,17,0,12.9,35,34.9,0.0,20.0,6.7,0.0,14.7,-3.3,7.3,7,9.4,130,6,2025-12-27 07:00:00+00:00
28.9,47,16.3,1011.1,1012.2,45,44,3,0,15.5,39,40.0,0.0,10.0,6.5,17.0,14.8,-3.3,8.7,6,7.7,129,7,2025-12-27 08:00:00+00:00
28.2,50,16.7,1010.4,1011.5,77,77,0,0,18.1,31,45.4,0.0,0.0,6.3,15.0,14.8,-3.5,5.9,356,6.0,127,9,2025-12-27 09:00:00+00:00
27.5,47,15.3,1010.2,1011.3,5,5,0,0,18.0,26,45.7,0.0,0.0,6.4,14.0,14.6,-3.5,5.6,325,4.3,124,11,2025-12-27 10:00:00+00:00
26.9,49,15.4,1010.1,1011.3,4,0,0,3,16.5,23,43.9,0.0,0.0,6.5,12.0,14.6,-3.5,6.5,321,3.6,90,12,2025-12-27 11:00:00+00:00
26.4,56,16.9,1010.7,1011.9,9,5,0,5,14.5,34,39.2,0.0,0.0,6.3,11.0,14.6,-3.7,9.0,311,6.1,101,13,2025-12-27 12:00:00+00:00
25.9,59,17.1,1011.3,1012.5,55,1,0,55,13.4,35,33.8,0.0,0.0,7.2,9.0,14.6,-3.7,9.0,315,6.0,90,14,2025-12-27 13:00:00+00:00
25.6,61,17.4,1012.3,1013.5,2,2,0,0,13.4,36,28.4,0.0,0.0,7.5,8.0,14.7,-4.0,10.1,324,7.2,90,14,2025-12-27 14:00:00+00:00
25.5,61,17.5,1013.1,1014.3,16,16,0,0,14.2,41,29.2,0.0,0.0,7.6,6.0,14.8,-4.0,10.2,328,7.3,81,14,2025-12-27 15:00:00+00:00
25.3,62,17.6,1013.2,1014.4,5,5,0,0,15.7,46,33.5,0.0,0.0,7.7,5.0,15.0,-4.0,10.4,331,8.7,74,16,2025-12-27 16:00:00+00:00
25.1,61,17.0,1013.0,1014.2,0,0,0,0,13.8,47,32.8,0.0,0.0,7.8,4.0,15.2,-3.7,10.4,331,9.1,67,16,2025-12-27 17:00:00+00:00
24.7,66,17.9,1012.5,1013.7,4,4,0,0,11.2,42,28.1,0.0,0.0,7.7,2.0,14.7,-3.7,7.1,320,11.1,103,21,2025-12-27 18:00:00+00:00
24.4,67,17.9,1012.4,1013.6,14,14,0,0,10.2,36,22.7,0.0,0.0,7.9,1.0,14.7,-3.7,7.5,335,10.9,96,22,2025-12-27 19:00:00+00:00
24.2,68,17.9,1012.1,1013.3,24,24,0,0,9.8,32,20.2,0.0,0.0,7.8,1.0,14.6,-3.7,7.8,339,12.2,101,21,2025-12-27 20:00:00+00:00
23.9,70,18.0,1011.8,1013.0,17,17,0,0,8.9,25,19.1,0.0,10.0,8.0,0.0,14.6,-3.7,9.3,349,12.5,107,20,2025-12-27 21:00:00+00:00
23.6,71,18.1,1011.6,1012.8,11,11,0,0,9.0,15,17.3,0.0,10.0,7.8,0.0,14.5,-3.7,10.6,350,14.0,110,19,2025-12-27 22:00:00+00:00
23.2,72,17.9,1012.3,1013.5,5,5,0,0,7.2,357,16.9,0.0,0.0,8.0,-1.0,14.2,-3.7,11.5,353,15.2,108,21,2025-12-27 23:00:00+00:00
22.7,77,18.4,1012.6,1013.8,5,3,3,0,8.3,327,14.0,0.0,0.0,7.7,-1.0,13.6,-4.2,3.7,300,16.0,103,22,2025-12-28 00:00:00+00:00
22.0,80,18.5,1013.1,1014.3,5,2,4,0,9.1,321,18.0,0.0,0.0,7.4,0.0,14.0,-4.2,4.1,297,17.2,102,24,2025-12-28 01:00:00+00:00
22.5,81,19.0,1014.0,1015.2,7,6,2,0,8.8,321,18.4,0.0,0.0,7.0,0.0,14.2,-4.2,2.9,288,17.2,102,24,2025-12-28 02:00:00+00:00
24.5,72,19.2,1014.7,1015.9,3,2,1,0,7.6,352,19.8,0.0,10.0,6.5,1.0,14.5,-4.2,1.4,288,17.5,106,24,2025-12-28 03:00:00+00:00
26.9,57,17.7,1014.8,1016.0,13,13,0,0,12.1,33,31.3,0.0,0.0,6.5,2.0,14.4,-4.2,1.4,342,16.3,107,26,2025-12-28 04:00:00+00:00
27.8,51,16.7,1014.3,1015.5,5,5,0,0,13.8,40,36.7,0.0,0.0,6.3,120.0,13.6,-4.0,4.6,360,14.5,114,27,2025-12-28 05:00:00+00:00
28.0,53,17.5,1014.0,1015.2,5,5,0,0,13.5,33,39.6,0.0,0.0,6.4,122.0,13.2,-4.0,9.4,337,12.8,139,30,2025-12-28 06:00:00+00:00
28.4,50,17.1,1012.9,1014.0,29,29,0,0,14.3,27,38.9,0.0,0.0,6.6,124.0,13.2,-4.0,11.4,344,13.0,146,30,2025-12-28 07:00:00+00:00
28.5,49,16.8,1011.8,1012.9,51,51,0,0,15.2,19,40.3,0.0,0.0,6.3,127.0,13.3,-4.0,13.2,346,12.4,151,30,2025-12-28 08:00:00+00:00
28.0,48,16.1,1011.1,1012.2,66,66,0,0,15.8,14,40.7,0.0,0.0,6.4,129.0,13.8,-4.0,15.6,353,11.8,156,29,2025-12-28 09:00:00+00:00
27.6,49,15.8,1010.9,1012.0,26,26,0,0,15.7,19,40.3,0.0,0.0,6.6,131.0,14.5,-4.0,15.5,357,10.7,153,28,2025-12-28 10:00:00+00:00
26.5,53,16.1,1011.1,1012.3,4,4,0,0,16.7,24,41.0,0.0,0.0,6.3,133.0,15.0,-4.2,15.5,357,8.7,146,28,2025-12-28 11:00:00+00:00
26.1,60,17.7,1011.4,1012.6,88,13,0,86,15.7,32,40.7,0.0,0.0,6.1,135.0,15.3,-4.2,12.5,350,11.9,135,33,2025-12-28 12:00:00+00:00
25.5,64,18.1,1012.0,1013.2,7,6,0,1,15.2,37,36.4,0.0,0.0,6.6,137.0,15.4,-4.4,11.5,353,10.3,126,33,2025-12-28 13:00:00+00:00
25.3,65,18.4,1012.9,1014.1,1,1,0,0,14.6,44,35.3,0.0,0.0,6.9,139.0,15.6,-4.4,11.9,7,11.3,122,34,2025-12-28 14:00:00+00:00
25.2,66,18.4,1013.5,1014.7,11,11,0,0,14.0,44,31.0,0.0,0.0,7.2,141.0,15.8,-4.7,12.3,15,12.4,119,36,2025-12-28 15:00:00+00:00
25.1,66,18.3,1013.6,1014.8,18,18,0,0,14.5,47,29.9,0.0,0.0,7.4,143.0,15.7,-4.7,14.5,24,14.0,121,36,2025-12-28 16:00:00+00:00
24.8,67,18.4,1013.3,1014.5,28,28,0,0,14.7,48,30.6,0.0,0.0,7.4,145.0,15.8,-4.9,14.5,28,15.0,119,36,2025-12-28 17:00:00+00:00
24.5,73,19.4,1013.0,1014.2,17,17,0,0,13.0,48,30.2,0.0,20.0,7.0,147.0,15.7,-4.7,7.5,25,12.5,107,44,2025-12-28 18:00:00+00:00
24.4,73,19.3,1012.5,1013.7,12,12,0,0,12.6,42,27.0,0.0,10.0,6.6,148.0,16.2,-4.9,8.6,32,11.8,114,42,2025-12-28 19:00:00+00:00
24.2,72,18.9,1011.7,1012.9,71,4,0,70,11.6,33,25.6,0.0,10.0,6.4,150.0,16.5,-4.9,8.8,28,10.3,111,42,2025-12-28 20:00:00+00:00
24.0,72,18.6,1011.2,1012.4,94,3,0,94,10.2,30,23.4,0.0,0.0,6.3,152.0,16.7,-4.9,10.2,21,9.1,113,40,2025-12-28 21:00:00+00:00
23.8,72,18.4,1011.1,1012.3,96,4,0,96,9.5,22,19.8,0.0,0.0,6.4,154.0,17.0,-5.1,11.7,21,7.6,108,39,2025-12-28 22:00:00+00:00
23.6,72,18.3,1011.5,1012.7,95,13,0,95,9.6,16,18.4,0.0,0.0,6.6,156.0,17.0,-5.1,15.1,21,6.1,101,38,2025-12-28 23:00:00+00:00
23.7,76,19.2,1011.8,1013.0,93,27,0,90,9.2,21,18.7,0.0,10.0,6.7,157.0,15.2,-5.4,9.8,13,7.0,121,39,2025-12-29 00:00:00+00:00
23.7,75,19.1,1012.7,1013.9,93,28,0,90,8.7,18,18.0,0.0,10.0,7.1,159.0,15.7,-5.4,11.0,24,6.1,101,38,2025-12-29 01:00:00+00:00
24.3,72,18.9,1013.7,1014.9,40,18,0,27,8.7,21,18.0,0.0,0.0,6.1,161.0,15.8,-5.4,9.9,34,3.8,72,37,2025-12-29 02:00:00+00:00
25.9,64,18.6,1014.3,1015.5,16,9,0,9,10.9,31,28.1,0.0,10.0,5.2,162.0,16.8,-5.4,10.3,45,3.4,45,33,2025-12-29 03:00:00+00:00
26.9,57,17.8,1014.2,1015.4,13,10,0,4,14.2,36,36.4,0.0,0.0,4.6,164.0,17.1,-5.4,11.8,62,3.8,18,29,2025-12-29 04:00:00+00:00
27.5,54,17.4,1013.7,1014.9,23,16,0,8,15.1,32,39.2,0.0,0.0,4.3,166.0,16.5,-5.4,12.6,77,3.8,18,27,2025-12-29 05:00:00+00:00
27.7,55,17.9,1013.2,1014.4,19,18,0,2,15.9,25,41.8,0.0,0.0,3.9,167.0,15.8,-5.1,8.4,45,3.6,360,23,2025-12-29 06:00:00+00:00
28.0,53,17.6,1012.5,1013.6,14,14,0,0,15.5,28,41.8,0.0,0.0,3.8,169.0,14.5,-5.1,10.4,29,3.8,342,22,2025-12-29 07:00:00+00:00
28.0,51,17.0,1011.6,1012.7,7,7,0,0,15.9,29,41.8,0.0,0.0,3.8,170.0,14.1,-5.1,10.4,15,5.4,333,22,2025-12-29 08:00:00+00:00
27.7,51,16.8,1010.9,1012.0,20,20,0,0,16.8,27,43.2,0.0,0.0,3.9,171.0,15.0,-5.1,10.4,15,6.0,323,22,2025-12-29 09:00:00+00:00
27.2,53,16.8,1010.9,1012.1,95,13,0,94,16.8,24,43.6,0.0,0.0,4.3,173.0,16.4,-5.1,13.0,25,6.8,315,22,2025-12-29 10:00:00+00:00
26.5,55,16.7,1010.9,1012.1,88,8,0,88,16.7,26,42.1,0.0,0.0,4.5,174.0,17.0,-5.1,17.3,35,8.5,315,23,2025-12-29 11:00:00+00:00
25.5,62,17.8,1011.1,1012.3,24,24,0,0,16.6,24,41.0,0.0,0.0,4.1,175.0,16.5,-5.4,10.4,23,7.0,301,27,2025-12-29 12:00:00+00:00
24.9,66,18.2,1011.9,1013.1,2,2,0,0,15.3,24,38.2,0.0,0.0,4.7,177.0,16.9,-5.6,12.0,37,7.0,301,27,2025-12-29 13:00:00+00:00
24.8,68,18.4,1012.7,1013.9,1,1,0,0,13.4,20,35.3,0.0,0.0,4.6,178.0,17.0,-5.8,12.2,45,6.0,307,28,2025-12-29 14:00:00+00:00
24.8,67,18.3,1013.0,1014.2,16,16,0,0,11.9,22,28.1,0.0,0.0,4.4,179.0,16.9,-5.8,10.6,43,4.3,304,28,2025-12-29 15:00:00+00:00
24.8,68,18.4,1013.3,1014.5,38,38,0,0,11.1,17,24.5,0.0,0.0,4.5,180.0,17.0,-6.1,8.8,39,2.7,297,27,2025-12-29 16:00:00+00:00
24.6,69,18.5,1013.2,1014.4,9,9,0,0,10.2,13,22.7,0.0,0.0,5.1,181.0,17.1,-6.1,7.6,33,2.7,243,27,2025-12-29 17:00:00+00:00
24.6,73,19.3,1012.8,1014.0,27,2,1,24,11.1,17,20.2,0.0,0.0,5.1,21.0,17.0,-6.1,11.9,43,6.1,259,27,2025-12-29 18:00:00+00:00
24.4,73,19.3,1012.3,1013.5,59,4,2,57,10.4,14,22.0,0.0,0.0,5.1,183.0,17.4,-6.1,12.6,41,7.6,252,27,2025-12-29 19:00:00+00:00
24.2,74,19.2,1011.6,1012.8,66,2,5,63,9.4,5,20.5,0.0,0.0,5.3,184.0,17.9,-6.1,12.6,46,7.6,252,27,2025-12-29 20:00:00+00:00
23.7,75,19.0,1011.1,1012.3,65,2,0,64,8.3,354,18.0,0.0,0.0,5.5,15.0,18.0,-6.1,11.7,51,7.6,252,27,2025-12-29 21:00:00+00:00
23.0,78,18.9,1010.8,1012.0,71,5,0,70,8.1,328,15.8,0.0,0.0,6.1,186.0,18.0,-6.1,11.8,54,8.7,254,26,2025-12-29 22:00:00+00:00
22.5,82,19.2,1011.0,1012.2,95,32,5,91,9.2,325,18.4,0.0,0.0,6.6,186.0,17.7,-5.8,12.3,59,10.9,264,26,2025-12-29 23:00:00+00:00
21.6,87,19.4,1011.6,1012.8,93,4,18,91,11.8,321,20.2,0.0,10.0,6.0,66.0,17.0,-5.8,11.4,113,10.9,276,28,2025-12-30 00:00:00+00:00
21.7,88,19.6,1011.9,1013.1,99,0,1,99,11.4,319,24.8,0.0,0.0,5.9,188.0,17.0,-5.8,11.0,114,8.7,286,29,2025-12-30 01:00:00+00:00
22.6,83,19.5,1012.6,1013.8,98,1,2,98,11.0,322,26.6,0.0,0.0,5.1,188.0,16.5,-5.8,11.4,119,8.0,297,29,2025-12-30 02:00:00+00:00
24.3,76,19.8,1013.1,1014.3,82,3,1,81,10.6,328,26.6,0.0,0.0,3.8,49.0,16.8,-5.8,9.9,124,8.0,297,28,2025-12-30 03:00:00+00:00
26.3,69,20.1,1013.7,1014.9,41,27,8,20,10.9,351,29.5,0.0,0.0,3.1,189.0,16.9,-5.6,8.4,131,7.0,301,28,2025-12-30 04:00:00+00:00
27.7,61,19.4,1013.5,1014.7,64,62,15,5,13.2,15,35.3,0.0,0.0,2.0,190.0,17.1,-5.4,7.1,140,5.4,297,29,2025-12-30 05:00:00+00:00
27.7,63,20.0,1012.8,1014.0,82,47,69,0,13.8,21,36.0,0.0,20.0,1.4,159.0,15.9,-4.9,3.3,74,13.0,304,27,2025-12-30 06:00:00+00:00
28.4,59,19.7,1011.6,1012.7,100,100,100,0,12.7,25,36.0,0.0,40.0,1.2,91.0,15.7,-4.4,2.7,59,13.4,297,28,2025-12-30 07:00:00+00:00
28.6,59,19.7,1010.4,1011.5,98,91,34,56,12.2,26,34.2,0.0,20.0,1.5,83.0,15.7,-4.4,1.4,162,15.2,288,28,2025-12-30 08:00:00+00:00
28.8,58,19.6,1009.3,1010.4,82,63,11,45,13.0,25,34.2,0.0,10.0,1.8,99.0,15.9,-4.2,4.1,186,17.5,286,28,2025-12-30 09:00:00+00:00
28.5,58,19.5,1009.2,1010.3,90,90,0,0,14.3,23,36.4,0.0,10.0,1.9,13.0,16.3,-4.2,6.9,184,19.8,284,29,2025-12-30 10:00:00+00:00
27.6,61,19.4,1009.3,1010.4,27,26,1,0,14.7,27,36.4,0.0,0.0,2.2,11.0,16.8,-4.0,7.3,184,22.1,283,30,2025-12-30 11:00:00+00:00
26.7,66,19.8,1009.5,1010.7,24,16,18,0,15.4,35,36.7,0.0,0.0,2.5,121.0,17.0,-4.2,6.9,188,23.6,285,36,2025-12-30 12:00:00+00:00
26.0,71,20.3,1010.1,1011.3,23,13,22,0,15.1,29,36.0,0.0,0.0,2.9,12.0,17.4,-4.2,7.3,184,24.5,281,36,2025-12-30 13:00:00+00:00
25.7,73,20.4,1011.3,1012.5,27,18,19,0,13.1,25,34.6,0.0,0.0,3.1,15.0,17.5,-4.2,7.0,169,24.3,279,36,2025-12-30 14:00:00+00:00
25.7,73,20.4,1011.8,1013.0,16,9,9,0,12.6,29,29.5,0.0,0.0,3.0,19.0,17.5,-4.2,7.5,155,25.3,275,33,2025-12-30 15:00:00+00:00
25.7,73,20.5,1012.1,1013.3,11,11,1,0,13.4,36,27.4,0.0,0.0,2.9,6.0,17.3,-4.2,7.8,140,26.5,275,32,2025-12-30 16:00:00+00:00
25.7,73,20.5,1011.9,1013.1,5,2,3,0,12.1,37,27.7,0.0,150.0,2.7,10.0,16.9,-4.2,7.8,140,27.7,275,31,2025-12-30 17:00:00+00:00
25.2,78,21.1,1011.1,1012.3,45,17,34,0,11.1,34,24.8,0.0,0.0,2.2,6.0,16.8,-4.4,7.1,135,32.3,285,40,2025-12-30 18:00:00+00:00
25.4,78,21.2,1010.7,1011.9,41,20,31,0,9.8,31,22.3,0.0,30.0,1.9,47.0,16.8,-4.4,6.8,132,31.2,286,41,2025-12-30 19:00:00+00:00
25.4,78,21.3,1010.2,1011.4,29,19,16,0,9.4,24,20.2,0.0,160.0,1.5,8.0,16.8,-4.7,5.3,121,31.2,286,42,2025-12-30 20:00:00+00:00
25.3,79,21.4,1009.6,1010.8,59,23,6,42,9.6,23,19.1,0.0,190.0,1.5,6.0,16.9,-4.9,5.1,100,30.4,288,38,2025-12-30 21:00:00+00:00
25.0,80,21.4,1009.3,1010.5,77,24,7,67,8.8,17,18.7,0.0,110.0,1.7,29.0,17.0,-4.9,5.9,86,30.8,291,37,2025-12-30 22:00:00+00:00
24.6,82,21.4,1009.2,1010.4,74,16,5,68,8.2,10,16.9,0.0,90.0,1.9,37.0,17.3,-5.1,7.5,76,30.1,293,38,2025-12-30 23:00:00+00:00
24.5,85,21.8,1009.6,1010.8,81,29,3,73,8.7,339,15.5,0.0,370.0,1.5,7.0,17.1,-5.6,6.5,102,25.8,298,48,2025-12-31 00:00:00+00:00
24.1,86,21.7,1010.4,1011.6,92,69,23,74,6.0,350,16.6,0.0,290.0,1.4,3.0,17.1,-5.6,6.9,94,25.3,301,46,2025-12-31 01:00:00+00:00
24.4,83,21.4,1011.3,1012.5,68,24,5,58,8.3,336,19.8,0.0,210.0,0.9,17.0,17.1,-5.6,6.4,82,22.6,302,48,2025-12-31 02:00:00+00:00
25.6,77,21.3,1011.8,1013.0,91,80,10,57,8.8,351,23.0,0.0,230.0,0.2,2.0,17.0,-5.6,7.4,68,21.0,301,54,2025-12-31 03:00:00+00:00
26.5,73,21.4,1011.9,1013.1,100,100,16,0,11.4,13,29.9,0.1,160.0,-0.4,3.0,16.9,-5.4,9.4,61,19.3,300,58,2025-12-31 04:00:00+00:00
27.0,73,21.7,1011.5,1012.7,95,94,22,0,12.0,28,31.3,0.1,270.0,-0.2,0.0,16.7,-5.1,11.0,60,18.8,297,69,2025-12-31 05:00:00+00:00
28.3,68,21.9,1010.8,1011.9,96,95,15,0,13.1,23,33.5,1.1,470.0,-0.2,0.0,16.5,-4.7,8.2,56,23.6,285,79,2025-12-31 06:00:00+00:00
29.0,64,21.4,1009.6,1010.7,77,59,44,0,14.0,33,36.7,0.0,410.0,-0.1,0.0,16.7,-4.7,8.4,45,22.1,283,79,2025-12-31 07:00:00+00:00
26.9,72,21.4,1008.8,1009.9,72,63,37,0,13.4,26,37.1,1.5,230.0,0.0,2.0,16.7,-4.7,9.4,47,22.1,283,81,2025-12-31 08:00:00+00:00
27.5,72,22.1,1007.8,1008.9,100,100,49,0,13.0,28,33.8,0.2,620.0,0.3,0.0,16.7,-5.1,10.0,39,21.9,279,81,2025-12-31 09:00:00+00:00
27.5,71,21.8,1007.4,1008.5,95,88,28,35,14.1,31,35.3,0.0,500.0,0.1,2.0,16.8,-5.4,10.8,36,20.5,277,81,2025-12-31 10:00:00+00:00
27.0,73,21.6,1007.3,1008.4,89,15,25,84,13.8,35,34.6,0.0,370.0,-0.1,8.0,16.8,-5.1,10.9,33,20.4,270,80,2025-12-31 11:00:00+00:00
25.9,81,22.3,1007.7,1008.9,52,32,30,0,13.5,33,32.8,0.0,480.0,-0.1,12.0,17.0,-5.6,8.8,35,21.7,276,80,2025-12-31 12:00:00+00:00
25.1,84,22.3,1008.2,1009.4,17,6,11,2,11.6,39,31.3,0.0,410.0,0.4,19.0,17.0,-5.4,7.7,28,20.5,277,78,2025-12-31 13:00:00+00:00
25.0,86,22.4,1009.5,1010.7,64,8,9,57,11.5,42,26.3,0.0,470.0,0.0,33.0,17.3,-5.4,7.4,22,19.5,281,79,2025-12-31 14:00:00+00:00
24.9,87,22.6,1009.9,1011.1,49,12,9,37,11.8,51,25.2,0.0,530.0,-0.3,23.0,17.5,-5.4,6.1,13,16.8,274,82,2025-12-31 15:00:00+00:00
25.0,87,22.6,1010.3,1011.5,98,29,4,96,12.3,56,25.6,0.0,590.0,-0.2,24.0,17.7,-5.4,5.6,14,14.6,261,87,2025-12-31 16:00:00+00:00
25.0,87,22.6,1009.9,1011.1,100,22,7,100,10.9,57,25.2,0.0,520.0,-0.7,29.0,17.7,-5.6,5.1,27,15.0,241,91,2025-12-31 17:00:00+00:00
25.1,88,23.0,1009.9,1011.1,100,17,100,88,9.9,71,22.0,0.0,880.0,-0.9,1.0,17.7,-4.9,8.6,25,10.3,249,96,2025-12-31 18:00:00+00:00
25.0,89,23.0,1009.7,1010.9,100,11,100,77,9.9,71,21.6,0.2,920.0,-1.1,1.0,17.5,-5.4,9.6,31,10.3,216,94,2025-12-31 19:00:00+00:00
24.8,90,23.0,1009.2,1010.4,100,13,100,97,10.0,67,20.2,1.1,860.0,-0.8,2.0,17.1,-5.6,12.5,33,10.9,186,89,2025-12-31 20:00:00+00:00
24.2,95,23.4,1008.4,1009.6,100,5,100,99,7.1,52,18.7,2.3,910.0,-1.0,2.0,16.9,-5.6,14.1,29,13.7,165,90,2025-12-31 21:00:00+00:00
23.9,97,23.4,1008.4,1009.6,100,9,100,95,6.6,41,14.4,1.3,930.0,-0.9,1.0,17.0,-5.6,14.8,34,12.9,158,93,2025-12-31 22:00:00+00:00
23.5,93,22.3,1009.0,1010.2,100,55,100,48,5.4,37,12.6,1.4,280.0,-1.0,1.0,17.1,-5.4,16.6,32,17.0,172,94,2025-12-31 23:00:00+00:00
