time,day,ctt_min_m,cold220_m,ctp_min_m,valid_frac,cape,y30,y60,y90,env_30,env_60,env_90,env+sat_30,env+sat_60,env+sat_90,env+sat+obs_30,env+sat+obs_60,env+sat+obs_90
2025-04-01T00:00Z,2025-04-01,291.873,0.0,775.114,0.243,300.0,0,0,0,0.002,0.003,0.006,0.001,0.002,0.002,0.001,0.001,0.004
2025-04-01T00:30Z,2025-04-01,291.166,0.0,775.098,0.243,285.0,0,0,0,0.003,0.003,0.005,0.001,0.002,0.003,0.002,0.002,0.006
2025-04-01T01:00Z,2025-04-01,288.832,0.0,775.047,0.25,270.0,0,0,0,0.004,0.004,0.007,0.002,0.002,0.006,0.002,0.002,0.007
2025-04-01T01:30Z,2025-04-01,290.135,0.0,775.076,0.174,280.0,0,0,0,0.002,0.003,0.004,0.001,0.002,0.003,0.001,0.002,0.005
2025-04-01T02:00Z,2025-04-01,289.447,0.0,775.075,0.194,290.0,0,0,0,0.002,0.003,0.004,0.001,0.002,0.003,0.001,0.001,0.005
2025-04-01T02:30Z,2025-04-01,291.344,0.0,775.116,0.215,260.0,0,0,0,0.002,0.002,0.004,0.001,0.002,0.003,0.001,0.001,0.004
2025-04-01T03:00Z,2025-04-01,288.849,0.0,775.048,0.25,230.0,0,0,0,0.001,0.001,0.001,0.001,0.001,0.001,0.001,0.001,0.002
2025-04-01T03:30Z,2025-04-01,290.375,0.0,775.079,0.257,130.0,0,0,0,0.001,0.001,0.001,0.001,0.001,0.001,0.0,0.001,0.002
2025-04-01T04:00Z,2025-04-01,290.843,0.0,775.091,0.347,30.0,0,0,0,0.001,0.001,0.001,0.001,0.001,0.001,0.001,0.001,0.002
2025-04-01T04:30Z,2025-04-01,291.339,0.0,775.094,0.396,30.0,0,0,0,0.001,0.001,0.001,0.001,0.001,0.001,0.0,0.001,0.002
2025-04-01T05:00Z,2025-04-01,292.742,0.0,775.158,0.41,30.0,0,0,0,0.001,0.001,0.002,0.001,0.001,0.001,0.0,0.001,0.002
2025-04-01T05:30Z,2025-04-01,289.446,0.0,775.088,0.521,150.0,0,0,0,0.001,0.002,0.002,0.001,0.001,0.001,0.001,0.001,0.002
2025-04-01T06:00Z,2025-04-01,288.096,0.0,775.044,0.562,270.0,0,0,0,0.001,0.002,0.003,0.001,0.001,0.002,0.001,0.001,0.002
2025-04-01T06:30Z,2025-04-01,286.868,0.0,775.004,0.549,285.0,0,0,0,0.001,0.002,0.003,0.001,0.001,0.002,0.001,0.001,0.002
2025-04-01T07:00Z,2025-04-01,290.234,0.0,775.095,0.562,300.0,0,0,0,0.001,0.002,0.002,0.001,0.001,0.001,0.001,0.001,0.002
2025-04-01T07:30Z,2025-04-01,291.454,0.0,775.128,0.549,250.0,0,0,0,0.001,0.002,0.002,0.001,0.001,0.001,0.001,0.001,0.002
2025-04-01T08:00Z,2025-04-01,291.777,0.0,775.111,0.694,200.0,0,0,0,0.001,0.002,0.002,0.001,0.001,0.001,0.0,0.001,0.002
2025-04-01T08:30Z,2025-04-01,291.778,0.0,775.111,0.632,165.0,0,0,0,0.001,0.002,0.002,0.001,0.001,0.002,0.001,0.001,0.002
2025-04-01T09:00Z,2025-04-01,288.703,0.0,775.036,0.632,130.0,0,0,0,0.001,0.002,0.002,0.001,0.001,0.002,0.001,0.001,0.002
2025-04-01T09:30Z,2025-04-01,291.394,0.0,775.069,0.521,180.0,0,0,0,0.001,0.002,0.002,0.001,0.001,0.002,0.001,0.001,0.002
2025-04-01T10:00Z,2025-04-01,292.25,0.0,775.072,0.549,230.0,0,0,0,0.001,0.002,0.002,0.001,0.001,0.002,0.001,0.001,0.002
2025-04-01T10:30Z,2025-04-01,291.65,0.0,775.062,0.424,325.0,0,0,0,0.001,0.001,0.002,0.001,0.001,0.001,0.0,0.001,0.002
2025-04-01T11:00Z,2025-04-01,289.422,0.0,775.049,0.438,420.0,0,0,0,0.001,0.002,0.002,0.001,0.001,0.002,0.001,0.001,0.002
2025-04-01T11:30Z,2025-04-01,288.257,0.0,775.027,0.292,575.0,0,0,0,0.002,0.002,0.003,0.001,0.001,0.002,0.001,0.001,0.002
2025-04-01T12:00Z,2025-04-01,287.55,0.0,775.013,0.319,730.0,0,0,0,0.002,0.003,0.005,0.001,0.002,0.002,0.001,0.001,0.003
2025-04-01T12:30Z,2025-04-01,,,,0.201,825.0,0,0,0,0.003,0.005,0.006,0.001,0.002,0.003,0.001,0.002,0.003
2025-04-01T13:00Z,2025-04-01,,,,0.208,920.0,0,0,0,0.003,0.005,0.007,0.002,0.002,0.003,0.001,0.002,0.004
2025-04-01T13:30Z,2025-04-01,,,,0.243,1005.0,0,0,0,0.004,0.005,0.008,0.002,0.003,0.003,0.001,0.002,0.004
2025-04-01T14:00Z,2025-04-01,,,,0.264,1090.0,0,0,0,0.004,0.004,0.007,0.002,0.003,0.003,0.001,0.002,0.004
2025-04-01T14:30Z,2025-04-01,,,,0.243,1150.0,0,0,0,0.004,0.004,0.008,0.002,0.003,0.003,0.001,0.002,0.005
2025-04-01T15:00Z,2025-04-01,292.501,0.0,775.132,0.292,1210.0,0,0,0,0.004,0.006,0.007,0.002,0.003,0.002,0.001,0.002,0.004
2025-04-01T15:30Z,2025-04-01,291.967,0.0,775.117,0.292,1205.0,0,0,0,0.002,0.003,0.005,0.002,0.003,0.002,0.001,0.002,0.004
2025-04-01T16:00Z,2025-04-01,291.727,0.0,775.065,0.306,1200.0,0,0,0,0.002,0.004,0.008,0.003,0.003,0.002,0.001,0.002,0.005
2025-04-01T16:30Z,2025-04-01,291.687,0.0,775.077,0.326,1175.0,0,0,0,0.002,0.003,0.005,0.003,0.003,0.002,0.001,0.002,0.004
2025-04-01T17:00Z,2025-04-01,291.213,0.0,775.033,0.361,1150.0,0,0,0,0.002,0.002,0.004,0.003,0.003,0.003,0.001,0.002,0.006
2025-04-01T18:30Z,2025-04-01,291.424,0.0,775.038,0.368,1215.0,0,0,0,0.002,0.003,0.004,0.002,0.003,0.002,0.001,0.002,0.004
2025-04-01T20:00Z,2025-04-01,287.961,0.0,774.986,0.528,1130.0,0,0,0,0.002,0.002,0.004,0.002,0.002,0.002,0.001,0.002,0.005
2025-04-01T20:30Z,2025-04-01,288.254,0.0,774.994,0.472,1120.0,0,0,0,0.002,0.002,0.004,0.002,0.003,0.002,0.001,0.002,0.004
2025-04-01T21:00Z,2025-04-01,288.437,0.0,774.998,0.521,1110.0,0,0,0,0.002,0.002,0.004,0.002,0.002,0.002,0.001,0.002,0.004
2025-04-01T21:30Z,2025-04-01,284.186,0.0,725.0,0.514,1125.0,0,0,0,0.002,0.002,0.004,0.002,0.003,0.002,0.001,0.003,0.005
2025-04-01T22:00Z,2025-04-01,287.94,0.0,775.0,0.535,1140.0,0,0,0,0.002,0.003,0.004,0.002,0.003,0.002,0.001,0.002,0.004
2025-04-01T22:30Z,2025-04-01,290.25,0.0,775.029,0.472,1160.0,0,0,0,0.002,0.003,0.004,0.002,0.003,0.003,0.001,0.003,0.004
2025-04-01T23:00Z,2025-04-01,283.326,0.0,724.976,0.514,1180.0,0,0,0,0.002,0.003,0.004,0.003,0.005,0.004,0.002,0.004,0.007
2025-04-01T23:30Z,2025-04-01,286.644,0.0,774.97,0.465,1025.0,0,0,0,0.003,0.003,0.005,0.002,0.003,0.003,0.001,0.002,0.005
2025-04-02T00:00Z,2025-04-02,290.642,0.0,775.027,0.451,870.0,0,0,0,0.003,0.004,0.005,0.002,0.003,0.003,0.001,0.002,0.005
2025-04-02T00:30Z,2025-04-02,287.722,0.0,774.992,0.424,810.0,0,0,0,0.002,0.002,0.004,0.002,0.004,0.003,0.001,0.002,0.005
2025-04-02T01:00Z,2025-04-02,290.342,0.0,775.018,0.375,750.0,0,0,0,0.002,0.003,0.007,0.002,0.003,0.003,0.001,0.002,0.005
2025-04-02T01:30Z,2025-04-02,291.232,0.0,775.039,0.368,725.0,0,0,0,0.002,0.002,0.006,0.001,0.003,0.003,0.001,0.002,0.004
2025-04-02T02:00Z,2025-04-02,290.683,0.0,775.04,0.319,700.0,0,0,0,0.002,0.002,0.005,0.001,0.002,0.002,0.001,0.002,0.004
2025-04-02T02:30Z,2025-04-02,291.209,0.0,775.042,0.285,585.0,0,0,0,0.001,0.001,0.004,0.001,0.002,0.002,0.001,0.002,0.003
2025-04-02T03:00Z,2025-04-02,292.515,0.0,775.069,0.403,470.0,0,0,0,0.002,0.002,0.004,0.002,0.002,0.003,0.001,0.002,0.004
2025-04-02T03:30Z,2025-04-02,289.252,0.0,775.02,0.431,395.0,0,0,0,0.001,0.002,0.005,0.001,0.002,0.002,0.001,0.002,0.004
2025-04-02T04:00Z,2025-04-02,291.788,0.0,775.069,0.528,320.0,0,0,0,0.001,0.001,0.004,0.001,0.001,0.002,0.001,0.002,0.004
2025-04-02T04:30Z,2025-04-02,290.457,0.0,775.045,0.507,305.0,0,0,0,0.001,0.002,0.004,0.002,0.002,0.002,0.001,0.002,0.004
2025-04-02T05:00Z,2025-04-02,291.817,0.0,775.075,0.681,290.0,0,0,0,0.001,0.002,0.003,0.001,0.002,0.002,0.001,0.002,0.004
2025-04-02T05:30Z,2025-04-02,291.938,0.0,775.065,0.708,435.0,0,0,0,0.001,0.002,0.004,0.001,0.001,0.002,0.001,0.002,0.003
2025-04-02T06:00Z,2025-04-02,291.968,0.0,775.072,0.701,580.0,0,0,0,0.001,0.002,0.003,0.002,0.001,0.002,0.001,0.002,0.003
2025-04-02T06:30Z,2025-04-02,292.168,0.0,775.064,0.75,635.0,0,0,0,0.002,0.002,0.004,0.001,0.001,0.002,0.001,0.002,0.003
2025-04-02T07:00Z,2025-04-02,291.88,0.0,775.059,0.75,690.0,0,0,0,0.001,0.003,0.006,0.001,0.001,0.002,0.0,0.001,0.003
2025-04-02T07:30Z,2025-04-02,288.792,0.0,775.005,0.819,660.0,0,0,0,0.001,0.003,0.006,0.002,0.002,0.003,0.001,0.002,0.003
2025-04-02T08:00Z,2025-04-02,288.31,0.0,775.003,0.84,630.0,0,0,0,0.002,0.003,0.006,0.001,0.002,0.003,0.001,0.001,0.003
2025-04-02T08:30Z,2025-04-02,287.752,0.0,774.971,0.833,575.0,0,0,0,0.001,0.003,0.004,0.002,0.002,0.002,0.001,0.002,0.003
2025-04-02T09:00Z,2025-04-02,289.838,0.0,775.038,0.812,520.0,0,0,0,0.002,0.003,0.004,0.004,0.002,0.002,0.002,0.002,0.003
2025-04-02T09:30Z,2025-04-02,282.224,0.0,675.0,0.806,765.0,0,0,0,0.002,0.002,0.004,0.002,0.002,0.003,0.001,0.002,0.003
2025-04-02T10:00Z,2025-04-02,283.808,0.0,700.0,0.833,1010.0,0,0,0,0.003,0.005,0.011,0.002,0.004,0.003,0.001,0.003,0.006
2025-04-02T10:30Z,2025-04-02,279.295,0.0,649.976,0.833,1190.0,0,0,0,0.002,0.006,0.011,0.004,0.005,0.006,0.002,0.004,0.009
2025-04-02T11:00Z,2025-04-02,281.666,0.0,699.964,0.792,1370.0,0,0,0,0.002,0.005,0.01,0.004,0.003,0.004,0.001,0.002,0.007
2025-04-02T11:30Z,2025-04-02,259.126,0.0,424.955,0.771,1580.0,0,0,0,0.002,0.004,0.007,0.013,0.013,0.011,0.003,0.015,0.014
2025-04-02T12:00Z,2025-04-02,229.764,0.0,249.932,0.812,1790.0,0,0,0,0.004,0.005,0.006,0.025,0.029,0.042,0.006,0.034,0.036
2025-04-02T12:30Z,2025-04-02,227.332,0.0,249.888,0.757,1910.0,0,0,0,0.011,0.017,0.021,0.034,0.071,0.126,0.019,0.042,0.077
2025-04-02T13:00Z,2025-04-02,239.343,0.0,299.923,0.792,2030.0,0,0,0,0.013,0.019,0.024,0.011,0.019,0.035,0.004,0.008,0.021
2025-04-02T13:30Z,2025-04-02,249.355,0.0,349.952,0.833,2065.0,0,0,0,0.013,0.019,0.021,0.011,0.016,0.041,0.005,0.008,0.025
2025-04-02T14:00Z,2025-04-02,256.522,0.0,424.905,0.868,2100.0,0,0,0,0.013,0.016,0.018,0.016,0.026,0.03,0.006,0.014,0.023
2025-04-02T14:30Z,2025-04-02,236.165,0.0,274.95,0.833,2070.0,0,0,0,0.014,0.016,0.022,0.031,0.059,0.073,0.01,0.035,0.04
2025-04-02T15:00Z,2025-04-02,241.206,0.0,299.956,0.854,2040.0,0,0,0,0.01,0.011,0.015,0.009,0.015,0.02,0.003,0.008,0.02
2025-04-02T15:30Z,2025-04-02,229.578,0.0,249.931,0.847,2140.0,0,0,0,0.006,0.01,0.014,0.011,0.021,0.036,0.005,0.014,0.025
2025-04-02T16:00Z,2025-04-02,247.221,0.0,349.91,0.868,2240.0,0,0,0,0.007,0.01,0.013,0.004,0.006,0.008,0.001,0.004,0.009
2025-04-02T16:30Z,2025-04-02,267.04,0.0,524.943,0.833,2210.0,0,0,0,0.007,0.01,0.01,0.005,0.006,0.007,0.002,0.004,0.007
2025-04-02T17:00Z,2025-04-02,269.335,0.0,549.953,0.833,2180.0,0,0,0,0.007,0.007,0.01,0.004,0.004,0.004,0.002,0.004,0.006
2025-04-02T18:30Z,2025-04-02,252.586,0.0,374.947,0.819,1945.0,0,0,0,0.005,0.006,0.01,0.005,0.007,0.009,0.003,0.005,0.009
2025-04-02T20:00Z,2025-04-02,254.228,0.0,399.921,0.924,1840.0,0,0,0,0.004,0.005,0.009,0.005,0.007,0.008,0.003,0.004,0.007
2025-04-02T20:30Z,2025-04-02,255.98,0.0,399.958,0.854,1840.0,0,0,0,0.005,0.007,0.013,0.006,0.008,0.012,0.002,0.004,0.011
2025-04-02T21:00Z,2025-04-02,251.044,0.0,374.924,0.875,1840.0,0,0,0,0.007,0.008,0.015,0.009,0.011,0.013,0.003,0.01,0.016
2025-04-02T21:30Z,2025-04-02,252.329,0.0,374.946,0.903,1790.0,0,0,0,0.007,0.008,0.015,0.009,0.011,0.016,0.004,0.008,0.015
2025-04-02T22:00Z,2025-04-02,253.606,0.0,399.908,0.882,1740.0,0,0,0,0.008,0.008,0.014,0.005,0.006,0.009,0.002,0.004,0.009
2025-04-02T22:30Z,2025-04-02,252.63,0.0,374.952,0.875,1715.0,0,0,0,0.013,0.011,0.018,0.004,0.006,0.007,0.001,0.005,0.01
2025-04-02T23:00Z,2025-04-02,258.022,0.0,424.947,0.833,1690.0,0,0,0,0.012,0.011,0.019,0.004,0.005,0.007,0.001,0.005,0.009
2025-04-02T23:30Z,2025-04-02,259.906,0.0,449.929,0.778,1685.0,0,0,0,0.014,0.01,0.02,0.005,0.005,0.008,0.002,0.004,0.01
2025-04-03T00:00Z,2025-04-03,240.655,0.0,324.879,0.785,1680.0,0,0,0,0.013,0.01,0.022,0.001,0.002,0.003,0.001,0.002,0.003
2025-04-03T00:30Z,2025-04-03,219.642,0.036,224.863,0.806,1600.0,0,0,0,0.013,0.009,0.02,0.013,0.01,0.016,0.007,0.006,0.013
2025-04-03T01:00Z,2025-04-03,218.269,0.037,224.838,0.771,1520.0,0,0,0,0.013,0.009,0.018,0.078,0.081,0.079,0.057,0.045,0.048
2025-04-03T01:30Z,2025-04-03,218.989,0.04,224.851,0.75,1530.0,0,0,0,0.009,0.01,0.019,0.039,0.044,0.043,0.01,0.012,0.021
2025-04-03T02:00Z,2025-04-03,219.527,0.038,224.866,0.771,1540.0,0,0,0,0.008,0.006,0.012,0.034,0.033,0.021,0.014,0.014,0.018
2025-04-03T02:30Z,2025-04-03,222.987,0.0,224.927,0.778,1535.0,0,0,0,0.007,0.005,0.01,0.015,0.01,0.012,0.005,0.004,0.01
2025-04-03T03:00Z,2025-04-03,224.324,0.0,249.846,0.833,1530.0,0,0,0,0.008,0.006,0.01,0.012,0.013,0.011,0.005,0.006,0.009
2025-04-03T03:30Z,2025-04-03,221.454,0.0,224.902,0.882,1555.0,0,0,0,0.008,0.007,0.017,0.007,0.007,0.008,0.001,0.004,0.008
2025-04-03T04:00Z,2025-04-03,223.128,0.0,224.933,0.938,1580.0,0,0,0,0.015,0.01,0.021,0.014,0.008,0.014,0.003,0.005,0.01
2025-04-03T04:30Z,2025-04-03,220.057,0.0,224.876,0.951,1565.0,0,0,0,0.012,0.009,0.022,0.031,0.021,0.019,0.007,0.009,0.015
2025-04-03T05:00Z,2025-04-03,221.016,0.0,224.89,0.965,1550.0,0,0,0,0.012,0.009,0.021,0.033,0.02,0.019,0.009,0.01,0.015
2025-04-03T05:30Z,2025-04-03,224.742,0.0,249.851,0.965,1755.0,0,0,0,0.02,0.016,0.029,0.019,0.008,0.008,0.004,0.004,0.007
2025-04-03T06:00Z,2025-04-03,227.135,0.0,249.896,0.965,1960.0,0,0,0,0.023,0.028,0.037,0.022,0.017,0.02,0.01,0.012,0.021
2025-04-03T06:30Z,2025-04-03,226.174,0.0,249.878,0.951,1870.0,0,0,0,0.016,0.016,0.023,0.017,0.009,0.01,0.006,0.004,0.012
2025-04-03T07:00Z,2025-04-03,228.092,0.0,249.912,0.965,1780.0,0,0,0,0.016,0.019,0.025,0.012,0.009,0.011,0.004,0.006,0.012
2025-04-03T07:30Z,2025-04-03,222.925,0.0,224.927,0.979,1800.0,0,0,0,0.017,0.018,0.027,0.021,0.025,0.047,0.009,0.021,0.047
2025-04-03T08:00Z,2025-04-03,221.853,0.0,224.91,0.993,1820.0,0,0,0,0.017,0.019,0.03,0.089,0.055,0.07,0.017,0.026,0.064
2025-04-03T08:30Z,2025-04-03,226.453,0.0,249.88,0.979,1755.0,0,0,0,0.017,0.019,0.027,0.022,0.014,0.015,0.004,0.005,0.012
2025-04-03T09:00Z,2025-04-03,223.535,0.0,224.935,1.0,1690.0,0,0,0,0.013,0.018,0.022,0.012,0.007,0.008,0.002,0.005,0.009
2025-04-03T09:30Z,2025-04-03,229.251,0.0,249.93,1.0,1815.0,0,0,0,0.014,0.026,0.026,0.012,0.013,0.01,0.002,0.003,0.008
2025-04-03T10:00Z,2025-04-03,238.515,0.0,299.911,0.993,1940.0,0,0,0,0.021,0.041,0.037,0.012,0.015,0.027,0.002,0.004,0.017
2025-04-03T10:30Z,2025-04-03,246.575,0.0,349.906,1.0,1965.0,0,0,0,0.02,0.035,0.034,0.012,0.015,0.018,0.003,0.004,0.015
2025-04-03T11:00Z,2025-04-03,249.402,0.0,349.952,1.0,1990.0,0,0,0,0.021,0.025,0.029,0.003,0.003,0.005,0.001,0.002,0.008
2025-04-03T11:30Z,2025-04-03,247.855,0.0,349.928,0.986,1970.0,0,0,0,0.017,0.021,0.024,0.008,0.004,0.004,0.002,0.002,0.005
2025-04-03T12:00Z,2025-04-03,249.471,0.0,349.959,0.986,1950.0,0,0,0,0.017,0.022,0.026,0.005,0.004,0.003,0.001,0.002,0.003
2025-04-03T12:30Z,2025-04-03,262.598,0.0,474.924,0.986,1915.0,0,0,0,0.018,0.03,0.033,0.003,0.004,0.004,0.001,0.002,0.003
2025-04-03T13:00Z,2025-04-03,279.881,0.0,699.948,0.951,1880.0,0,0,0,0.041,0.061,0.072,0.003,0.005,0.008,0.001,0.003,0.006
2025-04-03T13:30Z,2025-04-03,278.621,0.0,674.949,0.924,1800.0,0,0,0,0.034,0.047,0.058,0.003,0.005,0.009,0.002,0.003,0.007
2025-04-03T14:00Z,2025-04-03,271.467,0.0,574.956,0.958,1720.0,0,0,0,0.02,0.025,0.033,0.003,0.008,0.026,0.001,0.006,0.02
2025-04-03T14:30Z,2025-04-03,259.35,0.0,424.962,0.972,1730.0,0,0,0,0.019,0.024,0.029,0.014,0.045,0.072,0.018,0.04,0.055
2025-04-03T15:00Z,2025-04-03,261.181,0.0,449.945,0.965,1740.0,0,0,0,0.02,0.018,0.025,0.03,0.084,0.076,0.048,0.061,0.052
2025-04-03T15:30Z,2025-04-03,264.043,0.0,474.964,0.965,1760.0,0,0,0,0.027,0.03,0.042,0.028,0.038,0.058,0.026,0.019,0.041
2025-04-03T16:00Z,2025-04-03,263.007,0.0,474.941,0.951,1780.0,0,0,0,0.023,0.031,0.037,0.017,0.057,0.05,0.011,0.024,0.036
2025-04-03T16:30Z,2025-04-03,260.801,0.0,449.946,0.986,1770.0,0,0,0,0.022,0.024,0.028,0.007,0.016,0.014,0.006,0.005,0.008
2025-04-03T17:00Z,2025-04-03,255.385,0.0,399.948,0.965,1760.0,0,0,0,0.02,0.022,0.027,0.006,0.015,0.016,0.004,0.004,0.01
2025-04-03T18:30Z,2025-04-03,258.205,0.0,424.948,1.0,1800.0,0,0,0,0.005,0.005,0.015,0.003,0.003,0.004,0.002,0.002,0.004
2025-04-03T20:00Z,2025-04-03,262.215,0.0,474.919,0.986,1690.0,0,0,0,0.014,0.009,0.015,0.004,0.003,0.003,0.002,0.002,0.003
2025-04-03T20:30Z,2025-04-03,262.073,0.0,449.974,1.0,1605.0,0,0,0,0.017,0.012,0.021,0.004,0.004,0.003,0.002,0.002,0.002
2025-04-03T21:00Z,2025-04-03,264.055,0.0,474.964,1.0,1520.0,0,0,0,0.017,0.014,0.027,0.005,0.005,0.004,0.004,0.004,0.003
2025-04-03T21:30Z,2025-04-03,265.456,0.0,499.938,0.993,1435.0,0,0,0,0.017,0.014,0.022,0.002,0.003,0.003,0.002,0.002,0.002
2025-04-03T22:00Z,2025-04-03,265.867,0.0,499.962,0.993,1350.0,0,0,0,0.015,0.013,0.022,0.002,0.002,0.002,0.001,0.002,0.002
2025-04-03T22:30Z,2025-04-03,269.505,0.0,549.952,0.993,1290.0,0,0,0,0.014,0.01,0.017,0.001,0.002,0.002,0.001,0.002,0.002
2025-04-03T23:00Z,2025-04-03,267.711,0.0,524.966,0.993,1230.0,0,0,0,0.009,0.009,0.017,0.002,0.002,0.002,0.001,0.001,0.002
2025-04-03T23:30Z,2025-04-03,266.964,0.0,524.944,1.0,1025.0,0,0,0,0.006,0.009,0.022,0.002,0.002,0.004,0.001,0.003,0.004
2025-04-05T00:00Z,2025-04-05,224.654,0.0,249.85,0.646,1400.0,0,0,0,0.024,0.03,0.035,0.029,0.045,0.049,0.015,0.032,0.023
2025-04-05T00:30Z,2025-04-05,229.31,0.0,249.93,0.674,1445.0,0,0,0,0.045,0.039,0.074,0.022,0.037,0.079,0.016,0.051,0.083
2025-04-05T01:00Z,2025-04-05,238.611,0.0,299.918,0.701,1490.0,0,0,0,0.084,0.076,0.111,0.012,0.036,0.034,0.018,0.03,0.029
2025-04-05T01:30Z,2025-04-05,249.085,0.0,349.958,0.736,1505.0,0,0,0,0.056,0.038,0.066,0.007,0.018,0.021,0.008,0.021,0.02
2025-04-05T02:00Z,2025-04-05,263.718,0.0,474.925,0.701,1520.0,0,0,0,0.025,0.016,0.042,0.005,0.009,0.012,0.003,0.007,0.013
2025-04-05T02:30Z,2025-04-05,274.125,0.0,624.938,0.667,1440.0,0,0,0,0.04,0.033,0.064,0.005,0.007,0.018,0.002,0.005,0.011
2025-04-05T03:00Z,2025-04-05,281.507,0.0,699.969,0.681,1360.0,0,0,0,0.034,0.04,0.057,0.004,0.006,0.007,0.003,0.004,0.005
2025-04-05T03:30Z,2025-04-05,282.643,0.0,724.956,0.729,1125.0,0,0,0,0.01,0.01,0.034,0.002,0.004,0.004,0.001,0.003,0.005
2025-04-05T04:00Z,2025-04-05,285.883,0.0,749.983,0.729,890.0,0,0,0,0.006,0.006,0.02,0.002,0.002,0.002,0.001,0.002,0.002
2025-04-05T04:30Z,2025-04-05,287.871,0.0,774.989,0.729,905.0,0,0,0,0.006,0.006,0.021,0.002,0.002,0.003,0.001,0.002,0.002
2025-04-05T05:00Z,2025-04-05,290.355,0.0,775.026,0.729,920.0,0,0,0,0.007,0.005,0.017,0.002,0.002,0.002,0.001,0.002,0.002
2025-04-05T05:30Z,2025-04-05,286.676,0.0,774.957,0.778,1190.0,0,0,0,0.008,0.006,0.022,0.002,0.002,0.002,0.001,0.003,0.002
2025-04-05T06:00Z,2025-04-05,288.247,0.0,774.986,0.799,1460.0,0,0,0,0.018,0.016,0.028,0.003,0.004,0.004,0.001,0.003,0.005
2025-04-05T06:30Z,2025-04-05,291.504,0.0,775.047,0.812,1585.0,0,0,0,0.025,0.027,0.042,0.004,0.005,0.005,0.001,0.004,0.008
2025-04-05T07:00Z,2025-04-05,291.47,0.0,775.058,0.812,1710.0,0,0,0,0.025,0.028,0.046,0.004,0.005,0.005,0.001,0.003,0.006
2025-04-05T07:30Z,2025-04-05,286.836,0.0,774.973,0.875,1685.0,0,0,0,0.02,0.018,0.031,0.004,0.006,0.009,0.001,0.004,0.011
2025-04-05T08:00Z,2025-04-05,276.172,0.0,624.972,0.799,1660.0,0,0,0,0.016,0.014,0.024,0.007,0.015,0.029,0.004,0.012,0.033
2025-04-05T08:30Z,2025-04-05,243.053,0.0,324.924,0.826,1500.0,0,0,0,0.022,0.018,0.032,0.02,0.064,0.141,0.01,0.029,0.111
2025-04-05T09:00Z,2025-04-05,233.484,0.0,274.913,0.792,1340.0,0,0,0,0.02,0.017,0.033,0.072,0.226,0.282,0.044,0.116,0.18
2025-04-05T09:30Z,2025-04-05,242.087,0.0,324.903,0.785,1310.0,0,0,0,0.022,0.021,0.034,0.04,0.086,0.14,0.01,0.018,0.044
2025-04-05T10:00Z,2025-04-05,241.285,0.0,324.892,0.757,1280.0,0,0,0,0.021,0.017,0.035,0.026,0.057,0.058,0.003,0.008,0.019
2025-04-05T10:30Z,2025-04-05,243.069,0.0,324.926,0.792,1340.0,0,0,0,0.022,0.02,0.042,0.005,0.006,0.018,0.001,0.002,0.008
2025-04-05T11:00Z,2025-04-05,263.458,0.0,474.928,0.708,1400.0,0,0,0,0.018,0.021,0.045,0.004,0.006,0.01,0.001,0.002,0.007
2025-04-05T11:30Z,2025-04-05,263.065,0.0,449.958,0.597,1650.0,0,0,0,0.019,0.021,0.041,0.005,0.009,0.03,0.002,0.005,0.021
2025-04-05T12:00Z,2025-04-05,259.005,0.0,424.939,0.681,1900.0,0,0,0,0.009,0.012,0.024,0.005,0.004,0.009,0.002,0.003,0.006
2025-04-05T12:30Z,2025-04-05,264.176,0.0,474.941,0.625,1905.0,0,0,0,0.011,0.017,0.024,0.003,0.003,0.007,0.001,0.002,0.004
2025-04-05T13:00Z,2025-04-05,259.891,0.0,424.959,0.583,1910.0,0,0,0,0.01,0.014,0.018,0.003,0.004,0.005,0.001,0.003,0.003
2025-04-05T13:30Z,2025-04-05,283.463,0.0,749.958,0.639,1940.0,0,0,0,0.01,0.009,0.019,0.003,0.004,0.005,0.001,0.002,0.004
2025-04-05T14:00Z,2025-04-05,283.033,0.0,724.972,0.493,1970.0,0,0,0,0.01,0.009,0.017,0.003,0.004,0.005,0.002,0.003,0.004
2025-04-05T14:30Z,2025-04-05,283.99,0.0,749.956,0.5,2140.0,0,0,0,0.009,0.007,0.009,0.003,0.004,0.003,0.001,0.002,0.002
2025-04-05T15:00Z,2025-04-05,283.193,0.0,724.975,0.458,2310.0,0,0,0,0.007,0.008,0.008,0.003,0.004,0.003,0.002,0.003,0.003
2025-04-05T15:30Z,2025-04-05,281.988,0.0,724.951,0.472,2325.0,0,0,0,0.007,0.007,0.008,0.004,0.005,0.007,0.002,0.004,0.007
2025-04-05T16:00Z,2025-04-05,283.766,0.0,725.0,0.451,2340.0,0,0,0,0.007,0.007,0.011,0.005,0.006,0.007,0.004,0.005,0.007
2025-04-05T16:30Z,2025-04-05,291.029,0.0,775.055,0.542,2290.0,0,0,0,0.006,0.007,0.009,0.003,0.004,0.002,0.002,0.003,0.002
2025-04-05T17:00Z,2025-04-05,291.909,0.0,775.061,0.458,2240.0,0,0,0,0.005,0.006,0.009,0.002,0.003,0.002,0.001,0.002,0.002
2025-04-05T18:30Z,2025-04-05,281.894,0.0,724.952,0.472,1975.0,0,0,0,0.007,0.004,0.01,0.003,0.003,0.002,0.001,0.002,0.002
2025-04-05T20:00Z,2025-04-05,278.312,0.0,674.954,0.625,1970.0,0,0,0,0.01,0.007,0.011,0.003,0.003,0.003,0.002,0.002,0.002
2025-04-05T20:30Z,2025-04-05,288.107,0.0,775.001,0.479,1945.0,0,0,0,0.009,0.006,0.011,0.003,0.002,0.002,0.001,0.001,0.001
2025-04-05T21:00Z,2025-04-05,289.282,0.0,775.027,0.458,1920.0,0,0,0,0.01,0.009,0.011,0.003,0.002,0.003,0.001,0.001,0.002
2025-04-05T21:30Z,2025-04-05,289.831,0.0,775.037,0.41,1860.0,0,0,0,0.01,0.008,0.012,0.002,0.002,0.003,0.001,0.001,0.002
2025-04-05T22:00Z,2025-04-05,279.942,0.0,699.954,0.528,1800.0,0,0,0,0.009,0.009,0.013,0.003,0.005,0.011,0.001,0.003,0.011
2025-04-05T22:30Z,2025-04-05,290.795,0.0,775.048,0.514,1755.0,0,0,0,0.008,0.008,0.012,0.003,0.002,0.002,0.001,0.001,0.002
2025-04-05T23:00Z,2025-04-05,283.952,0.0,749.957,0.535,1710.0,0,0,0,0.008,0.006,0.011,0.002,0.003,0.004,0.001,0.002,0.006
2025-04-05T23:30Z,2025-04-05,275.414,0.0,624.972,0.583,1690.0,0,0,0,0.007,0.005,0.011,0.003,0.005,0.004,0.001,0.003,0.006
2025-04-07T00:00Z,2025-04-07,275.028,0.0,624.96,0.361,1780.0,0,0,0,0.008,0.012,0.014,0.006,0.005,0.005,0.003,0.005,0.007
2025-04-07T00:30Z,2025-04-07,283.006,0.0,724.966,0.347,1750.0,0,0,0,0.009,0.017,0.018,0.006,0.007,0.006,0.002,0.006,0.009
2025-04-07T01:00Z,2025-04-07,285.486,0.0,749.969,0.319,1720.0,0,0,0,0.008,0.007,0.014,0.004,0.007,0.008,0.001,0.005,0.014
2025-04-07T01:30Z,2025-04-07,284.337,0.0,749.951,0.319,1750.0,0,0,0,0.007,0.007,0.011,0.005,0.006,0.006,0.001,0.005,0.012
2025-04-07T02:00Z,2025-04-07,284.547,0.0,749.958,0.326,1780.0,0,0,0,0.005,0.005,0.01,0.005,0.005,0.006,0.003,0.006,0.011
2025-04-07T02:30Z,2025-04-07,286.608,0.0,774.955,0.354,1655.0,0,0,0,0.005,0.005,0.012,0.004,0.004,0.006,0.002,0.004,0.011
2025-04-07T03:00Z,2025-04-07,291.968,0.0,775.029,0.361,1530.0,0,0,0,0.005,0.005,0.01,0.004,0.004,0.004,0.004,0.005,0.007
2025-04-07T03:30Z,2025-04-07,285.245,0.0,749.963,0.34,1525.0,0,0,0,0.005,0.005,0.01,0.008,0.01,0.009,0.004,0.012,0.015
2025-04-07T04:00Z,2025-04-07,288.144,0.0,774.974,0.382,1520.0,0,0,0,0.005,0.005,0.01,0.004,0.004,0.005,0.002,0.005,0.007
2025-04-07T04:30Z,2025-04-07,286.498,0.0,774.951,0.389,1470.0,0,0,0,0.003,0.004,0.006,0.003,0.004,0.005,0.001,0.004,0.008
2025-04-07T05:00Z,2025-04-07,287.437,0.0,774.965,0.417,1420.0,0,0,0,0.004,0.004,0.007,0.003,0.003,0.005,0.001,0.004,0.007
2025-04-07T05:30Z,2025-04-07,290.969,0.0,775.018,0.403,1500.0,0,0,0,0.003,0.004,0.007,0.002,0.002,0.003,0.001,0.003,0.006
2025-04-07T06:00Z,2025-04-07,291.609,0.0,775.031,0.417,1580.0,0,0,0,0.004,0.004,0.006,0.002,0.002,0.003,0.001,0.003,0.005
2025-04-07T06:30Z,2025-04-07,290.685,0.0,775.014,0.396,1660.0,0,0,0,0.005,0.006,0.008,0.003,0.003,0.004,0.001,0.003,0.007
2025-04-07T07:00Z,2025-04-07,291.675,0.0,775.031,0.389,1740.0,0,0,0,0.006,0.007,0.011,0.003,0.004,0.006,0.001,0.003,0.009
2025-04-07T07:30Z,2025-04-07,291.332,0.0,775.026,0.347,1840.0,0,0,0,0.007,0.009,0.012,0.004,0.005,0.007,0.002,0.005,0.013
2025-04-07T08:00Z,2025-04-07,291.104,0.0,775.021,0.354,1940.0,0,0,0,0.011,0.013,0.016,0.006,0.007,0.008,0.002,0.006,0.012
2025-04-07T08:30Z,2025-04-07,291.532,0.0,775.027,0.41,1650.0,0,0,0,0.009,0.014,0.021,0.005,0.007,0.008,0.002,0.007,0.011
2025-04-07T09:00Z,2025-04-07,292.101,0.0,775.044,0.375,1360.0,0,0,0,0.009,0.017,0.028,0.005,0.007,0.011,0.003,0.005,0.013
2025-04-07T09:30Z,2025-04-07,289.543,0.0,775.011,0.312,1320.0,0,0,0,0.01,0.016,0.027,0.016,0.023,0.024,0.01,0.017,0.017
2025-04-07T10:00Z,2025-04-07,286.397,0.0,774.966,0.306,1280.0,0,0,0,0.008,0.012,0.027,0.005,0.007,0.008,0.003,0.006,0.01
2025-04-07T10:30Z,2025-04-07,287.41,0.0,774.968,0.243,1460.0,0,0,0,0.008,0.014,0.027,0.007,0.008,0.012,0.003,0.007,0.013
2025-04-07T11:00Z,2025-04-07,288.857,0.0,774.979,0.167,1640.0,0,0,0,0.016,0.017,0.038,0.011,0.014,0.014,0.005,0.014,0.014
2025-04-07T11:30Z,2025-04-07,286.67,0.0,774.96,0.118,2000.0,0,0,0,0.02,0.027,0.035,0.007,0.011,0.021,0.004,0.01,0.021
2025-04-07T12:00Z,2025-04-07,290.611,0.0,775.017,0.146,2360.0,0,0,0,0.017,0.027,0.04,0.004,0.007,0.013,0.003,0.006,0.015
2025-04-07T12:30Z,2025-04-07,289.713,0.0,775.001,0.118,2295.0,0,0,0,0.019,0.027,0.035,0.005,0.01,0.015,0.004,0.009,0.019
2025-04-07T13:00Z,2025-04-07,290.771,0.0,775.014,0.09,2230.0,0,0,0,0.019,0.021,0.034,0.005,0.009,0.014,0.003,0.007,0.017
2025-04-07T13:30Z,2025-04-07,292.652,0.0,775.044,0.083,2590.0,0,0,0,0.018,0.023,0.034,0.004,0.008,0.011,0.003,0.008,0.015
2025-04-07T14:00Z,2025-04-07,,,,0.062,2950.0,0,0,0,0.018,0.022,0.033,0.004,0.009,0.009,0.003,0.009,0.013
2025-04-07T14:30Z,2025-04-07,,,,0.049,3005.0,0,0,0,0.016,0.023,0.03,0.006,0.01,0.01,0.003,0.009,0.013
2025-04-07T15:00Z,2025-04-07,,,,0.021,3060.0,0,0,0,0.015,0.023,0.03,0.006,0.01,0.01,0.003,0.01,0.014
2025-04-07T15:30Z,2025-04-07,,,,0.028,2910.0,0,0,0,0.017,0.024,0.03,0.006,0.008,0.008,0.003,0.01,0.013
2025-04-07T16:00Z,2025-04-07,,,,0.035,2760.0,0,0,0,0.017,0.024,0.03,0.006,0.01,0.01,0.006,0.011,0.014
2025-04-07T16:30Z,2025-04-07,,,,0.049,2795.0,0,0,0,0.016,0.023,0.03,0.006,0.01,0.01,0.004,0.009,0.014
2025-04-07T17:00Z,2025-04-07,,,,0.049,2830.0,0,0,0,0.015,0.019,0.034,0.005,0.009,0.011,0.004,0.01,0.013
2025-04-07T20:00Z,2025-04-07,292.311,0.0,775.044,0.069,2950.0,0,0,0,0.012,0.013,0.019,0.006,0.006,0.007,0.004,0.006,0.012
2025-04-07T20:30Z,2025-04-07,292.083,0.0,775.031,0.118,2890.0,0,0,0,0.01,0.012,0.019,0.006,0.008,0.008,0.002,0.006,0.012
2025-04-07T21:00Z,2025-04-07,291.211,0.0,775.028,0.167,2830.0,0,0,0,0.009,0.011,0.02,0.005,0.007,0.01,0.002,0.006,0.012
2025-04-07T21:30Z,2025-04-07,291.024,0.0,775.026,0.09,2680.0,0,0,0,0.009,0.012,0.021,0.007,0.009,0.009,0.003,0.008,0.014
2025-04-07T22:00Z,2025-04-07,290.764,0.0,775.023,0.111,2530.0,0,0,0,0.011,0.014,0.023,0.007,0.008,0.01,0.004,0.01,0.014
2025-04-07T22:30Z,2025-04-07,290.851,0.0,775.023,0.097,2385.0,0,0,0,0.012,0.017,0.024,0.007,0.008,0.01,0.004,0.009,0.014
2025-04-07T23:00Z,2025-04-07,291.128,0.0,775.028,0.076,2240.0,0,0,0,0.014,0.022,0.025,0.007,0.009,0.008,0.005,0.009,0.012
2025-04-07T23:30Z,2025-04-07,291.484,0.0,775.032,0.076,2265.0,0,0,0,0.014,0.024,0.027,0.008,0.009,0.01,0.005,0.01,0.013
2025-04-09T00:00Z,2025-04-09,289.868,0.0,775.007,0.431,1420.0,0,0,0,0.012,0.016,0.019,0.007,0.008,0.009,0.006,0.008,0.013
2025-04-09T00:30Z,2025-04-09,289.427,0.0,775.002,0.361,1365.0,0,0,0,0.019,0.022,0.029,0.007,0.01,0.011,0.005,0.011,0.017
2025-04-09T01:00Z,2025-04-09,288.697,0.0,774.998,0.375,1310.0,0,0,0,0.008,0.008,0.015,0.004,0.005,0.006,0.003,0.007,0.011
2025-04-09T01:30Z,2025-04-09,290.316,0.0,775.021,0.417,1310.0,0,0,0,0.006,0.007,0.015,0.003,0.004,0.004,0.002,0.005,0.01
2025-04-09T02:00Z,2025-04-09,291.299,0.0,775.025,0.382,1310.0,0,0,0,0.007,0.007,0.015,0.003,0.005,0.004,0.002,0.006,0.01
2025-04-09T02:30Z,2025-04-09,287.608,0.0,774.971,0.382,1270.0,0,0,0,0.006,0.006,0.014,0.008,0.011,0.01,0.003,0.011,0.02
2025-04-09T03:00Z,2025-04-09,292.275,0.0,775.071,0.319,1230.0,0,0,0,0.004,0.006,0.014,0.004,0.004,0.003,0.003,0.006,0.007
2025-04-09T03:30Z,2025-04-09,287.949,0.0,774.984,0.354,1180.0,0,0,0,0.004,0.004,0.01,0.004,0.005,0.006,0.003,0.006,0.009
2025-04-09T04:00Z,2025-04-09,288.321,0.0,774.987,0.361,1130.0,0,0,0,0.003,0.004,0.007,0.002,0.002,0.003,0.001,0.003,0.005
2025-04-09T04:30Z,2025-04-09,292.595,0.0,775.044,0.361,1085.0,0,0,0,0.003,0.004,0.007,0.002,0.002,0.003,0.001,0.002,0.005
2025-04-09T05:00Z,2025-04-09,292.579,0.0,775.05,0.41,1040.0,0,0,0,0.003,0.004,0.008,0.002,0.002,0.003,0.001,0.002,0.005
2025-04-09T05:30Z,2025-04-09,290.959,0.0,775.021,0.438,1120.0,0,0,0,0.004,0.005,0.011,0.002,0.002,0.004,0.001,0.002,0.005
2025-04-09T06:00Z,2025-04-09,287.785,0.0,774.969,0.444,1200.0,0,0,0,0.003,0.004,0.008,0.002,0.003,0.003,0.001,0.003,0.005
2025-04-09T06:30Z,2025-04-09,286.052,0.0,749.975,0.472,1295.0,0,0,0,0.005,0.006,0.008,0.003,0.004,0.004,0.001,0.003,0.006
2025-04-09T07:00Z,2025-04-09,292.62,0.0,775.046,0.479,1390.0,0,0,0,0.005,0.007,0.008,0.003,0.003,0.004,0.001,0.003,0.006
2025-04-09T07:30Z,2025-04-09,292.883,0.0,775.053,0.521,1490.0,0,0,0,0.006,0.011,0.011,0.006,0.006,0.006,0.003,0.006,0.006
2025-04-09T08:00Z,2025-04-09,295.682,0.0,775.087,0.625,1590.0,0,0,0,0.006,0.01,0.012,0.005,0.004,0.005,0.002,0.004,0.006
2025-04-09T08:30Z,2025-04-09,297.106,0.0,775.105,0.521,1570.0,0,0,0,0.008,0.012,0.021,0.004,0.006,0.007,0.001,0.005,0.01
2025-04-09T09:00Z,2025-04-09,292.524,0.0,775.045,0.507,1550.0,0,0,0,0.006,0.008,0.013,0.006,0.008,0.013,0.002,0.007,0.017
2025-04-09T09:30Z,2025-04-09,293.336,0.0,775.06,0.396,1445.0,0,0,0,0.007,0.009,0.014,0.005,0.007,0.01,0.002,0.006,0.016
2025-04-09T10:00Z,2025-04-09,294.201,0.0,775.072,0.333,1340.0,0,0,0,0.008,0.009,0.014,0.006,0.007,0.008,0.002,0.006,0.011
2025-04-09T10:30Z,2025-04-09,,,,0.25,1220.0,0,0,0,0.007,0.009,0.015,0.004,0.006,0.007,0.001,0.004,0.007
2025-04-09T11:00Z,2025-04-09,,,,0.181,1100.0,0,0,0,0.008,0.008,0.015,0.005,0.007,0.007,0.003,0.006,0.007
2025-04-09T11:30Z,2025-04-09,,,,0.188,1425.0,0,0,0,0.012,0.012,0.017,0.006,0.009,0.008,0.005,0.009,0.009
2025-04-09T12:00Z,2025-04-09,,,,0.208,1750.0,0,0,0,0.017,0.021,0.028,0.007,0.011,0.014,0.004,0.01,0.017
2025-04-09T12:30Z,2025-04-09,,,,0.194,1545.0,0,0,0,0.013,0.02,0.026,0.006,0.011,0.012,0.004,0.01,0.015
2025-04-09T13:00Z,2025-04-09,293.496,0.0,775.068,0.208,1340.0,0,0,0,0.01,0.015,0.02,0.003,0.006,0.008,0.002,0.005,0.012
2025-04-09T13:30Z,2025-04-09,292.295,0.0,775.043,0.194,1390.0,0,0,0,0.015,0.018,0.022,0.003,0.007,0.012,0.002,0.007,0.02
2025-04-09T14:00Z,2025-04-09,289.273,0.0,775.001,0.167,1440.0,0,0,0,0.016,0.017,0.021,0.004,0.011,0.014,0.003,0.009,0.027
2025-04-09T14:30Z,2025-04-09,282.318,0.0,724.954,0.139,1410.0,0,0,0,0.015,0.015,0.021,0.011,0.023,0.029,0.007,0.023,0.033
2025-04-09T15:00Z,2025-04-09,285.411,0.0,749.975,0.174,1380.0,0,0,0,0.013,0.011,0.015,0.005,0.008,0.01,0.003,0.007,0.019
2025-04-09T15:30Z,2025-04-09,287.2,0.0,774.965,0.215,1355.0,0,0,0,0.008,0.01,0.012,0.004,0.007,0.006,0.003,0.006,0.009
2025-04-09T16:00Z,2025-04-09,285.471,0.0,749.967,0.215,1330.0,0,0,0,0.008,0.009,0.011,0.007,0.008,0.012,0.006,0.008,0.016
2025-04-09T16:30Z,2025-04-09,288.967,0.0,774.984,0.264,1345.0,0,0,0,0.008,0.009,0.011,0.004,0.005,0.006,0.002,0.005,0.008
2025-04-09T17:00Z,2025-04-09,278.386,0.0,674.96,0.368,1360.0,0,0,0,0.005,0.005,0.007,0.005,0.009,0.01,0.007,0.007,0.011
2025-04-09T20:00Z,2025-04-09,265.822,0.0,474.962,0.431,1380.0,0,0,0,0.012,0.01,0.017,0.006,0.007,0.008,0.005,0.008,0.011
2025-04-09T20:30Z,2025-04-09,265.805,0.0,474.961,0.417,1345.0,0,0,0,0.013,0.011,0.017,0.005,0.008,0.009,0.002,0.008,0.014
2025-04-09T21:00Z,2025-04-09,255.201,0.0,399.929,0.458,1310.0,0,0,0,0.016,0.015,0.021,0.009,0.011,0.012,0.009,0.017,0.019
2025-04-09T21:30Z,2025-04-09,262.969,0.0,449.947,0.521,1215.0,0,0,0,0.011,0.014,0.019,0.004,0.006,0.007,0.002,0.004,0.009
2025-04-09T22:00Z,2025-04-09,269.927,0.0,525.0,0.507,1120.0,0,0,0,0.006,0.009,0.015,0.002,0.004,0.005,0.001,0.003,0.007
2025-04-09T22:30Z,2025-04-09,262.741,0.0,449.943,0.542,1000.0,0,0,0,0.006,0.008,0.012,0.003,0.005,0.005,0.001,0.003,0.006
2025-04-09T23:00Z,2025-04-09,270.656,0.0,574.942,0.472,880.0,0,0,0,0.005,0.007,0.006,0.004,0.005,0.007,0.002,0.003,0.006
2025-04-09T23:30Z,2025-04-09,276.659,0.0,649.967,0.465,860.0,0,0,0,0.005,0.007,0.008,0.002,0.004,0.004,0.001,0.002,0.005
2025-04-11T00:00Z,2025-04-11,198.083,0.458,149.736,0.792,2520.0,0,0,0,0.015,0.021,0.037,0.128,0.1,0.099,0.025,0.031,0.032
2025-04-11T00:30Z,2025-04-11,198.335,0.458,149.731,0.771,2555.0,0,0,0,0.005,0.009,0.017,0.13,0.117,0.09,0.018,0.021,0.026
2025-04-11T01:00Z,2025-04-11,200.9,0.385,149.815,0.806,2590.0,0,0,0,0.004,0.004,0.007,0.093,0.049,0.037,0.022,0.024,0.03
2025-04-11T01:30Z,2025-04-11,201.53,0.346,149.836,0.819,2500.0,0,0,0,0.006,0.006,0.013,0.072,0.046,0.026,0.009,0.012,0.015
2025-04-11T02:00Z,2025-04-11,204.115,0.296,174.767,0.799,2410.0,0,0,0,0.005,0.005,0.011,0.049,0.033,0.024,0.005,0.009,0.015
2025-04-11T02:30Z,2025-04-11,207.456,0.148,174.843,0.84,2480.0,0,0,0,0.005,0.007,0.015,0.018,0.018,0.025,0.004,0.01,0.019
2025-04-11T03:00Z,2025-04-11,212.751,0.077,199.839,0.792,2550.0,0,0,0,0.006,0.007,0.015,0.015,0.021,0.033,0.002,0.012,0.026
2025-04-11T03:30Z,2025-04-11,217.438,0.042,199.924,0.785,2665.0,0,0,0,0.006,0.009,0.019,0.012,0.018,0.023,0.001,0.01,0.022
2025-04-11T04:00Z,2025-04-11,245.231,0.0,349.899,0.764,2780.0,0,0,0,0.005,0.005,0.01,0.003,0.004,0.004,0.001,0.003,0.005
2025-04-11T04:30Z,2025-04-11,269.81,0.0,574.947,0.701,2690.0,0,0,0,0.005,0.007,0.013,0.004,0.005,0.006,0.001,0.003,0.007
2025-04-11T05:00Z,2025-04-11,282.528,0.0,724.956,0.708,2600.0,0,0,0,0.005,0.008,0.017,0.004,0.006,0.008,0.001,0.006,0.01
2025-04-11T05:30Z,2025-04-11,276.867,0.0,649.971,0.681,2430.0,0,0,0,0.004,0.006,0.012,0.006,0.007,0.009,0.001,0.007,0.011
2025-04-11T06:00Z,2025-04-11,268.403,0.0,549.949,0.722,2260.0,0,0,0,0.004,0.007,0.014,0.007,0.01,0.017,0.003,0.012,0.02
2025-04-11T06:30Z,2025-04-11,270.676,0.0,574.962,0.688,2240.0,0,0,0,0.008,0.011,0.022,0.006,0.009,0.012,0.002,0.008,0.017
2025-04-11T07:00Z,2025-04-11,265.308,0.0,499.941,0.66,2220.0,0,0,0,0.011,0.018,0.024,0.008,0.014,0.024,0.005,0.02,0.029
2025-04-11T07:30Z,2025-04-11,269.634,0.0,574.937,0.66,2615.0,0,0,0,0.012,0.022,0.032,0.007,0.013,0.016,0.003,0.009,0.021
2025-04-11T08:00Z,2025-04-11,269.916,0.0,574.953,0.708,3010.0,0,0,0,0.011,0.019,0.023,0.005,0.009,0.011,0.002,0.007,0.013
2025-04-11T08:30Z,2025-04-11,271.686,0.0,599.95,0.764,3260.0,0,0,0,0.014,0.024,0.03,0.004,0.008,0.011,0.002,0.007,0.015
2025-04-11T09:00Z,2025-04-11,275.828,0.0,649.953,0.778,3510.0,0,0,0,0.013,0.024,0.031,0.004,0.009,0.01,0.002,0.008,0.015
2025-04-11T09:30Z,2025-04-11,283.154,0.0,724.961,0.771,3565.0,0,0,0,0.01,0.016,0.024,0.003,0.005,0.006,0.002,0.005,0.009
2025-04-11T10:00Z,2025-04-11,284.118,0.0,724.977,0.66,3620.0,0,0,0,0.008,0.012,0.017,0.009,0.009,0.012,0.006,0.008,0.012
2025-04-11T10:30Z,2025-04-11,287.017,0.0,749.981,0.604,3060.0,0,0,0,0.009,0.013,0.018,0.011,0.011,0.017,0.005,0.008,0.017
2025-04-11T11:00Z,2025-04-11,279.894,0.0,699.958,0.5,2500.0,0,0,0,0.007,0.011,0.017,0.031,0.036,0.029,0.013,0.022,0.022
2025-04-11T11:30Z,2025-04-11,269.569,0.0,549.971,0.438,2485.0,0,0,0,0.007,0.011,0.022,0.043,0.044,0.035,0.026,0.046,0.033
2025-04-11T12:00Z,2025-04-11,257.456,0.0,424.934,0.486,2470.0,0,0,0,0.007,0.013,0.026,0.043,0.045,0.031,0.019,0.052,0.038
2025-04-11T12:30Z,2025-04-11,260.085,0.0,449.934,0.472,2185.0,0,0,0,0.014,0.025,0.046,0.014,0.02,0.027,0.01,0.016,0.03
2025-04-11T13:00Z,2025-04-11,243.299,0.0,324.907,0.535,1900.0,0,0,0,0.015,0.024,0.046,0.014,0.024,0.035,0.014,0.031,0.047
2025-04-11T13:30Z,2025-04-11,228.035,0.0,249.893,0.59,2215.0,0,0,0,0.013,0.022,0.044,0.059,0.136,0.255,0.053,0.148,0.191
2025-04-11T14:00Z,2025-04-11,222.518,0.0,224.889,0.625,2530.0,0,0,0,0.018,0.024,0.031,0.092,0.176,0.369,0.06,0.155,0.205
2025-04-11T14:30Z,2025-04-11,222.7,0.0,224.892,0.632,2650.0,0,0,0,0.019,0.027,0.032,0.033,0.068,0.184,0.009,0.023,0.085
2025-04-11T15:00Z,2025-04-11,223.893,0.0,224.914,0.667,2770.0,0,0,0,0.013,0.022,0.024,0.027,0.04,0.061,0.005,0.015,0.039
2025-04-11T15:30Z,2025-04-11,227.813,0.0,249.885,0.653,2695.0,0,0,0,0.01,0.015,0.015,0.047,0.086,0.193,0.025,0.035,0.085
2025-04-11T16:00Z,2025-04-11,236.943,0.0,299.873,0.667,2620.0,0,0,0,0.006,0.009,0.009,0.023,0.037,0.034,0.005,0.011,0.014
2025-04-11T16:30Z,2025-04-11,236.7,0.0,274.952,0.819,2575.0,0,0,0,0.006,0.008,0.008,0.016,0.023,0.023,0.002,0.008,0.01
2025-04-11T17:00Z,2025-04-11,231.667,0.0,274.858,0.917,2530.0,0,0,0,0.004,0.004,0.005,0.024,0.019,0.027,0.006,0.01,0.019
2025-04-11T20:00Z,2025-04-11,255.567,0.0,424.915,0.931,3290.0,0,0,0,0.003,0.005,0.007,0.004,0.004,0.005,0.002,0.003,0.006
2025-04-11T20:30Z,2025-04-11,259.563,0.0,449.958,0.882,3035.0,0,0,0,0.004,0.007,0.008,0.003,0.005,0.007,0.001,0.003,0.007
2025-04-11T21:00Z,2025-04-11,259.29,0.0,449.951,0.882,2780.0,0,0,0,0.005,0.007,0.009,0.005,0.005,0.008,0.001,0.003,0.006
2025-04-11T21:30Z,2025-04-11,257.703,0.0,424.965,0.868,2545.0,0,0,0,0.004,0.006,0.009,0.004,0.004,0.004,0.001,0.003,0.005
2025-04-11T22:00Z,2025-04-11,256.015,0.0,424.922,0.847,2310.0,0,0,0,0.004,0.006,0.009,0.004,0.004,0.007,0.002,0.003,0.008
2025-04-11T22:30Z,2025-04-11,257.233,0.0,424.962,0.854,2140.0,0,0,0,0.004,0.005,0.008,0.005,0.005,0.008,0.002,0.004,0.007
2025-04-11T23:00Z,2025-04-11,257.454,0.0,424.968,0.847,1970.0,0,0,0,0.005,0.005,0.006,0.005,0.005,0.008,0.002,0.004,0.01
2025-04-11T23:30Z,2025-04-11,258.006,0.0,449.918,0.806,1575.0,0,0,0,0.005,0.003,0.005,0.004,0.004,0.006,0.001,0.003,0.008
2025-04-13T00:00Z,2025-04-13,257.964,0.0,424.929,0.903,1480.0,0,0,0,0.01,0.011,0.011,0.007,0.008,0.011,0.004,0.005,0.008
2025-04-13T00:30Z,2025-04-13,259.919,0.0,425.0,0.889,1265.0,0,0,0,0.005,0.004,0.009,0.005,0.005,0.006,0.001,0.003,0.006
2025-04-13T01:00Z,2025-04-13,259.919,0.0,450.0,0.868,1050.0,0,0,0,0.003,0.003,0.006,0.003,0.003,0.005,0.001,0.003,0.005
2025-04-13T01:30Z,2025-04-13,260.418,0.0,449.947,0.819,995.0,0,0,0,0.002,0.003,0.006,0.003,0.004,0.005,0.001,0.003,0.004
2025-04-13T02:00Z,2025-04-13,261.371,0.0,499.937,0.729,940.0,0,0,0,0.003,0.003,0.006,0.003,0.004,0.006,0.001,0.003,0.005
2025-04-13T02:30Z,2025-04-13,261.187,0.0,499.935,0.708,910.0,0,0,0,0.003,0.003,0.006,0.003,0.004,0.007,0.001,0.003,0.006
2025-04-13T03:00Z,2025-04-13,261.714,0.0,499.945,0.75,880.0,0,0,0,0.003,0.003,0.005,0.002,0.003,0.004,0.001,0.003,0.004
2025-04-13T03:30Z,2025-04-13,263.043,0.0,524.926,0.701,1000.0,0,0,0,0.003,0.003,0.007,0.002,0.003,0.005,0.001,0.002,0.005
2025-04-13T04:00Z,2025-04-13,269.44,0.0,599.939,0.667,1120.0,0,0,0,0.003,0.003,0.006,0.002,0.004,0.004,0.001,0.002,0.005
2025-04-13T04:30Z,2025-04-13,264.294,0.0,524.941,0.639,1175.0,0,0,0,0.003,0.004,0.008,0.003,0.004,0.005,0.001,0.005,0.007
2025-04-13T05:00Z,2025-04-13,259.599,0.0,424.971,0.59,1230.0,0,0,0,0.004,0.005,0.009,0.003,0.005,0.006,0.001,0.006,0.008
2025-04-13T05:30Z,2025-04-13,265.384,0.0,524.954,0.535,1350.0,0,0,0,0.004,0.006,0.01,0.003,0.003,0.005,0.001,0.004,0.009
2025-04-13T06:00Z,2025-04-13,270.98,0.0,599.959,0.562,1470.0,0,0,0,0.005,0.006,0.01,0.003,0.003,0.004,0.001,0.003,0.008
2025-04-13T06:30Z,2025-04-13,271.499,0.0,599.971,0.528,1475.0,0,0,0,0.019,0.03,0.042,0.005,0.008,0.011,0.002,0.012,0.018
2025-04-13T07:00Z,2025-04-13,286.779,0.0,774.967,0.479,1480.0,0,0,0,0.032,0.043,0.079,0.007,0.014,0.036,0.003,0.018,0.034
2025-04-13T07:30Z,2025-04-13,292.289,0.0,775.062,0.465,1800.0,0,0,0,0.03,0.043,0.066,0.008,0.014,0.035,0.003,0.017,0.029
2025-04-13T08:00Z,2025-04-13,290.384,0.0,775.019,0.458,2120.0,0,0,0,0.017,0.025,0.035,0.005,0.01,0.02,0.003,0.01,0.021
2025-04-13T08:30Z,2025-04-13,290.05,0.0,775.0,0.438,2450.0,0,0,0,0.007,0.015,0.022,0.005,0.009,0.014,0.001,0.008,0.015
2025-04-13T09:00Z,2025-04-13,292.009,0.0,775.021,0.41,2780.0,0,0,0,0.007,0.013,0.021,0.005,0.009,0.015,0.002,0.007,0.019
2025-04-13T09:30Z,2025-04-13,282.977,0.0,724.966,0.382,2565.0,0,0,0,0.008,0.015,0.022,0.014,0.029,0.032,0.006,0.026,0.026
2025-04-13T10:00Z,2025-04-13,289.687,0.0,774.991,0.417,2350.0,0,0,0,0.008,0.017,0.022,0.006,0.009,0.012,0.004,0.009,0.014
2025-04-13T10:30Z,2025-04-13,285.134,0.0,749.973,0.333,2435.0,0,0,0,0.008,0.016,0.022,0.009,0.012,0.02,0.008,0.014,0.018
2025-04-13T11:00Z,2025-04-13,279.585,0.0,699.958,0.326,2520.0,0,0,0,0.008,0.016,0.023,0.017,0.025,0.026,0.009,0.025,0.024
2025-04-13T11:30Z,2025-04-13,278.678,0.0,699.945,0.312,2880.0,0,0,0,0.006,0.012,0.016,0.015,0.025,0.02,0.005,0.018,0.017
2025-04-13T12:00Z,2025-04-13,278.875,0.0,699.948,0.368,3240.0,0,0,0,0.006,0.012,0.015,0.006,0.009,0.01,0.003,0.009,0.01
2025-04-13T12:30Z,2025-04-13,279.5,0.0,699.957,0.41,3300.0,0,0,0,0.014,0.03,0.038,0.005,0.01,0.016,0.005,0.011,0.014
2025-04-13T13:00Z,2025-04-13,280.785,0.0,699.976,0.542,3360.0,0,0,0,0.015,0.026,0.029,0.004,0.011,0.024,0.003,0.009,0.024
2025-04-13T14:00Z,2025-04-13,265.63,0.0,524.971,0.59,3390.0,0,0,0,0.012,0.019,0.02,0.014,0.019,0.02,0.013,0.022,0.019
2025-04-13T14:30Z,2025-04-13,262.761,0.0,499.96,0.625,3475.0,0,0,0,0.01,0.015,0.018,0.005,0.012,0.018,0.003,0.008,0.019
2025-04-13T15:00Z,2025-04-13,271.88,0.0,599.952,0.562,3560.0,0,0,0,0.012,0.018,0.02,0.007,0.013,0.021,0.003,0.006,0.016
2025-04-13T15:30Z,2025-04-13,261.127,0.0,499.925,0.604,3645.0,0,0,0,0.013,0.016,0.021,0.006,0.012,0.022,0.003,0.008,0.025
2025-04-13T16:00Z,2025-04-13,267.625,0.0,549.948,0.639,3730.0,0,0,0,0.016,0.019,0.021,0.008,0.018,0.022,0.004,0.008,0.02
2025-04-13T16:30Z,2025-04-13,273.747,0.0,599.978,0.653,3770.0,0,0,0,0.01,0.013,0.013,0.008,0.012,0.014,0.005,0.009,0.011
2025-04-13T17:00Z,2025-04-13,269.1,0.0,550.0,0.632,3810.0,0,0,0,0.01,0.014,0.014,0.007,0.01,0.012,0.005,0.008,0.011
2025-04-13T20:00Z,2025-04-13,256.568,0.0,424.944,0.556,2990.0,0,0,0,0.013,0.015,0.02,0.007,0.01,0.019,0.007,0.009,0.015
2025-04-13T20:30Z,2025-04-13,260.171,0.0,474.931,0.597,2930.0,0,0,0,0.014,0.015,0.02,0.005,0.006,0.008,0.003,0.007,0.011
2025-04-13T21:00Z,2025-04-13,265.97,0.0,549.948,0.597,2870.0,0,0,0,0.013,0.016,0.02,0.006,0.009,0.013,0.005,0.007,0.014
2025-04-13T21:30Z,2025-04-13,263.225,0.0,499.959,0.688,2775.0,0,0,0,0.013,0.016,0.02,0.007,0.008,0.01,0.005,0.009,0.012
2025-04-13T22:00Z,2025-04-13,258.133,0.0,449.923,0.674,2680.0,0,0,0,0.014,0.016,0.02,0.01,0.012,0.017,0.008,0.014,0.018
2025-04-13T22:30Z,2025-04-13,257.013,0.0,424.956,0.667,2595.0,0,0,0,0.014,0.016,0.02,0.007,0.01,0.012,0.007,0.011,0.015
2025-04-13T23:30Z,2025-04-13,259.428,0.0,449.955,0.569,2400.0,0,0,0,0.016,0.02,0.02,0.006,0.008,0.011,0.007,0.01,0.013
2025-04-15T00:00Z,2025-04-15,255.529,0.0,399.933,0.507,2480.0,0,0,0,0.01,0.005,0.008,0.006,0.012,0.009,0.004,0.007,0.007
2025-04-15T00:30Z,2025-04-15,255.935,0.0,399.936,0.486,2375.0,0,0,0,0.015,0.012,0.02,0.008,0.014,0.021,0.004,0.006,0.016
2025-04-15T01:00Z,2025-04-15,259.695,0.0,449.928,0.514,2270.0,0,0,0,0.013,0.009,0.013,0.004,0.006,0.004,0.004,0.005,0.003
2025-04-15T01:30Z,2025-04-15,266.972,0.0,549.943,0.528,2200.0,0,0,0,0.013,0.008,0.014,0.002,0.003,0.002,0.002,0.002,0.002
2025-04-15T02:00Z,2025-04-15,271.476,0.0,599.964,0.521,2130.0,0,0,0,0.008,0.004,0.008,0.001,0.002,0.001,0.001,0.002,0.001
2025-04-15T02:30Z,2025-04-15,270.427,0.0,574.973,0.521,1995.0,0,0,0,0.007,0.004,0.008,0.002,0.002,0.001,0.001,0.002,0.001
2025-04-15T03:00Z,2025-04-15,273.011,0.0,624.956,0.438,1860.0,0,0,0,0.007,0.004,0.008,0.002,0.002,0.001,0.001,0.002,0.001
2025-04-15T03:30Z,2025-04-15,273.167,0.0,649.938,0.41,1775.0,0,0,0,0.005,0.003,0.006,0.001,0.002,0.001,0.001,0.001,0.002
2025-04-15T04:00Z,2025-04-15,280.408,0.0,699.971,0.424,1690.0,0,0,0,0.005,0.003,0.005,0.001,0.002,0.001,0.001,0.001,0.001
2025-04-15T04:30Z,2025-04-15,286.963,0.0,774.959,0.361,1625.0,0,0,0,0.005,0.004,0.007,0.001,0.002,0.001,0.001,0.001,0.002
2025-04-15T05:00Z,2025-04-15,289.793,0.0,775.005,0.333,1560.0,0,0,0,0.005,0.004,0.008,0.002,0.002,0.002,0.001,0.002,0.003
2025-04-15T05:30Z,2025-04-15,292.664,0.0,775.056,0.375,1575.0,0,0,0,0.005,0.004,0.008,0.001,0.002,0.001,0.001,0.001,0.002
2025-04-15T06:00Z,2025-04-15,294.707,0.0,775.084,0.354,1590.0,0,0,0,0.005,0.004,0.006,0.002,0.002,0.001,0.001,0.002,0.001
2025-04-15T06:30Z,2025-04-15,294.871,0.0,775.081,0.319,1625.0,0,0,0,0.015,0.009,0.013,0.003,0.003,0.002,0.002,0.002,0.003
2025-04-15T07:00Z,2025-04-15,296.744,0.0,775.112,0.368,1660.0,0,0,0,0.019,0.019,0.019,0.005,0.005,0.003,0.004,0.004,0.005
2025-04-15T07:30Z,2025-04-15,293.771,0.0,775.074,0.361,1735.0,0,0,0,0.035,0.032,0.036,0.006,0.009,0.006,0.003,0.007,0.007
2025-04-15T08:00Z,2025-04-15,297.523,0.0,775.123,0.41,1810.0,0,0,0,0.05,0.04,0.063,0.008,0.01,0.011,0.004,0.008,0.011
2025-04-15T08:30Z,2025-04-15,296.839,0.0,775.105,0.368,1925.0,0,0,0,0.035,0.025,0.039,0.007,0.008,0.009,0.003,0.006,0.009
2025-04-15T09:00Z,2025-04-15,295.973,0.0,775.09,0.396,2040.0,0,0,0,0.01,0.009,0.01,0.006,0.005,0.004,0.003,0.004,0.005
2025-04-15T09:30Z,2025-04-15,293.968,0.0,775.064,0.306,2105.0,0,0,0,0.014,0.007,0.013,0.006,0.004,0.002,0.002,0.002,0.002
2025-04-15T10:00Z,2025-04-15,287.658,0.0,774.98,0.368,2170.0,0,0,0,0.014,0.007,0.014,0.005,0.005,0.003,0.001,0.002,0.003
2025-04-15T10:30Z,2025-04-15,297.453,0.0,775.122,0.25,2065.0,0,0,0,0.016,0.008,0.014,0.005,0.004,0.002,0.001,0.002,0.002
2025-04-15T11:00Z,2025-04-15,,,,0.167,1960.0,0,0,0,0.016,0.01,0.018,0.007,0.005,0.002,0.003,0.002,0.003
2025-04-15T11:30Z,2025-04-15,,,,0.153,2370.0,0,0,0,0.014,0.007,0.013,0.007,0.004,0.002,0.002,0.001,0.001
2025-04-15T12:00Z,2025-04-15,,,,0.139,2780.0,0,0,0,0.008,0.006,0.008,0.005,0.004,0.001,0.002,0.002,0.001
2025-04-15T12:30Z,2025-04-15,,,,0.146,2775.0,0,0,0,0.007,0.005,0.006,0.006,0.003,0.001,0.002,0.002,0.001
2025-04-15T13:00Z,2025-04-15,,,,0.153,2770.0,0,0,0,0.007,0.005,0.007,0.006,0.003,0.001,0.002,0.002,0.001
2025-04-15T13:30Z,2025-04-15,,,,0.16,2770.0,0,0,0,0.007,0.005,0.007,0.003,0.002,0.001,0.001,0.001,0.001
2025-04-15T14:00Z,2025-04-15,,,,0.153,2770.0,0,0,0,0.007,0.005,0.007,0.003,0.002,0.001,0.001,0.001,0.001
2025-04-15T14:30Z,2025-04-15,284.049,0.0,724.976,0.16,2755.0,0,0,0,0.007,0.005,0.006,0.006,0.003,0.001,0.002,0.002,0.001
2025-04-15T15:00Z,2025-04-15,279.262,0.0,674.98,0.181,2740.0,0,0,0,0.006,0.004,0.006,0.013,0.007,0.003,0.008,0.005,0.003
2025-04-15T15:30Z,2025-04-15,273.221,0.0,600.0,0.215,2595.0,0,0,0,0.006,0.005,0.007,0.023,0.016,0.004,0.004,0.005,0.004
2025-04-15T16:00Z,2025-04-15,266.643,0.0,524.938,0.257,2450.0,0,0,0,0.006,0.006,0.007,0.008,0.008,0.003,0.002,0.004,0.003
2025-04-15T16:30Z,2025-04-15,263.253,0.0,474.945,0.264,2300.0,0,0,0,0.005,0.008,0.007,0.006,0.008,0.003,0.002,0.004,0.004
2025-04-15T17:00Z,2025-04-15,261.762,0.0,449.953,0.271,2150.0,0,0,0,0.005,0.007,0.006,0.002,0.002,0.001,0.001,0.002,0.001
2025-04-15T20:00Z,2025-04-15,261.326,0.0,449.941,0.222,1740.0,0,0,0,0.007,0.005,0.006,0.003,0.003,0.002,0.002,0.002,0.002
2025-04-15T20:30Z,2025-04-15,261.564,0.0,449.947,0.208,1670.0,0,0,0,0.006,0.005,0.005,0.003,0.004,0.002,0.002,0.003,0.002
2025-04-15T21:00Z,2025-04-15,266.532,0.0,524.938,0.208,1600.0,0,0,0,0.006,0.006,0.006,0.003,0.003,0.002,0.005,0.003,0.003
2025-04-15T21:30Z,2025-04-15,272.792,0.0,624.955,0.236,1530.0,0,0,0,0.006,0.006,0.005,0.002,0.003,0.001,0.002,0.002,0.002
2025-04-15T22:00Z,2025-04-15,268.054,0.0,549.955,0.222,1460.0,0,0,0,0.006,0.006,0.005,0.002,0.002,0.001,0.002,0.002,0.001
2025-04-15T22:30Z,2025-04-15,270.077,0.0,550.0,0.208,1415.0,0,0,0,0.006,0.004,0.005,0.002,0.002,0.001,0.001,0.001,0.001
2025-04-15T23:00Z,2025-04-15,270.539,0.0,574.973,0.194,1370.0,0,0,0,0.006,0.004,0.005,0.002,0.002,0.002,0.001,0.002,0.002
2025-04-15T23:30Z,2025-04-15,269.783,0.0,574.969,0.257,1360.0,0,0,0,0.005,0.004,0.005,0.002,0.002,0.001,0.001,0.002,0.001
2025-04-17T00:00Z,2025-04-17,,,,0.097,2070.0,0,0,0,0.008,0.006,0.01,0.003,0.003,0.002,0.001,0.002,0.002
2025-04-17T00:30Z,2025-04-17,292.317,0.0,775.038,0.125,1965.0,0,0,0,0.008,0.007,0.01,0.003,0.003,0.002,0.001,0.002,0.001
2025-04-17T01:00Z,2025-04-17,281.042,0.0,699.972,0.146,1860.0,0,0,0,0.005,0.004,0.006,0.004,0.005,0.004,0.002,0.004,0.005
2025-04-17T01:30Z,2025-04-17,292.962,0.0,775.068,0.188,1855.0,0,0,0,0.004,0.003,0.004,0.001,0.002,0.001,0.001,0.001,0.001
2025-04-17T02:00Z,2025-04-17,292.901,0.0,775.06,0.146,1850.0,0,0,0,0.003,0.003,0.004,0.001,0.002,0.001,0.001,0.001,0.001
2025-04-17T02:30Z,2025-04-17,292.024,0.0,775.045,0.16,1855.0,0,0,0,0.002,0.002,0.002,0.001,0.002,0.001,0.001,0.001,0.001
2025-04-17T03:00Z,2025-04-17,288.528,0.0,774.987,0.181,1860.0,0,0,0,0.002,0.002,0.002,0.001,0.002,0.001,0.001,0.001,0.001
2025-04-17T03:30Z,2025-04-17,290.836,0.0,775.024,0.16,1795.0,0,0,0,0.003,0.002,0.002,0.001,0.001,0.001,0.001,0.001,0.001
2025-04-17T04:00Z,2025-04-17,290.852,0.0,775.024,0.236,1730.0,0,0,0,0.003,0.002,0.002,0.001,0.001,0.001,0.001,0.001,0.001
2025-04-17T04:30Z,2025-04-17,291.91,0.0,775.043,0.243,1700.0,0,0,0,0.003,0.002,0.002,0.001,0.001,0.001,0.001,0.001,0.001
2025-04-17T05:00Z,2025-04-17,292.506,0.0,775.053,0.306,1670.0,0,0,0,0.003,0.002,0.003,0.001,0.001,0.0,0.001,0.001,0.001
2025-04-17T05:30Z,2025-04-17,297.787,0.0,775.144,0.271,1825.0,0,0,0,0.007,0.004,0.006,0.002,0.002,0.001,0.001,0.002,0.002
2025-04-17T06:00Z,2025-04-17,293.048,0.0,775.054,0.361,1980.0,0,0,0,0.023,0.011,0.024,0.006,0.005,0.005,0.003,0.003,0.003
2025-04-17T06:30Z,2025-04-17,293.562,0.0,775.062,0.375,1995.0,0,0,0,0.031,0.023,0.051,0.007,0.008,0.009,0.003,0.007,0.01
2025-04-17T07:00Z,2025-04-17,296.567,0.0,775.125,0.458,2010.0,0,0,0,0.048,0.041,0.075,0.008,0.011,0.012,0.005,0.008,0.01
2025-04-17T07:30Z,2025-04-17,296.416,0.0,775.122,0.438,2230.0,0,0,0,0.03,0.019,0.047,0.006,0.006,0.008,0.003,0.004,0.007
2025-04-17T08:00Z,2025-04-17,296.548,0.0,775.084,0.528,2450.0,0,0,0,0.013,0.012,0.026,0.004,0.004,0.004,0.001,0.003,0.004
2025-04-17T08:30Z,2025-04-17,297.127,0.0,775.092,0.5,2540.0,0,0,0,0.013,0.012,0.026,0.006,0.006,0.005,0.004,0.005,0.004
2025-04-17T09:00Z,2025-04-17,295.38,0.0,775.07,0.431,2630.0,0,0,0,0.013,0.013,0.018,0.006,0.006,0.004,0.006,0.008,0.004
2025-04-17T09:30Z,2025-04-17,284.436,0.0,725.0,0.403,2775.0,0,0,0,0.013,0.013,0.018,0.004,0.009,0.011,0.003,0.01,0.013
2025-04-17T10:00Z,2025-04-17,290.194,0.0,775.018,0.417,2920.0,0,0,0,0.015,0.017,0.018,0.004,0.004,0.003,0.001,0.002,0.002
2025-04-17T10:30Z,2025-04-17,290.371,0.0,775.006,0.361,2565.0,0,0,0,0.01,0.015,0.015,0.005,0.006,0.007,0.003,0.004,0.008
2025-04-17T11:00Z,2025-04-17,289.172,0.0,774.987,0.361,2210.0,0,0,0,0.009,0.012,0.011,0.023,0.022,0.011,0.012,0.009,0.009
2025-04-17T11:30Z,2025-04-17,276.073,0.0,624.979,0.347,2295.0,0,0,0,0.009,0.012,0.01,0.023,0.038,0.021,0.018,0.02,0.014
2025-04-17T12:00Z,2025-04-17,264.506,0.0,474.944,0.34,2380.0,0,0,0,0.008,0.009,0.01,0.012,0.017,0.012,0.003,0.005,0.007
2025-04-17T12:30Z,2025-04-17,265.61,0.0,474.963,0.333,2335.0,0,0,0,0.007,0.007,0.009,0.012,0.016,0.007,0.003,0.003,0.004
2025-04-17T13:00Z,2025-04-17,263.335,0.0,474.924,0.326,2290.0,0,0,0,0.006,0.009,0.009,0.005,0.006,0.003,0.003,0.002,0.002
2025-04-17T13:30Z,2025-04-17,263.218,0.0,474.922,0.312,2355.0,0,0,0,0.007,0.006,0.009,0.005,0.005,0.002,0.003,0.002,0.001
2025-04-17T14:00Z,2025-04-17,274.748,0.0,599.972,0.292,2420.0,0,0,0,0.007,0.006,0.009,0.006,0.006,0.004,0.005,0.004,0.002
2025-04-17T14:30Z,2025-04-17,275.654,0.0,624.958,0.299,2435.0,0,0,0,0.006,0.006,0.008,0.007,0.004,0.003,0.004,0.002,0.002
2025-04-17T15:00Z,2025-04-17,276.595,0.0,649.947,0.292,2450.0,0,0,0,0.007,0.006,0.009,0.007,0.003,0.002,0.002,0.001,0.001
2025-04-17T15:30Z,2025-04-17,280.472,0.0,674.976,0.299,2495.0,0,0,0,0.006,0.005,0.008,0.005,0.003,0.002,0.002,0.002,0.001
2025-04-17T16:00Z,2025-04-17,280.706,0.0,674.98,0.299,2540.0,0,0,0,0.006,0.006,0.008,0.004,0.003,0.002,0.001,0.001,0.001
2025-04-17T16:30Z,2025-04-17,,,,0.285,2625.0,0,0,0,0.006,0.006,0.008,0.006,0.004,0.002,0.002,0.002,0.001
2025-04-17T17:00Z,2025-04-17,,,,0.25,2710.0,0,0,0,0.006,0.006,0.008,0.004,0.004,0.003,0.001,0.002,0.001
2025-04-17T20:00Z,2025-04-17,276.329,0.0,574.992,0.222,2920.0,0,0,0,0.003,0.003,0.005,0.002,0.002,0.001,0.001,0.001,0.001
2025-04-17T20:30Z,2025-04-17,277.945,0.0,649.974,0.208,2955.0,0,0,0,0.003,0.003,0.005,0.002,0.002,0.001,0.001,0.001,0.001
2025-04-17T21:00Z,2025-04-17,277.69,0.0,649.969,0.181,2990.0,0,0,0,0.004,0.003,0.007,0.002,0.001,0.001,0.001,0.001,0.001
2025-04-17T21:30Z,2025-04-17,278.493,0.0,674.95,0.188,3040.0,0,0,0,0.003,0.003,0.007,0.002,0.002,0.001,0.001,0.001,0.001
2025-04-17T22:00Z,2025-04-17,279.554,0.0,674.973,0.167,3090.0,0,0,0,0.004,0.003,0.007,0.002,0.001,0.001,0.001,0.001,0.001
2025-04-17T22:30Z,2025-04-17,281.094,0.0,699.962,0.16,3015.0,0,0,0,0.004,0.003,0.005,0.001,0.001,0.001,0.001,0.001,0.001
2025-04-17T23:00Z,2025-04-17,278.107,0.0,649.978,0.125,2940.0,0,0,0,0.004,0.003,0.005,0.002,0.002,0.001,0.001,0.001,0.002
2025-04-17T23:30Z,2025-04-17,279.682,0.0,674.975,0.104,2665.0,0,0,0,0.005,0.004,0.005,0.002,0.003,0.001,0.001,0.001,0.001
2025-04-19T00:00Z,2025-04-19,277.425,0.0,649.963,0.312,2730.0,0,0,0,0.005,0.003,0.004,0.002,0.002,0.001,0.001,0.001,0.001
2025-04-19T00:30Z,2025-04-19,280.601,0.0,674.97,0.354,2555.0,0,0,0,0.004,0.003,0.005,0.001,0.002,0.001,0.001,0.001,0.001
2025-04-19T01:00Z,2025-04-19,279.259,0.0,649.976,0.361,2380.0,0,0,0,0.003,0.002,0.004,0.001,0.002,0.001,0.001,0.001,0.001
2025-04-19T01:30Z,2025-04-19,278.6,0.0,649.965,0.347,2300.0,0,0,0,0.001,0.001,0.002,0.001,0.001,0.001,0.001,0.001,0.001
2025-04-19T02:00Z,2025-04-19,281.517,0.0,699.948,0.417,2220.0,0,0,0,0.001,0.001,0.002,0.001,0.001,0.001,0.001,0.001,0.001
2025-04-19T02:30Z,2025-04-19,284.804,0.0,724.966,0.424,2290.0,0,0,0,0.001,0.001,0.002,0.001,0.001,0.001,0.001,0.001,0.001
2025-04-19T03:00Z,2025-04-19,286.671,0.0,749.968,0.493,2360.0,0,0,0,0.001,0.001,0.002,0.001,0.001,0.001,0.001,0.001,0.001
2025-04-19T03:30Z,2025-04-19,278.33,0.0,649.961,0.431,2565.0,0,0,0,0.001,0.001,0.002,0.001,0.001,0.002,0.002,0.002,0.002
2025-04-19T04:00Z,2025-04-19,274.591,0.0,624.94,0.465,2770.0,0,0,0,0.001,0.002,0.002,0.001,0.002,0.001,0.002,0.002,0.001
2025-04-19T04:30Z,2025-04-19,273.018,0.0,599.938,0.514,2600.0,0,0,0,0.001,0.001,0.002,0.001,0.001,0.001,0.001,0.001,0.001
2025-04-19T05:00Z,2025-04-19,280.062,0.0,674.961,0.542,2430.0,0,0,0,0.001,0.001,0.001,0.0,0.001,0.001,0.001,0.001,0.001
2025-04-19T05:30Z,2025-04-19,280.21,0.0,674.964,0.528,2495.0,0,0,0,0.001,0.001,0.002,0.001,0.001,0.001,0.001,0.001,0.001
2025-04-19T06:00Z,2025-04-19,284.264,0.0,724.959,0.493,2560.0,0,0,0,0.001,0.001,0.002,0.001,0.001,0.001,0.001,0.001,0.001
2025-04-19T06:30Z,2025-04-19,278.293,0.0,649.963,0.465,2350.0,0,0,0,0.001,0.001,0.002,0.001,0.001,0.001,0.002,0.001,0.001
2025-04-19T07:00Z,2025-04-19,281.517,0.0,699.951,0.382,2140.0,0,0,0,0.004,0.004,0.004,0.001,0.002,0.001,0.001,0.001,0.001
2025-04-19T07:30Z,2025-04-19,283.998,0.0,724.955,0.347,2060.0,0,0,0,0.002,0.001,0.002,0.001,0.001,0.001,0.001,0.001,0.001
2025-04-19T08:00Z,2025-04-19,289.792,0.0,774.992,0.41,1980.0,0,0,0,0.001,0.001,0.003,0.001,0.001,0.001,0.001,0.001,0.001
2025-04-19T08:30Z,2025-04-19,290.079,0.0,774.998,0.382,2225.0,0,0,0,0.001,0.001,0.003,0.001,0.001,0.001,0.001,0.001,0.001
2025-04-19T09:00Z,2025-04-19,293.712,0.0,775.031,0.326,2470.0,0,0,0,0.001,0.001,0.003,0.001,0.001,0.001,0.001,0.002,0.001
2025-04-19T09:30Z,2025-04-19,290.49,0.0,774.99,0.34,2835.0,0,0,0,0.002,0.002,0.004,0.002,0.003,0.001,0.003,0.002,0.002
2025-04-19T10:00Z,2025-04-19,293.804,0.0,775.032,0.292,3200.0,0,0,0,0.002,0.003,0.004,0.002,0.003,0.001,0.002,0.002,0.001
2025-04-19T10:30Z,2025-04-19,283.503,0.0,724.979,0.243,3435.0,0,0,0,0.002,0.003,0.004,0.004,0.005,0.002,0.007,0.005,0.003
2025-04-19T11:00Z,2025-04-19,292.034,0.0,775.005,0.208,3670.0,0,0,0,0.003,0.004,0.004,0.001,0.002,0.001,0.001,0.002,0.001
2025-04-19T11:30Z,2025-04-19,,,,0.153,4225.0,0,0,0,0.002,0.004,0.004,0.001,0.002,0.001,0.002,0.001,0.001
2025-04-19T12:00Z,2025-04-19,,,,0.146,4780.0,0,0,0,0.004,0.004,0.008,0.001,0.003,0.002,0.002,0.003,0.003
2025-04-19T12:30Z,2025-04-19,,,,0.083,4455.0,0,0,0,0.005,0.004,0.008,0.002,0.003,0.003,0.002,0.003,0.003
2025-04-19T13:00Z,2025-04-19,,,,0.062,4130.0,0,0,0,0.006,0.005,0.01,0.002,0.003,0.002,0.002,0.002,0.003
2025-04-19T13:30Z,2025-04-19,,,,0.028,4035.0,0,0,0,0.006,0.004,0.01,0.001,0.002,0.001,0.002,0.002,0.002
2025-04-19T14:00Z,2025-04-19,,,,0.042,3940.0,0,0,0,0.005,0.004,0.009,0.001,0.001,0.001,0.002,0.001,0.002
2025-04-19T14:30Z,2025-04-19,,,,0.028,3850.0,0,0,0,0.004,0.003,0.008,0.001,0.001,0.001,0.002,0.001,0.001
2025-04-19T15:00Z,2025-04-19,,,,0.035,3760.0,0,0,0,0.005,0.003,0.007,0.001,0.001,0.001,0.002,0.001,0.001
2025-04-19T15:30Z,2025-04-19,,,,0.042,3795.0,0,0,0,0.004,0.002,0.005,0.001,0.001,0.001,0.001,0.001,0.001
2025-04-19T16:00Z,2025-04-19,,,,0.042,3830.0,0,0,0,0.001,0.001,0.003,0.001,0.0,0.0,0.001,0.0,0.0
2025-04-19T16:30Z,2025-04-19,,,,0.042,3855.0,0,0,0,0.001,0.001,0.003,0.001,0.0,0.0,0.001,0.001,0.0
2025-04-19T17:00Z,2025-04-19,,,,0.056,3880.0,0,0,0,0.002,0.001,0.003,0.001,0.0,0.0,0.001,0.0,0.0
2025-04-19T20:00Z,2025-04-19,289.772,0.0,774.988,0.083,4520.0,0,0,0,0.002,0.002,0.005,0.001,0.001,0.001,0.001,0.001,0.001
2025-04-19T20:30Z,2025-04-19,288.56,0.0,774.967,0.09,4425.0,0,0,0,0.002,0.002,0.005,0.001,0.001,0.001,0.001,0.001,0.001
2025-04-19T21:00Z,2025-04-19,288.657,0.0,774.969,0.104,4330.0,0,0,0,0.003,0.003,0.004,0.001,0.001,0.001,0.002,0.001,0.001
2025-04-19T21:30Z,2025-04-19,291.135,0.0,775.008,0.076,4355.0,0,0,0,0.003,0.003,0.004,0.001,0.001,0.001,0.001,0.001,0.001
2025-04-19T22:00Z,2025-04-19,,,,0.049,4380.0,0,0,0,0.003,0.002,0.004,0.001,0.001,0.001,0.001,0.001,0.001
2025-04-19T22:30Z,2025-04-19,292.082,0.0,775.019,0.062,3985.0,0,0,0,0.003,0.002,0.004,0.001,0.001,0.001,0.002,0.001,0.001
2025-04-19T23:00Z,2025-04-19,292.254,0.0,775.042,0.097,3590.0,0,0,0,0.005,0.003,0.005,0.001,0.001,0.001,0.001,0.001,0.001
2025-04-19T23:30Z,2025-04-19,,,,0.118,3635.0,0,0,0,0.005,0.003,0.005,0.001,0.002,0.001,0.001,0.001,0.001
2025-04-21T00:00Z,2025-04-21,,,,0.069,3220.0,0,0,0,0.002,0.002,0.003,0.001,0.001,0.001,0.001,0.001,0.001
2025-04-21T00:30Z,2025-04-21,,,,0.09,3140.0,0,0,0,0.001,0.002,0.003,0.001,0.001,0.001,0.001,0.001,0.001
2025-04-21T01:00Z,2025-04-21,292.568,0.0,775.043,0.132,3060.0,0,0,0,0.001,0.002,0.004,0.001,0.002,0.001,0.002,0.002,0.001
2025-04-21T01:30Z,2025-04-21,292.706,0.0,775.045,0.125,3085.0,0,0,0,0.002,0.002,0.005,0.001,0.001,0.001,0.001,0.002,0.001
2025-04-21T02:00Z,2025-04-21,291.874,0.0,775.026,0.153,3110.0,0,0,0,0.002,0.002,0.006,0.001,0.001,0.002,0.002,0.002,0.003
2025-04-21T02:30Z,2025-04-21,,,,0.132,2800.0,0,0,0,0.003,0.003,0.006,0.002,0.002,0.002,0.002,0.002,0.002
2025-04-21T03:00Z,2025-04-21,292.806,0.0,775.04,0.153,2490.0,0,0,0,0.005,0.004,0.005,0.002,0.002,0.002,0.002,0.002,0.002
2025-04-21T03:30Z,2025-04-21,292.164,0.0,775.03,0.167,2480.0,0,0,0,0.002,0.004,0.005,0.002,0.003,0.002,0.002,0.004,0.003
2025-04-21T04:00Z,2025-04-21,291.667,0.0,775.022,0.16,2470.0,0,0,0,0.003,0.004,0.006,0.002,0.003,0.003,0.002,0.004,0.003
2025-04-21T04:30Z,2025-04-21,295.161,0.0,775.076,0.215,2490.0,0,0,0,0.003,0.003,0.005,0.002,0.002,0.001,0.003,0.003,0.002
2025-04-21T05:00Z,2025-04-21,296.863,0.0,775.097,0.285,2510.0,0,0,0,0.003,0.003,0.004,0.001,0.002,0.001,0.002,0.002,0.001
2025-04-21T05:30Z,2025-04-21,297.524,0.0,775.124,0.431,2655.0,0,0,0,0.002,0.002,0.004,0.001,0.001,0.001,0.001,0.002,0.001
2025-04-21T06:00Z,2025-04-21,301.367,0.0,775.184,0.424,2800.0,0,0,0,0.002,0.002,0.004,0.001,0.001,0.001,0.002,0.002,0.001
2025-04-21T06:30Z,2025-04-21,299.362,0.0,775.156,0.521,2955.0,0,0,0,0.002,0.002,0.004,0.001,0.001,0.001,0.001,0.001,0.001
2025-04-21T07:00Z,2025-04-21,295.86,0.0,775.114,0.486,3110.0,0,0,0,0.001,0.001,0.002,0.001,0.001,0.001,0.001,0.001,0.001
2025-04-21T07:30Z,2025-04-21,289.254,0.0,774.985,0.479,3025.0,0,0,0,0.001,0.001,0.002,0.002,0.002,0.001,0.003,0.002,0.001
2025-04-21T08:00Z,2025-04-21,281.494,0.0,699.958,0.576,2940.0,0,0,0,0.001,0.001,0.003,0.002,0.002,0.001,0.002,0.003,0.002
2025-04-21T08:30Z,2025-04-21,282.034,0.0,699.964,0.507,3050.0,0,0,0,0.001,0.001,0.003,0.001,0.001,0.001,0.002,0.002,0.001
2025-04-21T09:00Z,2025-04-21,281.613,0.0,699.957,0.431,3160.0,0,0,0,0.001,0.001,0.003,0.002,0.002,0.001,0.002,0.001,0.001
2025-04-21T09:30Z,2025-04-21,285.452,0.0,749.95,0.361,3185.0,0,0,0,0.001,0.001,0.003,0.001,0.001,0.001,0.001,0.001,0.001
2025-04-21T10:00Z,2025-04-21,285.76,0.0,749.955,0.306,3210.0,0,0,0,0.001,0.001,0.003,0.001,0.001,0.001,0.001,0.001,0.001
2025-04-21T10:30Z,2025-04-21,282.825,0.0,699.976,0.208,3075.0,0,0,0,0.001,0.001,0.003,0.001,0.001,0.001,0.001,0.001,0.001
2025-04-21T11:00Z,2025-04-21,287.001,0.0,749.977,0.146,2940.0,0,0,0,0.001,0.002,0.002,0.001,0.001,0.001,0.001,0.001,0.001
2025-04-21T11:30Z,2025-04-21,284.988,0.0,724.982,0.125,3300.0,0,0,0,0.002,0.002,0.006,0.002,0.002,0.002,0.002,0.002,0.002
2025-04-21T12:00Z,2025-04-21,285.085,0.0,749.95,0.104,3660.0,0,0,0,0.003,0.002,0.008,0.002,0.002,0.002,0.001,0.002,0.002
2025-04-21T12:30Z,2025-04-21,287.488,0.0,774.951,0.062,3640.0,0,0,0,0.004,0.003,0.008,0.002,0.002,0.002,0.001,0.002,0.003
2025-04-21T13:00Z,2025-04-21,,,,0.028,3620.0,0,0,0,0.005,0.004,0.01,0.002,0.002,0.002,0.002,0.002,0.003
2025-04-21T13:30Z,2025-04-21,,,,0.014,3620.0,0,0,0,0.005,0.004,0.01,0.002,0.002,0.003,0.002,0.002,0.002
2025-04-21T14:00Z,2025-04-21,,,,0.007,3620.0,0,0,0,0.004,0.004,0.008,0.002,0.002,0.002,0.001,0.001,0.002
2025-04-21T14:30Z,2025-04-21,,,,0.021,3705.0,0,0,0,0.003,0.003,0.007,0.002,0.002,0.001,0.001,0.001,0.001
2025-04-21T15:00Z,2025-04-21,,,,0.014,3790.0,0,0,0,0.002,0.002,0.005,0.001,0.001,0.001,0.001,0.001,0.001
2025-04-21T15:30Z,2025-04-21,,,,0.028,3815.0,0,0,0,0.002,0.002,0.005,0.001,0.001,0.001,0.001,0.001,0.001
2025-04-21T16:00Z,2025-04-21,,,,0.035,3840.0,0,0,0,0.002,0.002,0.004,0.001,0.001,0.001,0.001,0.001,0.001
2025-04-21T16:30Z,2025-04-21,,,,0.028,3760.0,0,0,0,0.002,0.002,0.004,0.001,0.001,0.001,0.001,0.001,0.001
2025-04-21T17:00Z,2025-04-21,,,,0.0,3680.0,0,0,0,0.002,0.002,0.004,0.001,0.001,0.001,0.001,0.001,0.001
2025-04-21T20:00Z,2025-04-21,,,,0.0,3200.0,0,0,0,0.002,0.002,0.003,0.001,0.001,0.001,0.001,0.001,0.001
2025-04-21T20:30Z,2025-04-21,,,,0.0,3060.0,0,0,0,0.002,0.002,0.003,0.001,0.001,0.001,0.001,0.001,0.001
2025-04-21T21:00Z,2025-04-21,,,,0.007,2920.0,0,0,0,0.004,0.004,0.005,0.001,0.001,0.001,0.001,0.001,0.001
2025-04-21T21:30Z,2025-04-21,,,,0.007,2810.0,0,0,0,0.009,0.005,0.007,0.002,0.002,0.001,0.002,0.002,0.001
2025-04-21T22:00Z,2025-04-21,,,,0.007,2700.0,0,0,0,0.01,0.005,0.007,0.002,0.002,0.001,0.002,0.002,0.001
2025-04-21T22:30Z,2025-04-21,,,,0.021,2595.0,0,0,0,0.011,0.007,0.008,0.002,0.002,0.001,0.002,0.002,0.001
2025-04-21T23:00Z,2025-04-21,,,,0.056,2490.0,0,0,0,0.016,0.01,0.008,0.002,0.002,0.001,0.002,0.002,0.001
2025-04-21T23:30Z,2025-04-21,,,,0.062,2515.0,0,0,0,0.013,0.01,0.008,0.002,0.002,0.001,0.002,0.002,0.001
2025-04-23T00:00Z,2025-04-23,279.895,0.0,674.949,0.118,2020.0,0,0,0,0.01,0.014,0.008,0.001,0.002,0.004,0.002,0.005,0.005
2025-04-23T00:30Z,2025-04-23,,,,0.132,1950.0,0,0,0,0.01,0.014,0.01,0.002,0.003,0.004,0.002,0.005,0.006
2025-04-23T01:00Z,2025-04-23,292.363,0.0,775.043,0.153,1880.0,0,0,0,0.008,0.01,0.009,0.001,0.001,0.003,0.001,0.003,0.004
2025-04-23T01:30Z,2025-04-23,292.188,0.0,775.04,0.125,1845.0,0,0,0,0.008,0.01,0.009,0.001,0.002,0.003,0.001,0.002,0.004
2025-04-23T02:00Z,2025-04-23,292.192,0.0,775.026,0.125,1810.0,0,0,0,0.005,0.006,0.009,0.001,0.001,0.003,0.001,0.002,0.003
2025-04-23T02:30Z,2025-04-23,,,,0.083,1580.0,0,0,0,0.005,0.006,0.01,0.001,0.001,0.003,0.001,0.002,0.004
2025-04-23T03:00Z,2025-04-23,,,,0.062,1350.0,0,0,0,0.004,0.006,0.008,0.001,0.001,0.002,0.001,0.002,0.003
2025-04-23T03:30Z,2025-04-23,292.342,0.0,775.029,0.104,1290.0,0,0,0,0.004,0.005,0.01,0.001,0.001,0.003,0.001,0.002,0.004
2025-04-23T04:00Z,2025-04-23,292.584,0.0,775.033,0.09,1230.0,0,0,0,0.002,0.004,0.005,0.0,0.001,0.003,0.001,0.002,0.004
2025-04-23T04:30Z,2025-04-23,292.464,0.0,775.031,0.076,1230.0,0,0,0,0.002,0.004,0.005,0.0,0.001,0.005,0.0,0.003,0.005
2025-04-23T05:00Z,2025-04-23,293.297,0.0,775.052,0.111,1230.0,0,0,0,0.002,0.003,0.005,0.0,0.001,0.003,0.0,0.002,0.003
2025-04-23T05:30Z,2025-04-23,293.043,0.0,775.047,0.111,1310.0,0,0,0,0.003,0.004,0.006,0.0,0.001,0.003,0.0,0.002,0.003
2025-04-23T06:00Z,2025-04-23,292.824,0.0,775.043,0.174,1390.0,0,0,0,0.004,0.004,0.005,0.001,0.001,0.005,0.001,0.003,0.005
2025-04-23T06:30Z,2025-04-23,293.27,0.0,775.052,0.181,1430.0,0,0,0,0.006,0.007,0.009,0.001,0.002,0.007,0.001,0.006,0.007
2025-04-23T07:00Z,2025-04-23,299.671,0.0,775.167,0.188,1470.0,0,0,0,0.014,0.017,0.015,0.002,0.005,0.01,0.002,0.01,0.011
2025-04-23T07:30Z,2025-04-23,293.487,0.0,775.055,0.181,1920.0,0,0,0,0.019,0.023,0.022,0.004,0.011,0.031,0.006,0.025,0.037
2025-04-23T08:00Z,2025-04-23,299.74,0.0,775.149,0.153,2370.0,0,0,0,0.01,0.016,0.015,0.002,0.003,0.007,0.001,0.004,0.005
2025-04-23T08:30Z,2025-04-23,298.816,0.0,775.133,0.181,2790.0,0,0,0,0.01,0.016,0.015,0.001,0.003,0.009,0.001,0.006,0.008
2025-04-23T09:00Z,2025-04-23,298.911,0.0,775.134,0.16,3210.0,0,0,0,0.009,0.015,0.015,0.001,0.004,0.01,0.001,0.005,0.008
2025-04-23T09:30Z,2025-04-23,299.287,0.0,775.141,0.125,2955.0,0,0,0,0.009,0.015,0.014,0.002,0.004,0.007,0.002,0.005,0.006
2025-04-23T10:00Z,2025-04-23,300.012,0.0,775.153,0.174,2700.0,0,0,0,0.009,0.014,0.013,0.002,0.004,0.007,0.002,0.005,0.006
2025-04-23T10:30Z,2025-04-23,297.415,0.0,775.109,0.125,2150.0,0,0,0,0.008,0.012,0.013,0.002,0.004,0.016,0.002,0.005,0.009
2025-04-23T11:00Z,2025-04-23,,,,0.056,1600.0,0,0,0,0.01,0.01,0.01,0.001,0.001,0.005,0.001,0.003,0.004
2025-04-23T11:30Z,2025-04-23,,,,0.049,1635.0,0,0,0,0.01,0.01,0.011,0.001,0.001,0.003,0.001,0.003,0.003
2025-04-23T12:00Z,2025-04-23,,,,0.035,1670.0,0,0,0,0.011,0.011,0.017,0.001,0.001,0.004,0.001,0.004,0.005
2025-04-23T12:30Z,2025-04-23,,,,0.028,1610.0,0,0,0,0.011,0.011,0.013,0.001,0.001,0.004,0.001,0.004,0.005
2025-04-23T13:00Z,2025-04-23,,,,0.007,1550.0,0,0,0,0.008,0.008,0.011,0.001,0.001,0.002,0.001,0.002,0.003
2025-04-23T13:30Z,2025-04-23,,,,0.0,1585.0,0,0,0,0.008,0.009,0.011,0.001,0.001,0.002,0.001,0.002,0.003
2025-04-23T14:00Z,2025-04-23,,,,0.0,1620.0,0,0,0,0.008,0.008,0.011,0.001,0.001,0.002,0.001,0.002,0.003
2025-04-23T14:30Z,2025-04-23,,,,0.0,1900.0,0,0,0,0.008,0.01,0.014,0.001,0.001,0.003,0.001,0.002,0.004
2025-04-23T15:00Z,2025-04-23,,,,0.0,2180.0,0,0,0,0.007,0.01,0.011,0.001,0.001,0.004,0.001,0.003,0.003
2025-04-23T15:30Z,2025-04-23,,,,0.0,2455.0,0,0,0,0.007,0.01,0.01,0.001,0.001,0.003,0.001,0.003,0.003
2025-04-23T16:00Z,2025-04-23,,,,0.0,2730.0,0,0,0,0.006,0.009,0.009,0.001,0.001,0.003,0.001,0.003,0.003
2025-04-23T16:30Z,2025-04-23,,,,0.0,2910.0,0,0,0,0.006,0.009,0.008,0.001,0.001,0.002,0.001,0.002,0.002
2025-04-23T17:00Z,2025-04-23,,,,0.007,3090.0,0,0,0,0.006,0.009,0.008,0.001,0.001,0.002,0.001,0.002,0.002
2025-04-23T20:00Z,2025-04-23,,,,0.007,3140.0,0,0,0,0.003,0.004,0.004,0.001,0.001,0.002,0.001,0.002,0.002
2025-04-23T20:30Z,2025-04-23,,,,0.014,3120.0,0,0,0,0.004,0.006,0.009,0.001,0.001,0.003,0.001,0.003,0.004
2025-04-23T21:00Z,2025-04-23,,,,0.014,3100.0,0,0,0,0.004,0.008,0.01,0.001,0.001,0.004,0.001,0.003,0.005
2025-04-23T21:30Z,2025-04-23,290.419,0.0,774.998,0.014,3215.0,0,0,0,0.003,0.006,0.006,0.001,0.001,0.003,0.001,0.002,0.003
2025-04-23T22:00Z,2025-04-23,290.275,0.0,774.995,0.014,3330.0,0,0,0,0.004,0.006,0.006,0.0,0.001,0.002,0.001,0.002,0.002
2025-04-23T22:30Z,2025-04-23,291.294,0.0,775.017,0.014,3290.0,0,0,0,0.004,0.006,0.006,0.0,0.001,0.002,0.0,0.002,0.002
2025-04-23T23:00Z,2025-04-23,291.564,0.0,775.023,0.035,3250.0,0,0,0,0.004,0.007,0.006,0.0,0.001,0.002,0.001,0.002,0.002
2025-04-23T23:30Z,2025-04-23,290.621,0.0,775.003,0.056,3165.0,0,0,0,0.005,0.008,0.006,0.001,0.002,0.005,0.001,0.006,0.004
2025-04-25T00:00Z,2025-04-25,,,,0.035,3420.0,0,0,0,0.005,0.009,0.008,0.001,0.002,0.004,0.002,0.006,0.005
2025-04-25T00:30Z,2025-04-25,290.029,0.0,774.994,0.056,3550.0,0,0,0,0.005,0.009,0.009,0.001,0.002,0.005,0.002,0.006,0.006
2025-04-25T01:00Z,2025-04-25,289.378,0.0,774.98,0.062,3680.0,0,0,0,0.004,0.007,0.009,0.001,0.001,0.004,0.001,0.005,0.004
2025-04-25T01:30Z,2025-04-25,290.418,0.0,775.003,0.062,3635.0,0,0,0,0.004,0.006,0.008,0.001,0.001,0.003,0.001,0.004,0.004
2025-04-25T02:00Z,2025-04-25,290.097,0.0,774.99,0.069,3590.0,0,0,0,0.004,0.006,0.008,0.001,0.001,0.004,0.001,0.005,0.005
2025-04-25T02:30Z,2025-04-25,289.732,0.0,774.983,0.021,3310.0,0,0,0,0.003,0.005,0.008,0.001,0.002,0.006,0.001,0.005,0.006
2025-04-25T03:00Z,2025-04-25,290.088,0.0,774.99,0.021,3030.0,0,0,0,0.004,0.006,0.007,0.001,0.002,0.004,0.001,0.005,0.004
2025-04-25T03:30Z,2025-04-25,295.959,0.0,775.051,0.035,2955.0,0,0,0,0.003,0.005,0.007,0.001,0.001,0.003,0.001,0.005,0.004
2025-04-25T04:00Z,2025-04-25,291.753,0.0,775.029,0.021,2880.0,0,0,0,0.003,0.005,0.007,0.001,0.003,0.008,0.001,0.007,0.009
2025-04-25T04:30Z,2025-04-25,,,,0.028,2710.0,0,0,0,0.003,0.005,0.007,0.001,0.002,0.004,0.001,0.005,0.005
2025-04-25T05:00Z,2025-04-25,,,,0.014,2540.0,0,0,0,0.003,0.005,0.007,0.001,0.002,0.004,0.001,0.005,0.005
2025-04-25T05:30Z,2025-04-25,300.62,0.0,775.106,0.035,2600.0,0,0,0,0.003,0.005,0.007,0.001,0.002,0.004,0.001,0.007,0.006
2025-04-25T06:00Z,2025-04-25,,,,0.049,2660.0,0,0,0,0.004,0.006,0.007,0.001,0.002,0.004,0.002,0.008,0.006
2025-04-25T06:30Z,2025-04-25,,,,0.056,2735.0,0,0,0,0.005,0.006,0.008,0.001,0.002,0.005,0.002,0.007,0.006
2025-04-25T07:00Z,2025-04-25,,,,0.062,2810.0,0,0,0,0.005,0.007,0.01,0.001,0.002,0.006,0.001,0.007,0.007
2025-04-25T07:30Z,2025-04-25,,,,0.062,3035.0,0,0,0,0.009,0.017,0.016,0.001,0.002,0.011,0.001,0.008,0.01
2025-04-25T08:00Z,2025-04-25,,,,0.069,3260.0,0,0,0,0.017,0.024,0.022,0.002,0.003,0.008,0.001,0.004,0.007
2025-04-25T08:30Z,2025-04-25,,,,0.083,3165.0,0,0,0,0.013,0.02,0.018,0.002,0.004,0.007,0.001,0.004,0.006
2025-04-25T09:00Z,2025-04-25,,,,0.083,3070.0,0,0,0,0.01,0.016,0.015,0.001,0.003,0.006,0.001,0.004,0.005
2025-04-25T09:30Z,2025-04-25,,,,0.049,2725.0,0,0,0,0.008,0.013,0.015,0.001,0.002,0.006,0.001,0.003,0.005
2025-04-25T10:00Z,2025-04-25,,,,0.062,2380.0,0,0,0,0.008,0.013,0.012,0.002,0.003,0.007,0.003,0.005,0.006
2025-04-25T10:30Z,2025-04-25,,,,0.062,2365.0,0,0,0,0.007,0.011,0.01,0.001,0.002,0.005,0.002,0.004,0.005
2025-04-25T11:00Z,2025-04-25,,,,0.069,2350.0,0,0,0,0.004,0.008,0.008,0.001,0.001,0.003,0.001,0.002,0.002
2025-04-25T11:30Z,2025-04-25,,,,0.021,2865.0,0,0,0,0.004,0.007,0.007,0.001,0.001,0.002,0.001,0.002,0.002
2025-04-25T12:00Z,2025-04-25,,,,0.035,3380.0,0,0,0,0.008,0.011,0.013,0.001,0.002,0.004,0.001,0.004,0.005
2025-04-25T12:30Z,2025-04-25,,,,0.028,3355.0,0,0,0,0.006,0.009,0.011,0.001,0.001,0.003,0.001,0.002,0.003
2025-04-25T13:00Z,2025-04-25,,,,0.007,3330.0,0,0,0,0.005,0.009,0.011,0.001,0.001,0.003,0.001,0.002,0.003
2025-04-25T13:30Z,2025-04-25,,,,0.014,3405.0,0,0,0,0.005,0.009,0.011,0.001,0.001,0.003,0.001,0.002,0.003
2025-04-25T14:00Z,2025-04-25,,,,0.035,3480.0,0,0,0,0.006,0.009,0.01,0.001,0.001,0.003,0.001,0.002,0.003
2025-04-25T14:30Z,2025-04-25,,,,0.035,3600.0,0,0,0,0.005,0.009,0.01,0.001,0.002,0.003,0.001,0.002,0.003
2025-04-25T15:00Z,2025-04-25,,,,0.035,3720.0,0,0,0,0.006,0.01,0.011,0.001,0.002,0.004,0.001,0.003,0.003
2025-04-25T15:30Z,2025-04-25,,,,0.021,3720.0,0,0,0,0.005,0.009,0.008,0.001,0.002,0.003,0.001,0.003,0.003
2025-04-25T16:00Z,2025-04-25,,,,0.049,3720.0,0,0,0,0.004,0.005,0.007,0.001,0.001,0.003,0.001,0.002,0.002
2025-04-25T16:30Z,2025-04-25,,,,0.076,3740.0,0,0,0,0.004,0.005,0.007,0.001,0.001,0.003,0.001,0.002,0.002
2025-04-25T17:00Z,2025-04-25,,,,0.097,3760.0,0,0,0,0.003,0.006,0.007,0.001,0.002,0.004,0.002,0.003,0.004
2025-04-25T20:00Z,2025-04-25,,,,0.139,3680.0,0,0,0,0.005,0.01,0.011,0.001,0.002,0.006,0.002,0.007,0.006
2025-04-25T20:30Z,2025-04-25,,,,0.174,3570.0,0,0,0,0.005,0.009,0.01,0.001,0.001,0.007,0.002,0.006,0.007
2025-04-25T21:00Z,2025-04-25,,,,0.16,3460.0,0,0,0,0.005,0.01,0.009,0.001,0.002,0.006,0.002,0.008,0.007
2025-04-25T21:30Z,2025-04-25,291.338,0.0,775.004,0.236,3360.0,0,0,0,0.005,0.01,0.008,0.002,0.002,0.005,0.006,0.008,0.007
2025-04-25T22:00Z,2025-04-25,282.128,0.0,699.96,0.299,3260.0,0,0,0,0.004,0.007,0.006,0.002,0.003,0.009,0.004,0.012,0.013
2025-04-25T22:30Z,2025-04-25,282.177,0.0,699.972,0.368,3185.0,0,0,0,0.004,0.007,0.006,0.002,0.006,0.007,0.004,0.019,0.006
2025-04-25T23:00Z,2025-04-25,282.382,0.0,699.977,0.326,3110.0,0,0,0,0.004,0.007,0.005,0.001,0.002,0.004,0.003,0.007,0.004
2025-04-25T23:30Z,2025-04-25,283.845,0.0,724.956,0.333,2945.0,0,0,0,0.005,0.007,0.005,0.002,0.002,0.004,0.004,0.007,0.004
2025-04-27T00:00Z,2025-04-27,279.096,0.0,649.973,0.778,3110.0,0,0,0,0.003,0.005,0.005,0.001,0.001,0.002,0.002,0.003,0.003
2025-04-27T00:30Z,2025-04-27,277.0,0.0,600.0,0.819,3025.0,0,0,0,0.003,0.004,0.004,0.0,0.001,0.002,0.001,0.002,0.002
2025-04-27T01:00Z,2025-04-27,280.411,0.0,674.961,0.854,2940.0,0,0,0,0.002,0.003,0.003,0.0,0.0,0.001,0.001,0.002,0.001
2025-04-27T01:30Z,2025-04-27,281.404,0.0,699.945,0.826,2900.0,0,0,0,0.002,0.003,0.003,0.0,0.001,0.001,0.0,0.001,0.001
2025-04-27T02:00Z,2025-04-27,283.606,0.0,699.981,0.799,2860.0,0,0,0,0.002,0.003,0.004,0.0,0.001,0.002,0.001,0.002,0.002
2025-04-27T02:30Z,2025-04-27,281.729,0.0,674.98,0.771,2625.0,0,0,0,0.002,0.003,0.003,0.0,0.001,0.002,0.001,0.002,0.002
2025-04-27T03:00Z,2025-04-27,283.377,0.0,699.977,0.743,2390.0,0,0,0,0.002,0.003,0.004,0.0,0.001,0.002,0.001,0.002,0.002
2025-04-27T03:30Z,2025-04-27,286.515,0.0,749.969,0.743,2255.0,0,0,0,0.002,0.004,0.005,0.0,0.001,0.002,0.001,0.003,0.003
2025-04-27T04:00Z,2025-04-27,284.753,0.0,724.97,0.743,2120.0,0,0,0,0.002,0.003,0.004,0.0,0.001,0.002,0.001,0.003,0.002
2025-04-27T04:30Z,2025-04-27,281.927,0.0,699.947,0.778,2045.0,0,0,0,0.002,0.004,0.005,0.001,0.002,0.003,0.003,0.005,0.007
2025-04-27T05:00Z,2025-04-27,284.158,0.0,724.959,0.722,1970.0,0,0,0,0.002,0.003,0.005,0.0,0.001,0.002,0.002,0.003,0.003
2025-04-27T05:30Z,2025-04-27,284.475,0.0,724.966,0.736,1990.0,0,0,0,0.002,0.003,0.005,0.0,0.001,0.002,0.001,0.003,0.004
2025-04-27T06:00Z,2025-04-27,285.243,0.0,724.982,0.743,2010.0,0,0,0,0.003,0.004,0.004,0.001,0.001,0.002,0.001,0.002,0.002
2025-04-27T06:30Z,2025-04-27,280.269,0.0,674.95,0.757,2260.0,0,0,0,0.003,0.003,0.004,0.001,0.001,0.003,0.002,0.004,0.005
2025-04-27T07:00Z,2025-04-27,281.824,0.0,674.982,0.743,2510.0,0,0,0,0.004,0.005,0.008,0.002,0.003,0.005,0.002,0.005,0.003
2025-04-27T07:30Z,2025-04-27,282.913,0.0,699.976,0.778,2490.0,0,0,0,0.005,0.008,0.01,0.001,0.002,0.006,0.001,0.005,0.005
2025-04-27T08:00Z,2025-04-27,269.041,0.0,524.95,0.951,2470.0,0,0,0,0.005,0.007,0.009,0.001,0.002,0.005,0.001,0.004,0.006
2025-04-27T08:30Z,2025-04-27,277.081,0.0,624.979,0.938,2570.0,0,0,0,0.004,0.007,0.009,0.001,0.002,0.004,0.001,0.004,0.003
2025-04-27T09:00Z,2025-04-27,280.414,0.0,674.97,0.951,2670.0,0,0,0,0.004,0.008,0.009,0.002,0.003,0.005,0.002,0.005,0.004
2025-04-27T09:30Z,2025-04-27,277.911,0.0,649.955,0.917,2695.0,0,0,0,0.004,0.007,0.008,0.001,0.002,0.007,0.001,0.004,0.006
2025-04-27T10:00Z,2025-04-27,285.82,0.0,749.976,0.91,2720.0,0,0,0,0.003,0.007,0.008,0.001,0.001,0.004,0.001,0.002,0.003
2025-04-27T10:30Z,2025-04-27,257.495,0.0,424.929,0.868,2785.0,0,0,0,0.003,0.006,0.007,0.004,0.01,0.021,0.003,0.018,0.021
2025-04-27T11:00Z,2025-04-27,242.905,0.0,324.91,0.819,2850.0,0,0,0,0.003,0.005,0.006,0.004,0.01,0.025,0.003,0.02,0.018
2025-04-27T11:30Z,2025-04-27,229.653,0.0,249.924,0.826,2885.0,0,0,0,0.004,0.005,0.007,0.009,0.021,0.031,0.007,0.027,0.031
2025-04-27T12:00Z,2025-04-27,230.908,0.0,249.946,0.826,2920.0,0,0,0,0.003,0.005,0.008,0.004,0.006,0.011,0.004,0.01,0.012
2025-04-27T12:30Z,2025-04-27,244.086,0.0,324.937,0.778,2860.0,0,0,0,0.003,0.005,0.008,0.001,0.003,0.006,0.001,0.003,0.006
2025-04-27T13:00Z,2025-04-27,264.0,0.0,474.944,0.771,2800.0,0,0,0,0.004,0.006,0.008,0.001,0.001,0.002,0.0,0.001,0.002
2025-04-27T13:30Z,2025-04-27,269.274,0.0,524.958,0.785,2785.0,0,0,0,0.004,0.006,0.008,0.001,0.001,0.002,0.001,0.002,0.002
2025-04-27T14:00Z,2025-04-27,269.999,0.0,524.971,0.799,2770.0,0,0,0,0.004,0.006,0.007,0.0,0.001,0.002,0.001,0.003,0.002
2025-04-27T14:30Z,2025-04-27,275.041,0.0,599.968,0.806,2825.0,0,0,0,0.004,0.006,0.008,0.0,0.001,0.002,0.001,0.002,0.002
2025-04-27T15:00Z,2025-04-27,269.243,0.0,524.944,0.882,2880.0,0,0,0,0.003,0.005,0.007,0.001,0.001,0.003,0.001,0.003,0.004
2025-04-27T15:30Z,2025-04-27,270.259,0.0,524.97,0.882,2860.0,0,0,0,0.003,0.006,0.006,0.0,0.001,0.002,0.001,0.002,0.002
2025-04-27T16:00Z,2025-04-27,267.565,0.0,499.956,0.931,2840.0,0,0,0,0.004,0.006,0.007,0.001,0.001,0.002,0.001,0.003,0.002
2025-04-27T16:30Z,2025-04-27,266.718,0.0,499.939,0.951,2835.0,0,0,0,0.004,0.006,0.007,0.001,0.001,0.002,0.001,0.002,0.002
2025-04-27T17:00Z,2025-04-27,273.449,0.0,599.946,0.944,2830.0,0,0,0,0.004,0.006,0.007,0.001,0.001,0.002,0.001,0.003,0.002
2025-04-27T20:00Z,2025-04-27,242.486,0.0,324.903,1.0,2590.0,0,0,0,0.003,0.007,0.006,0.003,0.003,0.006,0.005,0.009,0.007
2025-04-27T20:30Z,2025-04-27,246.999,0.0,349.914,0.979,2490.0,0,0,0,0.003,0.007,0.006,0.002,0.003,0.006,0.002,0.006,0.006
2025-04-27T21:00Z,2025-04-27,252.961,0.0,374.953,1.0,2390.0,0,0,0,0.004,0.007,0.006,0.002,0.004,0.006,0.002,0.008,0.007
2025-04-27T21:30Z,2025-04-27,258.926,0.0,424.944,0.979,2370.0,0,0,0,0.003,0.007,0.008,0.001,0.002,0.005,0.001,0.005,0.005
2025-04-27T22:00Z,2025-04-27,267.663,0.0,524.931,0.979,2350.0,0,0,0,0.004,0.008,0.008,0.001,0.001,0.004,0.001,0.003,0.005
2025-04-27T22:30Z,2025-04-27,254.168,0.0,399.91,0.972,2230.0,0,0,0,0.004,0.006,0.006,0.001,0.001,0.004,0.001,0.003,0.005
2025-04-27T23:00Z,2025-04-27,247.046,0.0,349.912,0.931,2110.0,0,0,0,0.005,0.006,0.006,0.003,0.005,0.007,0.004,0.014,0.014
2025-04-27T23:30Z,2025-04-27,252.786,0.0,374.947,0.91,2085.0,0,0,0,0.004,0.005,0.006,0.004,0.007,0.007,0.006,0.012,0.009
2025-04-29T00:00Z,2025-04-29,286.509,0.0,749.963,0.403,2320.0,0,0,0,0.003,0.005,0.006,0.001,0.001,0.002,0.001,0.002,0.002
2025-04-29T00:30Z,2025-04-29,283.322,0.0,699.978,0.41,2310.0,0,0,0,0.003,0.005,0.006,0.001,0.001,0.002,0.001,0.002,0.003
2025-04-29T01:00Z,2025-04-29,288.152,0.0,774.972,0.354,2300.0,0,0,0,0.003,0.005,0.006,0.0,0.001,0.002,0.001,0.002,0.002
2025-04-29T01:30Z,2025-04-29,282.992,0.0,699.966,0.34,2340.0,0,0,0,0.002,0.004,0.006,0.0,0.001,0.002,0.001,0.003,0.004
2025-04-29T02:00Z,2025-04-29,283.444,0.0,724.948,0.34,2380.0,0,0,0,0.003,0.004,0.006,0.0,0.001,0.002,0.001,0.003,0.002
2025-04-29T02:30Z,2025-04-29,286.682,0.0,749.977,0.326,2155.0,0,0,0,0.002,0.004,0.005,0.0,0.001,0.002,0.001,0.002,0.003
2025-04-29T03:00Z,2025-04-29,287.601,0.0,774.968,0.319,1930.0,0,0,0,0.003,0.004,0.004,0.001,0.001,0.002,0.001,0.002,0.003
2025-04-29T03:30Z,2025-04-29,286.995,0.0,774.957,0.34,1885.0,0,0,0,0.003,0.004,0.004,0.001,0.001,0.002,0.001,0.003,0.003
2025-04-29T04:00Z,2025-04-29,289.577,0.0,775.016,0.34,1840.0,0,0,0,0.003,0.004,0.004,0.0,0.001,0.002,0.001,0.003,0.002
2025-04-29T04:30Z,2025-04-29,290.477,0.0,775.019,0.375,1790.0,0,0,0,0.003,0.004,0.005,0.0,0.001,0.002,0.001,0.002,0.002
2025-04-29T05:00Z,2025-04-29,289.989,0.0,775.001,0.424,1740.0,0,0,0,0.003,0.004,0.005,0.0,0.001,0.002,0.001,0.002,0.002
2025-04-29T05:30Z,2025-04-29,289.85,0.0,774.998,0.458,1835.0,0,0,0,0.003,0.004,0.005,0.0,0.001,0.003,0.001,0.005,0.004
2025-04-29T06:00Z,2025-04-29,288.553,0.0,774.975,0.507,1930.0,0,0,0,0.004,0.004,0.005,0.0,0.001,0.002,0.001,0.002,0.002
2025-04-29T06:30Z,2025-04-29,286.646,0.0,749.969,0.479,2090.0,0,0,0,0.004,0.005,0.007,0.001,0.001,0.002,0.001,0.004,0.004
2025-04-29T07:00Z,2025-04-29,290.723,0.0,775.019,0.458,2250.0,0,0,0,0.005,0.007,0.007,0.001,0.001,0.003,0.001,0.003,0.004
2025-04-29T07:30Z,2025-04-29,289.959,0.0,775.003,0.424,2525.0,0,0,0,0.008,0.017,0.014,0.001,0.003,0.007,0.001,0.006,0.011
2025-04-29T08:00Z,2025-04-29,290.069,0.0,775.01,0.479,2800.0,0,0,0,0.012,0.023,0.02,0.001,0.005,0.011,0.001,0.008,0.011
2025-04-29T08:30Z,2025-04-29,291.029,0.0,775.023,0.431,2615.0,0,0,0,0.011,0.017,0.015,0.002,0.004,0.005,0.002,0.003,0.004
2025-04-29T09:00Z,2025-04-29,288.106,0.0,774.975,0.431,2430.0,0,0,0,0.007,0.012,0.01,0.002,0.005,0.009,0.002,0.004,0.009
2025-04-29T09:30Z,2025-04-29,287.797,0.0,774.951,0.458,2385.0,0,0,0,0.006,0.011,0.009,0.002,0.005,0.006,0.002,0.004,0.006
2025-04-29T10:00Z,2025-04-29,286.178,0.0,749.979,0.444,2340.0,0,0,0,0.005,0.008,0.007,0.001,0.002,0.004,0.001,0.002,0.004
2025-04-29T10:30Z,2025-04-29,285.93,0.0,749.955,0.396,2455.0,0,0,0,0.005,0.008,0.008,0.001,0.001,0.004,0.0,0.002,0.003
2025-04-29T11:00Z,2025-04-29,284.326,0.0,724.961,0.417,2570.0,0,0,0,0.005,0.008,0.012,0.001,0.001,0.003,0.0,0.001,0.003
2025-04-29T11:30Z,2025-04-29,282.779,0.0,699.969,0.41,2730.0,0,0,0,0.005,0.011,0.014,0.0,0.001,0.004,0.0,0.002,0.005
2025-04-29T12:00Z,2025-04-29,282.971,0.0,699.973,0.417,2890.0,0,0,0,0.006,0.009,0.012,0.0,0.001,0.003,0.0,0.001,0.003
2025-04-29T12:30Z,2025-04-29,278.906,0.0,649.973,0.368,2930.0,0,0,0,0.006,0.009,0.013,0.001,0.001,0.004,0.0,0.002,0.004
2025-04-29T13:00Z,2025-04-29,280.751,0.0,674.973,0.354,2970.0,0,0,0,0.006,0.011,0.015,0.0,0.001,0.003,0.0,0.002,0.004
2025-04-29T13:30Z,2025-04-29,284.819,0.0,724.967,0.34,2930.0,0,0,0,0.006,0.011,0.014,0.001,0.001,0.003,0.001,0.003,0.003
2025-04-29T14:00Z,2025-04-29,291.09,0.0,774.996,0.285,2890.0,0,0,0,0.005,0.011,0.014,0.001,0.001,0.004,0.001,0.002,0.004
2025-04-29T14:30Z,2025-04-29,292.194,0.0,775.014,0.257,3035.0,0,0,0,0.005,0.01,0.012,0.001,0.001,0.003,0.0,0.002,0.003
2025-04-29T15:00Z,2025-04-29,292.446,0.0,775.019,0.188,3180.0,0,0,0,0.005,0.008,0.008,0.001,0.001,0.003,0.001,0.002,0.002
2025-04-29T15:30Z,2025-04-29,292.502,0.0,775.02,0.188,3270.0,0,0,0,0.005,0.01,0.013,0.001,0.002,0.003,0.001,0.002,0.003
2025-04-29T16:00Z,2025-04-29,,,,0.16,3360.0,0,0,0,0.005,0.01,0.013,0.001,0.002,0.004,0.001,0.003,0.003
2025-04-29T16:30Z,2025-04-29,,,,0.174,3510.0,0,0,0,0.005,0.01,0.013,0.001,0.002,0.004,0.001,0.002,0.003
2025-04-29T17:00Z,2025-04-29,,,,0.167,3660.0,0,0,0,0.005,0.009,0.009,0.001,0.002,0.003,0.002,0.003,0.003
2025-04-29T20:00Z,2025-04-29,280.424,0.0,674.968,0.549,3040.0,0,0,0,0.004,0.005,0.004,0.001,0.001,0.002,0.002,0.004,0.003
2025-04-29T20:30Z,2025-04-29,280.172,0.0,674.965,0.562,2930.0,0,0,0,0.003,0.005,0.004,0.001,0.001,0.002,0.001,0.003,0.002
2025-04-29T21:00Z,2025-04-29,278.225,0.0,649.965,0.576,2820.0,0,0,0,0.003,0.005,0.004,0.001,0.001,0.003,0.003,0.005,0.004
2025-04-29T21:30Z,2025-04-29,279.469,0.0,674.95,0.632,2805.0,0,0,0,0.003,0.005,0.006,0.001,0.001,0.002,0.001,0.003,0.003
2025-04-29T22:00Z,2025-04-29,275.895,0.0,624.957,0.59,2790.0,0,0,0,0.004,0.01,0.008,0.001,0.001,0.003,0.001,0.002,0.004
2025-04-29T22:30Z,2025-04-29,268.377,0.0,524.962,0.667,2725.0,0,0,0,0.005,0.01,0.008,0.001,0.002,0.004,0.001,0.008,0.008
2025-04-29T23:00Z,2025-04-29,270.242,0.0,549.964,0.639,2660.0,0,0,0,0.004,0.008,0.005,0.001,0.001,0.002,0.002,0.003,0.003
2025-04-29T23:30Z,2025-04-29,271.432,0.0,574.939,0.625,2505.0,0,0,0,0.003,0.004,0.003,0.001,0.001,0.001,0.001,0.001,0.001
2025-05-01T00:00Z,2025-05-01,236.914,0.0,299.888,0.951,2920.0,0,0,0,0.003,0.004,0.004,0.002,0.003,0.003,0.001,0.001,0.001
2025-05-01T00:30Z,2025-05-01,229.873,0.0,249.946,0.993,2885.0,0,0,0,0.003,0.003,0.004,0.003,0.004,0.003,0.002,0.001,0.001
2025-05-01T01:00Z,2025-05-01,226.708,0.0,249.89,0.951,2850.0,0,0,0,0.002,0.003,0.004,0.01,0.009,0.006,0.006,0.003,0.002
2025-05-01T01:30Z,2025-05-01,232.129,0.0,274.889,0.958,2690.0,0,0,0,0.002,0.003,0.004,0.006,0.006,0.005,0.003,0.001,0.001
2025-05-01T02:00Z,2025-05-01,228.94,0.0,249.927,0.958,2530.0,0,0,0,0.002,0.003,0.004,0.003,0.004,0.002,0.001,0.001,0.001
2025-05-01T02:30Z,2025-05-01,241.881,0.0,324.897,0.917,2430.0,0,0,0,0.002,0.003,0.004,0.003,0.004,0.003,0.002,0.001,0.001
2025-05-01T03:00Z,2025-05-01,238.719,0.0,299.92,0.931,2330.0,0,0,0,0.002,0.003,0.004,0.003,0.003,0.003,0.001,0.001,0.001
2025-05-01T03:30Z,2025-05-01,233.595,0.0,274.912,0.91,2225.0,0,0,0,0.002,0.003,0.003,0.003,0.004,0.004,0.001,0.001,0.002
2025-05-01T04:00Z,2025-05-01,238.066,0.0,299.908,0.917,2120.0,0,0,0,0.001,0.003,0.003,0.001,0.002,0.002,0.001,0.001,0.001
2025-05-01T04:30Z,2025-05-01,247.249,0.0,349.924,0.917,1930.0,0,0,0,0.001,0.003,0.004,0.001,0.002,0.002,0.001,0.001,0.001
2025-05-01T05:00Z,2025-05-01,260.557,0.0,449.933,0.917,1740.0,0,0,0,0.001,0.002,0.003,0.001,0.001,0.002,0.001,0.001,0.001
2025-05-01T05:30Z,2025-05-01,264.677,0.0,474.951,0.938,2015.0,0,0,0,0.002,0.003,0.006,0.001,0.002,0.002,0.001,0.001,0.001
2025-05-01T06:00Z,2025-05-01,271.239,0.0,549.944,0.931,2290.0,0,0,0,0.002,0.004,0.007,0.002,0.002,0.002,0.001,0.002,0.002
2025-05-01T06:30Z,2025-05-01,265.416,0.0,474.966,0.944,2435.0,0,0,0,0.005,0.009,0.014,0.003,0.004,0.009,0.001,0.003,0.004
2025-05-01T07:00Z,2025-05-01,264.967,0.0,474.958,0.951,2580.0,0,0,0,0.016,0.02,0.026,0.011,0.012,0.028,0.002,0.004,0.007
2025-05-01T07:30Z,2025-05-01,265.963,0.0,499.927,0.944,2860.0,0,0,0,0.027,0.04,0.055,0.02,0.024,0.075,0.006,0.014,0.045
2025-05-01T08:00Z,2025-05-01,246.433,0.0,349.913,0.972,3140.0,0,0,0,0.026,0.042,0.057,0.026,0.034,0.062,0.01,0.018,0.025
2025-05-01T08:30Z,2025-05-01,246.727,0.0,349.911,0.917,3550.0,0,0,0,0.029,0.041,0.047,0.007,0.014,0.016,0.005,0.014,0.011
2025-05-01T09:00Z,2025-05-01,252.057,0.0,374.953,0.931,3960.0,0,0,0,0.011,0.019,0.024,0.005,0.009,0.01,0.003,0.005,0.003
2025-05-01T09:30Z,2025-05-01,256.714,0.0,424.915,0.903,3375.0,0,0,0,0.011,0.019,0.024,0.006,0.013,0.026,0.004,0.008,0.013
2025-05-01T10:00Z,2025-05-01,230.985,0.0,274.856,0.917,2790.0,0,0,0,0.01,0.014,0.022,0.026,0.04,0.06,0.016,0.024,0.017
2025-05-01T10:30Z,2025-05-01,243.248,0.0,324.923,0.882,2845.0,0,0,0,0.008,0.009,0.009,0.014,0.021,0.025,0.007,0.004,0.007
2025-05-01T11:00Z,2025-05-01,221.773,0.0,224.891,0.861,2900.0,0,0,0,0.006,0.006,0.007,0.034,0.043,0.024,0.007,0.004,0.004
2025-05-01T11:30Z,2025-05-01,222.451,0.0,224.904,0.903,3015.0,0,0,0,0.006,0.007,0.007,0.025,0.064,0.029,0.01,0.009,0.005
2025-05-01T12:00Z,2025-05-01,228.411,0.0,249.899,0.91,3130.0,0,0,0,0.006,0.007,0.007,0.016,0.021,0.029,0.003,0.004,0.005
2025-05-01T12:30Z,2025-05-01,234.005,0.0,274.915,0.861,3225.0,0,0,0,0.005,0.006,0.007,0.016,0.041,0.031,0.003,0.006,0.008
2025-05-01T13:00Z,2025-05-01,238.849,0.0,299.913,0.868,3320.0,0,0,0,0.005,0.01,0.01,0.01,0.015,0.021,0.005,0.006,0.005
2025-05-01T13:30Z,2025-05-01,249.346,0.0,349.958,0.896,3450.0,0,0,0,0.005,0.013,0.015,0.007,0.012,0.017,0.002,0.006,0.006
2025-05-01T14:00Z,2025-05-01,216.54,0.038,199.916,0.889,3580.0,0,0,0,0.005,0.011,0.013,0.021,0.032,0.057,0.007,0.019,0.02
2025-05-01T14:30Z,2025-05-01,216.261,0.042,199.911,0.882,3610.0,0,0,0,0.005,0.011,0.015,0.033,0.078,0.068,0.01,0.031,0.018
2025-05-01T15:00Z,2025-05-01,221.05,0.0,224.881,0.91,3640.0,0,0,0,0.004,0.007,0.012,0.012,0.042,0.034,0.004,0.028,0.024
2025-05-01T15:30Z,2025-05-01,224.438,0.0,249.838,0.903,3860.0,0,0,0,0.004,0.007,0.01,0.023,0.039,0.051,0.012,0.033,0.021
2025-05-01T16:00Z,2025-05-01,224.753,0.0,249.849,0.951,4080.0,0,0,0,0.006,0.007,0.009,0.033,0.04,0.044,0.032,0.024,0.009
2025-05-01T16:30Z,2025-05-01,225.734,0.0,249.862,0.965,4235.0,0,0,0,0.006,0.007,0.008,0.039,0.046,0.045,0.034,0.018,0.009
2025-05-01T17:00Z,2025-05-01,225.513,0.0,249.858,0.958,4390.0,0,0,0,0.005,0.005,0.007,0.038,0.041,0.053,0.031,0.018,0.019
2025-05-01T20:00Z,2025-05-01,245.694,0.0,349.906,0.993,4310.0,0,0,0,0.004,0.005,0.008,0.003,0.004,0.007,0.002,0.002,0.004
2025-05-01T20:30Z,2025-05-01,250.352,0.0,374.916,0.979,4400.0,0,0,0,0.005,0.005,0.007,0.003,0.004,0.007,0.001,0.002,0.004
2025-05-01T21:00Z,2025-05-01,252.743,0.0,374.958,0.986,4490.0,0,0,0,0.006,0.005,0.005,0.002,0.004,0.006,0.001,0.002,0.002
2025-05-01T21:30Z,2025-05-01,261.796,0.0,449.955,0.986,4515.0,0,0,0,0.006,0.006,0.007,0.002,0.004,0.006,0.002,0.003,0.004
2025-05-01T22:00Z,2025-05-01,260.392,0.0,449.921,0.986,4540.0,0,0,0,0.006,0.008,0.009,0.002,0.004,0.004,0.002,0.003,0.004
2025-05-01T22:30Z,2025-05-01,268.315,0.0,499.974,0.965,4275.0,0,0,0,0.005,0.006,0.007,0.002,0.004,0.003,0.001,0.001,0.002
2025-05-01T23:00Z,2025-05-01,261.784,0.0,449.949,0.958,4010.0,0,0,0,0.005,0.006,0.005,0.003,0.005,0.004,0.002,0.002,0.001
2025-05-01T23:30Z,2025-05-01,266.364,0.0,499.935,0.91,3885.0,0,0,0,0.004,0.004,0.004,0.002,0.003,0.003,0.001,0.001,0.001
2025-05-03T00:00Z,2025-05-03,242.257,0.0,324.91,0.965,2970.0,0,0,0,0.003,0.003,0.003,0.002,0.003,0.002,0.001,0.001,0.001
2025-05-03T00:30Z,2025-05-03,248.529,0.0,349.946,0.986,2880.0,0,0,0,0.003,0.003,0.003,0.002,0.003,0.002,0.001,0.001,0.001
2025-05-03T01:00Z,2025-05-03,275.101,0.0,599.965,0.896,2790.0,0,0,0,0.002,0.003,0.003,0.002,0.002,0.002,0.002,0.001,0.001
2025-05-03T01:30Z,2025-05-03,278.556,0.0,674.946,0.778,2810.0,0,0,0,0.002,0.003,0.003,0.001,0.002,0.003,0.001,0.001,0.001
2025-05-03T02:00Z,2025-05-03,275.495,0.0,624.966,0.604,2830.0,0,0,0,0.002,0.003,0.003,0.002,0.003,0.004,0.001,0.001,0.002
2025-05-03T02:30Z,2025-05-03,276.519,0.0,649.949,0.611,2950.0,0,0,0,0.002,0.003,0.004,0.001,0.002,0.002,0.001,0.001,0.001
2025-05-03T03:00Z,2025-05-03,278.427,0.0,674.952,0.576,3070.0,0,0,0,0.003,0.003,0.004,0.002,0.003,0.004,0.001,0.001,0.003
2025-05-03T03:30Z,2025-05-03,286.303,0.0,749.966,0.507,2900.0,0,0,0,0.002,0.003,0.005,0.001,0.002,0.002,0.001,0.001,0.002
2025-05-03T04:00Z,2025-05-03,287.064,0.0,749.978,0.486,2730.0,0,0,0,0.002,0.003,0.005,0.001,0.002,0.002,0.001,0.001,0.002
2025-05-03T04:30Z,2025-05-03,289.983,0.0,774.993,0.451,2450.0,0,0,0,0.003,0.004,0.006,0.001,0.002,0.003,0.001,0.001,0.002
2025-05-03T05:00Z,2025-05-03,288.201,0.0,774.964,0.444,2170.0,0,0,0,0.003,0.005,0.005,0.001,0.003,0.005,0.001,0.002,0.005
2025-05-03T05:30Z,2025-05-03,295.983,0.0,775.094,0.368,2150.0,0,0,0,0.003,0.005,0.006,0.002,0.003,0.002,0.001,0.001,0.002
2025-05-03T06:00Z,2025-05-03,,,,0.326,2130.0,0,0,0,0.004,0.006,0.005,0.002,0.004,0.002,0.001,0.001,0.001
2025-05-03T06:30Z,2025-05-03,301.047,0.0,775.211,0.278,2160.0,0,0,0,0.014,0.024,0.017,0.003,0.008,0.009,0.002,0.002,0.002
2025-05-03T07:00Z,2025-05-03,302.569,0.0,775.563,0.292,2190.0,0,0,0,0.018,0.028,0.029,0.004,0.011,0.014,0.001,0.005,0.004
2025-05-03T07:30Z,2025-05-03,299.52,0.0,775.192,0.333,2565.0,0,0,0,0.029,0.036,0.032,0.007,0.017,0.036,0.004,0.01,0.011
2025-05-03T08:00Z,2025-05-03,298.497,0.0,775.125,0.312,2940.0,0,0,0,0.014,0.021,0.018,0.008,0.031,0.034,0.002,0.009,0.008
2025-05-03T08:30Z,2025-05-03,289.604,0.0,774.993,0.347,3090.0,0,0,0,0.009,0.017,0.018,0.019,0.044,0.032,0.011,0.009,0.008
2025-05-03T09:00Z,2025-05-03,292.406,0.0,775.032,0.312,3240.0,0,0,0,0.011,0.017,0.018,0.007,0.029,0.013,0.003,0.01,0.003
2025-05-03T09:30Z,2025-05-03,301.045,0.0,775.164,0.278,3120.0,0,0,0,0.011,0.017,0.017,0.003,0.007,0.008,0.002,0.003,0.002
2025-05-03T10:00Z,2025-05-03,292.742,0.0,775.023,0.229,3000.0,0,0,0,0.01,0.016,0.016,0.006,0.011,0.022,0.005,0.005,0.009
2025-05-03T10:30Z,2025-05-03,273.413,0.0,599.948,0.243,2815.0,0,0,0,0.008,0.013,0.016,0.021,0.044,0.032,0.018,0.016,0.013
2025-05-03T11:00Z,2025-05-03,263.374,0.0,474.93,0.208,2630.0,0,0,0,0.007,0.01,0.01,0.012,0.032,0.009,0.005,0.006,0.003
2025-05-03T11:30Z,2025-05-03,269.263,0.0,524.969,0.188,2790.0,0,0,0,0.006,0.007,0.007,0.003,0.006,0.007,0.002,0.001,0.002
2025-05-03T12:00Z,2025-05-03,280.85,0.0,674.979,0.194,2950.0,0,0,0,0.005,0.007,0.007,0.002,0.004,0.003,0.001,0.001,0.001
2025-05-03T12:30Z,2025-05-03,281.221,0.0,699.95,0.174,2900.0,0,0,0,0.005,0.006,0.007,0.004,0.006,0.004,0.002,0.003,0.002
2025-05-03T13:00Z,2025-05-03,283.241,0.0,724.962,0.208,2850.0,0,0,0,0.004,0.006,0.007,0.004,0.006,0.007,0.002,0.002,0.002
2025-05-03T13:30Z,2025-05-03,281.27,0.0,699.965,0.194,2875.0,0,0,0,0.004,0.006,0.007,0.006,0.011,0.011,0.002,0.003,0.004
2025-05-03T14:00Z,2025-05-03,281.611,0.0,699.956,0.194,2900.0,0,0,0,0.005,0.008,0.009,0.009,0.025,0.019,0.002,0.008,0.005
2025-05-03T14:30Z,2025-05-03,283.956,0.0,724.954,0.167,3075.0,0,0,0,0.005,0.009,0.009,0.002,0.005,0.004,0.001,0.002,0.001
2025-05-03T15:00Z,2025-05-03,282.486,0.0,699.968,0.222,3250.0,0,0,0,0.006,0.009,0.011,0.002,0.005,0.004,0.001,0.002,0.002
2025-05-03T15:30Z,2025-05-03,279.993,0.0,674.969,0.222,3405.0,0,0,0,0.009,0.013,0.012,0.002,0.006,0.005,0.001,0.002,0.002
2025-05-03T16:00Z,2025-05-03,281.088,0.0,699.948,0.208,3560.0,0,0,0,0.009,0.013,0.011,0.002,0.006,0.004,0.001,0.002,0.001
2025-05-03T16:30Z,2025-05-03,283.088,0.0,724.951,0.181,3685.0,0,0,0,0.009,0.013,0.01,0.002,0.006,0.005,0.001,0.001,0.001
2025-05-03T17:00Z,2025-05-03,282.327,0.0,699.976,0.174,3810.0,0,0,0,0.008,0.009,0.009,0.002,0.005,0.004,0.001,0.001,0.001
2025-05-03T20:00Z,2025-05-03,278.949,0.0,674.967,0.285,4000.0,0,0,0,0.004,0.005,0.006,0.002,0.004,0.003,0.001,0.001,0.001
2025-05-03T20:30Z,2025-05-03,278.284,0.0,674.951,0.326,3895.0,0,0,0,0.004,0.004,0.005,0.002,0.004,0.003,0.001,0.001,0.001
2025-05-03T21:00Z,2025-05-03,277.444,0.0,649.975,0.375,3790.0,0,0,0,0.004,0.005,0.004,0.002,0.003,0.002,0.001,0.001,0.001
2025-05-03T21:30Z,2025-05-03,275.443,0.0,649.942,0.396,3740.0,0,0,0,0.004,0.005,0.004,0.002,0.004,0.003,0.001,0.001,0.001
2025-05-03T22:00Z,2025-05-03,278.965,0.0,674.962,0.458,3690.0,0,0,0,0.004,0.006,0.004,0.003,0.005,0.003,0.003,0.001,0.001
2025-05-03T22:30Z,2025-05-03,277.881,0.0,650.0,0.438,3410.0,0,0,0,0.003,0.005,0.004,0.002,0.004,0.003,0.001,0.001,0.001
2025-05-03T23:00Z,2025-05-03,274.874,0.0,624.969,0.319,3130.0,0,0,0,0.003,0.005,0.004,0.003,0.006,0.006,0.001,0.002,0.002
2025-05-03T23:30Z,2025-05-03,278.598,0.0,674.95,0.222,2940.0,0,0,0,0.003,0.005,0.004,0.002,0.003,0.002,0.001,0.001,0.001
2025-05-05T00:00Z,2025-05-05,233.975,0.0,274.929,0.875,1020.0,0,0,0,0.002,0.002,0.002,0.002,0.003,0.003,0.001,0.001,0.002
2025-05-05T00:30Z,2025-05-05,238.767,0.0,299.926,0.889,1055.0,0,0,0,0.001,0.001,0.002,0.001,0.002,0.002,0.0,0.001,0.001
2025-05-05T01:00Z,2025-05-05,246.262,0.0,349.915,0.84,1090.0,0,0,0,0.001,0.001,0.002,0.001,0.002,0.001,0.001,0.001,0.001
2025-05-05T01:30Z,2025-05-05,250.219,0.0,374.909,0.854,1125.0,0,0,0,0.001,0.002,0.002,0.001,0.002,0.002,0.001,0.001,0.001
2025-05-05T02:00Z,2025-05-05,243.79,0.0,324.938,0.868,1160.0,0,0,0,0.001,0.002,0.002,0.001,0.002,0.002,0.0,0.001,0.001
2025-05-05T02:30Z,2025-05-05,248.841,0.0,374.892,0.854,1300.0,0,0,0,0.001,0.002,0.002,0.001,0.002,0.002,0.001,0.001,0.001
2025-05-05T03:00Z,2025-05-05,241.263,0.0,324.893,0.847,1440.0,0,0,0,0.002,0.003,0.003,0.001,0.002,0.002,0.001,0.001,0.001
2025-05-05T03:30Z,2025-05-05,240.734,0.0,324.883,0.847,1430.0,0,0,0,0.002,0.003,0.003,0.001,0.002,0.002,0.001,0.001,0.002
2025-05-05T04:00Z,2025-05-05,240.776,0.0,324.88,0.854,1420.0,0,0,0,0.002,0.003,0.003,0.001,0.002,0.003,0.001,0.002,0.003
2025-05-05T04:30Z,2025-05-05,240.121,0.0,299.949,0.792,1365.0,0,0,0,0.002,0.003,0.004,0.001,0.003,0.008,0.001,0.003,0.01
2025-05-05T05:00Z,2025-05-05,237.531,0.0,299.893,0.875,1310.0,0,0,0,0.001,0.002,0.004,0.001,0.002,0.003,0.001,0.002,0.003
2025-05-05T05:30Z,2025-05-05,246.607,0.0,349.909,0.854,1470.0,0,0,0,0.002,0.003,0.005,0.001,0.002,0.003,0.001,0.002,0.003
2025-05-05T06:00Z,2025-05-05,243.399,0.0,324.92,0.882,1630.0,0,0,0,0.002,0.003,0.004,0.001,0.003,0.01,0.001,0.004,0.012
2025-05-05T06:30Z,2025-05-05,240.287,0.0,299.943,0.91,1640.0,0,0,0,0.003,0.005,0.008,0.005,0.008,0.019,0.002,0.006,0.016
2025-05-05T07:00Z,2025-05-05,235.085,0.0,274.927,0.958,1650.0,0,0,0,0.004,0.009,0.012,0.008,0.015,0.067,0.004,0.022,0.043
2025-05-05T07:30Z,2025-05-05,234.712,0.0,274.927,0.972,1775.0,0,0,0,0.006,0.015,0.015,0.042,0.072,0.128,0.023,0.079,0.089
2025-05-05T08:00Z,2025-05-05,231.275,0.0,274.862,1.0,1900.0,0,0,0,0.007,0.015,0.016,0.025,0.07,0.11,0.014,0.065,0.063
2025-05-05T08:30Z,2025-05-05,233.552,0.0,274.904,0.979,2180.0,0,0,0,0.007,0.015,0.018,0.004,0.01,0.032,0.004,0.012,0.026
2025-05-05T10:00Z,2025-05-05,236.782,0.0,299.874,1.0,1890.0,0,0,0,0.005,0.008,0.013,0.002,0.005,0.011,0.002,0.003,0.006
2025-05-05T10:30Z,2025-05-05,238.87,0.0,299.914,0.993,1725.0,0,0,0,0.004,0.005,0.008,0.002,0.004,0.006,0.001,0.002,0.004
2025-05-05T11:00Z,2025-05-05,243.478,0.0,324.914,1.0,1560.0,0,0,0,0.004,0.006,0.008,0.001,0.004,0.004,0.001,0.002,0.003
2025-05-05T11:30Z,2025-05-05,244.367,0.0,324.94,0.993,1670.0,0,0,0,0.003,0.005,0.006,0.001,0.003,0.004,0.001,0.002,0.002
2025-05-05T12:00Z,2025-05-05,256.067,0.0,399.957,0.993,1780.0,0,0,0,0.003,0.005,0.006,0.005,0.005,0.006,0.005,0.007,0.002
2025-05-05T12:30Z,2025-05-05,270.836,0.0,549.961,0.979,1915.0,0,0,0,0.003,0.005,0.007,0.004,0.005,0.005,0.002,0.004,0.002
2025-05-05T13:00Z,2025-05-05,269.167,0.0,549.933,0.896,2050.0,0,0,0,0.003,0.005,0.009,0.003,0.006,0.005,0.001,0.003,0.003
2025-05-05T13:30Z,2025-05-05,277.14,0.0,649.97,0.903,2140.0,0,0,0,0.005,0.011,0.012,0.003,0.005,0.004,0.001,0.002,0.002
2025-05-05T14:00Z,2025-05-05,270.002,0.0,524.969,0.861,2230.0,0,0,0,0.006,0.012,0.018,0.002,0.005,0.006,0.001,0.003,0.004
2025-05-05T14:30Z,2025-05-05,251.831,0.0,374.934,0.743,2475.0,0,0,0,0.006,0.015,0.023,0.004,0.009,0.02,0.002,0.011,0.023
2025-05-05T15:00Z,2025-05-05,255.13,0.0,399.951,0.632,2720.0,0,0,0,0.006,0.015,0.022,0.006,0.024,0.021,0.003,0.017,0.023
2025-05-05T15:30Z,2025-05-05,257.148,0.0,424.926,0.521,2920.0,0,0,0,0.01,0.017,0.019,0.008,0.023,0.018,0.002,0.007,0.006
2025-05-05T16:00Z,2025-05-05,271.125,0.0,549.96,0.472,3120.0,0,0,0,0.01,0.015,0.011,0.004,0.006,0.004,0.003,0.003,0.002
2025-05-05T16:30Z,2025-05-05,273.036,0.0,575.0,0.465,3225.0,0,0,0,0.009,0.018,0.015,0.003,0.005,0.004,0.002,0.002,0.003
2025-05-05T17:00Z,2025-05-05,277.775,0.0,649.982,0.424,3330.0,0,0,0,0.008,0.015,0.014,0.002,0.005,0.005,0.001,0.002,0.004
2025-05-05T20:00Z,2025-05-05,284.315,0.0,724.977,0.403,3460.0,0,0,0,0.006,0.005,0.005,0.003,0.004,0.003,0.001,0.001,0.001
2025-05-05T20:30Z,2025-05-05,291.07,0.0,775.0,0.389,3470.0,0,0,0,0.006,0.006,0.005,0.002,0.004,0.003,0.001,0.001,0.001
2025-05-05T21:00Z,2025-05-05,,,,0.41,3480.0,0,0,0,0.007,0.006,0.006,0.002,0.004,0.003,0.001,0.001,0.001
2025-05-05T21:30Z,2025-05-05,289.356,0.0,774.982,0.41,3455.0,0,0,0,0.006,0.005,0.004,0.004,0.005,0.003,0.001,0.001,0.001
2025-05-05T22:00Z,2025-05-05,269.99,0.0,524.977,0.41,3430.0,0,0,0,0.007,0.007,0.007,0.006,0.006,0.008,0.004,0.002,0.005
2025-05-05T22:30Z,2025-05-05,266.651,0.0,499.957,0.5,3305.0,0,0,0,0.006,0.007,0.006,0.008,0.014,0.004,0.003,0.004,0.001
2025-05-05T23:00Z,2025-05-05,279.764,0.0,699.949,0.493,3180.0,0,0,0,0.006,0.008,0.007,0.003,0.003,0.003,0.001,0.002,0.003
2025-05-05T23:30Z,2025-05-05,277.33,0.0,674.948,0.569,2870.0,0,0,0,0.006,0.007,0.007,0.002,0.003,0.004,0.001,0.002,0.004
2025-05-07T00:00Z,2025-05-07,260.032,0.0,424.955,0.924,2710.0,0,0,0,0.005,0.007,0.007,0.003,0.004,0.004,0.002,0.002,0.001
2025-05-07T00:30Z,2025-05-07,265.366,0.0,499.921,0.861,2685.0,0,0,0,0.011,0.016,0.016,0.002,0.004,0.003,0.001,0.001,0.001
2025-05-07T01:00Z,2025-05-07,273.466,0.0,624.953,0.833,2660.0,0,0,0,0.012,0.016,0.017,0.002,0.004,0.003,0.001,0.001,0.002
2025-05-07T01:30Z,2025-05-07,288.166,0.0,774.974,0.757,2700.0,0,0,0,0.012,0.018,0.016,0.002,0.004,0.003,0.001,0.001,0.002
2025-05-07T02:00Z,2025-05-07,288.218,0.0,774.984,0.694,2740.0,0,0,0,0.012,0.018,0.016,0.002,0.004,0.003,0.001,0.001,0.002
2025-05-07T02:30Z,2025-05-07,291.007,0.0,775.016,0.646,2925.0,0,0,0,0.012,0.016,0.016,0.002,0.005,0.004,0.001,0.002,0.004
2025-05-07T03:00Z,2025-05-07,291.15,0.0,775.016,0.59,3110.0,0,0,0,0.014,0.024,0.019,0.002,0.004,0.004,0.001,0.002,0.005
2025-05-07T03:30Z,2025-05-07,292.313,0.0,775.032,0.625,3120.0,0,0,0,0.009,0.018,0.016,0.002,0.004,0.004,0.001,0.002,0.007
2025-05-07T04:00Z,2025-05-07,292.158,0.0,775.03,0.674,3130.0,0,0,0,0.009,0.022,0.02,0.002,0.005,0.004,0.001,0.002,0.005
2025-05-07T04:30Z,2025-05-07,293.951,0.0,775.062,0.549,2735.0,0,0,0,0.014,0.022,0.024,0.004,0.007,0.009,0.002,0.003,0.008
2025-05-07T05:00Z,2025-05-07,290.007,0.0,775.004,0.667,2340.0,0,0,0,0.019,0.024,0.021,0.004,0.008,0.005,0.002,0.003,0.004
2025-05-07T05:30Z,2025-05-07,286.306,0.0,749.977,0.694,2060.0,0,0,0,0.016,0.017,0.012,0.007,0.01,0.011,0.003,0.004,0.006
2025-05-07T06:00Z,2025-05-07,269.414,0.0,524.946,0.743,1780.0,0,0,0,0.021,0.023,0.019,0.009,0.021,0.028,0.008,0.021,0.022
2025-05-07T06:30Z,2025-05-07,262.07,0.0,449.939,0.806,1805.0,0,0,0,0.017,0.023,0.027,0.008,0.025,0.02,0.003,0.008,0.012
2025-05-07T07:00Z,2025-05-07,250.025,0.0,349.957,0.854,1830.0,0,0,0,0.033,0.038,0.047,0.03,0.042,0.041,0.012,0.016,0.024
2025-05-07T07:30Z,2025-05-07,243.567,0.0,324.898,0.875,2470.0,0,0,0,0.027,0.045,0.057,0.037,0.059,0.066,0.025,0.025,0.037
2025-05-07T08:00Z,2025-05-07,241.407,0.0,299.946,0.903,3110.0,0,0,0,0.008,0.018,0.027,0.017,0.041,0.06,0.009,0.017,0.031
2025-05-07T08:30Z,2025-05-07,242.669,0.0,324.889,0.903,3565.0,0,0,0,0.008,0.024,0.038,0.003,0.013,0.027,0.002,0.008,0.015
2025-05-07T09:00Z,2025-05-07,250.429,0.0,349.964,0.903,4020.0,0,0,0,0.009,0.02,0.028,0.006,0.014,0.029,0.008,0.013,0.016
2025-05-07T09:30Z,2025-05-07,254.481,0.0,399.906,0.931,3900.0,0,0,0,0.011,0.02,0.028,0.004,0.01,0.019,0.003,0.006,0.011
2025-05-07T10:00Z,2025-05-07,252.288,0.0,374.923,0.979,3780.0,0,0,0,0.01,0.02,0.028,0.006,0.011,0.011,0.003,0.006,0.007
2025-05-07T10:30Z,2025-05-07,258.852,0.0,424.93,0.951,3725.0,0,0,0,0.008,0.015,0.022,0.008,0.012,0.011,0.003,0.005,0.004
2025-05-07T11:00Z,2025-05-07,265.524,0.0,474.96,0.917,3670.0,0,0,0,0.007,0.012,0.019,0.008,0.01,0.009,0.003,0.003,0.003
2025-05-07T11:30Z,2025-05-07,257.372,0.0,399.953,0.924,3575.0,0,0,0,0.005,0.007,0.01,0.007,0.01,0.008,0.002,0.003,0.004
2025-05-07T12:00Z,2025-05-07,264.808,0.0,474.934,0.847,3480.0,0,0,0,0.005,0.008,0.011,0.007,0.011,0.016,0.002,0.004,0.007
2025-05-07T12:30Z,2025-05-07,223.441,0.0,224.906,0.771,3440.0,0,0,0,0.004,0.008,0.01,0.033,0.071,0.052,0.007,0.022,0.029
2025-05-07T13:00Z,2025-05-07,227.926,0.0,249.887,0.764,3400.0,0,0,0,0.004,0.006,0.007,0.025,0.063,0.035,0.007,0.016,0.012
2025-05-07T13:30Z,2025-05-07,228.676,0.0,249.901,0.778,3355.0,0,0,0,0.004,0.007,0.008,0.004,0.01,0.006,0.001,0.002,0.002
2025-05-07T14:00Z,2025-05-07,245.67,0.0,324.946,0.778,3310.0,0,0,0,0.005,0.007,0.008,0.005,0.01,0.012,0.002,0.003,0.008
2025-05-07T14:30Z,2025-05-07,257.805,0.0,424.917,0.792,3420.0,0,0,0,0.004,0.007,0.008,0.005,0.013,0.007,0.002,0.003,0.003
2025-05-07T15:00Z,2025-05-07,242.363,0.0,299.953,0.771,3530.0,0,0,0,0.006,0.006,0.007,0.009,0.01,0.008,0.004,0.005,0.009
2025-05-07T15:30Z,2025-05-07,236.954,0.0,274.949,0.715,3600.0,0,0,0,0.006,0.006,0.007,0.023,0.016,0.026,0.025,0.012,0.024
2025-05-07T16:00Z,2025-05-07,243.029,0.0,324.9,0.701,3670.0,0,0,0,0.007,0.007,0.011,0.019,0.038,0.027,0.007,0.02,0.017
2025-05-07T16:30Z,2025-05-07,227.353,0.0,249.875,0.715,3710.0,0,0,0,0.007,0.008,0.008,0.064,0.063,0.052,0.032,0.025,0.014
2025-05-07T17:00Z,2025-05-07,228.731,0.0,249.904,0.743,3750.0,0,0,0,0.006,0.006,0.006,0.037,0.056,0.047,0.013,0.019,0.008
2025-05-07T20:00Z,2025-05-07,238.397,0.0,299.896,0.965,2980.0,0,0,0,0.004,0.004,0.005,0.004,0.005,0.004,0.002,0.001,0.001
2025-05-07T20:30Z,2025-05-07,241.48,0.0,299.947,0.979,2885.0,0,0,0,0.004,0.005,0.005,0.002,0.005,0.004,0.001,0.001,0.001
2025-05-07T21:00Z,2025-05-07,248.344,0.0,349.924,0.986,2790.0,0,0,0,0.003,0.004,0.005,0.002,0.004,0.004,0.001,0.001,0.001
2025-05-07T21:30Z,2025-05-07,256.576,0.0,399.957,1.0,2570.0,0,0,0,0.003,0.003,0.004,0.002,0.003,0.002,0.001,0.001,0.001
2025-05-07T22:00Z,2025-05-07,257.581,0.0,424.921,1.0,2350.0,0,0,0,0.003,0.003,0.004,0.001,0.002,0.002,0.001,0.001,0.001
2025-05-07T22:30Z,2025-05-07,251.699,0.0,374.916,0.993,2250.0,0,0,0,0.003,0.003,0.004,0.001,0.003,0.005,0.001,0.001,0.001
2025-05-07T23:00Z,2025-05-07,253.953,0.0,399.91,0.979,2150.0,0,0,0,0.003,0.003,0.004,0.001,0.002,0.002,0.0,0.001,0.001
2025-05-07T23:30Z,2025-05-07,254.769,0.0,399.915,0.979,1990.0,0,0,0,0.003,0.003,0.004,0.001,0.002,0.002,0.0,0.001,0.001
2025-05-09T00:00Z,2025-05-09,264.054,0.0,474.954,0.556,1160.0,0,0,0,0.002,0.002,0.002,0.001,0.001,0.001,0.001,0.001,0.001
2025-05-09T00:30Z,2025-05-09,273.556,0.0,599.95,0.542,1070.0,0,0,0,0.002,0.001,0.002,0.001,0.001,0.001,0.001,0.001,0.001
2025-05-09T01:00Z,2025-05-09,273.408,0.0,599.947,0.514,980.0,0,0,0,0.002,0.001,0.002,0.001,0.001,0.001,0.001,0.001,0.001
2025-05-09T01:30Z,2025-05-09,276.91,0.0,649.97,0.507,825.0,0,0,0,0.001,0.001,0.002,0.001,0.001,0.001,0.001,0.001,0.001
2025-05-09T02:00Z,2025-05-09,277.578,0.0,649.963,0.444,670.0,0,0,0,0.001,0.001,0.002,0.001,0.001,0.0,0.001,0.001,0.001
2025-05-09T02:30Z,2025-05-09,284.023,0.0,724.977,0.438,670.0,0,0,0,0.001,0.001,0.002,0.001,0.001,0.0,0.001,0.001,0.001
2025-05-09T03:00Z,2025-05-09,284.793,0.0,749.956,0.417,670.0,0,0,0,0.001,0.001,0.002,0.001,0.001,0.0,0.001,0.001,0.001
2025-05-09T03:30Z,2025-05-09,285.593,0.0,749.968,0.361,950.0,0,0,0,0.001,0.001,0.001,0.001,0.0,0.0,0.001,0.0,0.001
2025-05-09T04:00Z,2025-05-09,287.391,0.0,774.977,0.326,1230.0,0,0,0,0.001,0.001,0.002,0.001,0.0,0.0,0.001,0.0,0.001
2025-05-09T04:30Z,2025-05-09,285.051,0.0,749.972,0.361,1350.0,0,0,0,0.001,0.001,0.002,0.001,0.001,0.001,0.001,0.001,0.001
2025-05-09T05:00Z,2025-05-09,282.708,0.0,699.964,0.479,1470.0,0,0,0,0.001,0.001,0.002,0.001,0.001,0.001,0.001,0.001,0.001
2025-05-09T05:30Z,2025-05-09,277.88,0.0,649.943,0.486,1310.0,0,0,0,0.001,0.001,0.002,0.001,0.001,0.001,0.002,0.001,0.002
2025-05-09T06:00Z,2025-05-09,276.787,0.0,624.961,0.458,1150.0,0,0,0,0.001,0.001,0.002,0.001,0.0,0.001,0.001,0.001,0.001
2025-05-09T06:30Z,2025-05-09,278.245,0.0,649.955,0.556,1070.0,0,0,0,0.001,0.001,0.002,0.001,0.0,0.001,0.001,0.001,0.001
2025-05-09T07:00Z,2025-05-09,280.069,0.0,674.95,0.472,990.0,0,0,0,0.004,0.005,0.012,0.002,0.002,0.003,0.001,0.002,0.004
2025-05-09T07:30Z,2025-05-09,279.82,0.0,674.961,0.493,1325.0,0,0,0,0.003,0.004,0.012,0.002,0.002,0.003,0.001,0.002,0.003
2025-05-09T08:00Z,2025-05-09,282.056,0.0,699.951,0.562,1660.0,0,0,0,0.003,0.005,0.013,0.002,0.002,0.002,0.001,0.002,0.003
2025-05-09T08:30Z,2025-05-09,282.019,0.0,699.95,0.5,2035.0,0,0,0,0.004,0.006,0.014,0.002,0.003,0.003,0.002,0.003,0.005
2025-05-09T09:00Z,2025-05-09,285.462,0.0,749.951,0.514,2410.0,0,0,0,0.005,0.008,0.025,0.003,0.005,0.004,0.002,0.005,0.006
2025-05-09T09:30Z,2025-05-09,290.579,0.0,775.01,0.479,2340.0,0,0,0,0.006,0.008,0.028,0.003,0.005,0.004,0.002,0.005,0.006
2025-05-09T10:00Z,2025-05-09,288.517,0.0,774.974,0.465,2270.0,0,0,0,0.007,0.01,0.031,0.003,0.007,0.006,0.002,0.006,0.008
2025-05-09T10:30Z,2025-05-09,285.337,0.0,749.951,0.354,2350.0,0,0,0,0.005,0.008,0.019,0.002,0.009,0.009,0.002,0.007,0.008
2025-05-09T11:00Z,2025-05-09,288.989,0.0,774.994,0.299,2430.0,0,0,0,0.002,0.002,0.004,0.001,0.003,0.001,0.001,0.002,0.002
2025-05-09T11:30Z,2025-05-09,288.932,0.0,774.993,0.208,2645.0,0,0,0,0.004,0.003,0.006,0.002,0.004,0.003,0.002,0.004,0.003
2025-05-09T12:00Z,2025-05-09,289.725,0.0,775.004,0.194,2860.0,0,0,0,0.004,0.004,0.007,0.002,0.003,0.002,0.002,0.003,0.003
2025-05-09T12:30Z,2025-05-09,288.912,0.0,774.993,0.167,2905.0,0,0,0,0.004,0.003,0.006,0.002,0.004,0.004,0.002,0.004,0.004
2025-05-09T13:00Z,2025-05-09,289.388,0.0,774.999,0.194,2950.0,0,0,0,0.003,0.004,0.006,0.002,0.004,0.004,0.001,0.003,0.004
2025-05-09T13:30Z,2025-05-09,,,,0.181,3195.0,0,0,0,0.004,0.004,0.006,0.002,0.003,0.003,0.003,0.003,0.004
2025-05-09T14:00Z,2025-05-09,,,,0.188,3440.0,0,0,0,0.003,0.002,0.006,0.002,0.002,0.002,0.002,0.002,0.003
2025-05-09T14:30Z,2025-05-09,,,,0.167,3540.0,0,0,0,0.002,0.001,0.005,0.002,0.002,0.001,0.002,0.001,0.002
2025-05-09T15:00Z,2025-05-09,,,,0.139,3640.0,0,0,0,0.001,0.001,0.003,0.001,0.001,0.001,0.001,0.001,0.001
2025-05-09T15:30Z,2025-05-09,,,,0.104,3725.0,0,0,0,0.002,0.004,0.011,0.002,0.003,0.004,0.002,0.002,0.004
2025-05-09T16:00Z,2025-05-09,,,,0.083,3810.0,0,0,0,0.002,0.004,0.011,0.002,0.002,0.003,0.002,0.001,0.002
2025-05-09T16:30Z,2025-05-09,,,,0.125,3870.0,0,0,0,0.002,0.004,0.01,0.001,0.002,0.002,0.002,0.001,0.002
2025-05-09T17:00Z,2025-05-09,,,,0.146,3930.0,0,0,0,0.002,0.004,0.008,0.001,0.001,0.002,0.002,0.001,0.001
2025-05-09T20:00Z,2025-05-09,276.513,0.0,625.0,0.333,3820.0,0,0,0,0.002,0.002,0.006,0.001,0.001,0.001,0.001,0.001,0.001
2025-05-09T20:30Z,2025-05-09,273.798,0.0,575.0,0.361,3305.0,0,0,0,0.006,0.005,0.01,0.002,0.002,0.002,0.001,0.001,0.001
2025-05-09T21:00Z,2025-05-09,266.564,0.0,475.0,0.382,2790.0,0,0,0,0.01,0.008,0.014,0.004,0.007,0.007,0.004,0.009,0.005
2025-05-09T21:30Z,2025-05-09,276.241,0.0,649.946,0.417,2655.0,0,0,0,0.012,0.009,0.014,0.003,0.002,0.001,0.001,0.001,0.001
2025-05-09T22:00Z,2025-05-09,276.557,0.0,624.974,0.368,2520.0,0,0,0,0.003,0.004,0.006,0.001,0.001,0.001,0.001,0.001,0.001
2025-05-09T22:30Z,2025-05-09,263.342,0.0,474.919,0.361,2435.0,0,0,0,0.003,0.003,0.005,0.004,0.008,0.009,0.003,0.009,0.006
2025-05-09T23:00Z,2025-05-09,274.907,0.0,599.968,0.375,2350.0,0,0,0,0.003,0.003,0.005,0.001,0.002,0.002,0.002,0.003,0.002
2025-05-09T23:30Z,2025-05-09,268.074,0.0,524.939,0.354,2290.0,0,0,0,0.002,0.003,0.005,0.001,0.002,0.003,0.003,0.003,0.002
2025-05-11T00:00Z,2025-05-11,283.343,0.0,724.961,0.215,1950.0,0,0,0,0.005,0.003,0.005,0.002,0.001,0.001,0.001,0.001,0.001
2025-05-11T00:30Z,2025-05-11,264.412,0.0,474.945,0.236,1875.0,0,0,0,0.004,0.003,0.006,0.003,0.003,0.003,0.003,0.003,0.003
2025-05-11T01:00Z,2025-05-11,269.76,0.0,549.944,0.215,1800.0,0,0,0,0.001,0.001,0.005,0.002,0.002,0.002,0.002,0.002,0.002
2025-05-11T01:30Z,2025-05-11,278.725,0.0,649.974,0.188,1760.0,0,0,0,0.002,0.003,0.009,0.002,0.002,0.002,0.001,0.002,0.003
2025-05-11T02:00Z,2025-05-11,287.735,0.0,774.987,0.188,1720.0,0,0,0,0.003,0.003,0.009,0.001,0.002,0.002,0.002,0.002,0.003
2025-05-11T02:30Z,2025-05-11,289.771,0.0,775.024,0.16,1830.0,0,0,0,0.002,0.004,0.009,0.001,0.001,0.002,0.001,0.002,0.003
2025-05-11T03:00Z,2025-05-11,289.633,0.0,775.017,0.153,1940.0,0,0,0,0.001,0.003,0.008,0.001,0.001,0.003,0.001,0.002,0.005
2025-05-11T03:30Z,2025-05-11,292.59,0.0,775.07,0.146,1995.0,0,0,0,0.001,0.001,0.002,0.001,0.001,0.001,0.001,0.001,0.001
2025-05-11T04:00Z,2025-05-11,,,,0.167,2050.0,0,0,0,0.001,0.001,0.003,0.001,0.001,0.001,0.001,0.001,0.001
2025-05-11T04:30Z,2025-05-11,296.844,0.0,775.145,0.188,2005.0,0,0,0,0.001,0.001,0.003,0.001,0.001,0.001,0.001,0.001,0.002
2025-05-11T05:00Z,2025-05-11,296.564,0.0,775.145,0.201,1960.0,0,0,0,0.001,0.002,0.003,0.001,0.001,0.001,0.001,0.001,0.002
2025-05-11T05:30Z,2025-05-11,292.489,0.0,775.067,0.257,2175.0,0,0,0,0.001,0.002,0.004,0.002,0.002,0.002,0.004,0.003,0.003
2025-05-11T06:00Z,2025-05-11,293.295,0.0,775.082,0.361,2390.0,0,0,0,0.004,0.005,0.007,0.001,0.002,0.002,0.001,0.002,0.003
2025-05-11T06:30Z,2025-05-11,292.402,0.0,775.065,0.472,2355.0,0,0,0,0.002,0.002,0.005,0.001,0.001,0.001,0.001,0.001,0.002
2025-05-11T07:00Z,2025-05-11,280.302,0.0,674.948,0.493,2320.0,0,0,1,0.002,0.002,0.004,0.003,0.002,0.002,0.004,0.005,0.002
2025-05-11T07:30Z,2025-05-11,235.676,0.0,274.939,0.521,2315.0,0,1,1,0.002,0.002,0.004,0.027,0.009,0.009,0.028,0.011,0.009
2025-05-11T08:00Z,2025-05-11,226.623,0.0,249.864,0.556,2310.0,1,1,1,0.002,0.003,0.007,0.054,0.021,0.022,0.039,0.03,0.019
2025-05-11T08:30Z,2025-05-11,218.02,0.056,199.924,0.604,2870.0,1,1,1,0.002,0.002,0.006,0.153,0.116,0.06,0.618,0.295,0.177
2025-05-11T10:30Z,2025-05-11,219.591,0.059,224.844,0.556,3425.0,0,0,0,0.006,0.012,0.022,0.011,0.022,0.029,0.012,0.021,0.034
2025-05-11T11:00Z,2025-05-11,224.116,0.0,224.923,0.535,3390.0,0,0,0,0.008,0.011,0.022,0.002,0.003,0.004,0.004,0.004,0.007
2025-05-11T11:30Z,2025-05-11,232.958,0.0,274.88,0.507,3675.0,0,0,0,0.007,0.012,0.021,0.005,0.003,0.004,0.003,0.006,0.006
2025-05-11T12:00Z,2025-05-11,238.559,0.0,299.898,0.438,3960.0,0,0,0,0.003,0.003,0.005,0.001,0.001,0.001,0.003,0.003,0.001
2025-05-11T12:30Z,2025-05-11,253.563,0.0,374.955,0.382,3745.0,0,0,0,0.003,0.003,0.004,0.001,0.001,0.001,0.002,0.002,0.001
2025-05-11T13:00Z,2025-05-11,269.446,0.0,524.954,0.368,3530.0,0,0,0,0.013,0.016,0.05,0.002,0.004,0.011,0.002,0.008,0.015
2025-05-11T13:30Z,2025-05-11,276.916,0.0,600.0,0.354,3690.0,0,0,0,0.014,0.019,0.052,0.004,0.005,0.011,0.003,0.007,0.014
2025-05-11T14:00Z,2025-05-11,283.816,0.0,724.963,0.306,3850.0,0,0,0,0.011,0.016,0.058,0.006,0.007,0.012,0.003,0.008,0.016
2025-05-11T14:30Z,2025-05-11,282.446,0.0,699.972,0.278,3830.0,0,0,0,0.011,0.015,0.055,0.005,0.012,0.037,0.004,0.012,0.044
2025-05-11T15:00Z,2025-05-11,286.72,0.0,749.981,0.236,3810.0,0,0,0,0.009,0.019,0.059,0.005,0.01,0.019,0.003,0.007,0.028
2025-05-11T15:30Z,2025-05-11,,,,0.188,3690.0,0,0,0,0.008,0.014,0.051,0.004,0.007,0.014,0.003,0.005,0.015
2025-05-11T16:00Z,2025-05-11,,,,0.181,3570.0,0,0,0,0.006,0.008,0.033,0.003,0.004,0.006,0.002,0.003,0.006
2025-05-11T16:30Z,2025-05-11,,,,0.146,3760.0,0,0,0,0.001,0.001,0.003,0.001,0.001,0.001,0.001,0.001,0.001
2025-05-11T17:00Z,2025-05-11,,,,0.146,3950.0,0,0,0,0.001,0.001,0.002,0.001,0.001,0.001,0.001,0.001,0.001
2025-05-11T20:00Z,2025-05-11,,,,0.111,4000.0,0,0,0,0.003,0.005,0.009,0.001,0.001,0.001,0.001,0.001,0.001
2025-05-11T20:30Z,2025-05-11,291.518,0.0,775.044,0.097,4070.0,0,0,0,0.003,0.005,0.009,0.001,0.002,0.002,0.001,0.002,0.001
2025-05-11T21:00Z,2025-05-11,,,,0.076,4140.0,0,0,0,0.004,0.005,0.009,0.001,0.001,0.001,0.002,0.002,0.001
2025-05-11T21:30Z,2025-05-11,,,,0.076,3990.0,0,0,0,0.003,0.004,0.008,0.001,0.002,0.002,0.001,0.001,0.001
2025-05-11T22:00Z,2025-05-11,,,,0.056,3840.0,0,0,0,0.002,0.003,0.008,0.001,0.001,0.001,0.001,0.001,0.001
2025-05-11T22:30Z,2025-05-11,,,,0.062,3705.0,0,0,0,0.002,0.003,0.008,0.001,0.002,0.001,0.001,0.001,0.001
2025-05-11T23:00Z,2025-05-11,,,,0.042,3570.0,0,0,0,0.001,0.001,0.002,0.001,0.001,0.001,0.001,0.001,0.001
2025-05-11T23:30Z,2025-05-11,,,,0.035,3280.0,0,0,0,0.002,0.001,0.002,0.001,0.001,0.001,0.001,0.001,0.001
2025-05-13T00:00Z,2025-05-13,275.086,0.0,599.951,0.66,1010.0,0,0,0,0.003,0.003,0.007,0.002,0.002,0.003,0.001,0.002,0.003
2025-05-13T00:30Z,2025-05-13,281.212,0.0,674.951,0.694,835.0,0,0,0,0.002,0.003,0.005,0.002,0.003,0.003,0.001,0.002,0.003
2025-05-13T01:00Z,2025-05-13,280.085,0.0,649.975,0.646,660.0,0,0,0,0.002,0.002,0.003,0.002,0.003,0.004,0.001,0.002,0.003
2025-05-13T01:30Z,2025-05-13,279.872,0.0,625.0,0.708,630.0,0,0,0,0.002,0.003,0.004,0.002,0.003,0.003,0.001,0.002,0.003
2025-05-13T02:00Z,2025-05-13,278.302,0.0,624.975,0.771,600.0,0,0,0,0.002,0.003,0.004,0.002,0.003,0.003,0.001,0.002,0.004
2025-05-13T02:30Z,2025-05-13,270.134,0.0,549.943,0.757,690.0,0,0,0,0.002,0.002,0.004,0.003,0.003,0.004,0.001,0.004,0.005
2025-05-13T03:00Z,2025-05-13,262.434,0.0,449.974,0.736,780.0,0,0,0,0.003,0.004,0.005,0.002,0.004,0.005,0.001,0.005,0.006
2025-05-13T03:30Z,2025-05-13,259.548,0.0,424.946,0.757,910.0,0,0,0,0.004,0.005,0.009,0.005,0.01,0.01,0.002,0.012,0.011
2025-05-13T04:00Z,2025-05-13,257.409,0.0,399.959,0.736,1040.0,0,0,0,0.004,0.005,0.009,0.006,0.011,0.016,0.001,0.008,0.01
2025-05-13T04:30Z,2025-05-13,247.244,0.0,349.9,0.722,1125.0,0,0,0,0.004,0.006,0.011,0.008,0.013,0.019,0.002,0.014,0.014
2025-05-13T05:00Z,2025-05-13,243.019,0.0,324.895,0.771,1210.0,0,0,0,0.004,0.006,0.009,0.003,0.005,0.009,0.001,0.005,0.008
2025-05-13T05:30Z,2025-05-13,244.705,0.0,324.92,0.764,1295.0,0,0,0,0.006,0.007,0.009,0.003,0.004,0.007,0.001,0.003,0.006
2025-05-13T06:00Z,2025-05-13,244.119,0.0,324.91,0.778,1380.0,0,0,0,0.006,0.008,0.01,0.004,0.005,0.007,0.001,0.003,0.007
2025-05-13T06:30Z,2025-05-13,245.535,0.0,324.935,0.84,1220.0,0,0,0,0.006,0.008,0.01,0.002,0.003,0.005,0.001,0.002,0.006
2025-05-13T07:00Z,2025-05-13,247.527,0.0,349.902,0.875,1060.0,0,0,0,0.006,0.009,0.017,0.003,0.005,0.009,0.001,0.002,0.008
2025-05-13T07:30Z,2025-05-13,243.793,0.0,324.903,0.917,1595.0,0,0,0,0.014,0.032,0.037,0.006,0.01,0.019,0.002,0.007,0.016
2025-05-13T08:00Z,2025-05-13,246.762,0.0,349.893,0.924,2130.0,0,0,0,0.021,0.038,0.039,0.006,0.009,0.019,0.003,0.007,0.019
2025-05-13T08:30Z,2025-05-13,248.762,0.0,349.922,0.917,2040.0,0,0,0,0.017,0.025,0.027,0.007,0.013,0.024,0.003,0.009,0.02
2025-05-13T09:00Z,2025-05-13,248.829,0.0,349.919,0.882,1950.0,0,0,0,0.016,0.027,0.029,0.018,0.035,0.053,0.014,0.031,0.027
2025-05-13T09:30Z,2025-05-13,251.845,0.0,374.903,0.868,1780.0,0,0,0,0.013,0.018,0.027,0.004,0.006,0.009,0.002,0.007,0.012
2025-05-13T10:00Z,2025-05-13,250.0,0.0,349.943,0.889,1610.0,0,0,0,0.025,0.041,0.053,0.004,0.007,0.016,0.002,0.008,0.017
2025-05-13T10:30Z,2025-05-13,257.302,0.0,399.951,0.868,1740.0,0,0,0,0.021,0.043,0.051,0.006,0.01,0.022,0.004,0.008,0.018
2025-05-13T11:00Z,2025-05-13,260.638,0.0,424.964,0.875,1870.0,0,0,0,0.024,0.041,0.055,0.005,0.008,0.016,0.004,0.009,0.014
2025-05-13T11:30Z,2025-05-13,266.107,0.0,499.934,0.84,2010.0,0,0,0,0.026,0.045,0.053,0.003,0.007,0.012,0.003,0.006,0.013
2025-05-13T12:00Z,2025-05-13,269.111,0.0,524.952,0.826,2150.0,0,0,0,0.026,0.045,0.052,0.005,0.008,0.013,0.006,0.009,0.014
2025-05-13T12:30Z,2025-05-13,273.147,0.0,574.953,0.826,2260.0,0,0,0,0.029,0.059,0.063,0.004,0.009,0.016,0.003,0.009,0.018
2025-05-13T13:00Z,2025-05-13,279.64,0.0,649.96,0.812,2370.0,0,0,0,0.027,0.044,0.043,0.005,0.01,0.018,0.003,0.012,0.018
2025-05-13T13:30Z,2025-05-13,283.192,0.0,699.963,0.757,2635.0,0,0,0,0.027,0.056,0.063,0.004,0.01,0.02,0.003,0.01,0.018
2025-05-13T14:00Z,2025-05-13,281.637,0.0,674.966,0.618,2900.0,0,0,0,0.028,0.059,0.063,0.004,0.01,0.024,0.003,0.01,0.02
2025-05-13T14:30Z,2025-05-13,287.687,0.0,749.956,0.493,3025.0,0,0,0,0.011,0.03,0.036,0.005,0.012,0.017,0.004,0.01,0.011
2025-05-13T15:00Z,2025-05-13,286.721,0.0,724.973,0.507,3150.0,0,0,0,0.011,0.019,0.023,0.01,0.014,0.017,0.008,0.012,0.011
2025-05-13T15:30Z,2025-05-13,288.631,0.0,749.974,0.486,3170.0,0,0,0,0.013,0.024,0.027,0.014,0.018,0.017,0.008,0.009,0.013
2025-05-13T16:00Z,2025-05-13,289.951,0.0,774.96,0.417,3190.0,0,0,0,0.011,0.018,0.021,0.009,0.012,0.011,0.003,0.006,0.008
2025-05-13T16:30Z,2025-05-13,290.314,0.0,774.967,0.389,3150.0,0,0,0,0.012,0.022,0.027,0.008,0.01,0.012,0.002,0.006,0.01
2025-05-13T17:00Z,2025-05-13,288.891,0.0,774.96,0.431,3110.0,0,0,0,0.011,0.018,0.018,0.005,0.01,0.014,0.002,0.005,0.014
2025-05-13T20:00Z,2025-05-13,283.564,0.0,724.947,0.514,2440.0,0,0,0,0.009,0.011,0.016,0.004,0.005,0.006,0.003,0.004,0.007
2025-05-13T20:30Z,2025-05-13,288.46,0.0,774.957,0.528,2505.0,0,0,0,0.009,0.011,0.015,0.003,0.004,0.005,0.002,0.003,0.006
2025-05-13T21:00Z,2025-05-13,287.121,0.0,749.972,0.493,2570.0,0,0,0,0.005,0.007,0.01,0.003,0.003,0.004,0.001,0.003,0.005
2025-05-13T21:30Z,2025-05-13,286.484,0.0,749.962,0.444,2885.0,0,0,0,0.006,0.008,0.01,0.004,0.004,0.004,0.001,0.003,0.005
2025-05-13T22:00Z,2025-05-13,283.938,0.0,724.965,0.472,3200.0,0,0,0,0.006,0.009,0.011,0.003,0.003,0.004,0.001,0.003,0.007
2025-05-13T22:30Z,2025-05-13,277.112,0.0,649.948,0.417,3155.0,0,0,0,0.007,0.009,0.011,0.004,0.004,0.006,0.002,0.004,0.007
2025-05-13T23:00Z,2025-05-13,277.858,0.0,649.965,0.361,3110.0,0,0,0,0.007,0.011,0.012,0.005,0.005,0.005,0.003,0.004,0.007
2025-05-13T23:30Z,2025-05-13,276.553,0.0,624.976,0.424,3400.0,0,0,0,0.009,0.012,0.014,0.004,0.004,0.005,0.001,0.003,0.005
2025-05-15T00:00Z,2025-05-15,275.741,0.0,599.963,0.812,2560.0,0,0,0,0.007,0.01,0.013,0.011,0.01,0.006,0.003,0.006,0.009
2025-05-15T00:30Z,2025-05-15,262.654,0.0,449.967,0.778,2385.0,0,0,0,0.005,0.005,0.007,0.007,0.005,0.005,0.002,0.003,0.005
2025-05-15T01:00Z,2025-05-15,262.707,0.0,474.918,0.771,2210.0,0,0,0,0.004,0.004,0.006,0.004,0.004,0.003,0.001,0.003,0.005
2025-05-15T01:30Z,2025-05-15,259.543,0.0,424.954,0.771,2040.0,0,0,0,0.005,0.004,0.006,0.003,0.003,0.003,0.001,0.002,0.005
2025-05-15T02:00Z,2025-05-15,268.253,0.0,524.952,0.743,1870.0,0,0,0,0.005,0.004,0.006,0.002,0.003,0.003,0.001,0.002,0.005
2025-05-15T02:30Z,2025-05-15,265.653,0.0,499.946,0.819,1850.0,0,0,0,0.005,0.004,0.006,0.003,0.003,0.005,0.001,0.003,0.005
2025-05-15T03:00Z,2025-05-15,269.935,0.0,549.936,0.778,1830.0,0,0,0,0.004,0.004,0.006,0.003,0.003,0.004,0.001,0.002,0.004
2025-05-15T03:30Z,2025-05-15,273.503,0.0,574.964,0.819,1705.0,0,0,0,0.004,0.003,0.006,0.002,0.003,0.003,0.001,0.002,0.003
2025-05-15T04:00Z,2025-05-15,276.137,0.0,599.972,0.757,1580.0,0,0,0,0.003,0.003,0.005,0.002,0.002,0.002,0.001,0.002,0.003
2025-05-15T04:30Z,2025-05-15,279.992,0.0,649.959,0.736,1435.0,0,0,0,0.004,0.004,0.007,0.002,0.003,0.003,0.001,0.002,0.004
2025-05-15T05:00Z,2025-05-15,271.334,0.0,549.962,0.778,1290.0,0,0,0,0.006,0.005,0.01,0.003,0.004,0.004,0.001,0.003,0.005
2025-05-15T05:30Z,2025-05-15,276.219,0.0,599.973,0.778,1225.0,0,0,0,0.004,0.006,0.01,0.003,0.003,0.003,0.001,0.003,0.005
2025-05-15T06:00Z,2025-05-15,277.396,0.0,624.956,0.694,1160.0,0,0,0,0.005,0.007,0.011,0.003,0.003,0.003,0.002,0.004,0.005
2025-05-15T06:30Z,2025-05-15,281.8,0.0,674.965,0.694,1405.0,0,0,0,0.015,0.023,0.043,0.005,0.006,0.01,0.003,0.007,0.016
2025-05-15T07:00Z,2025-05-15,285.921,0.0,724.977,0.674,1650.0,0,0,0,0.02,0.028,0.042,0.004,0.007,0.012,0.001,0.006,0.016
2025-05-15T07:30Z,2025-05-15,288.305,0.0,749.982,0.667,2190.0,0,0,0,0.018,0.035,0.056,0.004,0.008,0.015,0.002,0.009,0.018
2025-05-15T08:00Z,2025-05-15,287.163,0.0,749.977,0.632,2730.0,0,0,0,0.022,0.027,0.026,0.004,0.007,0.011,0.002,0.009,0.015
2025-05-15T08:30Z,2025-05-15,291.322,0.0,775.0,0.597,2245.0,0,0,0,0.013,0.02,0.029,0.004,0.007,0.008,0.002,0.008,0.011
2025-05-15T09:00Z,2025-05-15,291.334,0.0,775.005,0.514,1760.0,0,0,0,0.013,0.019,0.03,0.004,0.006,0.008,0.002,0.005,0.01
2025-05-15T09:30Z,2025-05-15,287.407,0.0,774.95,0.465,2085.0,0,0,0,0.014,0.017,0.023,0.008,0.008,0.011,0.005,0.008,0.016
2025-05-15T10:00Z,2025-05-15,289.607,0.0,774.984,0.451,2410.0,0,0,0,0.011,0.017,0.019,0.01,0.009,0.008,0.006,0.006,0.01
2025-05-15T10:30Z,2025-05-15,289.483,0.0,774.981,0.368,2295.0,0,0,0,0.008,0.011,0.015,0.011,0.009,0.01,0.005,0.006,0.011
2025-05-15T11:00Z,2025-05-15,288.081,0.0,774.955,0.368,2180.0,0,0,0,0.008,0.01,0.015,0.009,0.007,0.006,0.003,0.004,0.007
2025-05-15T11:30Z,2025-05-15,288.735,0.0,774.964,0.354,2250.0,0,0,0,0.008,0.011,0.015,0.006,0.006,0.006,0.002,0.004,0.007
2025-05-15T12:00Z,2025-05-15,287.041,0.0,749.98,0.368,2320.0,0,0,0,0.022,0.036,0.036,0.009,0.01,0.018,0.005,0.007,0.017
2025-05-15T12:30Z,2025-05-15,270.39,0.0,549.936,0.396,2820.0,0,0,0,0.021,0.034,0.036,0.032,0.031,0.039,0.022,0.039,0.032
2025-05-15T13:00Z,2025-05-15,280.81,0.0,674.969,0.403,3320.0,0,0,0,0.022,0.034,0.036,0.007,0.01,0.012,0.004,0.005,0.012
2025-05-15T13:30Z,2025-05-15,278.466,0.0,649.951,0.451,3545.0,0,0,0,0.023,0.037,0.038,0.007,0.011,0.014,0.005,0.008,0.014
2025-05-15T14:00Z,2025-05-15,285.643,0.0,724.972,0.514,3770.0,0,0,0,0.023,0.037,0.033,0.006,0.01,0.015,0.004,0.007,0.015
2025-05-15T14:30Z,2025-05-15,285.679,0.0,724.973,0.479,3755.0,0,0,0,0.023,0.032,0.035,0.007,0.012,0.019,0.004,0.009,0.018
2025-05-15T15:00Z,2025-05-15,286.535,0.0,749.955,0.535,3740.0,0,0,0,0.013,0.024,0.021,0.007,0.012,0.015,0.004,0.008,0.016
2025-05-15T15:30Z,2025-05-15,283.23,0.0,699.963,0.632,3690.0,0,0,0,0.011,0.022,0.021,0.016,0.024,0.027,0.016,0.016,0.024
2025-05-15T16:00Z,2025-05-15,281.571,0.0,674.971,0.694,3640.0,0,0,0,0.012,0.022,0.02,0.016,0.023,0.03,0.009,0.012,0.029
2025-05-15T16:30Z,2025-05-15,276.848,0.0,624.952,0.743,3675.0,0,0,0,0.01,0.019,0.023,0.011,0.019,0.023,0.005,0.011,0.027
2025-05-15T17:00Z,2025-05-15,279.848,0.0,674.947,0.785,3710.0,0,0,0,0.01,0.015,0.017,0.012,0.014,0.018,0.004,0.008,0.015
2025-05-15T20:00Z,2025-05-15,266.557,0.0,499.948,0.944,2760.0,0,0,0,0.008,0.01,0.019,0.005,0.006,0.008,0.004,0.005,0.008
2025-05-15T20:30Z,2025-05-15,265.499,0.0,474.956,0.917,2640.0,0,0,0,0.008,0.01,0.014,0.005,0.008,0.009,0.003,0.006,0.009
2025-05-15T21:00Z,2025-05-15,263.887,0.0,474.921,0.868,2520.0,0,0,0,0.008,0.009,0.014,0.005,0.006,0.01,0.003,0.006,0.013
2025-05-15T21:30Z,2025-05-15,269.367,0.0,549.932,0.868,2410.0,0,0,0,0.007,0.009,0.017,0.004,0.005,0.006,0.001,0.005,0.007
2025-05-15T22:00Z,2025-05-15,268.803,0.0,524.963,0.757,2300.0,0,0,0,0.007,0.01,0.017,0.003,0.005,0.005,0.001,0.005,0.006
2025-05-15T22:30Z,2025-05-15,275.995,0.0,624.952,0.632,2225.0,0,0,0,0.007,0.01,0.019,0.003,0.004,0.005,0.001,0.003,0.006
2025-05-15T23:00Z,2025-05-15,271.626,0.0,574.938,0.521,2150.0,0,0,0,0.007,0.008,0.012,0.005,0.006,0.008,0.002,0.005,0.01
2025-05-15T23:30Z,2025-05-15,269.086,0.0,549.931,0.451,2530.0,0,0,0,0.006,0.01,0.014,0.006,0.006,0.006,0.004,0.006,0.008
2025-05-17T00:00Z,2025-05-17,260.861,0.0,424.964,0.882,550.0,0,0,0,0.006,0.006,0.008,0.004,0.004,0.004,0.002,0.003,0.006
2025-05-17T00:30Z,2025-05-17,252.288,0.0,374.914,0.854,495.0,0,0,0,0.003,0.003,0.005,0.004,0.003,0.004,0.001,0.004,0.006
2025-05-17T01:00Z,2025-05-17,249.804,0.0,349.934,0.868,440.0,0,0,0,0.002,0.002,0.004,0.005,0.005,0.005,0.002,0.008,0.009
2025-05-17T01:30Z,2025-05-17,224.716,0.0,224.929,0.917,425.0,0,0,0,0.002,0.003,0.004,0.007,0.008,0.01,0.004,0.016,0.019
2025-05-17T02:00Z,2025-05-17,224.575,0.0,224.917,0.951,410.0,0,0,0,0.002,0.002,0.004,0.006,0.007,0.008,0.003,0.016,0.019
2025-05-17T02:30Z,2025-05-17,230.173,0.0,249.915,0.944,475.0,0,0,0,0.002,0.002,0.004,0.005,0.006,0.004,0.001,0.004,0.005
2025-05-17T03:00Z,2025-05-17,232.127,0.0,249.946,0.972,540.0,0,0,0,0.002,0.002,0.004,0.01,0.007,0.006,0.002,0.004,0.005
2025-05-17T03:30Z,2025-05-17,218.009,0.038,199.917,0.958,720.0,0,0,0,0.002,0.002,0.004,0.008,0.009,0.009,0.001,0.009,0.009
2025-05-17T04:00Z,2025-05-17,210.739,0.071,174.912,1.0,900.0,0,0,0,0.003,0.005,0.011,0.013,0.018,0.028,0.004,0.025,0.037
2025-05-17T04:30Z,2025-05-17,209.234,0.143,174.883,1.0,945.0,0,0,0,0.005,0.007,0.015,0.027,0.047,0.033,0.004,0.024,0.036
2025-05-17T05:00Z,2025-05-17,208.519,0.185,174.873,0.958,990.0,0,0,0,0.005,0.007,0.016,0.03,0.061,0.05,0.004,0.027,0.042
2025-05-17T05:30Z,2025-05-17,211.687,0.25,199.804,0.965,1205.0,0,0,0,0.006,0.009,0.016,0.078,0.088,0.066,0.009,0.035,0.042
2025-05-17T06:00Z,2025-05-17,216.272,0.143,199.887,0.972,1420.0,0,0,0,0.009,0.011,0.016,0.168,0.146,0.096,0.025,0.051,0.063
2025-05-17T06:30Z,2025-05-17,213.095,0.25,199.828,0.979,1600.0,0,0,0,0.014,0.016,0.022,0.213,0.233,0.135,0.074,0.093,0.089
2025-05-17T07:00Z,2025-05-17,210.719,0.25,174.912,1.0,1780.0,0,0,0,0.016,0.026,0.029,0.196,0.251,0.197,0.089,0.088,0.113
2025-05-17T07:30Z,2025-05-17,206.429,0.214,174.83,1.0,1915.0,0,0,0,0.023,0.067,0.052,0.149,0.228,0.308,0.05,0.066,0.085
2025-05-17T08:00Z,2025-05-17,210.758,0.107,174.905,1.0,2050.0,0,0,0,0.016,0.042,0.037,0.107,0.164,0.246,0.053,0.081,0.118
2025-05-17T08:30Z,2025-05-17,207.488,0.179,174.854,1.0,2045.0,0,0,0,0.03,0.064,0.056,0.086,0.2,0.269,0.049,0.094,0.168
2025-05-17T09:00Z,2025-05-17,197.417,0.143,149.73,1.0,2040.0,0,0,0,0.035,0.101,0.096,0.125,0.229,0.289,0.071,0.112,0.137
2025-05-17T09:30Z,2025-05-17,198.25,0.143,149.755,1.0,1875.0,0,0,0,0.034,0.058,0.077,0.086,0.137,0.173,0.019,0.039,0.093
2025-05-17T10:00Z,2025-05-17,200.091,0.143,149.811,1.0,1710.0,0,0,0,0.051,0.073,0.097,0.067,0.105,0.218,0.023,0.038,0.126
2025-05-17T10:30Z,2025-05-17,204.745,0.107,174.803,1.0,1735.0,0,0,0,0.017,0.041,0.069,0.058,0.093,0.145,0.01,0.028,0.086
2025-05-17T11:00Z,2025-05-17,213.417,0.107,199.832,1.0,1760.0,0,0,0,0.01,0.022,0.029,0.033,0.061,0.067,0.01,0.019,0.036
2025-05-17T11:30Z,2025-05-17,216.991,0.036,199.895,1.0,2045.0,0,0,0,0.009,0.019,0.025,0.023,0.044,0.053,0.004,0.018,0.037
2025-05-17T12:00Z,2025-05-17,223.801,0.0,224.894,1.0,2330.0,0,0,0,0.015,0.035,0.047,0.015,0.024,0.041,0.006,0.014,0.037
2025-05-17T12:30Z,2025-05-17,233.334,0.0,274.855,1.0,2230.0,0,0,0,0.011,0.026,0.034,0.012,0.018,0.018,0.003,0.014,0.03
2025-05-17T13:00Z,2025-05-17,254.662,0.0,374.937,1.0,2130.0,0,0,0,0.014,0.029,0.034,0.008,0.013,0.012,0.003,0.014,0.025
2025-05-17T13:30Z,2025-05-17,266.196,0.0,474.958,1.0,2165.0,0,0,0,0.022,0.046,0.049,0.009,0.018,0.016,0.004,0.019,0.024
2025-05-17T14:00Z,2025-05-17,268.673,0.0,499.976,0.993,2200.0,0,0,0,0.021,0.034,0.051,0.009,0.017,0.017,0.003,0.015,0.024
2025-05-17T14:30Z,2025-05-17,267.554,0.0,499.948,1.0,2125.0,0,0,0,0.014,0.024,0.041,0.009,0.011,0.01,0.004,0.01,0.019
2025-05-17T15:00Z,2025-05-17,266.329,0.0,474.961,1.0,2050.0,0,0,0,0.012,0.018,0.032,0.008,0.009,0.013,0.005,0.009,0.015
2025-05-17T15:30Z,2025-05-17,265.862,0.0,474.949,0.993,1890.0,0,0,0,0.014,0.023,0.04,0.02,0.02,0.025,0.009,0.021,0.023
2025-05-17T16:00Z,2025-05-17,263.469,0.0,449.95,1.0,1730.0,0,0,0,0.014,0.024,0.041,0.021,0.023,0.031,0.011,0.019,0.025
2025-05-17T16:30Z,2025-05-17,262.205,0.0,449.921,1.0,1755.0,0,0,0,0.014,0.027,0.043,0.009,0.015,0.021,0.004,0.013,0.024
2025-05-17T17:00Z,2025-05-17,262.58,0.0,449.93,1.0,1780.0,0,0,0,0.014,0.019,0.028,0.005,0.007,0.009,0.003,0.005,0.012
2025-05-17T17:30Z,2025-05-17,262.687,0.0,449.933,1.0,1475.0,0,0,0,0.018,0.018,0.025,0.004,0.006,0.006,0.003,0.005,0.009
2025-05-17T19:00Z,2025-05-17,262.373,0.0,449.926,1.0,1230.0,0,0,0,0.006,0.012,0.027,0.005,0.008,0.011,0.002,0.006,0.012
2025-05-17T19:30Z,2025-05-17,260.067,0.0,424.923,1.0,1180.0,0,0,0,0.007,0.016,0.035,0.005,0.012,0.016,0.001,0.007,0.014
2025-05-17T20:00Z,2025-05-17,242.334,0.0,299.939,1.0,1130.0,0,0,0,0.008,0.018,0.038,0.007,0.016,0.025,0.003,0.018,0.028
2025-05-17T20:30Z,2025-05-17,233.688,0.0,274.873,1.0,1165.0,0,0,0,0.009,0.02,0.039,0.01,0.023,0.044,0.004,0.029,0.059
2025-05-17T21:00Z,2025-05-17,226.517,0.0,249.841,1.0,1200.0,0,0,0,0.009,0.019,0.038,0.01,0.025,0.045,0.003,0.033,0.048
2025-05-17T21:30Z,2025-05-17,235.105,0.0,274.896,1.0,1010.0,0,0,0,0.008,0.014,0.036,0.007,0.015,0.02,0.001,0.006,0.015
2025-05-17T22:00Z,2025-05-17,238.377,0.0,299.867,1.0,820.0,0,0,0,0.005,0.009,0.012,0.003,0.005,0.008,0.001,0.002,0.008
2025-05-17T22:30Z,2025-05-17,244.196,0.0,324.886,1.0,665.0,0,0,0,0.003,0.004,0.007,0.002,0.003,0.003,0.001,0.002,0.004
2025-05-17T23:00Z,2025-05-17,235.593,0.0,274.898,1.0,510.0,0,0,0,0.003,0.004,0.007,0.004,0.005,0.005,0.002,0.004,0.006
2025-05-17T23:30Z,2025-05-17,240.548,0.0,299.902,1.0,425.0,0,0,0,0.004,0.004,0.007,0.002,0.003,0.004,0.001,0.003,0.006
2025-05-19T00:00Z,2025-05-19,207.54,0.036,174.843,1.0,580.0,0,0,0,0.011,0.012,0.013,0.025,0.037,0.024,0.015,0.026,0.032
2025-05-19T00:30Z,2025-05-19,199.623,0.179,149.785,1.0,555.0,0,0,0,0.01,0.009,0.013,0.034,0.037,0.026,0.011,0.021,0.043
2025-05-19T01:00Z,2025-05-19,198.899,0.393,149.776,1.0,530.0,0,0,0,0.006,0.006,0.009,0.065,0.047,0.025,0.022,0.038,0.044
2025-05-19T01:30Z,2025-05-19,200.502,0.5,149.819,1.0,575.0,0,0,0,0.008,0.009,0.013,0.07,0.07,0.047,0.028,0.038,0.07
2025-05-19T02:00Z,2025-05-19,203.141,0.536,174.764,1.0,620.0,0,0,0,0.007,0.008,0.013,0.06,0.069,0.045,0.026,0.042,0.068
2025-05-19T02:30Z,2025-05-19,205.624,0.464,174.817,1.0,720.0,0,0,0,0.012,0.011,0.013,0.049,0.042,0.03,0.009,0.012,0.03
2025-05-19T03:00Z,2025-05-19,208.562,0.321,174.874,1.0,820.0,0,0,0,0.018,0.021,0.026,0.043,0.04,0.028,0.008,0.017,0.03
2025-05-19T03:30Z,2025-05-19,211.723,0.179,199.799,1.0,910.0,0,0,0,0.034,0.053,0.089,0.038,0.04,0.073,0.005,0.021,0.052
2025-05-19T04:00Z,2025-05-19,216.514,0.071,199.887,1.0,1000.0,0,0,0,0.055,0.086,0.128,0.046,0.054,0.116,0.005,0.028,0.063
2025-05-19T04:30Z,2025-05-19,216.893,0.036,199.892,1.0,1000.0,0,0,0,0.052,0.073,0.139,0.04,0.058,0.103,0.004,0.04,0.081
2025-05-19T05:00Z,2025-05-19,230.461,0.0,249.898,1.0,1000.0,0,0,0,0.04,0.057,0.113,0.034,0.039,0.046,0.005,0.029,0.055
2025-05-19T05:30Z,2025-05-19,212.621,0.071,199.804,1.0,1215.0,0,0,0,0.028,0.041,0.059,0.069,0.076,0.07,0.008,0.043,0.072
2025-05-19T06:00Z,2025-05-19,214.002,0.071,199.831,1.0,1430.0,0,0,0,0.036,0.053,0.062,0.055,0.118,0.172,0.025,0.109,0.208
2025-05-19T06:30Z,2025-05-19,215.097,0.071,199.851,1.0,1420.0,0,0,0,0.015,0.023,0.041,0.099,0.237,0.206,0.042,0.164,0.173
2025-05-19T07:00Z,2025-05-19,211.76,0.071,174.915,1.0,1410.0,0,0,0,0.015,0.031,0.038,0.123,0.26,0.267,0.053,0.217,0.22
2025-05-19T07:30Z,2025-05-19,207.828,0.107,174.85,1.0,1610.0,0,0,0,0.026,0.037,0.052,0.139,0.25,0.305,0.058,0.23,0.235
2025-05-19T08:00Z,2025-05-19,207.175,0.107,174.838,1.0,1810.0,0,0,0,0.024,0.028,0.034,0.069,0.129,0.122,0.014,0.056,0.069
2025-05-19T08:30Z,2025-05-19,211.137,0.071,174.911,1.0,1935.0,0,0,1,0.032,0.042,0.039,0.065,0.111,0.117,0.012,0.052,0.063
2025-05-19T09:00Z,2025-05-19,214.755,0.107,199.846,1.0,2060.0,0,1,1,0.037,0.044,0.042,0.066,0.12,0.117,0.015,0.053,0.06
2025-05-19T09:30Z,2025-05-19,219.018,0.036,199.92,1.0,1935.0,1,1,1,0.045,0.056,0.064,0.054,0.153,0.151,0.013,0.082,0.109
2025-05-19T10:00Z,2025-05-19,217.559,0.036,199.894,1.0,1810.0,1,1,1,0.04,0.053,0.062,0.106,0.283,0.232,0.42,0.686,0.623
2025-05-19T10:30Z,2025-05-19,218.678,0.071,199.914,1.0,1630.0,1,1,1,0.047,0.079,0.107,0.201,0.426,0.51,0.62,0.779,0.732
2025-05-19T11:00Z,2025-05-19,218.324,0.071,199.896,1.0,1450.0,0,0,0,0.09,0.135,0.198,0.141,0.319,0.476,0.6,0.76,0.712
2025-05-19T12:30Z,2025-05-19,226.137,0.0,224.916,1.0,1715.0,0,0,0,0.059,0.049,0.093,0.044,0.067,0.121,0.076,0.056,0.092
2025-05-19T13:00Z,2025-05-19,230.843,0.0,249.898,1.0,1510.0,0,0,0,0.05,0.063,0.092,0.025,0.043,0.067,0.023,0.028,0.044
2025-05-19T13:30Z,2025-05-19,224.394,0.0,224.884,1.0,1380.0,0,0,0,0.032,0.034,0.052,0.017,0.026,0.026,0.017,0.017,0.029
2025-05-19T14:00Z,2025-05-19,227.616,0.0,249.85,1.0,1250.0,0,0,0,0.029,0.029,0.053,0.014,0.017,0.021,0.004,0.005,0.022
2025-05-19T14:30Z,2025-05-19,229.183,0.0,249.882,1.0,1200.0,0,0,0,0.027,0.02,0.045,0.016,0.017,0.029,0.005,0.005,0.018
2025-05-19T15:00Z,2025-05-19,232.368,0.0,249.937,1.0,1150.0,0,0,0,0.023,0.018,0.036,0.014,0.013,0.013,0.003,0.006,0.014
2025-05-19T15:30Z,2025-05-19,230.181,0.0,249.895,1.0,1150.0,0,0,0,0.018,0.017,0.039,0.016,0.017,0.022,0.003,0.005,0.015
2025-05-19T16:00Z,2025-05-19,229.786,0.0,249.895,1.0,1150.0,0,0,0,0.018,0.018,0.037,0.011,0.011,0.011,0.002,0.004,0.012
2025-05-19T16:30Z,2025-05-19,236.636,0.0,274.914,1.0,1045.0,0,0,0,0.03,0.024,0.059,0.01,0.01,0.015,0.003,0.005,0.015
2025-05-19T17:00Z,2025-05-19,245.461,0.0,324.904,1.0,940.0,0,0,0,0.04,0.032,0.07,0.005,0.006,0.011,0.003,0.008,0.012
2025-05-19T17:30Z,2025-05-19,245.503,0.0,324.91,1.0,865.0,0,0,0,0.028,0.037,0.048,0.011,0.016,0.016,0.009,0.02,0.024
2025-05-19T18:00Z,2025-05-19,208.457,0.036,174.855,0.986,790.0,0,0,0,0.011,0.013,0.024,0.028,0.04,0.046,0.015,0.044,0.08
2025-05-19T18:30Z,2025-05-19,206.489,0.071,174.816,0.993,490.0,0,0,0,0.007,0.01,0.02,0.062,0.069,0.07,0.033,0.051,0.083
2025-05-19T19:00Z,2025-05-19,201.076,0.143,149.833,1.0,190.0,0,0,0,0.004,0.006,0.01,0.034,0.03,0.017,0.013,0.026,0.034
2025-05-19T19:30Z,2025-05-19,200.249,0.25,149.81,1.0,105.0,0,0,0,0.006,0.009,0.013,0.102,0.083,0.041,0.039,0.047,0.047
2025-05-19T20:00Z,2025-05-19,197.084,0.393,149.74,1.0,20.0,0,0,0,0.007,0.008,0.01,0.093,0.077,0.039,0.056,0.052,0.059
2025-05-19T20:30Z,2025-05-19,197.139,0.429,149.741,1.0,30.0,0,0,0,0.007,0.01,0.014,0.099,0.086,0.042,0.05,0.058,0.059
2025-05-19T21:00Z,2025-05-19,196.491,0.571,149.726,1.0,40.0,0,0,0,0.009,0.014,0.018,0.112,0.118,0.079,0.065,0.076,0.078
2025-05-19T21:30Z,2025-05-19,197.509,0.643,149.755,1.0,85.0,0,0,0,0.013,0.019,0.027,0.102,0.105,0.072,0.044,0.072,0.095
2025-05-19T22:00Z,2025-05-19,197.138,0.821,149.733,1.0,130.0,0,0,0,0.016,0.017,0.027,0.15,0.125,0.077,0.052,0.08,0.089
2025-05-19T22:30Z,2025-05-19,195.105,0.852,149.679,0.993,80.0,0,0,0,0.017,0.017,0.031,0.152,0.132,0.081,0.069,0.09,0.098
2025-05-19T23:00Z,2025-05-19,194.924,0.643,149.691,1.0,30.0,0,0,0,0.02,0.018,0.032,0.095,0.09,0.066,0.041,0.051,0.082
2025-05-19T23:30Z,2025-05-19,195.038,0.667,149.698,0.993,60.0,0,0,0,0.015,0.017,0.025,0.087,0.067,0.049,0.026,0.039,0.068
2025-05-21T00:00Z,2025-05-21,245.62,0.0,224.884,1.0,680.0,0,0,0,0.002,0.002,0.003,0.0,0.0,0.0,0.001,0.001,0.001
2025-05-21T00:30Z,2025-05-21,242.571,0.0,224.842,1.0,675.0,0,0,0,0.001,0.001,0.003,0.0,0.001,0.001,0.001,0.001,0.001
2025-05-21T01:00Z,2025-05-21,246.667,0.0,224.901,0.993,670.0,0,0,0,0.001,0.001,0.003,0.0,0.0,0.0,0.001,0.001,0.001
2025-05-21T01:30Z,2025-05-21,254.789,0.0,249.915,0.993,705.0,0,0,0,0.001,0.001,0.003,0.0,0.0,0.001,0.001,0.001,0.001
2025-05-21T02:00Z,2025-05-21,239.757,0.0,299.89,1.0,740.0,0,0,0,0.001,0.001,0.003,0.0,0.001,0.001,0.001,0.001,0.002
2025-05-21T02:30Z,2025-05-21,224.72,0.0,224.909,1.0,890.0,0,0,0,0.001,0.001,0.003,0.002,0.001,0.001,0.003,0.002,0.001
2025-05-21T03:00Z,2025-05-21,220.378,0.0,224.827,1.0,1040.0,0,0,0,0.003,0.003,0.011,0.004,0.006,0.005,0.004,0.003,0.004
2025-05-21T03:30Z,2025-05-21,222.054,0.0,224.858,1.0,1195.0,0,0,0,0.005,0.007,0.022,0.004,0.01,0.017,0.002,0.005,0.006
2025-05-21T04:00Z,2025-05-21,223.974,0.0,224.895,1.0,1350.0,0,0,0,0.011,0.017,0.045,0.013,0.013,0.02,0.007,0.014,0.022
2025-05-21T04:30Z,2025-05-21,228.289,0.0,249.869,1.0,1085.0,0,0,0,0.006,0.009,0.032,0.004,0.004,0.007,0.002,0.005,0.008
2025-05-21T05:00Z,2025-05-21,223.933,0.0,224.887,1.0,820.0,0,0,0,0.004,0.004,0.007,0.004,0.002,0.003,0.004,0.002,0.004
2025-05-21T05:30Z,2025-05-21,227.776,0.0,249.855,1.0,1005.0,0,0,0,0.04,0.045,0.117,0.024,0.019,0.022,0.006,0.011,0.021
2025-05-21T06:00Z,2025-05-21,226.151,0.0,224.926,1.0,1190.0,0,0,0,0.054,0.062,0.123,0.025,0.013,0.013,0.006,0.009,0.011
2025-05-21T06:30Z,2025-05-21,226.295,0.0,224.93,1.0,1060.0,0,0,0,0.053,0.06,0.149,0.01,0.004,0.007,0.003,0.003,0.007
2025-05-21T07:00Z,2025-05-21,232.4,0.0,249.933,1.0,930.0,0,0,0,0.027,0.024,0.057,0.006,0.004,0.004,0.002,0.003,0.005
2025-05-21T07:30Z,2025-05-21,230.598,0.0,249.902,1.0,1010.0,0,0,0,0.039,0.053,0.144,0.005,0.004,0.007,0.003,0.003,0.007
2025-05-21T08:00Z,2025-05-21,231.122,0.0,249.906,1.0,1090.0,0,0,0,0.055,0.09,0.176,0.008,0.011,0.026,0.004,0.011,0.025
2025-05-21T08:30Z,2025-05-21,230.839,0.0,249.901,1.0,1120.0,0,0,0,0.163,0.222,0.371,0.013,0.025,0.039,0.008,0.037,0.059
2025-05-21T09:00Z,2025-05-21,233.341,0.0,249.948,1.0,1150.0,0,0,0,0.223,0.297,0.377,0.026,0.067,0.084,0.016,0.062,0.134
2025-05-21T09:30Z,2025-05-21,237.099,0.0,274.922,1.0,1110.0,0,0,0,0.145,0.163,0.316,0.017,0.034,0.043,0.006,0.023,0.049
2025-05-21T10:00Z,2025-05-21,210.161,0.036,174.88,1.0,1070.0,0,0,0,0.03,0.051,0.111,0.029,0.043,0.056,0.03,0.036,0.059
2025-05-21T10:30Z,2025-05-21,207.352,0.036,174.828,1.0,1315.0,0,0,0,0.041,0.082,0.103,0.051,0.061,0.063,0.05,0.069,0.057
2025-05-21T11:00Z,2025-05-21,199.148,0.071,149.767,1.0,1560.0,0,0,0,0.08,0.112,0.142,0.034,0.046,0.051,0.034,0.054,0.06
2025-05-21T11:30Z,2025-05-21,199.779,0.107,149.785,1.0,1590.0,0,0,0,0.083,0.12,0.141,0.035,0.08,0.124,0.03,0.064,0.136
2025-05-21T12:00Z,2025-05-21,203.18,0.143,174.753,1.0,1620.0,0,0,0,0.184,0.195,0.259,0.082,0.183,0.191,0.057,0.147,0.212
2025-05-21T12:30Z,2025-05-21,212.808,0.107,199.806,1.0,1715.0,0,0,0,0.163,0.166,0.284,0.047,0.11,0.179,0.042,0.127,0.247
2025-05-21T13:00Z,2025-05-21,216.027,0.036,199.858,1.0,1810.0,0,0,0,0.076,0.129,0.16,0.138,0.197,0.171,0.079,0.156,0.18
2025-05-21T13:30Z,2025-05-21,212.734,0.036,199.8,1.0,1920.0,0,0,0,0.014,0.025,0.06,0.096,0.146,0.167,0.059,0.104,0.171
2025-05-21T14:00Z,2025-05-21,217.641,0.036,199.894,1.0,2030.0,0,0,0,0.013,0.026,0.052,0.083,0.11,0.102,0.027,0.066,0.108
2025-05-21T14:30Z,2025-05-21,218.531,0.036,199.91,1.0,2300.0,0,0,0,0.024,0.058,0.098,0.032,0.061,0.064,0.013,0.042,0.057
2025-05-21T15:00Z,2025-05-21,230.649,0.0,249.9,1.0,2570.0,0,0,0,0.027,0.076,0.13,0.02,0.015,0.026,0.009,0.013,0.026
2025-05-21T15:30Z,2025-05-21,243.679,0.0,299.955,1.0,2730.0,0,0,0,0.017,0.051,0.087,0.008,0.012,0.012,0.005,0.007,0.011
2025-05-21T16:00Z,2025-05-21,256.481,0.0,399.908,0.993,2890.0,0,0,0,0.023,0.05,0.081,0.007,0.012,0.014,0.003,0.007,0.011
2025-05-21T16:30Z,2025-05-21,260.025,0.0,424.916,0.979,2790.0,0,0,0,0.007,0.026,0.03,0.003,0.004,0.003,0.002,0.003,0.004
2025-05-21T17:00Z,2025-05-21,255.18,0.0,374.959,0.986,2690.0,0,0,0,0.008,0.023,0.027,0.004,0.005,0.006,0.004,0.004,0.007
2025-05-21T17:30Z,2025-05-21,259.45,0.0,424.921,0.951,2540.0,0,0,0,0.009,0.017,0.023,0.003,0.003,0.003,0.003,0.003,0.005
2025-05-21T18:00Z,2025-05-21,256.658,0.0,399.918,0.951,2390.0,0,0,0,0.011,0.022,0.036,0.005,0.007,0.01,0.005,0.009,0.012
2025-05-21T18:30Z,2025-05-21,221.395,0.0,224.844,0.917,2420.0,0,0,0,0.009,0.02,0.03,0.039,0.044,0.029,0.03,0.038,0.025
2025-05-21T19:00Z,2025-05-21,206.821,0.074,174.82,0.924,2450.0,0,0,0,0.01,0.02,0.028,0.042,0.047,0.036,0.036,0.04,0.033
2025-05-21T19:30Z,2025-05-21,202.097,0.111,149.86,0.91,2130.0,0,0,0,0.015,0.031,0.026,0.087,0.107,0.062,0.076,0.078,0.044
2025-05-21T20:00Z,2025-05-21,205.415,0.192,174.801,0.882,1810.0,0,0,0,0.013,0.027,0.024,0.057,0.114,0.086,0.035,0.077,0.052
2025-05-21T20:30Z,2025-05-21,200.36,0.296,149.816,0.931,1390.0,0,0,0,0.016,0.039,0.033,0.141,0.181,0.15,0.08,0.15,0.082
2025-05-21T21:00Z,2025-05-21,202.604,0.333,149.875,0.958,970.0,0,0,0,0.012,0.018,0.027,0.081,0.088,0.059,0.025,0.044,0.032
2025-05-21T21:30Z,2025-05-21,200.685,0.393,149.824,0.944,590.0,0,0,0,0.004,0.004,0.004,0.02,0.018,0.013,0.02,0.019,0.01
2025-05-21T22:00Z,2025-05-21,201.254,0.429,149.839,0.993,210.0,0,0,0,0.003,0.004,0.004,0.026,0.018,0.013,0.02,0.016,0.008
2025-05-21T22:30Z,2025-05-21,203.356,0.536,174.762,0.993,110.0,0,0,0,0.003,0.004,0.004,0.02,0.015,0.012,0.022,0.013,0.008
2025-05-21T23:00Z,2025-05-21,204.822,0.607,174.79,0.979,10.0,0,0,0,0.003,0.004,0.005,0.019,0.017,0.014,0.017,0.014,0.01
2025-05-21T23:30Z,2025-05-21,205.896,0.571,174.81,0.958,10.0,0,0,0,0.004,0.004,0.005,0.016,0.014,0.014,0.013,0.013,0.011
2025-05-23T00:00Z,2025-05-23,266.559,0.0,499.949,0.701,1310.0,0,0,0,0.006,0.012,0.016,0.002,0.003,0.001,0.001,0.002,0.001
2025-05-23T00:30Z,2025-05-23,266.175,0.0,499.941,0.653,1275.0,0,0,0,0.002,0.003,0.005,0.001,0.001,0.001,0.001,0.001,0.001
2025-05-23T01:00Z,2025-05-23,270.921,0.0,549.948,0.653,1240.0,0,0,0,0.002,0.003,0.005,0.001,0.001,0.001,0.001,0.001,0.001
2025-05-23T01:30Z,2025-05-23,269.615,0.0,524.968,0.667,1225.0,0,0,0,0.002,0.002,0.006,0.001,0.001,0.001,0.0,0.001,0.001
2025-05-23T02:00Z,2025-05-23,270.684,0.0,549.938,0.646,1210.0,0,0,0,0.001,0.002,0.005,0.001,0.001,0.001,0.0,0.001,0.001
2025-05-23T02:30Z,2025-05-23,283.088,0.0,699.966,0.597,1160.0,0,0,0,0.001,0.001,0.005,0.001,0.001,0.001,0.0,0.001,0.001
2025-05-23T03:00Z,2025-05-23,285.749,0.0,725.0,0.549,1110.0,0,0,0,0.002,0.003,0.011,0.001,0.002,0.001,0.001,0.001,0.002
2025-05-23T03:30Z,2025-05-23,284.971,0.0,724.963,0.514,730.0,0,0,0,0.001,0.002,0.002,0.001,0.001,0.001,0.001,0.001,0.001
2025-05-23T04:00Z,2025-05-23,286.616,0.0,725.0,0.514,350.0,0,0,0,0.001,0.002,0.002,0.001,0.001,0.001,0.001,0.001,0.001
2025-05-23T04:30Z,2025-05-23,289.412,0.0,775.012,0.451,355.0,0,0,0,0.001,0.002,0.002,0.001,0.002,0.001,0.001,0.001,0.001
2025-05-23T05:00Z,2025-05-23,290.823,0.0,775.032,0.403,360.0,0,0,0,0.002,0.001,0.002,0.001,0.001,0.001,0.001,0.001,0.001
2025-05-23T05:30Z,2025-05-23,291.527,0.0,775.05,0.424,320.0,0,0,0,0.001,0.002,0.002,0.001,0.001,0.001,0.001,0.001,0.001
2025-05-23T06:00Z,2025-05-23,288.817,0.0,774.984,0.444,280.0,0,0,0,0.001,0.001,0.002,0.001,0.001,0.001,0.001,0.001,0.001
2025-05-23T06:30Z,2025-05-23,288.258,0.0,750.0,0.542,275.0,0,0,0,0.001,0.001,0.003,0.001,0.001,0.001,0.001,0.001,0.001
2025-05-23T07:00Z,2025-05-23,287.588,0.0,749.983,0.556,270.0,0,0,0,0.001,0.001,0.003,0.001,0.001,0.002,0.001,0.001,0.002
2025-05-23T07:30Z,2025-05-23,287.225,0.0,749.973,0.611,235.0,0,0,0,0.002,0.002,0.005,0.002,0.002,0.002,0.001,0.001,0.002
2025-05-23T08:00Z,2025-05-23,284.744,0.0,699.979,0.66,200.0,0,0,0,0.002,0.003,0.006,0.002,0.002,0.003,0.001,0.001,0.002
2025-05-23T08:30Z,2025-05-23,277.557,0.0,599.972,0.667,300.0,0,0,0,0.003,0.004,0.007,0.002,0.002,0.003,0.001,0.002,0.003
2025-05-23T09:00Z,2025-05-23,274.771,0.0,574.95,0.667,400.0,0,0,0,0.004,0.003,0.006,0.002,0.002,0.002,0.001,0.002,0.002
2025-05-23T09:30Z,2025-05-23,277.615,0.0,599.973,0.66,1055.0,0,0,0,0.006,0.008,0.023,0.002,0.004,0.004,0.001,0.003,0.003
2025-05-23T10:00Z,2025-05-23,280.082,0.0,649.956,0.681,1710.0,0,0,0,0.01,0.016,0.031,0.003,0.007,0.006,0.002,0.005,0.005
2025-05-23T10:30Z,2025-05-23,282.213,0.0,675.0,0.688,1415.0,0,0,0,0.01,0.017,0.034,0.003,0.008,0.009,0.002,0.005,0.007
2025-05-23T11:00Z,2025-05-23,276.028,0.0,574.976,0.674,1120.0,0,0,0,0.022,0.031,0.056,0.008,0.009,0.01,0.004,0.006,0.007
2025-05-23T11:30Z,2025-05-23,270.491,0.0,524.947,0.688,1090.0,0,0,0,0.018,0.032,0.063,0.005,0.008,0.006,0.003,0.007,0.005
2025-05-23T12:00Z,2025-05-23,262.667,0.0,424.955,0.674,1060.0,0,0,0,0.029,0.038,0.11,0.009,0.01,0.014,0.004,0.012,0.01
2025-05-23T12:30Z,2025-05-23,265.557,0.0,449.977,0.667,1500.0,0,0,0,0.036,0.05,0.1,0.004,0.009,0.016,0.003,0.009,0.01
2025-05-23T13:00Z,2025-05-23,270.272,0.0,524.943,0.681,1940.0,0,0,0,0.043,0.062,0.114,0.003,0.008,0.02,0.003,0.01,0.015
2025-05-23T13:30Z,2025-05-23,270.712,0.0,524.965,0.736,2500.0,0,0,0,0.115,0.147,0.219,0.003,0.009,0.017,0.002,0.011,0.015
2025-05-23T14:00Z,2025-05-23,238.903,0.0,299.872,0.854,3060.0,0,0,0,0.064,0.127,0.19,0.009,0.018,0.017,0.005,0.022,0.018
2025-05-23T14:30Z,2025-05-23,211.385,0.037,174.902,0.889,3255.0,0,0,1,0.164,0.172,0.379,0.072,0.058,0.114,0.058,0.079,0.088
2025-05-23T15:00Z,2025-05-23,207.314,0.036,174.818,0.938,3450.0,0,1,1,0.152,0.201,0.404,0.078,0.056,0.094,0.06,0.078,0.068
2025-05-23T15:30Z,2025-05-23,196.295,0.107,149.689,0.924,3365.0,1,1,1,0.102,0.145,0.332,0.132,0.133,0.207,0.071,0.134,0.175
2025-05-23T16:00Z,2025-05-23,196.311,0.154,149.689,0.938,3280.0,1,1,1,0.022,0.029,0.102,0.126,0.162,0.202,0.431,0.427,0.422
2025-05-23T16:30Z,2025-05-23,196.727,0.259,149.7,0.979,2785.0,1,1,1,0.016,0.024,0.078,0.094,0.185,0.219,0.4,0.468,0.401
2025-05-23T17:00Z,2025-05-23,201.257,0.286,149.857,0.993,2290.0,0,0,0,0.016,0.018,0.032,0.088,0.151,0.154,0.439,0.393,0.35
2025-05-23T17:30Z,2025-05-23,212.211,0.286,199.798,1.0,1840.0,0,0,0,0.021,0.018,0.029,0.059,0.101,0.132,0.072,0.14,0.19
2025-05-23T18:00Z,2025-05-23,219.789,0.036,199.923,1.0,1390.0,0,0,0,0.014,0.011,0.021,0.045,0.046,0.088,0.035,0.049,0.092
2025-05-23T18:30Z,2025-05-23,218.212,0.036,199.902,1.0,1360.0,0,0,0,0.011,0.01,0.021,0.023,0.031,0.039,0.018,0.027,0.025
2025-05-23T19:00Z,2025-05-23,217.481,0.036,199.888,0.993,1330.0,0,0,0,0.011,0.008,0.019,0.011,0.015,0.014,0.009,0.009,0.012
2025-05-23T19:30Z,2025-05-23,219.654,0.036,199.93,1.0,1505.0,0,0,0,0.013,0.017,0.027,0.005,0.013,0.006,0.003,0.007,0.007
2025-05-23T20:00Z,2025-05-23,213.665,0.036,199.815,1.0,1680.0,0,0,0,0.014,0.024,0.042,0.01,0.02,0.013,0.01,0.016,0.012
2025-05-23T20:30Z,2025-05-23,212.878,0.071,199.8,1.0,1790.0,0,0,0,0.009,0.038,0.044,0.004,0.011,0.011,0.005,0.012,0.009
2025-05-23T21:00Z,2025-05-23,214.672,0.071,199.834,1.0,1900.0,0,0,0,0.011,0.052,0.051,0.004,0.011,0.01,0.005,0.011,0.008
2025-05-23T21:30Z,2025-05-23,219.058,0.036,199.916,1.0,1850.0,0,0,0,0.01,0.043,0.05,0.008,0.028,0.035,0.007,0.024,0.028
2025-05-23T22:00Z,2025-05-23,211.234,0.071,174.899,1.0,1800.0,0,0,0,0.013,0.025,0.047,0.009,0.027,0.05,0.013,0.043,0.045
2025-05-23T22:30Z,2025-05-23,213.659,0.143,199.811,1.0,1755.0,0,0,0,0.009,0.016,0.035,0.005,0.016,0.016,0.004,0.009,0.015
2025-05-23T23:00Z,2025-05-23,217.098,0.179,199.875,1.0,1710.0,0,0,0,0.008,0.016,0.022,0.011,0.028,0.033,0.008,0.02,0.019
2025-05-23T23:30Z,2025-05-23,218.061,0.071,199.893,1.0,1660.0,0,0,0,0.008,0.016,0.022,0.031,0.069,0.045,0.012,0.03,0.027
2025-05-25T00:00Z,2025-05-25,263.627,0.0,449.933,0.882,150.0,0,0,0,0.006,0.007,0.01,0.002,0.002,0.002,0.001,0.001,0.002
2025-05-25T00:30Z,2025-05-25,269.503,0.0,524.961,0.861,110.0,0,0,0,0.006,0.007,0.01,0.002,0.002,0.001,0.001,0.001,0.002
2025-05-25T01:00Z,2025-05-25,270.053,0.0,524.969,0.882,70.0,0,0,0,0.005,0.005,0.007,0.002,0.002,0.001,0.001,0.001,0.002
2025-05-25T01:30Z,2025-05-25,269.1,0.0,524.946,0.903,80.0,0,0,0,0.005,0.005,0.007,0.002,0.002,0.002,0.001,0.001,0.002
2025-05-25T02:00Z,2025-05-25,268.492,0.0,499.97,0.889,90.0,0,0,0,0.005,0.004,0.007,0.001,0.002,0.002,0.0,0.001,0.003
2025-05-25T02:30Z,2025-05-25,270.324,0.0,549.933,0.917,140.0,0,0,0,0.003,0.004,0.007,0.001,0.001,0.001,0.0,0.001,0.001
2025-05-25T03:00Z,2025-05-25,271.016,0.0,549.947,0.979,190.0,0,0,0,0.003,0.003,0.005,0.001,0.001,0.001,0.0,0.001,0.001
2025-05-25T03:30Z,2025-05-25,272.674,0.0,574.946,0.972,325.0,0,0,0,0.003,0.004,0.005,0.001,0.001,0.002,0.001,0.001,0.002
2025-05-25T04:00Z,2025-05-25,271.561,0.0,549.965,1.0,460.0,0,0,0,0.003,0.003,0.006,0.001,0.001,0.001,0.001,0.001,0.002
2025-05-25T04:30Z,2025-05-25,266.965,0.0,499.936,1.0,520.0,0,0,0,0.003,0.004,0.006,0.002,0.003,0.003,0.001,0.001,0.004
2025-05-25T05:00Z,2025-05-25,265.366,0.0,474.928,0.993,580.0,0,0,0,0.003,0.003,0.006,0.005,0.008,0.008,0.002,0.003,0.007
2025-05-25T05:30Z,2025-05-25,263.628,0.0,449.958,1.0,495.0,0,0,0,0.003,0.004,0.008,0.007,0.012,0.017,0.003,0.009,0.022
2025-05-25T06:00Z,2025-05-25,260.168,0.0,424.93,1.0,410.0,0,0,0,0.004,0.007,0.012,0.008,0.015,0.015,0.006,0.011,0.012
2025-05-25T06:30Z,2025-05-25,259.023,0.0,399.967,1.0,405.0,0,0,0,0.003,0.004,0.006,0.004,0.004,0.004,0.002,0.002,0.002
2025-05-25T07:00Z,2025-05-25,259.011,0.0,399.959,1.0,400.0,0,0,0,0.003,0.004,0.006,0.003,0.003,0.004,0.002,0.002,0.003
2025-05-25T07:30Z,2025-05-25,249.376,0.0,349.911,0.993,470.0,0,0,0,0.003,0.003,0.007,0.015,0.012,0.016,0.006,0.003,0.008
2025-05-25T08:00Z,2025-05-25,248.507,0.0,349.899,0.993,540.0,0,0,0,0.004,0.004,0.008,0.015,0.017,0.014,0.003,0.008,0.008
2025-05-25T08:30Z,2025-05-25,246.544,0.0,324.933,1.0,565.0,0,0,0,0.005,0.004,0.007,0.014,0.009,0.009,0.003,0.003,0.003
2025-05-25T09:00Z,2025-05-25,243.726,0.0,324.884,1.0,590.0,0,0,0,0.005,0.005,0.008,0.007,0.006,0.007,0.002,0.003,0.004
2025-05-25T09:30Z,2025-05-25,241.18,0.0,299.91,1.0,650.0,0,0,0,0.009,0.007,0.016,0.012,0.008,0.01,0.002,0.005,0.008
2025-05-25T10:00Z,2025-05-25,236.165,0.0,274.895,1.0,710.0,0,0,0,0.009,0.007,0.018,0.009,0.011,0.012,0.002,0.005,0.005
2025-05-25T10:30Z,2025-05-25,237.031,0.0,274.911,1.0,775.0,0,0,0,0.017,0.017,0.03,0.006,0.004,0.007,0.001,0.002,0.004
2025-05-25T11:00Z,2025-05-25,237.453,0.0,274.924,0.993,840.0,0,0,0,0.018,0.021,0.043,0.008,0.005,0.006,0.002,0.002,0.004
2025-05-25T11:30Z,2025-05-25,241.874,0.0,299.919,0.993,960.0,0,0,0,0.027,0.025,0.067,0.01,0.006,0.005,0.002,0.003,0.005
2025-05-25T12:00Z,2025-05-25,241.186,0.0,299.906,1.0,1080.0,0,0,0,0.029,0.033,0.089,0.015,0.009,0.011,0.004,0.005,0.016
2025-05-25T12:30Z,2025-05-25,232.661,0.0,249.931,1.0,1430.0,0,0,0,0.035,0.06,0.082,0.05,0.076,0.047,0.011,0.036,0.039
2025-05-25T13:00Z,2025-05-25,231.402,0.0,249.909,1.0,1780.0,0,0,0,0.027,0.035,0.056,0.015,0.012,0.013,0.004,0.007,0.012
2025-05-25T13:30Z,2025-05-25,216.695,0.071,199.864,1.0,1995.0,0,0,0,0.026,0.057,0.072,0.024,0.023,0.056,0.004,0.017,0.053
2025-05-25T14:00Z,2025-05-25,215.707,0.107,199.859,1.0,2210.0,0,0,1,0.037,0.066,0.089,0.074,0.084,0.145,0.011,0.034,0.135
2025-05-25T14:30Z,2025-05-25,222.092,0.0,224.864,1.0,2160.0,0,1,1,0.034,0.068,0.102,0.048,0.055,0.052,0.011,0.03,0.055
2025-05-25T15:00Z,2025-05-25,226.855,0.0,249.848,1.0,2110.0,1,1,1,0.046,0.104,0.118,0.015,0.013,0.013,0.003,0.006,0.012
2025-05-25T15:30Z,2025-05-25,212.853,0.036,199.811,1.0,1650.0,0,0,0,0.031,0.044,0.072,0.019,0.021,0.025,0.241,0.181,0.258
2025-05-25T16:00Z,2025-05-25,216.349,0.071,199.875,1.0,1190.0,0,0,0,0.005,0.006,0.013,0.019,0.009,0.007,0.036,0.016,0.024
2025-05-25T16:30Z,2025-05-25,206.332,0.036,174.802,1.0,1110.0,0,0,0,0.009,0.008,0.021,0.014,0.008,0.007,0.011,0.007,0.011
2025-05-25T17:00Z,2025-05-25,208.343,0.071,174.846,1.0,1030.0,0,0,0,0.012,0.01,0.026,0.009,0.006,0.008,0.005,0.005,0.008
2025-05-25T17:30Z,2025-05-25,204.499,0.071,174.766,1.0,825.0,0,0,0,0.009,0.012,0.017,0.006,0.007,0.005,0.003,0.004,0.006
2025-05-25T18:00Z,2025-05-25,206.521,0.071,174.806,1.0,620.0,0,0,0,0.005,0.007,0.01,0.006,0.006,0.005,0.004,0.003,0.006
2025-05-25T18:30Z,2025-05-25,210.355,0.107,174.888,1.0,605.0,0,0,0,0.006,0.007,0.011,0.021,0.017,0.01,0.011,0.008,0.01
2025-05-25T19:00Z,2025-05-25,218.13,0.036,199.906,1.0,590.0,0,0,0,0.006,0.007,0.011,0.012,0.013,0.007,0.003,0.004,0.005
2025-05-25T19:30Z,2025-05-25,221.147,0.0,224.842,1.0,540.0,0,0,0,0.006,0.007,0.012,0.007,0.005,0.003,0.001,0.002,0.002
2025-05-25T20:00Z,2025-05-25,225.791,0.0,224.925,1.0,490.0,0,0,0,0.005,0.006,0.01,0.004,0.003,0.002,0.001,0.001,0.002
2025-05-25T20:30Z,2025-05-25,230.255,0.0,249.903,1.0,420.0,0,0,0,0.005,0.006,0.012,0.002,0.002,0.002,0.001,0.001,0.002
2025-05-25T21:00Z,2025-05-25,231.068,0.0,249.917,1.0,350.0,0,0,0,0.005,0.006,0.012,0.002,0.002,0.002,0.001,0.001,0.002
2025-05-25T21:30Z,2025-05-25,232.7,0.0,249.943,1.0,310.0,0,0,0,0.005,0.006,0.013,0.002,0.001,0.002,0.0,0.001,0.002
2025-05-25T22:00Z,2025-05-25,233.249,0.0,274.859,1.0,270.0,0,0,0,0.005,0.006,0.011,0.002,0.002,0.002,0.001,0.001,0.002
2025-05-25T22:30Z,2025-05-25,235.135,0.0,274.89,1.0,240.0,0,0,0,0.005,0.006,0.009,0.002,0.001,0.001,0.001,0.001,0.001
2025-05-25T23:00Z,2025-05-25,242.246,0.0,299.924,1.0,210.0,0,0,0,0.005,0.006,0.009,0.002,0.002,0.001,0.001,0.001,0.002
2025-05-25T23:30Z,2025-05-25,246.218,0.0,324.915,1.0,220.0,0,0,0,0.004,0.004,0.008,0.001,0.002,0.001,0.001,0.001,0.001
2025-05-27T00:00Z,2025-05-27,260.962,0.0,424.931,1.0,40.0,0,0,0,0.003,0.003,0.005,0.002,0.001,0.001,0.001,0.001,0.001
2025-05-27T00:30Z,2025-05-27,260.928,0.0,424.931,1.0,20.0,0,0,0,0.002,0.002,0.004,0.002,0.002,0.001,0.0,0.001,0.001
2025-05-27T01:00Z,2025-05-27,253.908,0.0,374.918,1.0,0.0,0,0,0,0.002,0.002,0.004,0.006,0.008,0.003,0.003,0.002,0.002
2025-05-27T01:30Z,2025-05-27,251.082,0.0,349.935,1.0,10.0,0,0,0,0.002,0.002,0.004,0.002,0.002,0.001,0.0,0.001,0.001
2025-05-27T02:00Z,2025-05-27,244.783,0.0,324.884,1.0,20.0,0,0,0,0.003,0.002,0.004,0.005,0.008,0.002,0.002,0.003,0.002
2025-05-27T02:30Z,2025-05-27,237.907,0.0,274.928,0.993,25.0,0,0,0,0.002,0.002,0.004,0.005,0.006,0.002,0.002,0.002,0.002
2025-05-27T03:00Z,2025-05-27,227.445,0.0,249.841,1.0,30.0,0,0,0,0.002,0.002,0.003,0.005,0.004,0.002,0.003,0.002,0.003
2025-05-27T03:30Z,2025-05-27,227.842,0.0,249.853,1.0,50.0,0,0,0,0.002,0.002,0.003,0.007,0.008,0.003,0.004,0.004,0.003
2025-05-27T04:00Z,2025-05-27,226.304,0.0,224.93,1.0,70.0,0,0,0,0.002,0.002,0.003,0.012,0.004,0.002,0.004,0.002,0.002
2025-05-27T04:30Z,2025-05-27,224.887,0.0,224.905,1.0,75.0,0,0,0,0.002,0.002,0.003,0.003,0.002,0.001,0.001,0.001,0.002
2025-05-27T05:00Z,2025-05-27,231.35,0.0,249.904,1.0,80.0,0,0,0,0.002,0.002,0.003,0.001,0.001,0.001,0.0,0.0,0.001
2025-05-27T05:30Z,2025-05-27,228.51,0.0,249.86,1.0,120.0,0,0,0,0.003,0.003,0.005,0.003,0.002,0.002,0.001,0.001,0.002
2025-05-27T06:00Z,2025-05-27,229.177,0.0,249.87,1.0,160.0,0,0,0,0.007,0.007,0.018,0.021,0.01,0.006,0.002,0.004,0.004
2025-05-27T06:30Z,2025-05-27,226.745,0.0,224.931,1.0,165.0,0,0,0,0.006,0.007,0.013,0.019,0.007,0.005,0.004,0.003,0.005
2025-05-27T07:00Z,2025-05-27,227.318,0.0,249.839,1.0,170.0,0,0,0,0.007,0.007,0.014,0.005,0.003,0.003,0.002,0.002,0.003
2025-05-27T07:30Z,2025-05-27,230.009,0.0,249.879,1.0,200.0,0,0,0,0.009,0.01,0.018,0.006,0.004,0.004,0.003,0.003,0.006
2025-05-27T08:00Z,2025-05-27,230.433,0.0,249.882,1.0,230.0,0,0,0,0.008,0.007,0.02,0.003,0.002,0.002,0.001,0.001,0.004
2025-05-27T08:30Z,2025-05-27,225.772,0.0,224.907,1.0,285.0,0,0,0,0.009,0.011,0.022,0.007,0.003,0.003,0.001,0.002,0.006
2025-05-27T09:00Z,2025-05-27,229.082,0.0,249.862,1.0,340.0,0,0,0,0.008,0.01,0.022,0.006,0.004,0.004,0.002,0.002,0.007
2025-05-27T09:30Z,2025-05-27,228.678,0.0,249.849,1.0,355.0,0,0,0,0.008,0.007,0.015,0.005,0.003,0.003,0.002,0.002,0.005
2025-05-27T10:00Z,2025-05-27,227.766,0.0,224.94,1.0,370.0,0,0,0,0.009,0.007,0.014,0.006,0.002,0.002,0.001,0.001,0.003
2025-05-27T10:30Z,2025-05-27,227.841,0.0,249.838,1.0,385.0,0,0,0,0.009,0.008,0.014,0.006,0.002,0.002,0.001,0.001,0.002
2025-05-27T11:00Z,2025-05-27,233.08,0.0,249.932,1.0,400.0,0,0,0,0.009,0.009,0.017,0.003,0.002,0.002,0.001,0.001,0.002
2025-05-27T11:30Z,2025-05-27,236.392,0.0,274.896,1.0,595.0,0,0,0,0.01,0.009,0.017,0.002,0.002,0.002,0.001,0.001,0.003
2025-05-27T12:00Z,2025-05-27,216.362,0.036,199.856,1.0,790.0,0,0,0,0.01,0.013,0.018,0.01,0.006,0.005,0.002,0.003,0.005
2025-05-27T12:30Z,2025-05-27,215.823,0.036,199.846,1.0,810.0,0,0,0,0.015,0.021,0.031,0.1,0.087,0.036,0.016,0.02,0.019
2025-05-27T13:00Z,2025-05-27,207.152,0.143,174.82,1.0,830.0,0,0,0,0.019,0.037,0.065,0.202,0.168,0.135,0.036,0.074,0.087
2025-05-27T13:30Z,2025-05-27,209.77,0.143,174.872,1.0,820.0,0,0,0,0.015,0.025,0.035,0.119,0.117,0.053,0.021,0.035,0.041
2025-05-27T14:00Z,2025-05-27,209.75,0.286,174.876,1.0,810.0,0,0,0,0.011,0.016,0.022,0.074,0.082,0.055,0.016,0.038,0.034
2025-05-27T14:30Z,2025-05-27,213.859,0.286,199.817,1.0,885.0,0,0,0,0.014,0.017,0.043,0.087,0.072,0.075,0.007,0.021,0.038
2025-05-27T15:00Z,2025-05-27,215.137,0.107,199.844,1.0,960.0,0,0,0,0.012,0.017,0.042,0.061,0.047,0.071,0.01,0.021,0.039
2025-05-27T15:30Z,2025-05-27,205.475,0.107,174.786,1.0,950.0,0,0,0,0.012,0.017,0.044,0.023,0.017,0.018,0.003,0.007,0.02
2025-05-27T16:00Z,2025-05-27,206.136,0.107,174.799,1.0,940.0,0,0,0,0.013,0.012,0.039,0.015,0.012,0.013,0.001,0.004,0.01
2025-05-27T16:30Z,2025-05-27,210.761,0.143,174.893,1.0,780.0,0,0,0,0.007,0.006,0.011,0.012,0.011,0.01,0.001,0.003,0.006
2025-05-27T17:00Z,2025-05-27,215.647,0.074,199.852,0.993,620.0,0,0,0,0.005,0.005,0.008,0.01,0.007,0.006,0.001,0.002,0.008
2025-05-27T17:30Z,2025-05-27,221.436,0.0,224.839,1.0,550.0,0,0,0,0.005,0.005,0.007,0.004,0.002,0.003,0.001,0.001,0.003
2025-05-27T18:00Z,2025-05-27,228.917,0.0,249.865,0.993,480.0,0,0,0,0.005,0.007,0.009,0.002,0.002,0.002,0.001,0.001,0.002
2025-05-27T18:30Z,2025-05-27,239.251,0.0,274.947,0.993,415.0,0,0,0,0.004,0.005,0.007,0.001,0.002,0.001,0.001,0.001,0.001
2025-05-27T19:00Z,2025-05-27,249.575,0.0,349.893,0.979,350.0,0,0,0,0.003,0.003,0.004,0.001,0.001,0.001,0.001,0.001,0.001
2025-05-27T19:30Z,2025-05-27,254.306,0.0,374.905,0.993,310.0,0,0,0,0.004,0.004,0.007,0.001,0.002,0.001,0.001,0.001,0.001
2025-05-27T20:00Z,2025-05-27,256.918,0.0,374.961,0.993,270.0,0,0,0,0.004,0.004,0.008,0.001,0.001,0.001,0.0,0.001,0.001
2025-05-27T20:30Z,2025-05-27,257.904,0.0,399.917,0.986,245.0,0,0,0,0.004,0.005,0.008,0.001,0.001,0.001,0.001,0.001,0.001
2025-05-27T21:00Z,2025-05-27,260.101,0.0,424.904,0.972,220.0,0,0,0,0.003,0.005,0.008,0.002,0.002,0.001,0.001,0.001,0.001
2025-05-27T21:30Z,2025-05-27,268.641,0.0,499.98,0.979,185.0,0,0,0,0.003,0.004,0.006,0.002,0.002,0.001,0.002,0.001,0.002
2025-05-27T22:00Z,2025-05-27,257.683,0.0,399.923,0.979,150.0,0,0,0,0.002,0.002,0.006,0.002,0.004,0.003,0.002,0.002,0.004
2025-05-27T22:30Z,2025-05-27,253.923,0.0,349.966,0.965,115.0,0,0,0,0.002,0.002,0.004,0.003,0.003,0.001,0.001,0.001,0.002
2025-05-27T23:00Z,2025-05-27,245.74,0.0,324.89,0.972,80.0,0,0,0,0.002,0.002,0.004,0.004,0.006,0.002,0.002,0.003,0.002
2025-05-27T23:30Z,2025-05-27,240.006,0.0,299.863,0.972,45.0,0,0,0,0.002,0.002,0.004,0.004,0.005,0.002,0.002,0.002,0.002
2025-05-29T00:00Z,2025-05-29,249.385,0.0,349.902,1.0,0.0,0,0,0,0.002,0.002,0.004,0.001,0.001,0.001,0.001,0.001,0.002
2025-05-29T00:30Z,2025-05-29,237.404,0.0,274.912,1.0,0.0,0,0,0,0.002,0.003,0.007,0.002,0.002,0.002,0.001,0.001,0.004
2025-05-29T01:00Z,2025-05-29,231.381,0.0,249.903,1.0,0.0,0,0,0,0.002,0.003,0.006,0.002,0.003,0.003,0.002,0.004,0.011
2025-05-29T01:30Z,2025-05-29,234.065,0.0,274.849,1.0,0.0,0,0,0,0.003,0.004,0.009,0.002,0.002,0.003,0.001,0.002,0.011
2025-05-29T02:00Z,2025-05-29,233.957,0.0,249.947,1.0,0.0,0,0,0,0.002,0.003,0.006,0.001,0.002,0.003,0.001,0.001,0.005
2025-05-29T02:30Z,2025-05-29,237.041,0.0,274.909,1.0,0.0,0,0,0,0.002,0.003,0.006,0.001,0.002,0.002,0.001,0.001,0.004
2025-05-29T03:00Z,2025-05-29,239.943,0.0,299.88,1.0,0.0,0,0,0,0.001,0.002,0.003,0.001,0.001,0.001,0.0,0.001,0.002
2025-05-29T03:30Z,2025-05-29,244.547,0.0,324.878,1.0,0.0,0,0,0,0.001,0.002,0.003,0.001,0.001,0.001,0.001,0.001,0.002
2025-05-29T04:00Z,2025-05-29,238.405,0.0,274.93,1.0,0.0,0,0,0,0.002,0.002,0.003,0.001,0.001,0.001,0.001,0.001,0.003
2025-05-29T04:30Z,2025-05-29,235.239,0.0,274.873,1.0,5.0,0,0,0,0.002,0.002,0.005,0.001,0.002,0.002,0.001,0.001,0.004
2025-05-29T05:00Z,2025-05-29,237.282,0.0,274.908,1.0,10.0,0,0,0,0.002,0.002,0.004,0.001,0.001,0.001,0.001,0.001,0.003
2025-05-29T05:30Z,2025-05-29,242.332,0.0,299.912,1.0,20.0,0,0,0,0.002,0.002,0.004,0.001,0.001,0.001,0.001,0.002,0.003
2025-05-29T06:00Z,2025-05-29,243.121,0.0,299.925,1.0,30.0,0,0,0,0.001,0.002,0.003,0.001,0.001,0.001,0.0,0.001,0.003
2025-05-29T06:30Z,2025-05-29,246.806,0.0,324.926,1.0,70.0,0,0,0,0.001,0.002,0.003,0.001,0.001,0.001,0.0,0.001,0.002
2025-05-29T07:00Z,2025-05-29,243.475,0.0,299.932,1.0,110.0,0,0,0,0.001,0.001,0.002,0.001,0.001,0.001,0.0,0.001,0.002
2025-05-29T07:30Z,2025-05-29,247.432,0.0,324.938,1.0,100.0,0,0,0,0.001,0.002,0.004,0.002,0.002,0.002,0.001,0.002,0.003
2025-05-29T08:00Z,2025-05-29,251.274,0.0,349.928,1.0,90.0,0,0,0,0.002,0.002,0.004,0.002,0.002,0.003,0.001,0.003,0.005
2025-05-29T08:30Z,2025-05-29,242.539,0.0,299.914,1.0,75.0,0,0,0,0.002,0.002,0.005,0.004,0.004,0.003,0.002,0.004,0.005
2025-05-29T09:00Z,2025-05-29,244.381,0.0,299.941,1.0,60.0,0,0,0,0.002,0.003,0.008,0.004,0.004,0.005,0.002,0.004,0.006
2025-05-29T09:30Z,2025-05-29,243.563,0.0,299.926,1.0,90.0,0,0,0,0.002,0.002,0.006,0.004,0.003,0.004,0.002,0.004,0.006
2025-05-29T10:00Z,2025-05-29,240.646,0.0,299.875,1.0,120.0,0,0,0,0.003,0.003,0.006,0.002,0.002,0.003,0.001,0.003,0.005
2025-05-29T10:30Z,2025-05-29,241.543,0.0,299.89,1.0,140.0,0,0,0,0.008,0.01,0.03,0.003,0.002,0.005,0.001,0.003,0.012
2025-05-29T11:00Z,2025-05-29,242.995,0.0,299.918,1.0,160.0,0,0,0,0.013,0.016,0.038,0.002,0.004,0.01,0.002,0.005,0.019
2025-05-29T11:30Z,2025-05-29,244.034,0.0,299.931,1.0,255.0,0,0,0,0.01,0.012,0.029,0.002,0.003,0.009,0.001,0.003,0.014
2025-05-29T12:00Z,2025-05-29,243.264,0.0,299.926,1.0,350.0,0,0,0,0.007,0.015,0.03,0.001,0.003,0.006,0.001,0.003,0.01
2025-05-29T12:30Z,2025-05-29,241.79,0.0,299.894,1.0,340.0,0,0,0,0.007,0.011,0.028,0.002,0.002,0.007,0.002,0.002,0.01
2025-05-29T13:00Z,2025-05-29,240.5,0.0,299.871,1.0,330.0,0,0,0,0.002,0.003,0.007,0.006,0.004,0.004,0.002,0.003,0.005
2025-05-29T13:30Z,2025-05-29,237.228,0.0,274.909,1.0,325.0,0,0,0,0.003,0.004,0.009,0.007,0.006,0.004,0.003,0.004,0.007
2025-05-29T14:00Z,2025-05-29,234.357,0.0,274.86,1.0,320.0,0,0,0,0.003,0.004,0.009,0.014,0.015,0.011,0.011,0.015,0.024
2025-05-29T14:30Z,2025-05-29,232.185,0.0,249.919,1.0,295.0,0,0,0,0.003,0.003,0.008,0.011,0.014,0.009,0.006,0.017,0.021
2025-05-29T15:00Z,2025-05-29,229.6,0.0,249.873,1.0,270.0,0,0,0,0.003,0.003,0.007,0.006,0.006,0.006,0.004,0.007,0.012
2025-05-29T15:30Z,2025-05-29,234.016,0.0,274.858,1.0,265.0,0,0,0,0.002,0.002,0.006,0.004,0.005,0.007,0.002,0.004,0.009
2025-05-29T16:00Z,2025-05-29,240.181,0.0,299.873,1.0,260.0,0,0,0,0.001,0.002,0.004,0.003,0.003,0.004,0.001,0.003,0.004
2025-05-29T16:30Z,2025-05-29,235.793,0.0,274.88,1.0,275.0,0,0,0,0.002,0.002,0.004,0.004,0.003,0.002,0.002,0.002,0.004
2025-05-29T17:00Z,2025-05-29,232.002,0.0,249.905,1.0,290.0,0,0,0,0.002,0.003,0.004,0.003,0.004,0.003,0.002,0.003,0.006
2025-05-29T17:30Z,2025-05-29,235.007,0.0,274.865,1.0,235.0,0,0,0,0.002,0.002,0.004,0.002,0.002,0.002,0.001,0.001,0.003
2025-05-29T18:00Z,2025-05-29,236.433,0.0,274.89,1.0,180.0,0,0,0,0.002,0.002,0.004,0.002,0.002,0.002,0.001,0.001,0.003
2025-05-29T18:30Z,2025-05-29,233.197,0.0,249.928,1.0,175.0,0,0,0,0.002,0.002,0.004,0.003,0.003,0.004,0.002,0.003,0.006
2025-05-29T19:00Z,2025-05-29,227.86,0.0,249.836,1.0,170.0,0,0,0,0.002,0.002,0.004,0.007,0.007,0.005,0.002,0.004,0.007
2025-05-29T19:30Z,2025-05-29,224.362,0.0,224.882,1.0,140.0,0,0,0,0.003,0.004,0.008,0.005,0.006,0.006,0.002,0.004,0.008
2025-05-29T20:00Z,2025-05-29,220.801,0.0,224.824,1.0,110.0,0,0,0,0.003,0.004,0.008,0.007,0.006,0.006,0.002,0.003,0.005
2025-05-29T20:30Z,2025-05-29,219.951,0.036,199.925,1.0,90.0,0,0,0,0.002,0.003,0.004,0.005,0.007,0.007,0.001,0.004,0.008
2025-05-29T21:00Z,2025-05-29,222.128,0.0,224.843,1.0,70.0,0,0,0,0.002,0.003,0.004,0.004,0.005,0.006,0.002,0.005,0.011
2025-05-29T21:30Z,2025-05-29,230.72,0.0,249.885,1.0,60.0,0,0,0,0.002,0.003,0.004,0.003,0.005,0.006,0.001,0.004,0.01
2025-05-29T22:00Z,2025-05-29,234.748,0.0,274.855,1.0,50.0,0,0,0,0.002,0.003,0.004,0.002,0.003,0.004,0.001,0.003,0.005
2025-05-29T22:30Z,2025-05-29,248.705,0.0,324.931,1.0,30.0,0,0,0,0.002,0.003,0.004,0.002,0.002,0.002,0.001,0.001,0.003
2025-05-29T23:00Z,2025-05-29,247.849,0.0,324.916,1.0,10.0,0,0,0,0.002,0.002,0.004,0.001,0.001,0.001,0.001,0.001,0.003
2025-05-29T23:30Z,2025-05-29,245.978,0.0,324.883,1.0,5.0,0,0,0,0.002,0.003,0.007,0.001,0.001,0.001,0.001,0.001,0.004
2025-05-31T00:00Z,2025-05-31,246.219,0.0,324.927,0.875,80.0,0,0,0,0.002,0.002,0.003,0.001,0.001,0.001,0.001,0.001,0.002
2025-05-31T00:30Z,2025-05-31,262.119,0.0,424.957,0.889,75.0,0,0,0,0.002,0.002,0.003,0.001,0.001,0.001,0.0,0.001,0.002
2025-05-31T01:00Z,2025-05-31,262.245,0.0,424.952,0.889,70.0,0,0,0,0.002,0.002,0.003,0.001,0.001,0.001,0.0,0.001,0.002
2025-05-31T01:30Z,2025-05-31,262.824,0.0,424.963,0.91,70.0,0,0,0,0.001,0.002,0.003,0.001,0.001,0.001,0.001,0.001,0.002
2025-05-31T02:00Z,2025-05-31,264.069,0.0,449.959,0.951,70.0,0,0,0,0.001,0.002,0.003,0.001,0.001,0.001,0.0,0.001,0.002
2025-05-31T02:30Z,2025-05-31,264.377,0.0,449.967,0.965,85.0,0,0,0,0.001,0.002,0.003,0.001,0.001,0.001,0.0,0.001,0.002
2025-05-31T03:00Z,2025-05-31,262.34,0.0,449.912,0.965,100.0,0,0,0,0.001,0.002,0.003,0.001,0.001,0.001,0.001,0.001,0.003
2025-05-31T03:30Z,2025-05-31,259.544,0.0,399.956,0.924,135.0,0,0,0,0.001,0.002,0.003,0.001,0.001,0.001,0.001,0.001,0.002
2025-05-31T04:00Z,2025-05-31,257.317,0.0,399.913,0.896,170.0,0,0,0,0.001,0.002,0.003,0.001,0.001,0.001,0.0,0.001,0.002
2025-05-31T04:30Z,2025-05-31,243.228,0.0,299.949,0.882,195.0,0,0,0,0.001,0.002,0.003,0.001,0.001,0.002,0.001,0.002,0.003
2025-05-31T05:00Z,2025-05-31,235.511,0.0,274.901,0.903,220.0,0,0,0,0.002,0.002,0.003,0.002,0.003,0.003,0.001,0.004,0.004
2025-05-31T05:30Z,2025-05-31,241.464,0.0,299.918,0.917,430.0,0,0,0,0.002,0.002,0.003,0.002,0.002,0.002,0.001,0.002,0.003
2025-05-31T06:00Z,2025-05-31,240.522,0.0,299.91,0.958,640.0,0,0,0,0.002,0.002,0.003,0.002,0.002,0.002,0.001,0.003,0.003
2025-05-31T06:30Z,2025-05-31,237.681,0.0,274.947,0.986,725.0,0,0,0,0.002,0.002,0.003,0.003,0.003,0.002,0.001,0.003,0.004
2025-05-31T07:00Z,2025-05-31,239.739,0.0,299.892,0.972,810.0,0,0,0,0.002,0.003,0.003,0.002,0.003,0.003,0.001,0.003,0.004
2025-05-31T07:30Z,2025-05-31,244.568,0.0,324.9,0.986,835.0,0,0,0,0.003,0.004,0.005,0.001,0.002,0.002,0.001,0.002,0.005
2025-05-31T08:00Z,2025-05-31,241.407,0.0,299.919,0.986,860.0,0,0,0,0.002,0.004,0.005,0.001,0.002,0.003,0.001,0.003,0.005
2025-05-31T08:30Z,2025-05-31,240.565,0.0,299.905,1.0,790.0,0,0,0,0.002,0.003,0.004,0.001,0.002,0.002,0.001,0.002,0.004
2025-05-31T09:00Z,2025-05-31,236.495,0.0,274.922,0.993,720.0,0,0,0,0.001,0.002,0.003,0.001,0.002,0.002,0.001,0.002,0.004
2025-05-31T09:30Z,2025-05-31,236.198,0.0,274.916,0.993,710.0,0,0,0,0.001,0.001,0.001,0.001,0.002,0.002,0.001,0.001,0.003
2025-05-31T10:00Z,2025-05-31,234.683,0.0,274.881,1.0,700.0,0,0,0,0.001,0.001,0.002,0.002,0.003,0.003,0.002,0.003,0.005
2025-05-31T10:30Z,2025-05-31,238.352,0.0,274.945,1.0,655.0,0,0,0,0.003,0.003,0.003,0.002,0.003,0.004,0.002,0.002,0.005
2025-05-31T11:00Z,2025-05-31,243.656,0.0,324.888,1.0,610.0,0,0,0,0.004,0.004,0.004,0.001,0.002,0.003,0.002,0.002,0.005
2025-05-31T11:30Z,2025-05-31,245.842,0.0,324.915,0.993,845.0,0,0,0,0.006,0.009,0.009,0.002,0.005,0.008,0.001,0.003,0.008
2025-05-31T12:00Z,2025-05-31,254.221,0.0,374.915,0.979,1080.0,0,0,0,0.016,0.017,0.027,0.003,0.006,0.01,0.002,0.004,0.012
2025-05-31T12:30Z,2025-05-31,251.726,0.0,349.948,0.965,1500.0,0,0,0,0.023,0.025,0.027,0.004,0.008,0.014,0.005,0.007,0.016
2025-05-31T13:00Z,2025-05-31,259.387,0.0,399.943,0.993,1920.0,0,0,0,0.024,0.026,0.024,0.004,0.007,0.009,0.004,0.006,0.011
2025-05-31T13:30Z,2025-05-31,269.525,0.0,500.0,0.979,1715.0,0,0,0,0.022,0.023,0.027,0.006,0.007,0.011,0.008,0.006,0.013
2025-05-31T14:00Z,2025-05-31,256.895,0.0,399.908,0.958,1510.0,0,0,0,0.01,0.011,0.015,0.003,0.005,0.008,0.002,0.005,0.012
2025-05-31T14:30Z,2025-05-31,264.416,0.0,449.929,0.944,1740.0,0,0,0,0.017,0.016,0.031,0.005,0.007,0.018,0.002,0.004,0.017
2025-05-31T15:00Z,2025-05-31,267.388,0.0,474.956,0.91,1970.0,0,0,0,0.021,0.026,0.029,0.004,0.006,0.01,0.002,0.006,0.009
2025-05-31T15:30Z,2025-05-31,271.768,0.0,549.958,0.819,2160.0,0,0,0,0.022,0.025,0.024,0.005,0.008,0.009,0.004,0.005,0.008
2025-05-31T16:00Z,2025-05-31,273.864,0.0,574.966,0.722,2350.0,0,0,0,0.025,0.019,0.019,0.006,0.007,0.006,0.003,0.005,0.007
2025-05-31T16:30Z,2025-05-31,279.026,0.0,649.97,0.618,2435.0,0,0,0,0.029,0.022,0.022,0.004,0.006,0.006,0.002,0.004,0.007
2025-05-31T17:00Z,2025-05-31,279.232,0.0,649.963,0.528,2520.0,0,0,0,0.027,0.025,0.022,0.003,0.005,0.006,0.002,0.005,0.007
2025-05-31T17:30Z,2025-05-31,281.276,0.0,674.961,0.562,2680.0,0,0,0,0.023,0.021,0.021,0.003,0.004,0.004,0.002,0.004,0.007
2025-05-31T18:00Z,2025-05-31,282.037,0.0,674.973,0.507,2840.0,0,0,0,0.021,0.023,0.023,0.003,0.005,0.005,0.002,0.005,0.007
2025-05-31T18:30Z,2025-05-31,282.847,0.0,699.951,0.451,2710.0,0,0,0,0.016,0.019,0.025,0.003,0.004,0.006,0.002,0.004,0.007
2025-05-31T19:00Z,2025-05-31,286.122,0.0,724.971,0.41,2580.0,0,0,0,0.014,0.02,0.026,0.005,0.007,0.007,0.002,0.006,0.009
2025-05-31T19:30Z,2025-05-31,288.313,0.0,774.991,0.444,2150.0,0,0,0,0.012,0.012,0.018,0.005,0.006,0.006,0.003,0.004,0.006
2025-05-31T20:00Z,2025-05-31,285.036,0.0,725.0,0.465,1720.0,0,0,0,0.006,0.006,0.011,0.003,0.005,0.005,0.003,0.004,0.006
2025-05-31T20:30Z,2025-05-31,278.118,0.0,624.971,0.444,1675.0,0,0,0,0.006,0.007,0.013,0.004,0.006,0.005,0.003,0.006,0.007
2025-05-31T21:00Z,2025-05-31,280.21,0.0,649.973,0.451,1630.0,0,0,0,0.006,0.006,0.012,0.002,0.003,0.003,0.001,0.002,0.004
2025-05-31T21:30Z,2025-05-31,282.348,0.0,674.976,0.444,1175.0,0,0,0,0.003,0.004,0.008,0.001,0.002,0.002,0.001,0.002,0.004
2025-05-31T22:00Z,2025-05-31,284.238,0.0,699.985,0.382,720.0,0,0,0,0.001,0.001,0.002,0.001,0.001,0.001,0.0,0.001,0.002
2025-05-31T22:30Z,2025-05-31,282.193,0.0,674.976,0.424,450.0,0,0,0,0.001,0.001,0.002,0.001,0.001,0.001,0.0,0.001,0.002
2025-05-31T23:00Z,2025-05-31,279.367,0.0,625.0,0.306,180.0,0,0,0,0.001,0.001,0.002,0.002,0.003,0.002,0.001,0.002,0.003
2025-05-31T23:30Z,2025-05-31,277.979,0.0,649.944,0.285,115.0,0,0,0,0.001,0.001,0.002,0.001,0.002,0.002,0.001,0.002,0.002
2025-06-02T00:00Z,2025-06-02,254.002,0.0,374.944,0.646,130.0,0,0,0,0.001,0.001,0.002,0.0,0.001,0.002,0.001,0.001,0.001
2025-06-02T00:30Z,2025-06-02,266.119,0.0,474.955,0.542,85.0,0,0,0,0.001,0.001,0.002,0.0,0.001,0.001,0.0,0.001,0.002
2025-06-02T01:00Z,2025-06-02,277.216,0.0,624.957,0.507,40.0,0,0,0,0.001,0.002,0.002,0.0,0.001,0.001,0.0,0.001,0.001
2025-06-02T01:30Z,2025-06-02,282.173,0.0,675.0,0.458,40.0,0,0,0,0.001,0.002,0.002,0.001,0.001,0.001,0.0,0.001,0.001
2025-06-02T02:00Z,2025-06-02,283.898,0.0,749.953,0.382,40.0,0,0,0,0.001,0.002,0.002,0.0,0.001,0.001,0.0,0.001,0.001
2025-06-02T02:30Z,2025-06-02,285.498,0.0,749.979,0.403,50.0,0,0,0,0.001,0.002,0.002,0.0,0.0,0.001,0.0,0.001,0.001
2025-06-02T03:00Z,2025-06-02,289.547,0.0,775.023,0.354,60.0,0,0,0,0.001,0.001,0.001,0.0,0.0,0.001,0.0,0.001,0.001
2025-06-02T03:30Z,2025-06-02,285.291,0.0,749.98,0.326,90.0,0,0,0,0.001,0.001,0.001,0.0,0.0,0.002,0.0,0.001,0.002
2025-06-02T04:00Z,2025-06-02,275.698,0.0,599.949,0.34,120.0,0,0,0,0.001,0.001,0.001,0.002,0.002,0.003,0.002,0.007,0.004
2025-06-02T04:30Z,2025-06-02,279.257,0.0,625.0,0.403,150.0,0,0,0,0.001,0.001,0.002,0.0,0.001,0.001,0.0,0.001,0.002
2025-06-02T05:00Z,2025-06-02,286.932,0.0,774.963,0.535,180.0,0,0,0,0.001,0.002,0.002,0.0,0.001,0.001,0.0,0.001,0.002
2025-06-02T05:30Z,2025-06-02,286.425,0.0,774.961,0.549,275.0,0,0,0,0.001,0.002,0.002,0.0,0.001,0.001,0.0,0.001,0.001
2025-06-02T06:00Z,2025-06-02,285.756,0.0,774.95,0.667,370.0,0,0,0,0.002,0.002,0.002,0.0,0.001,0.001,0.0,0.001,0.002
2025-06-02T06:30Z,2025-06-02,281.931,0.0,699.966,0.708,360.0,0,0,0,0.001,0.002,0.003,0.0,0.001,0.002,0.0,0.001,0.002
2025-06-02T07:00Z,2025-06-02,273.225,0.0,549.967,0.785,350.0,0,0,0,0.001,0.003,0.003,0.001,0.001,0.004,0.001,0.005,0.005
2025-06-02T07:30Z,2025-06-02,271.67,0.0,524.97,0.903,420.0,0,0,0,0.001,0.003,0.004,0.001,0.002,0.005,0.002,0.006,0.004
2025-06-02T08:00Z,2025-06-02,265.674,0.0,474.935,0.931,490.0,0,0,0,0.002,0.003,0.004,0.001,0.002,0.007,0.002,0.006,0.007
2025-06-02T08:30Z,2025-06-02,266.584,0.0,474.953,0.965,370.0,0,0,0,0.002,0.005,0.006,0.001,0.002,0.005,0.001,0.003,0.003
2025-06-02T09:00Z,2025-06-02,267.646,0.0,474.97,0.972,250.0,0,0,0,0.003,0.005,0.007,0.001,0.001,0.004,0.001,0.003,0.003
2025-06-02T09:30Z,2025-06-02,245.723,0.0,324.931,0.944,390.0,0,0,0,0.003,0.005,0.006,0.001,0.002,0.006,0.001,0.008,0.006
2025-06-02T10:00Z,2025-06-02,244.336,0.0,324.904,0.931,530.0,0,0,0,0.003,0.005,0.007,0.002,0.002,0.006,0.004,0.009,0.004
2025-06-02T10:30Z,2025-06-02,244.018,0.0,324.899,0.965,1185.0,0,0,0,0.004,0.007,0.013,0.003,0.002,0.008,0.002,0.007,0.007
2025-06-02T11:00Z,2025-06-02,243.283,0.0,324.893,0.951,1840.0,0,0,0,0.013,0.014,0.019,0.003,0.002,0.007,0.002,0.005,0.007
2025-06-02T11:30Z,2025-06-02,239.195,0.0,299.893,0.972,1895.0,0,0,0,0.012,0.011,0.017,0.003,0.004,0.008,0.001,0.009,0.01
2025-06-02T12:00Z,2025-06-02,230.691,0.0,249.914,0.972,1950.0,0,0,0,0.008,0.01,0.012,0.015,0.013,0.013,0.018,0.034,0.024
2025-06-02T12:30Z,2025-06-02,232.564,0.0,274.852,0.993,1680.0,0,0,0,0.008,0.014,0.025,0.007,0.011,0.015,0.003,0.008,0.011
2025-06-02T13:00Z,2025-06-02,232.09,0.0,249.94,0.993,1410.0,0,0,0,0.01,0.012,0.02,0.004,0.004,0.01,0.002,0.005,0.008
2025-06-02T13:30Z,2025-06-02,232.269,0.0,249.941,1.0,1430.0,0,0,0,0.014,0.026,0.036,0.005,0.004,0.011,0.001,0.004,0.007
2025-06-02T14:00Z,2025-06-02,235.221,0.0,274.912,1.0,1450.0,0,0,0,0.024,0.043,0.053,0.006,0.006,0.012,0.003,0.008,0.01
2025-06-02T14:30Z,2025-06-02,233.836,0.0,274.883,1.0,1725.0,0,0,0,0.024,0.024,0.046,0.003,0.003,0.012,0.002,0.004,0.011
2025-06-02T15:00Z,2025-06-02,238.936,0.0,299.891,1.0,2000.0,0,0,0,0.019,0.023,0.032,0.004,0.006,0.011,0.002,0.007,0.011
2025-06-02T15:30Z,2025-06-02,247.373,0.0,349.901,1.0,2235.0,0,0,0,0.021,0.055,0.067,0.004,0.01,0.016,0.002,0.008,0.017
2025-06-02T16:00Z,2025-06-02,251.426,0.0,374.909,1.0,2470.0,0,0,0,0.035,0.079,0.096,0.004,0.014,0.031,0.003,0.013,0.037
2025-06-02T16:30Z,2025-06-02,254.667,0.0,374.953,1.0,2585.0,0,0,0,0.047,0.091,0.084,0.005,0.023,0.033,0.004,0.021,0.03
2025-06-02T17:00Z,2025-06-02,253.042,0.0,374.929,0.993,2700.0,0,0,0,0.044,0.092,0.088,0.005,0.013,0.019,0.003,0.015,0.021
2025-06-02T17:30Z,2025-06-02,252.864,0.0,374.928,1.0,2785.0,0,0,0,0.037,0.071,0.062,0.003,0.005,0.012,0.003,0.011,0.01
2025-06-02T18:00Z,2025-06-02,252.672,0.0,374.924,0.986,2870.0,0,0,0,0.033,0.064,0.058,0.002,0.002,0.009,0.001,0.007,0.007
2025-06-02T18:30Z,2025-06-02,253.472,0.0,374.937,0.924,2985.0,0,0,0,0.026,0.066,0.049,0.002,0.003,0.009,0.002,0.006,0.007
2025-06-02T19:30Z,2025-06-02,259.805,0.0,424.924,0.931,3080.0,0,0,0,0.036,0.072,0.05,0.003,0.006,0.01,0.005,0.009,0.01
2025-06-02T20:00Z,2025-06-02,261.711,0.0,449.914,0.944,3060.0,0,0,0,0.018,0.035,0.035,0.002,0.007,0.007,0.002,0.007,0.007
2025-06-02T20:30Z,2025-06-02,265.547,0.0,474.936,0.965,2945.0,0,0,0,0.01,0.021,0.022,0.001,0.003,0.008,0.001,0.005,0.009
2025-06-02T21:00Z,2025-06-02,262.683,0.0,449.948,0.986,2830.0,0,0,0,0.009,0.013,0.02,0.001,0.001,0.004,0.001,0.002,0.004
2025-06-02T21:30Z,2025-06-02,266.21,0.0,474.953,1.0,2635.0,0,0,0,0.006,0.014,0.016,0.0,0.001,0.001,0.0,0.001,0.002
2025-06-02T22:00Z,2025-06-02,266.519,0.0,474.963,1.0,2440.0,0,0,0,0.006,0.015,0.016,0.0,0.001,0.002,0.001,0.001,0.002
2025-06-02T22:30Z,2025-06-02,262.834,0.0,449.921,0.993,2055.0,0,0,0,0.008,0.009,0.013,0.0,0.001,0.002,0.001,0.001,0.002
2025-06-02T23:00Z,2025-06-02,263.869,0.0,449.965,0.965,1670.0,0,0,0,0.006,0.009,0.01,0.0,0.001,0.001,0.0,0.001,0.001
2025-06-02T23:30Z,2025-06-02,270.699,0.0,524.972,0.938,1005.0,0,0,0,0.002,0.003,0.004,0.0,0.001,0.001,0.0,0.001,0.001
2025-06-04T00:00Z,2025-06-04,282.088,0.0,675.0,0.576,1510.0,0,0,0,0.018,0.035,0.036,0.001,0.001,0.002,0.001,0.002,0.003
2025-06-04T00:30Z,2025-06-04,284.663,0.0,749.955,0.472,1450.0,0,0,0,0.02,0.033,0.035,0.001,0.001,0.002,0.001,0.002,0.002
2025-06-04T01:00Z,2025-06-04,285.758,0.0,749.979,0.444,1390.0,0,0,0,0.025,0.028,0.019,0.001,0.001,0.001,0.001,0.001,0.001
2025-06-04T01:30Z,2025-06-04,285.222,0.0,749.967,0.417,1245.0,0,0,0,0.007,0.012,0.014,0.0,0.001,0.001,0.001,0.001,0.002
2025-06-04T02:00Z,2025-06-04,289.785,0.0,775.032,0.354,1100.0,0,0,0,0.002,0.004,0.005,0.0,0.0,0.001,0.0,0.001,0.001
2025-06-04T02:30Z,2025-06-04,288.876,0.0,775.012,0.312,835.0,0,0,0,0.002,0.004,0.004,0.0,0.0,0.001,0.0,0.001,0.001
2025-06-04T03:00Z,2025-06-04,,,,0.278,570.0,0,0,0,0.001,0.002,0.003,0.0,0.0,0.001,0.0,0.001,0.001
2025-06-04T03:30Z,2025-06-04,,,,0.208,585.0,0,0,0,0.001,0.002,0.003,0.0,0.0,0.001,0.0,0.001,0.001
2025-06-04T04:00Z,2025-06-04,296.633,0.0,775.173,0.167,600.0,0,0,0,0.001,0.002,0.002,0.0,0.0,0.001,0.0,0.001,0.001
2025-06-04T04:30Z,2025-06-04,288.668,0.0,775.01,0.111,585.0,0,0,0,0.001,0.003,0.003,0.0,0.001,0.002,0.0,0.002,0.003
2025-06-04T05:00Z,2025-06-04,290.084,0.0,775.032,0.111,570.0,0,0,0,0.002,0.004,0.004,0.0,0.0,0.002,0.0,0.001,0.002
2025-06-04T05:30Z,2025-06-04,290.738,0.0,775.045,0.139,610.0,0,0,0,0.003,0.005,0.004,0.0,0.001,0.002,0.0,0.001,0.002
2025-06-04T06:00Z,2025-06-04,290.489,0.0,775.04,0.188,650.0,0,0,0,0.002,0.003,0.003,0.0,0.0,0.001,0.0,0.001,0.001
2025-06-04T06:30Z,2025-06-04,291.488,0.0,775.128,0.236,640.0,0,0,0,0.004,0.006,0.005,0.0,0.001,0.003,0.0,0.001,0.002
2025-06-04T07:00Z,2025-06-04,290.029,0.0,775.08,0.326,630.0,0,0,0,0.004,0.013,0.016,0.001,0.001,0.005,0.001,0.003,0.006
2025-06-04T07:30Z,2025-06-04,287.734,0.0,775.013,0.361,565.0,0,0,0,0.004,0.012,0.016,0.001,0.002,0.01,0.001,0.005,0.011
2025-06-04T08:00Z,2025-06-04,286.517,0.0,774.966,0.354,500.0,0,0,0,0.004,0.014,0.017,0.001,0.004,0.01,0.002,0.01,0.012
2025-06-04T08:30Z,2025-06-04,284.345,0.0,749.967,0.41,425.0,0,0,0,0.013,0.026,0.053,0.001,0.002,0.015,0.001,0.007,0.02
2025-06-04T09:00Z,2025-06-04,281.036,0.0,724.95,0.41,350.0,0,0,0,0.019,0.055,0.093,0.001,0.005,0.015,0.002,0.009,0.021
2025-06-04T09:30Z,2025-06-04,279.938,0.0,675.0,0.382,340.0,0,0,0,0.022,0.059,0.089,0.001,0.004,0.014,0.001,0.008,0.017
2025-06-04T10:00Z,2025-06-04,277.642,0.0,649.955,0.361,330.0,0,0,0,0.026,0.046,0.072,0.001,0.002,0.01,0.001,0.005,0.008
2025-06-04T10:30Z,2025-06-04,275.427,0.0,575.0,0.361,435.0,0,0,0,0.032,0.044,0.066,0.001,0.002,0.009,0.001,0.006,0.008
2025-06-04T11:00Z,2025-06-04,273.735,0.0,574.954,0.361,540.0,0,0,0,0.025,0.044,0.052,0.001,0.002,0.006,0.001,0.008,0.009
2025-06-04T11:30Z,2025-06-04,274.982,0.0,575.0,0.368,1150.0,0,0,0,0.042,0.081,0.109,0.001,0.002,0.007,0.001,0.002,0.005
2025-06-04T12:00Z,2025-06-04,273.666,0.0,574.972,0.333,1760.0,0,0,1,0.037,0.058,0.073,0.002,0.004,0.008,0.001,0.004,0.009
2025-06-04T12:30Z,2025-06-04,274.861,0.0,575.0,0.34,2555.0,0,1,1,0.025,0.057,0.062,0.001,0.002,0.004,0.001,0.002,0.005
2025-06-04T13:00Z,2025-06-04,275.674,0.0,574.977,0.326,3350.0,1,1,1,0.025,0.05,0.045,0.001,0.001,0.004,0.001,0.002,0.005
2025-06-04T13:30Z,2025-06-04,226.954,0.0,249.87,0.312,2730.0,1,1,1,0.028,0.051,0.048,0.09,0.12,0.134,0.393,0.451,0.476
2025-06-04T14:00Z,2025-06-04,219.869,0.04,224.846,0.417,2110.0,1,1,1,0.027,0.03,0.036,0.11,0.106,0.159,0.371,0.474,0.491
2025-06-04T14:30Z,2025-06-04,225.56,0.0,249.85,0.465,2380.0,0,0,0,0.018,0.029,0.033,0.008,0.008,0.017,0.12,0.124,0.138
2025-06-04T15:00Z,2025-06-04,233.531,0.0,274.896,0.528,2650.0,0,0,0,0.017,0.029,0.031,0.002,0.003,0.006,0.009,0.026,0.034
2025-06-04T15:30Z,2025-06-04,252.786,0.0,374.946,0.583,2780.0,0,0,0,0.017,0.028,0.03,0.003,0.003,0.011,0.005,0.016,0.031
2025-06-04T16:00Z,2025-06-04,235.208,0.0,274.937,0.632,2910.0,0,0,0,0.019,0.023,0.026,0.006,0.014,0.025,0.008,0.038,0.058
2025-06-04T16:30Z,2025-06-04,245.563,0.0,324.951,0.674,2850.0,0,0,0,0.03,0.05,0.042,0.002,0.003,0.009,0.004,0.008,0.023
2025-06-04T17:00Z,2025-06-04,269.764,0.0,524.96,0.715,2790.0,0,0,0,0.035,0.052,0.056,0.002,0.004,0.009,0.004,0.008,0.021
2025-06-04T17:30Z,2025-06-04,256.074,0.0,399.943,0.681,3060.0,0,0,0,0.038,0.047,0.045,0.003,0.003,0.011,0.002,0.006,0.016
2025-06-04T18:00Z,2025-06-04,240.388,0.0,299.928,0.701,3330.0,0,0,0,0.03,0.047,0.043,0.005,0.005,0.016,0.008,0.012,0.019
2025-06-04T18:30Z,2025-06-04,261.998,0.0,449.95,0.674,3540.0,0,0,0,0.02,0.047,0.04,0.001,0.001,0.005,0.001,0.003,0.007
2025-06-04T19:00Z,2025-06-04,267.486,0.0,499.97,0.625,3750.0,0,0,0,0.021,0.055,0.052,0.001,0.001,0.003,0.001,0.003,0.004
2025-06-04T19:30Z,2025-06-04,269.682,0.0,524.961,0.583,3660.0,0,0,0,0.019,0.047,0.038,0.001,0.001,0.003,0.001,0.003,0.003
2025-06-04T20:00Z,2025-06-04,273.215,0.0,574.965,0.562,3570.0,0,0,0,0.019,0.047,0.043,0.001,0.001,0.003,0.001,0.003,0.003
2025-06-04T20:30Z,2025-06-04,276.434,0.0,624.953,0.59,3355.0,0,0,0,0.02,0.049,0.045,0.001,0.001,0.003,0.001,0.002,0.002
2025-06-04T21:00Z,2025-06-04,277.301,0.0,649.946,0.535,3140.0,0,0,0,0.018,0.042,0.04,0.001,0.001,0.002,0.001,0.002,0.002
2025-06-04T21:30Z,2025-06-04,277.843,0.0,649.957,0.444,3095.0,0,0,0,0.026,0.053,0.045,0.001,0.001,0.004,0.001,0.004,0.004
2025-06-04T22:00Z,2025-06-04,278.158,0.0,649.964,0.465,3050.0,0,0,0,0.025,0.058,0.052,0.001,0.002,0.005,0.001,0.004,0.005
2025-06-04T22:30Z,2025-06-04,281.961,0.0,699.969,0.396,2945.0,0,0,0,0.027,0.061,0.055,0.001,0.002,0.005,0.001,0.004,0.005
2025-06-04T23:00Z,2025-06-04,280.298,0.0,674.969,0.326,2840.0,0,0,0,0.024,0.056,0.044,0.001,0.002,0.004,0.001,0.004,0.004
2025-06-04T23:30Z,2025-06-04,288.997,0.0,775.01,0.285,2960.0,0,0,0,0.021,0.06,0.061,0.001,0.002,0.004,0.001,0.003,0.005
2025-06-06T00:00Z,2025-06-06,275.184,0.0,574.978,0.34,2500.0,0,0,0,0.016,0.027,0.031,0.003,0.003,0.004,0.002,0.003,0.005
2025-06-06T00:30Z,2025-06-06,278.148,0.0,624.977,0.264,2250.0,0,0,0,0.011,0.019,0.023,0.003,0.003,0.004,0.001,0.003,0.005
2025-06-06T01:00Z,2025-06-06,281.034,0.0,674.982,0.236,2000.0,0,0,0,0.014,0.019,0.02,0.003,0.003,0.003,0.001,0.003,0.005
2025-06-06T01:30Z,2025-06-06,281.432,0.0,675.0,0.16,2105.0,0,0,0,0.013,0.021,0.028,0.003,0.003,0.003,0.001,0.003,0.004
2025-06-06T02:00Z,2025-06-06,277.517,0.0,624.961,0.139,2210.0,0,0,0,0.011,0.02,0.028,0.004,0.004,0.006,0.001,0.004,0.007
2025-06-06T02:30Z,2025-06-06,278.644,0.0,649.952,0.139,2125.0,0,0,0,0.013,0.018,0.026,0.003,0.003,0.004,0.001,0.003,0.005
2025-06-06T03:00Z,2025-06-06,277.807,0.0,624.969,0.118,2040.0,0,0,0,0.006,0.009,0.016,0.004,0.003,0.005,0.001,0.003,0.007
2025-06-06T03:30Z,2025-06-06,282.324,0.0,699.98,0.146,1940.0,0,0,0,0.005,0.009,0.015,0.003,0.003,0.003,0.001,0.002,0.005
2025-06-06T04:00Z,2025-06-06,285.498,0.0,749.979,0.16,1840.0,0,0,0,0.005,0.007,0.01,0.002,0.002,0.003,0.001,0.002,0.004
2025-06-06T04:30Z,2025-06-06,286.008,0.0,774.955,0.132,1755.0,0,0,0,0.006,0.007,0.011,0.003,0.003,0.003,0.001,0.003,0.004
2025-06-06T05:00Z,2025-06-06,284.51,0.0,700.0,0.104,1670.0,0,0,0,0.008,0.008,0.011,0.003,0.003,0.003,0.001,0.002,0.004
2025-06-06T05:30Z,2025-06-06,283.742,0.0,699.977,0.139,1780.0,0,0,0,0.009,0.009,0.017,0.003,0.004,0.006,0.001,0.003,0.008
2025-06-06T06:00Z,2025-06-06,286.685,0.0,774.96,0.201,1890.0,0,0,0,0.014,0.021,0.031,0.003,0.003,0.005,0.001,0.003,0.008
2025-06-06T06:30Z,2025-06-06,278.921,0.0,649.943,0.236,1765.0,0,0,0,0.017,0.019,0.027,0.005,0.006,0.008,0.002,0.007,0.012
2025-06-06T07:00Z,2025-06-06,288.724,0.0,775.001,0.326,1640.0,0,0,0,0.015,0.019,0.023,0.003,0.005,0.006,0.001,0.003,0.007
2025-06-06T07:30Z,2025-06-06,287.653,0.0,774.995,0.333,1625.0,0,0,0,0.02,0.03,0.031,0.004,0.006,0.012,0.001,0.006,0.011
2025-06-06T08:00Z,2025-06-06,289.49,0.0,774.988,0.333,1610.0,0,0,0,0.024,0.042,0.038,0.005,0.007,0.012,0.001,0.005,0.012
2025-06-06T08:30Z,2025-06-06,287.297,0.0,774.96,0.389,1680.0,0,0,0,0.065,0.136,0.11,0.007,0.013,0.02,0.002,0.009,0.02
2025-06-06T09:00Z,2025-06-06,285.779,0.0,749.973,0.34,1750.0,0,0,0,0.126,0.191,0.147,0.009,0.014,0.049,0.004,0.013,0.049
2025-06-06T09:30Z,2025-06-06,283.938,0.0,749.951,0.354,2445.0,0,0,0,0.089,0.174,0.174,0.017,0.023,0.062,0.005,0.022,0.049
2025-06-06T10:00Z,2025-06-06,281.973,0.0,724.956,0.333,3140.0,0,0,0,0.043,0.069,0.093,0.013,0.014,0.034,0.002,0.007,0.027
2025-06-06T10:30Z,2025-06-06,280.907,0.0,699.976,0.354,3090.0,0,0,0,0.046,0.08,0.093,0.007,0.01,0.024,0.002,0.007,0.025
2025-06-06T11:00Z,2025-06-06,278.633,0.0,624.953,0.34,3040.0,0,0,0,0.052,0.088,0.1,0.008,0.01,0.031,0.003,0.006,0.024
2025-06-06T11:30Z,2025-06-06,281.023,0.0,699.968,0.319,3710.0,0,0,0,0.052,0.071,0.095,0.006,0.009,0.018,0.002,0.005,0.016
2025-06-06T12:00Z,2025-06-06,279.644,0.0,674.977,0.354,4380.0,0,0,0,0.05,0.072,0.091,0.006,0.008,0.02,0.002,0.005,0.018
2025-06-06T12:30Z,2025-06-06,278.601,0.0,624.958,0.368,4065.0,0,0,0,0.055,0.103,0.088,0.005,0.007,0.013,0.002,0.005,0.015
2025-06-06T13:00Z,2025-06-06,277.365,0.0,599.97,0.326,3750.0,0,0,0,0.05,0.108,0.084,0.005,0.007,0.017,0.002,0.005,0.016
2025-06-06T13:30Z,2025-06-06,275.181,0.0,574.969,0.326,3765.0,0,0,0,0.05,0.111,0.082,0.005,0.007,0.014,0.002,0.005,0.013
2025-06-06T14:00Z,2025-06-06,271.703,0.0,549.942,0.292,3780.0,0,0,0,0.052,0.12,0.081,0.008,0.011,0.024,0.006,0.009,0.019
2025-06-06T14:30Z,2025-06-06,269.349,0.0,524.948,0.312,3650.0,0,0,0,0.044,0.098,0.068,0.014,0.017,0.019,0.003,0.008,0.019
2025-06-06T15:00Z,2025-06-06,256.338,0.0,399.95,0.312,3520.0,0,0,0,0.051,0.092,0.071,0.008,0.011,0.016,0.009,0.012,0.017
2025-06-06T15:30Z,2025-06-06,249.25,0.0,349.948,0.292,3380.0,0,0,0,0.057,0.076,0.059,0.015,0.014,0.027,0.017,0.015,0.032
2025-06-06T16:00Z,2025-06-06,213.216,0.077,199.834,0.312,3240.0,0,0,0,0.027,0.038,0.037,0.102,0.109,0.14,0.046,0.085,0.096
2025-06-06T16:30Z,2025-06-06,212.147,0.077,199.813,0.361,3170.0,0,0,0,0.028,0.048,0.034,0.095,0.095,0.133,0.042,0.069,0.098
2025-06-06T17:00Z,2025-06-06,220.625,0.0,224.861,0.507,3100.0,0,0,0,0.026,0.046,0.035,0.014,0.013,0.02,0.004,0.006,0.014
2025-06-06T17:30Z,2025-06-06,231.023,0.0,274.853,0.514,3015.0,0,0,0,0.021,0.031,0.033,0.011,0.012,0.018,0.003,0.005,0.012
2025-06-06T18:00Z,2025-06-06,234.977,0.0,274.922,0.583,2930.0,0,0,0,0.015,0.023,0.031,0.009,0.01,0.017,0.003,0.004,0.01
2025-06-06T18:30Z,2025-06-06,239.517,0.0,299.922,0.583,2890.0,0,0,0,0.012,0.02,0.028,0.005,0.005,0.008,0.002,0.003,0.008
2025-06-06T19:00Z,2025-06-06,251.466,0.0,374.916,0.507,2850.0,0,0,0,0.012,0.019,0.025,0.003,0.003,0.005,0.001,0.003,0.009
2025-06-06T19:30Z,2025-06-06,267.636,0.0,524.925,0.514,2890.0,0,0,0,0.014,0.023,0.029,0.003,0.004,0.006,0.001,0.004,0.008
2025-06-06T20:00Z,2025-06-06,268.712,0.0,524.95,0.569,2930.0,0,0,0,0.021,0.031,0.044,0.004,0.005,0.008,0.001,0.004,0.012
2025-06-06T20:30Z,2025-06-06,268.736,0.0,524.95,0.528,3040.0,0,0,0,0.022,0.034,0.05,0.005,0.005,0.005,0.001,0.004,0.009
2025-06-06T21:00Z,2025-06-06,254.725,0.0,399.916,0.514,3150.0,0,0,0,0.029,0.054,0.071,0.008,0.012,0.014,0.007,0.012,0.017
2025-06-06T21:30Z,2025-06-06,239.744,0.0,299.931,0.528,3185.0,0,0,0,0.025,0.039,0.06,0.007,0.01,0.011,0.004,0.011,0.014
2025-06-06T22:00Z,2025-06-06,224.007,0.0,224.927,0.611,3220.0,0,0,0,0.023,0.041,0.056,0.028,0.033,0.061,0.02,0.031,0.048
2025-06-06T22:30Z,2025-06-06,232.394,0.0,274.883,0.604,2810.0,0,0,0,0.019,0.03,0.05,0.013,0.013,0.019,0.004,0.008,0.024
2025-06-06T23:00Z,2025-06-06,240.597,0.0,299.945,0.722,2400.0,0,0,0,0.02,0.03,0.053,0.003,0.004,0.006,0.001,0.003,0.008
2025-06-06T23:30Z,2025-06-06,247.0,0.0,349.911,0.694,2100.0,0,0,0,0.018,0.029,0.044,0.003,0.003,0.005,0.001,0.002,0.007
2025-06-08T00:00Z,2025-06-08,278.678,0.0,674.946,0.604,2090.0,0,0,0,0.018,0.029,0.043,0.006,0.005,0.005,0.002,0.003,0.007
2025-06-08T00:30Z,2025-06-08,286.388,0.0,774.962,0.569,2090.0,0,0,0,0.027,0.05,0.067,0.005,0.005,0.007,0.002,0.004,0.008
2025-06-08T01:00Z,2025-06-08,286.391,0.0,774.962,0.604,2090.0,0,0,0,0.026,0.043,0.049,0.005,0.005,0.006,0.002,0.005,0.008
2025-06-08T01:30Z,2025-06-08,283.414,0.0,724.977,0.528,1985.0,0,0,0,0.02,0.04,0.045,0.007,0.007,0.011,0.002,0.006,0.011
2025-06-08T02:00Z,2025-06-08,267.978,0.0,499.97,0.556,1880.0,0,0,0,0.009,0.012,0.024,0.015,0.016,0.014,0.005,0.018,0.011
2025-06-08T02:30Z,2025-06-08,241.376,0.0,299.952,0.549,1670.0,0,0,0,0.006,0.007,0.016,0.009,0.009,0.008,0.004,0.011,0.011
2025-06-08T03:00Z,2025-06-08,218.351,0.125,224.819,0.611,1460.0,0,0,0,0.006,0.006,0.014,0.024,0.023,0.02,0.006,0.028,0.033
2025-06-08T03:30Z,2025-06-08,218.135,0.077,224.815,0.646,1180.0,0,0,0,0.004,0.004,0.011,0.007,0.008,0.011,0.001,0.008,0.015
2025-06-08T04:00Z,2025-06-08,225.883,0.0,249.85,0.625,900.0,0,0,0,0.004,0.004,0.009,0.003,0.003,0.003,0.001,0.002,0.004
2025-06-08T04:30Z,2025-06-08,225.422,0.0,249.842,0.562,985.0,0,0,0,0.006,0.005,0.014,0.004,0.004,0.004,0.001,0.003,0.005
2025-06-08T05:00Z,2025-06-08,229.51,0.0,249.912,0.604,1070.0,0,0,0,0.006,0.005,0.014,0.003,0.003,0.003,0.001,0.002,0.004
2025-06-08T05:30Z,2025-06-08,236.274,0.0,274.941,0.646,1165.0,0,0,0,0.006,0.006,0.014,0.002,0.003,0.003,0.001,0.002,0.005
2025-06-08T06:00Z,2025-06-08,246.517,0.0,324.953,0.639,1260.0,0,0,0,0.01,0.011,0.022,0.002,0.004,0.005,0.001,0.002,0.006
2025-06-08T06:30Z,2025-06-08,248.696,0.0,349.928,0.646,1215.0,0,0,0,0.01,0.017,0.029,0.002,0.004,0.005,0.001,0.002,0.007
2025-06-08T07:00Z,2025-06-08,259.258,0.0,424.929,0.66,1170.0,0,0,0,0.016,0.024,0.03,0.002,0.005,0.007,0.001,0.003,0.008
2025-06-08T07:30Z,2025-06-08,266.133,0.0,499.926,0.722,1240.0,0,0,0,0.019,0.037,0.042,0.003,0.006,0.008,0.001,0.005,0.009
2025-06-08T08:00Z,2025-06-08,259.164,0.0,424.923,0.75,1310.0,0,0,1,0.026,0.046,0.043,0.006,0.01,0.022,0.004,0.012,0.02
2025-06-08T08:30Z,2025-06-08,251.286,0.0,374.895,0.764,1390.0,0,1,1,0.023,0.056,0.047,0.016,0.031,0.048,0.017,0.041,0.041
2025-06-08T09:00Z,2025-06-08,236.731,0.0,274.944,0.771,1470.0,1,1,1,0.041,0.091,0.074,0.037,0.077,0.148,0.041,0.087,0.069
2025-06-08T09:30Z,2025-06-08,210.927,0.042,199.79,0.819,1605.0,0,0,0,0.08,0.12,0.153,0.245,0.351,0.474,0.778,0.769,0.818
2025-06-08T10:00Z,2025-06-08,219.345,0.045,224.837,0.785,1740.0,0,0,0,0.12,0.207,0.261,0.222,0.35,0.628,0.233,0.513,0.705
2025-06-08T10:30Z,2025-06-08,212.291,0.083,199.816,0.84,1870.0,0,0,0,0.072,0.145,0.163,0.151,0.223,0.451,0.096,0.282,0.447
2025-06-08T11:00Z,2025-06-08,223.987,0.0,224.918,0.84,2000.0,0,0,0,0.058,0.121,0.11,0.025,0.038,0.123,0.021,0.054,0.09
2025-06-08T11:30Z,2025-06-08,207.714,0.08,174.859,0.806,2315.0,0,0,0,0.095,0.208,0.164,0.061,0.103,0.186,0.029,0.07,0.158
2025-06-08T12:00Z,2025-06-08,209.512,0.077,174.896,0.847,2630.0,0,0,0,0.092,0.187,0.164,0.058,0.083,0.136,0.031,0.075,0.148
2025-06-08T12:30Z,2025-06-08,216.591,0.071,199.901,0.882,2580.0,0,0,0,0.105,0.213,0.163,0.055,0.082,0.213,0.007,0.036,0.123
2025-06-08T13:00Z,2025-06-08,227.935,0.0,249.887,0.91,2530.0,0,0,0,0.034,0.054,0.051,0.019,0.035,0.057,0.006,0.021,0.049
2025-06-08T13:30Z,2025-06-08,232.213,0.0,274.871,0.979,2485.0,0,0,0,0.047,0.101,0.079,0.017,0.039,0.074,0.01,0.025,0.07
2025-06-08T14:00Z,2025-06-08,237.406,0.0,299.873,0.986,2440.0,0,0,0,0.045,0.104,0.079,0.019,0.033,0.077,0.009,0.019,0.062
2025-06-08T14:30Z,2025-06-08,252.974,0.0,374.923,0.972,2490.0,0,0,0,0.037,0.062,0.076,0.017,0.037,0.072,0.009,0.02,0.034
2025-06-08T15:00Z,2025-06-08,254.34,0.0,374.947,0.924,2540.0,0,0,0,0.038,0.076,0.087,0.012,0.03,0.054,0.008,0.016,0.048
2025-06-08T15:30Z,2025-06-08,262.157,0.0,449.926,0.944,2420.0,0,0,0,0.011,0.034,0.046,0.008,0.024,0.03,0.004,0.012,0.025
2025-06-08T16:00Z,2025-06-08,264.642,0.0,474.941,0.951,2300.0,0,0,0,0.011,0.031,0.049,0.009,0.019,0.035,0.004,0.007,0.018
2025-06-08T16:30Z,2025-06-08,263.088,0.0,449.964,0.951,2425.0,0,0,0,0.011,0.03,0.04,0.007,0.01,0.016,0.003,0.004,0.011
2025-06-08T17:00Z,2025-06-08,253.443,0.0,374.948,0.938,2550.0,0,0,0,0.007,0.014,0.016,0.006,0.006,0.005,0.004,0.006,0.013
2025-06-08T17:30Z,2025-06-08,259.476,0.0,424.938,0.917,2350.0,0,0,0,0.009,0.019,0.029,0.007,0.009,0.014,0.003,0.008,0.014
2025-06-08T18:00Z,2025-06-08,256.173,0.0,399.937,0.917,2150.0,0,0,0,0.009,0.021,0.031,0.006,0.008,0.008,0.003,0.005,0.011
2025-06-08T18:30Z,2025-06-08,262.342,0.0,449.947,0.903,2225.0,0,0,0,0.007,0.018,0.031,0.002,0.004,0.006,0.002,0.003,0.008
2025-06-08T19:00Z,2025-06-08,261.243,0.0,449.926,0.91,2300.0,0,0,0,0.008,0.018,0.027,0.002,0.003,0.005,0.001,0.003,0.007
2025-06-08T19:30Z,2025-06-08,256.677,0.0,399.949,0.924,2305.0,0,0,0,0.007,0.012,0.018,0.002,0.003,0.003,0.002,0.003,0.007
2025-06-08T20:00Z,2025-06-08,256.428,0.0,399.94,0.931,2310.0,0,0,0,0.007,0.012,0.019,0.002,0.003,0.004,0.001,0.003,0.007
2025-06-08T20:30Z,2025-06-08,260.138,0.0,424.951,0.924,2555.0,0,0,0,0.006,0.011,0.017,0.002,0.002,0.002,0.001,0.002,0.006
2025-06-08T21:00Z,2025-06-08,265.434,0.0,474.933,0.931,2800.0,0,0,0,0.007,0.012,0.019,0.001,0.002,0.002,0.001,0.002,0.005
2025-06-08T21:30Z,2025-06-08,265.589,0.0,499.921,0.896,2570.0,0,0,0,0.007,0.012,0.019,0.001,0.002,0.002,0.001,0.002,0.004
2025-06-08T22:00Z,2025-06-08,264.761,0.0,474.947,0.847,2340.0,0,0,0,0.006,0.011,0.017,0.001,0.002,0.002,0.001,0.002,0.005
2025-06-08T22:30Z,2025-06-08,261.094,0.0,424.969,0.826,2070.0,0,0,0,0.007,0.011,0.019,0.002,0.003,0.003,0.001,0.002,0.005
2025-06-08T23:00Z,2025-06-08,259.516,0.0,424.937,0.806,1800.0,0,0,0,0.009,0.013,0.019,0.002,0.003,0.003,0.001,0.003,0.008
2025-06-08T23:30Z,2025-06-08,260.944,0.0,424.954,0.812,1170.0,0,0,0,0.009,0.015,0.033,0.002,0.003,0.004,0.001,0.002,0.007
2025-06-10T00:00Z,2025-06-10,260.593,0.0,424.965,0.896,740.0,0,0,0,0.001,0.003,0.003,0.001,0.001,0.002,0.001,0.001,0.001
2025-06-10T00:30Z,2025-06-10,258.014,0.0,399.957,0.91,595.0,0,0,0,0.002,0.004,0.005,0.001,0.001,0.003,0.001,0.001,0.002
2025-06-10T01:00Z,2025-06-10,263.89,0.0,474.922,0.875,450.0,0,0,0,0.001,0.002,0.002,0.001,0.001,0.001,0.0,0.0,0.001
2025-06-10T01:30Z,2025-06-10,259.565,0.0,424.949,0.792,390.0,0,0,0,0.001,0.002,0.002,0.001,0.001,0.002,0.0,0.001,0.001
2025-06-10T02:00Z,2025-06-10,264.656,0.0,474.953,0.778,330.0,0,0,0,0.001,0.002,0.002,0.001,0.001,0.001,0.001,0.001,0.001
2025-06-10T02:30Z,2025-06-10,269.097,0.0,524.961,0.785,350.0,0,0,0,0.001,0.002,0.002,0.001,0.001,0.001,0.001,0.001,0.001
2025-06-10T03:00Z,2025-06-10,267.489,0.0,524.927,0.806,370.0,0,0,0,0.001,0.002,0.002,0.001,0.001,0.001,0.001,0.001,0.001
2025-06-10T03:30Z,2025-06-10,264.37,0.0,474.936,0.764,470.0,0,0,0,0.001,0.002,0.003,0.001,0.002,0.002,0.0,0.001,0.001
2025-06-10T04:00Z,2025-06-10,257.017,0.0,399.945,0.736,570.0,0,0,0,0.001,0.002,0.004,0.001,0.002,0.002,0.001,0.001,0.002
2025-06-10T04:30Z,2025-06-10,264.741,0.0,474.946,0.764,790.0,0,0,0,0.001,0.003,0.004,0.001,0.001,0.002,0.0,0.001,0.001
2025-06-10T05:00Z,2025-06-10,270.727,0.0,549.961,0.792,1010.0,0,0,0,0.002,0.005,0.008,0.001,0.002,0.002,0.001,0.001,0.001
2025-06-10T05:30Z,2025-06-10,280.474,0.0,674.965,0.812,1215.0,0,0,0,0.002,0.004,0.007,0.001,0.002,0.002,0.001,0.002,0.002
2025-06-10T06:00Z,2025-06-10,269.161,0.0,524.951,0.833,1420.0,0,0,0,0.002,0.004,0.008,0.001,0.003,0.006,0.001,0.002,0.007
2025-06-10T06:30Z,2025-06-10,259.774,0.0,424.927,0.854,1575.0,0,0,0,0.003,0.004,0.007,0.01,0.013,0.013,0.008,0.009,0.015
2025-06-10T07:00Z,2025-06-10,245.784,0.0,324.925,0.889,1730.0,0,0,0,0.006,0.005,0.011,0.013,0.019,0.031,0.006,0.011,0.025
2025-06-10T07:30Z,2025-06-10,236.847,0.0,274.925,0.944,1790.0,0,0,0,0.008,0.012,0.022,0.014,0.041,0.039,0.012,0.015,0.022
2025-06-10T08:00Z,2025-06-10,242.537,0.0,299.941,1.0,1850.0,0,0,0,0.01,0.03,0.044,0.023,0.062,0.079,0.021,0.03,0.037
2025-06-10T08:30Z,2025-06-10,245.779,0.0,324.919,1.0,1745.0,0,0,0,0.021,0.032,0.046,0.016,0.042,0.071,0.009,0.021,0.047
2025-06-10T09:00Z,2025-06-10,247.041,0.0,324.943,1.0,1640.0,0,0,0,0.016,0.026,0.055,0.005,0.014,0.025,0.003,0.012,0.013
2025-06-10T09:30Z,2025-06-10,245.458,0.0,324.913,1.0,1695.0,0,0,0,0.017,0.026,0.04,0.007,0.013,0.012,0.002,0.005,0.005
2025-06-10T10:00Z,2025-06-10,244.581,0.0,324.901,1.0,1750.0,0,0,1,0.03,0.044,0.054,0.005,0.015,0.013,0.002,0.005,0.007
2025-06-10T10:30Z,2025-06-10,225.8,0.0,224.937,1.0,1905.0,0,1,1,0.042,0.047,0.059,0.203,0.219,0.24,0.052,0.087,0.108
2025-06-10T11:00Z,2025-06-10,213.251,0.143,199.819,0.993,2060.0,1,1,1,0.048,0.048,0.067,0.38,0.336,0.372,0.098,0.118,0.186
2025-06-10T11:30Z,2025-06-10,208.809,0.214,174.864,0.986,2075.0,1,1,1,0.023,0.042,0.056,0.189,0.244,0.306,0.515,0.438,0.602
2025-06-10T12:00Z,2025-06-10,199.054,0.214,149.734,1.0,2090.0,1,1,1,0.019,0.027,0.038,0.169,0.181,0.26,0.48,0.431,0.434
2025-06-10T12:30Z,2025-06-10,197.125,0.214,149.692,1.0,2010.0,0,0,0,0.018,0.026,0.04,0.16,0.178,0.25,0.413,0.416,0.534
2025-06-10T13:00Z,2025-06-10,198.473,0.357,149.733,1.0,1930.0,0,0,0,0.01,0.011,0.024,0.057,0.068,0.096,0.049,0.086,0.106
2025-06-10T13:30Z,2025-06-10,201.379,0.333,149.815,0.993,1895.0,0,0,0,0.014,0.014,0.03,0.028,0.028,0.053,0.01,0.013,0.027
2025-06-10T14:00Z,2025-06-10,202.8,0.357,174.758,1.0,1860.0,0,0,0,0.016,0.024,0.041,0.031,0.039,0.047,0.014,0.037,0.032
2025-06-10T14:30Z,2025-06-10,208.907,0.214,174.873,1.0,1800.0,0,0,0,0.015,0.017,0.033,0.037,0.03,0.067,0.017,0.022,0.026
2025-06-10T15:00Z,2025-06-10,215.519,0.143,199.862,1.0,1740.0,0,0,0,0.011,0.011,0.014,0.026,0.022,0.023,0.012,0.008,0.008
2025-06-10T15:30Z,2025-06-10,217.265,0.071,199.891,1.0,1580.0,0,0,0,0.007,0.008,0.013,0.019,0.016,0.018,0.006,0.005,0.005
2025-06-10T16:00Z,2025-06-10,222.77,0.0,224.869,0.993,1420.0,0,0,0,0.008,0.009,0.013,0.009,0.01,0.011,0.005,0.002,0.002
2025-06-10T16:30Z,2025-06-10,228.678,0.0,249.86,0.972,1410.0,0,0,0,0.009,0.01,0.014,0.007,0.009,0.009,0.004,0.003,0.003
2025-06-10T17:00Z,2025-06-10,227.948,0.0,249.856,0.986,1400.0,0,0,0,0.01,0.011,0.016,0.006,0.009,0.01,0.002,0.002,0.004
2025-06-10T17:30Z,2025-06-10,226.469,0.0,224.934,0.993,1415.0,0,0,0,0.005,0.008,0.012,0.004,0.006,0.006,0.001,0.003,0.004
2025-06-10T18:00Z,2025-06-10,225.687,0.0,224.927,0.993,1430.0,0,0,0,0.005,0.012,0.016,0.008,0.011,0.016,0.002,0.004,0.01
2025-06-10T18:30Z,2025-06-10,223.654,0.0,224.892,1.0,1285.0,0,0,0,0.002,0.009,0.014,0.006,0.018,0.019,0.003,0.008,0.008
2025-06-10T19:00Z,2025-06-10,227.346,0.0,249.844,0.993,1140.0,0,0,0,0.002,0.005,0.008,0.002,0.005,0.004,0.001,0.001,0.002
2025-06-10T19:30Z,2025-06-10,232.992,0.0,274.85,0.993,1035.0,0,0,0,0.002,0.007,0.009,0.002,0.006,0.004,0.001,0.001,0.002
2025-06-10T20:00Z,2025-06-10,240.648,0.0,299.905,0.993,930.0,0,0,0,0.005,0.009,0.01,0.003,0.009,0.005,0.001,0.001,0.002
2025-06-10T20:30Z,2025-06-10,242.951,0.0,299.946,0.986,870.0,0,0,0,0.007,0.012,0.015,0.004,0.012,0.011,0.001,0.004,0.008
2025-06-10T21:00Z,2025-06-10,243.545,0.0,299.954,0.972,810.0,0,0,0,0.006,0.005,0.005,0.003,0.005,0.005,0.001,0.002,0.003
2025-06-10T21:30Z,2025-06-10,244.562,0.0,324.898,0.986,720.0,0,0,0,0.006,0.005,0.005,0.002,0.005,0.004,0.001,0.001,0.002
2025-06-10T22:00Z,2025-06-10,217.773,0.037,199.91,0.986,630.0,0,0,0,0.005,0.004,0.005,0.008,0.012,0.011,0.004,0.004,0.005
2025-06-10T22:30Z,2025-06-10,214.786,0.071,199.854,0.972,550.0,0,0,0,0.007,0.005,0.005,0.019,0.015,0.012,0.006,0.005,0.004
2025-06-10T23:00Z,2025-06-10,213.855,0.074,199.837,0.965,470.0,0,0,0,0.007,0.006,0.006,0.013,0.015,0.016,0.003,0.004,0.006
2025-06-10T23:30Z,2025-06-10,207.193,0.143,174.841,0.986,440.0,0,0,0,0.007,0.006,0.006,0.023,0.033,0.023,0.004,0.007,0.008
2025-06-12T00:00Z,2025-06-12,214.061,0.036,199.828,1.0,520.0,0,0,0,0.005,0.004,0.005,0.006,0.008,0.008,0.001,0.002,0.003
2025-06-12T00:30Z,2025-06-12,219.097,0.036,199.922,1.0,520.0,0,0,0,0.003,0.003,0.005,0.004,0.004,0.004,0.001,0.001,0.001
2025-06-12T01:00Z,2025-06-12,224.5,0.0,224.902,1.0,520.0,0,0,0,0.002,0.003,0.004,0.001,0.002,0.002,0.001,0.001,0.001
2025-06-12T01:30Z,2025-06-12,230.292,0.0,249.903,0.993,540.0,0,0,0,0.002,0.003,0.005,0.001,0.001,0.001,0.001,0.0,0.001
2025-06-12T02:00Z,2025-06-12,228.544,0.0,249.876,1.0,560.0,0,0,0,0.002,0.002,0.003,0.001,0.001,0.001,0.0,0.0,0.0
2025-06-12T02:30Z,2025-06-12,235.265,0.0,274.901,0.993,620.0,0,0,0,0.001,0.002,0.003,0.001,0.001,0.001,0.0,0.0,0.0
2025-06-12T03:00Z,2025-06-12,239.495,0.0,299.892,0.993,680.0,0,0,0,0.001,0.002,0.003,0.001,0.001,0.001,0.001,0.0,0.001
2025-06-12T03:30Z,2025-06-12,244.449,0.0,324.896,0.993,580.0,0,0,0,0.002,0.002,0.002,0.001,0.001,0.002,0.001,0.001,0.001
2025-06-12T04:00Z,2025-06-12,248.707,0.0,349.9,0.979,480.0,0,0,0,0.002,0.002,0.003,0.001,0.001,0.002,0.001,0.001,0.003
2025-06-12T04:30Z,2025-06-12,253.303,0.0,374.913,0.993,470.0,0,0,0,0.001,0.002,0.002,0.001,0.001,0.002,0.001,0.001,0.002
2025-06-12T05:00Z,2025-06-12,250.171,0.0,349.929,0.979,460.0,0,0,0,0.001,0.002,0.002,0.001,0.001,0.001,0.0,0.001,0.001
2025-06-12T05:30Z,2025-06-12,256.865,0.0,399.927,0.951,420.0,0,0,0,0.001,0.002,0.002,0.001,0.001,0.002,0.001,0.002,0.002
2025-06-12T06:00Z,2025-06-12,255.962,0.0,399.909,0.938,380.0,0,0,0,0.001,0.002,0.002,0.001,0.001,0.002,0.001,0.001,0.001
2025-06-12T06:30Z,2025-06-12,258.159,0.0,399.951,0.944,430.0,0,0,0,0.001,0.002,0.002,0.001,0.002,0.002,0.001,0.001,0.002
2025-06-12T07:00Z,2025-06-12,258.277,0.0,399.953,0.938,480.0,0,0,0,0.002,0.003,0.005,0.002,0.003,0.007,0.001,0.002,0.009
2025-06-12T07:30Z,2025-06-12,256.5,0.0,399.917,0.924,505.0,0,0,0,0.002,0.004,0.005,0.002,0.004,0.008,0.001,0.004,0.01
2025-06-12T08:00Z,2025-06-12,250.204,0.0,349.921,0.924,530.0,0,0,0,0.003,0.004,0.005,0.003,0.01,0.011,0.001,0.007,0.007
2025-06-12T08:30Z,2025-06-12,250.105,0.0,349.919,0.924,640.0,0,0,0,0.011,0.011,0.014,0.003,0.007,0.01,0.002,0.007,0.009
2025-06-12T09:00Z,2025-06-12,252.87,0.0,374.902,0.903,750.0,0,0,0,0.013,0.018,0.02,0.002,0.004,0.007,0.002,0.004,0.005
2025-06-12T09:30Z,2025-06-12,256.682,0.0,399.919,0.91,735.0,0,0,0,0.008,0.013,0.02,0.002,0.005,0.006,0.002,0.003,0.006
2025-06-12T10:00Z,2025-06-12,254.24,0.0,374.929,0.861,720.0,0,0,0,0.015,0.019,0.031,0.003,0.006,0.006,0.002,0.005,0.007
2025-06-12T10:30Z,2025-06-12,238.181,0.0,274.936,0.861,985.0,0,0,0,0.018,0.029,0.043,0.006,0.017,0.011,0.004,0.013,0.011
2025-06-12T11:00Z,2025-06-12,207.713,0.04,174.843,0.861,1250.0,0,0,0,0.015,0.025,0.044,0.076,0.097,0.09,0.048,0.036,0.043
2025-06-12T11:30Z,2025-06-12,208.524,0.13,174.859,0.861,1625.0,0,0,0,0.035,0.057,0.08,0.125,0.176,0.155,0.142,0.136,0.123
2025-06-12T12:00Z,2025-06-12,208.753,0.16,174.863,0.868,2000.0,0,0,1,0.055,0.076,0.105,0.131,0.203,0.175,0.062,0.06,0.109
2025-06-12T12:30Z,2025-06-12,210.943,0.231,174.905,0.889,2545.0,0,1,1,0.042,0.086,0.106,0.287,0.421,0.505,0.077,0.143,0.224
2025-06-12T13:00Z,2025-06-12,205.235,0.185,174.795,0.931,3090.0,1,1,1,0.06,0.086,0.111,0.16,0.202,0.326,0.02,0.034,0.114
2025-06-12T13:30Z,2025-06-12,210.089,0.143,174.889,0.951,2630.0,0,0,0,0.044,0.084,0.141,0.045,0.092,0.183,0.287,0.461,0.485
2025-06-12T14:00Z,2025-06-12,202.285,0.074,149.847,0.917,2170.0,0,0,0,0.021,0.036,0.082,0.017,0.039,0.086,0.029,0.139,0.412
2025-06-12T14:30Z,2025-06-12,198.753,0.071,149.747,0.972,2275.0,0,0,0,0.024,0.044,0.085,0.038,0.068,0.197,0.04,0.097,0.334
2025-06-12T15:00Z,2025-06-12,199.8,0.071,149.777,0.965,2380.0,0,0,0,0.036,0.058,0.109,0.035,0.063,0.126,0.029,0.125,0.244
2025-06-12T15:30Z,2025-06-12,201.333,0.148,149.82,0.965,2555.0,0,0,0,0.027,0.038,0.079,0.058,0.079,0.187,0.064,0.194,0.415
2025-06-12T16:00Z,2025-06-12,204.242,0.143,174.765,0.951,2730.0,0,0,0,0.049,0.066,0.088,0.095,0.28,0.283,0.137,0.325,0.308
2025-06-12T16:30Z,2025-06-12,205.582,0.143,174.792,0.944,2495.0,0,0,1,0.021,0.027,0.057,0.051,0.084,0.153,0.024,0.061,0.125
2025-06-12T17:00Z,2025-06-12,206.092,0.214,174.806,0.958,2260.0,0,1,1,0.028,0.028,0.054,0.074,0.097,0.198,0.02,0.039,0.05
2025-06-12T17:30Z,2025-06-12,205.731,0.25,174.799,0.965,2025.0,1,1,1,0.019,0.023,0.04,0.126,0.174,0.17,0.026,0.047,0.037
2025-06-12T18:00Z,2025-06-12,205.963,0.286,174.799,0.972,1790.0,1,1,1,0.017,0.027,0.042,0.083,0.151,0.168,0.387,0.41,0.502
2025-06-12T18:30Z,2025-06-12,206.319,0.286,174.806,0.931,1440.0,0,0,0,0.016,0.029,0.04,0.035,0.051,0.087,0.247,0.339,0.468
2025-06-12T19:00Z,2025-06-12,210.704,0.214,174.895,0.951,1090.0,0,0,0,0.01,0.02,0.026,0.02,0.033,0.028,0.021,0.043,0.06
2025-06-12T19:30Z,2025-06-12,213.926,0.214,199.828,0.931,1095.0,0,0,0,0.009,0.019,0.022,0.009,0.025,0.02,0.008,0.016,0.021
2025-06-12T20:00Z,2025-06-12,216.952,0.143,199.882,0.944,1100.0,0,0,0,0.01,0.018,0.021,0.009,0.022,0.018,0.007,0.012,0.016
2025-06-12T20:30Z,2025-06-12,218.631,0.074,199.913,0.931,1070.0,0,0,0,0.012,0.018,0.021,0.008,0.017,0.011,0.005,0.005,0.005
2025-06-12T21:00Z,2025-06-12,229.58,0.0,249.889,0.931,1040.0,0,0,0,0.014,0.02,0.025,0.006,0.009,0.006,0.004,0.004,0.005
2025-06-12T21:30Z,2025-06-12,234.572,0.0,274.883,0.91,1020.0,0,0,0,0.012,0.019,0.023,0.004,0.008,0.005,0.002,0.002,0.003
2025-06-12T22:00Z,2025-06-12,246.211,0.0,324.928,0.889,1000.0,0,0,0,0.01,0.016,0.023,0.003,0.006,0.003,0.002,0.002,0.002
2025-06-12T22:30Z,2025-06-12,255.176,0.0,374.96,0.896,960.0,0,0,0,0.008,0.013,0.022,0.003,0.006,0.004,0.002,0.003,0.004
2025-06-12T23:00Z,2025-06-12,259.463,0.0,424.927,0.868,920.0,0,0,0,0.007,0.015,0.025,0.002,0.005,0.005,0.002,0.002,0.005
2025-06-12T23:30Z,2025-06-12,267.955,0.0,499.941,0.806,840.0,0,0,0,0.005,0.014,0.023,0.001,0.003,0.003,0.001,0.002,0.003
2025-06-14T00:00Z,2025-06-14,271.93,0.0,524.971,0.785,570.0,0,0,0,0.009,0.009,0.008,0.001,0.002,0.002,0.001,0.001,0.001
2025-06-14T00:30Z,2025-06-14,257.962,0.0,399.963,0.771,470.0,0,0,0,0.011,0.009,0.008,0.002,0.003,0.004,0.002,0.002,0.004
2025-06-14T01:00Z,2025-06-14,253.543,0.0,374.932,0.778,370.0,0,0,0,0.011,0.009,0.009,0.003,0.004,0.002,0.002,0.004,0.002
2025-06-14T01:30Z,2025-06-14,255.419,0.0,399.902,0.701,345.0,0,0,0,0.01,0.008,0.008,0.001,0.003,0.002,0.001,0.002,0.002
2025-06-14T02:00Z,2025-06-14,261.386,0.0,424.957,0.708,320.0,0,0,0,0.006,0.006,0.008,0.001,0.002,0.002,0.001,0.002,0.002
2025-06-14T02:30Z,2025-06-14,269.015,0.0,499.959,0.653,315.0,0,0,0,0.003,0.002,0.006,0.001,0.001,0.001,0.001,0.001,0.001
2025-06-14T03:00Z,2025-06-14,270.385,0.0,524.955,0.722,310.0,0,0,0,0.003,0.002,0.007,0.001,0.001,0.001,0.001,0.001,0.002
2025-06-14T03:30Z,2025-06-14,269.898,0.0,524.929,0.833,485.0,0,0,0,0.002,0.002,0.005,0.001,0.001,0.001,0.001,0.001,0.002
2025-06-14T04:00Z,2025-06-14,274.15,0.0,574.947,0.91,660.0,0,0,0,0.003,0.002,0.005,0.001,0.001,0.001,0.001,0.001,0.002
2025-06-14T04:30Z,2025-06-14,270.831,0.0,524.954,0.868,730.0,0,0,0,0.003,0.002,0.005,0.001,0.001,0.002,0.001,0.001,0.003
2025-06-14T05:00Z,2025-06-14,270.984,0.0,524.972,0.903,800.0,0,0,0,0.004,0.003,0.006,0.001,0.001,0.002,0.001,0.001,0.002
2025-06-14T05:30Z,2025-06-14,266.232,0.0,474.955,0.958,815.0,0,0,0,0.004,0.005,0.006,0.002,0.002,0.003,0.003,0.002,0.003
2025-06-14T06:00Z,2025-06-14,264.328,0.0,449.967,0.979,830.0,0,0,0,0.004,0.006,0.007,0.002,0.002,0.003,0.001,0.002,0.003
2025-06-14T06:30Z,2025-06-14,266.047,0.0,474.961,0.979,995.0,0,0,0,0.033,0.047,0.11,0.004,0.007,0.018,0.001,0.004,0.013
2025-06-14T07:00Z,2025-06-14,250.924,0.0,349.932,1.0,1160.0,0,0,0,0.031,0.055,0.091,0.008,0.019,0.029,0.004,0.021,0.031
2025-06-14T07:30Z,2025-06-14,254.44,0.0,374.934,0.993,1200.0,0,0,0,0.038,0.063,0.093,0.003,0.006,0.007,0.001,0.004,0.006
2025-06-14T08:00Z,2025-06-14,254.847,0.0,374.933,1.0,1240.0,0,0,0,0.027,0.057,0.092,0.006,0.016,0.029,0.004,0.01,0.025
2025-06-14T08:30Z,2025-06-14,255.33,0.0,374.943,1.0,1525.0,0,0,0,0.078,0.164,0.172,0.006,0.03,0.037,0.006,0.051,0.065
2025-06-14T09:00Z,2025-06-14,264.679,0.0,449.97,1.0,1810.0,0,0,0,0.124,0.179,0.206,0.007,0.018,0.038,0.008,0.029,0.056
2025-06-14T09:30Z,2025-06-14,262.576,0.0,449.925,1.0,2145.0,0,0,0,0.213,0.296,0.279,0.005,0.014,0.035,0.009,0.033,0.039
2025-06-14T10:00Z,2025-06-14,252.775,0.0,374.897,1.0,2480.0,0,0,0,0.245,0.38,0.423,0.013,0.034,0.081,0.018,0.134,0.101
2025-06-14T10:30Z,2025-06-14,248.159,0.0,324.951,1.0,2430.0,0,0,0,0.264,0.391,0.501,0.035,0.056,0.125,0.033,0.133,0.194
2025-06-14T11:00Z,2025-06-14,225.092,0.0,224.906,1.0,2380.0,0,0,0,0.39,0.465,0.544,0.182,0.188,0.18,0.156,0.312,0.261
2025-06-14T11:30Z,2025-06-14,212.836,0.036,199.798,1.0,2585.0,0,0,0,0.35,0.389,0.462,0.439,0.489,0.534,0.241,0.54,0.511
2025-06-14T12:00Z,2025-06-14,206.943,0.107,174.817,1.0,2790.0,0,0,0,0.238,0.352,0.371,0.393,0.495,0.526,0.241,0.487,0.536
2025-06-14T12:30Z,2025-06-14,209.589,0.107,174.87,1.0,2685.0,0,0,0,0.212,0.287,0.473,0.146,0.24,0.357,0.067,0.134,0.282
2025-06-14T13:00Z,2025-06-14,213.369,0.036,199.808,1.0,2580.0,0,0,0,0.036,0.058,0.151,0.035,0.075,0.149,0.028,0.045,0.081
2025-06-14T13:30Z,2025-06-14,218.201,0.036,199.897,1.0,2250.0,0,0,0,0.037,0.051,0.132,0.044,0.062,0.174,0.019,0.036,0.086
2025-06-14T14:00Z,2025-06-14,224.235,0.0,224.894,1.0,1920.0,0,0,0,0.059,0.071,0.15,0.031,0.023,0.027,0.009,0.014,0.035
2025-06-14T14:30Z,2025-06-14,232.117,0.0,249.913,1.0,1940.0,0,0,0,0.094,0.115,0.161,0.032,0.021,0.03,0.007,0.011,0.032
2025-06-14T15:00Z,2025-06-14,234.388,0.0,274.873,1.0,1960.0,0,0,0,0.113,0.22,0.169,0.035,0.034,0.025,0.007,0.012,0.018
2025-06-14T15:30Z,2025-06-14,234.078,0.0,274.868,1.0,1675.0,0,0,0,0.073,0.112,0.145,0.026,0.01,0.009,0.004,0.005,0.008
2025-06-14T16:00Z,2025-06-14,236.783,0.0,274.919,1.0,1390.0,0,0,0,0.069,0.072,0.124,0.018,0.007,0.006,0.004,0.004,0.006
2025-06-14T16:30Z,2025-06-14,237.673,0.0,274.927,1.0,1185.0,0,0,0,0.051,0.031,0.069,0.009,0.004,0.003,0.002,0.002,0.002
2025-06-14T17:00Z,2025-06-14,240.299,0.0,299.887,1.0,980.0,0,0,0,0.051,0.039,0.072,0.007,0.004,0.003,0.002,0.002,0.002
2025-06-14T17:30Z,2025-06-14,232.05,0.0,249.923,1.0,790.0,0,0,0,0.02,0.017,0.014,0.014,0.007,0.01,0.012,0.012,0.01
2025-06-14T18:00Z,2025-06-14,234.702,0.0,274.873,1.0,600.0,0,0,0,0.015,0.018,0.011,0.009,0.006,0.006,0.007,0.005,0.004
2025-06-14T18:30Z,2025-06-14,216.202,0.036,199.868,1.0,550.0,0,0,0,0.015,0.018,0.009,0.011,0.012,0.012,0.012,0.014,0.011
2025-06-14T19:00Z,2025-06-14,209.847,0.071,174.878,1.0,500.0,0,0,0,0.008,0.01,0.006,0.008,0.007,0.008,0.009,0.012,0.008
2025-06-14T19:30Z,2025-06-14,211.522,0.071,174.91,1.0,415.0,0,0,0,0.008,0.01,0.006,0.004,0.004,0.005,0.004,0.006,0.005
2025-06-14T20:00Z,2025-06-14,211.331,0.071,174.91,1.0,330.0,0,0,0,0.008,0.01,0.007,0.004,0.004,0.004,0.004,0.006,0.005
2025-06-14T20:30Z,2025-06-14,217.009,0.071,199.883,0.993,270.0,0,0,0,0.009,0.013,0.008,0.004,0.004,0.004,0.004,0.006,0.004
2025-06-14T21:00Z,2025-06-14,223.077,0.0,224.872,0.986,210.0,0,0,0,0.007,0.009,0.008,0.002,0.002,0.003,0.003,0.004,0.004
2025-06-14T21:30Z,2025-06-14,224.105,0.0,224.89,0.993,150.0,0,0,0,0.006,0.006,0.008,0.001,0.002,0.003,0.002,0.003,0.003
2025-06-14T22:00Z,2025-06-14,231.004,0.0,249.906,1.0,90.0,0,0,0,0.007,0.006,0.008,0.002,0.002,0.005,0.002,0.003,0.004
2025-06-14T22:30Z,2025-06-14,237.761,0.0,274.929,0.993,65.0,0,0,0,0.005,0.004,0.007,0.001,0.002,0.003,0.001,0.002,0.003
2025-06-14T23:00Z,2025-06-14,243.47,0.0,299.939,0.979,40.0,0,0,0,0.006,0.005,0.008,0.001,0.001,0.001,0.001,0.001,0.001
2025-06-14T23:30Z,2025-06-14,245.919,0.0,324.903,1.0,60.0,0,0,0,0.004,0.004,0.007,0.001,0.001,0.001,0.001,0.001,0.001
2025-06-16T00:00Z,2025-06-16,232.029,0.0,249.929,1.0,100.0,0,0,0,0.003,0.003,0.007,0.001,0.001,0.001,0.001,0.001,0.001
2025-06-16T00:30Z,2025-06-16,233.306,0.0,274.858,1.0,75.0,0,0,0,0.002,0.003,0.006,0.001,0.001,0.001,0.001,0.001,0.001
2025-06-16T01:00Z,2025-06-16,234.209,0.0,274.873,1.0,50.0,0,0,0,0.003,0.003,0.006,0.001,0.001,0.001,0.001,0.001,0.001
2025-06-16T01:30Z,2025-06-16,238.374,0.0,274.947,1.0,45.0,0,0,0,0.004,0.003,0.007,0.001,0.001,0.001,0.001,0.001,0.001
2025-06-16T02:30Z,2025-06-16,233.345,0.0,274.862,0.993,45.0,0,0,0,0.003,0.002,0.005,0.001,0.001,0.001,0.001,0.001,0.001
2025-06-16T03:00Z,2025-06-16,236.269,0.0,274.915,0.993,50.0,0,0,0,0.003,0.002,0.005,0.001,0.0,0.001,0.001,0.001,0.001
2025-06-16T03:30Z,2025-06-16,232.215,0.0,249.941,0.979,65.0,0,0,0,0.004,0.003,0.005,0.001,0.001,0.001,0.002,0.001,0.001
2025-06-16T04:00Z,2025-06-16,233.333,0.0,274.865,1.0,80.0,0,0,0,0.003,0.003,0.005,0.001,0.001,0.001,0.001,0.001,0.001
2025-06-16T04:30Z,2025-06-16,235.95,0.0,274.91,1.0,70.0,0,0,0,0.004,0.003,0.005,0.001,0.001,0.001,0.001,0.001,0.001
2025-06-16T05:00Z,2025-06-16,237.128,0.0,274.925,1.0,60.0,0,0,0,0.004,0.004,0.005,0.001,0.001,0.001,0.001,0.001,0.001
2025-06-16T05:30Z,2025-06-16,233.8,0.0,274.866,1.0,85.0,0,0,0,0.003,0.003,0.005,0.001,0.001,0.001,0.002,0.001,0.001
2025-06-16T06:00Z,2025-06-16,233.995,0.0,274.869,0.993,110.0,0,0,0,0.006,0.005,0.009,0.002,0.001,0.002,0.002,0.001,0.002
2025-06-16T06:30Z,2025-06-16,235.212,0.0,274.892,1.0,125.0,0,0,0,0.008,0.008,0.016,0.002,0.002,0.003,0.002,0.003,0.003
2025-06-16T07:00Z,2025-06-16,233.154,0.0,274.855,1.0,140.0,0,0,0,0.006,0.009,0.016,0.003,0.002,0.003,0.002,0.004,0.005
2025-06-16T07:30Z,2025-06-16,236.722,0.0,274.922,1.0,145.0,0,0,0,0.006,0.008,0.014,0.001,0.001,0.003,0.001,0.003,0.003
2025-06-16T08:00Z,2025-06-16,237.186,0.0,274.92,1.0,150.0,0,0,0,0.007,0.009,0.015,0.001,0.001,0.004,0.002,0.004,0.004
2025-06-16T08:30Z,2025-06-16,237.396,0.0,274.921,1.0,145.0,0,0,0,0.004,0.006,0.008,0.001,0.001,0.003,0.001,0.002,0.003
2025-06-16T09:00Z,2025-06-16,233.746,0.0,274.858,1.0,140.0,0,0,0,0.003,0.003,0.006,0.001,0.001,0.002,0.001,0.001,0.002
2025-06-16T09:30Z,2025-06-16,230.464,0.0,249.897,1.0,155.0,0,0,0,0.006,0.005,0.007,0.001,0.001,0.003,0.002,0.002,0.002
2025-06-16T10:00Z,2025-06-16,229.145,0.0,249.875,0.993,170.0,0,0,0,0.008,0.007,0.012,0.001,0.001,0.003,0.002,0.002,0.002
2025-06-16T10:30Z,2025-06-16,230.504,0.0,249.898,0.993,175.0,0,0,0,0.008,0.007,0.011,0.001,0.001,0.002,0.002,0.001,0.002
2025-06-16T11:00Z,2025-06-16,231.81,0.0,199.816,0.993,180.0,0,0,0,0.003,0.003,0.006,0.001,0.001,0.002,0.002,0.002,0.002
2025-06-16T11:30Z,2025-06-16,233.843,0.0,199.843,0.979,315.0,0,0,0,0.003,0.003,0.005,0.001,0.001,0.001,0.001,0.001,0.001
2025-06-16T12:00Z,2025-06-16,237.52,0.0,199.892,0.986,450.0,0,0,0,0.006,0.004,0.006,0.001,0.002,0.001,0.001,0.002,0.001
2025-06-16T12:30Z,2025-06-16,240.14,0.0,199.926,0.993,330.0,0,0,0,0.005,0.003,0.005,0.001,0.001,0.002,0.001,0.001,0.001
2025-06-16T13:00Z,2025-06-16,241.896,0.0,224.831,0.993,210.0,0,0,0,0.006,0.004,0.008,0.001,0.001,0.002,0.001,0.001,0.001
2025-06-16T13:30Z,2025-06-16,243.681,0.0,224.857,0.986,195.0,0,0,0,0.004,0.005,0.009,0.001,0.001,0.002,0.001,0.001,0.002
2025-06-16T14:00Z,2025-06-16,245.053,0.0,324.91,1.0,180.0,0,0,0,0.008,0.01,0.012,0.001,0.001,0.002,0.001,0.001,0.001
2025-06-16T14:30Z,2025-06-16,245.788,0.0,324.926,1.0,185.0,0,0,0,0.006,0.009,0.011,0.002,0.001,0.002,0.001,0.001,0.001
2025-06-16T15:00Z,2025-06-16,244.119,0.0,324.894,0.993,190.0,0,0,0,0.007,0.009,0.01,0.002,0.001,0.002,0.001,0.002,0.002
2025-06-16T15:30Z,2025-06-16,250.504,0.0,349.945,1.0,175.0,0,0,0,0.005,0.007,0.009,0.001,0.001,0.002,0.001,0.001,0.002
2025-06-16T16:00Z,2025-06-16,249.928,0.0,349.929,1.0,160.0,0,0,0,0.004,0.007,0.008,0.001,0.001,0.002,0.001,0.001,0.002
2025-06-16T16:30Z,2025-06-16,249.896,0.0,349.928,0.993,150.0,0,0,0,0.003,0.006,0.008,0.001,0.001,0.001,0.001,0.001,0.001
2025-06-16T17:00Z,2025-06-16,254.534,0.0,374.955,1.0,140.0,0,0,0,0.004,0.005,0.009,0.001,0.001,0.001,0.001,0.001,0.001
2025-06-16T17:30Z,2025-06-16,258.068,0.0,399.955,1.0,180.0,0,0,0,0.006,0.008,0.01,0.001,0.001,0.002,0.001,0.001,0.001
2025-06-16T18:00Z,2025-06-16,252.149,0.0,374.911,1.0,220.0,0,0,0,0.008,0.009,0.008,0.002,0.001,0.002,0.002,0.002,0.002
2025-06-16T18:30Z,2025-06-16,257.139,0.0,399.946,0.993,210.0,0,0,0,0.005,0.006,0.007,0.001,0.001,0.001,0.001,0.001,0.001
2025-06-16T19:00Z,2025-06-16,268.632,0.0,499.961,1.0,200.0,0,0,0,0.003,0.005,0.005,0.001,0.001,0.001,0.0,0.001,0.001
2025-06-16T19:30Z,2025-06-16,268.128,0.0,499.947,0.993,190.0,0,0,0,0.003,0.005,0.005,0.001,0.001,0.001,0.001,0.001,0.001
2025-06-16T20:00Z,2025-06-16,263.425,0.0,449.956,1.0,180.0,0,0,0,0.003,0.006,0.005,0.001,0.001,0.002,0.001,0.001,0.002
2025-06-16T20:30Z,2025-06-16,263.109,0.0,449.946,1.0,180.0,0,0,0,0.003,0.006,0.005,0.001,0.001,0.001,0.0,0.001,0.001
2025-06-16T21:00Z,2025-06-16,258.786,0.0,424.914,1.0,180.0,0,0,0,0.003,0.005,0.005,0.001,0.001,0.002,0.001,0.001,0.001
2025-06-16T21:30Z,2025-06-16,260.635,0.0,424.954,1.0,145.0,0,0,0,0.002,0.003,0.005,0.001,0.001,0.001,0.001,0.001,0.001
2025-06-16T22:00Z,2025-06-16,259.541,0.0,424.925,1.0,110.0,0,0,0,0.002,0.003,0.005,0.001,0.001,0.002,0.001,0.001,0.001
2025-06-16T22:30Z,2025-06-16,261.511,0.0,449.916,1.0,55.0,0,0,0,0.003,0.003,0.005,0.001,0.001,0.001,0.001,0.001,0.001
2025-06-16T23:00Z,2025-06-16,262.032,0.0,449.925,0.993,0.0,0,0,0,0.003,0.003,0.005,0.001,0.001,0.002,0.001,0.001,0.002
2025-06-16T23:30Z,2025-06-16,253.431,0.0,374.93,1.0,5.0,0,0,0,0.003,0.004,0.005,0.001,0.002,0.003,0.001,0.003,0.003
2025-06-18T00:00Z,2025-06-18,276.871,0.0,624.967,0.757,40.0,0,0,0,0.002,0.003,0.004,0.001,0.001,0.001,0.0,0.001,0.001
2025-06-18T00:30Z,2025-06-18,276.456,0.0,624.956,0.812,40.0,0,0,0,0.002,0.002,0.004,0.001,0.001,0.001,0.0,0.001,0.001
2025-06-18T01:00Z,2025-06-18,273.792,0.0,574.958,0.833,40.0,0,0,0,0.002,0.001,0.003,0.001,0.001,0.0,0.0,0.0,0.001
2025-06-18T01:30Z,2025-06-18,276.724,0.0,624.964,0.84,45.0,0,0,0,0.002,0.001,0.003,0.001,0.001,0.001,0.0,0.001,0.001
2025-06-18T02:00Z,2025-06-18,269.289,0.0,524.933,0.903,50.0,0,0,0,0.002,0.001,0.003,0.001,0.001,0.001,0.001,0.001,0.002
2025-06-18T02:30Z,2025-06-18,266.502,0.0,499.929,0.931,90.0,0,0,0,0.002,0.001,0.003,0.001,0.002,0.001,0.001,0.001,0.001
2025-06-18T03:00Z,2025-06-18,270.943,0.0,524.975,0.924,130.0,0,0,0,0.002,0.001,0.002,0.001,0.001,0.001,0.001,0.001,0.001
2025-06-18T03:30Z,2025-06-18,264.79,0.0,474.94,0.965,165.0,0,0,0,0.001,0.001,0.002,0.001,0.001,0.001,0.001,0.001,0.002
2025-06-18T04:00Z,2025-06-18,266.463,0.0,499.925,0.986,200.0,0,0,0,0.001,0.001,0.002,0.001,0.001,0.001,0.001,0.001,0.001
2025-06-18T04:30Z,2025-06-18,268.338,0.0,499.964,0.993,295.0,0,0,0,0.001,0.001,0.002,0.001,0.001,0.0,0.001,0.0,0.001
2025-06-18T05:00Z,2025-06-18,260.769,0.0,449.922,0.979,390.0,0,0,0,0.001,0.001,0.002,0.001,0.001,0.001,0.0,0.0,0.001
2025-06-18T05:30Z,2025-06-18,254.35,0.0,374.961,0.986,480.0,0,0,0,0.001,0.001,0.002,0.001,0.001,0.001,0.0,0.0,0.001
2025-06-18T06:00Z,2025-06-18,248.929,0.0,349.906,0.986,570.0,0,0,0,0.002,0.002,0.003,0.001,0.001,0.001,0.0,0.001,0.001
2025-06-18T06:30Z,2025-06-18,253.187,0.0,374.937,0.986,625.0,0,0,0,0.002,0.002,0.004,0.001,0.001,0.001,0.0,0.0,0.001
2025-06-18T07:00Z,2025-06-18,254.743,0.0,374.96,0.993,680.0,0,0,0,0.003,0.003,0.007,0.001,0.001,0.001,0.0,0.0,0.001
2025-06-18T07:30Z,2025-06-18,246.262,0.0,324.929,0.993,770.0,0,0,0,0.004,0.005,0.008,0.001,0.001,0.002,0.0,0.001,0.002
2025-06-18T08:00Z,2025-06-18,242.396,0.0,299.931,1.0,860.0,0,0,0,0.006,0.007,0.025,0.002,0.003,0.002,0.0,0.001,0.002
2025-06-18T08:30Z,2025-06-18,240.004,0.0,299.891,0.986,815.0,0,0,0,0.01,0.013,0.023,0.003,0.003,0.004,0.001,0.002,0.003
2025-06-18T09:00Z,2025-06-18,229.749,0.0,249.89,1.0,770.0,0,0,0,0.008,0.01,0.018,0.007,0.006,0.007,0.006,0.004,0.008
2025-06-18T09:30Z,2025-06-18,233.115,0.0,274.857,0.979,660.0,0,0,0,0.009,0.011,0.023,0.007,0.008,0.013,0.002,0.003,0.007
2025-06-18T10:00Z,2025-06-18,242.377,0.0,299.931,0.958,550.0,0,0,0,0.013,0.023,0.032,0.006,0.008,0.016,0.002,0.004,0.009
2025-06-18T10:30Z,2025-06-18,237.058,0.0,274.926,0.958,705.0,0,0,0,0.022,0.029,0.042,0.007,0.007,0.009,0.001,0.003,0.006
2025-06-18T11:00Z,2025-06-18,242.811,0.0,299.941,0.986,860.0,0,0,0,0.039,0.066,0.094,0.005,0.006,0.014,0.001,0.003,0.011
2025-06-18T11:30Z,2025-06-18,247.574,0.0,324.958,0.986,1330.0,0,0,0,0.05,0.111,0.127,0.005,0.006,0.01,0.001,0.004,0.008
2025-06-18T12:00Z,2025-06-18,257.806,0.0,424.907,0.944,1800.0,0,0,0,0.034,0.062,0.068,0.003,0.005,0.009,0.001,0.003,0.007
2025-06-18T12:30Z,2025-06-18,257.106,0.0,399.954,0.979,1830.0,0,0,0,0.033,0.071,0.068,0.003,0.004,0.008,0.001,0.003,0.006
2025-06-18T13:00Z,2025-06-18,265.273,0.0,474.955,1.0,1860.0,0,0,0,0.044,0.097,0.077,0.004,0.004,0.011,0.001,0.003,0.009
2025-06-18T13:30Z,2025-06-18,270.758,0.0,549.94,0.993,1890.0,0,0,0,0.036,0.079,0.066,0.005,0.007,0.015,0.002,0.006,0.01
2025-06-18T14:00Z,2025-06-18,271.96,0.0,549.969,1.0,1920.0,0,0,0,0.036,0.06,0.057,0.004,0.005,0.01,0.001,0.005,0.013
2025-06-18T14:30Z,2025-06-18,271.319,0.0,549.941,0.993,2095.0,0,0,0,0.033,0.054,0.057,0.004,0.005,0.01,0.001,0.006,0.013
2025-06-18T15:00Z,2025-06-18,270.91,0.0,549.938,1.0,2270.0,0,0,0,0.027,0.046,0.057,0.003,0.004,0.005,0.001,0.003,0.006
2025-06-18T15:30Z,2025-06-18,256.746,0.0,399.941,1.0,2155.0,0,0,0,0.027,0.041,0.06,0.004,0.006,0.015,0.001,0.005,0.023
2025-06-18T16:00Z,2025-06-18,258.987,0.0,424.93,1.0,2040.0,0,0,0,0.025,0.027,0.047,0.021,0.025,0.02,0.009,0.023,0.022
2025-06-18T16:30Z,2025-06-18,257.029,0.0,399.952,1.0,2040.0,0,0,0,0.024,0.032,0.046,0.033,0.047,0.027,0.025,0.046,0.025
2025-06-18T17:00Z,2025-06-18,256.946,0.0,399.966,1.0,2040.0,0,0,0,0.021,0.027,0.04,0.015,0.026,0.018,0.006,0.015,0.015
2025-06-18T17:30Z,2025-06-18,255.362,0.0,399.921,1.0,2150.0,0,0,0,0.02,0.022,0.036,0.014,0.017,0.015,0.005,0.012,0.015
2025-06-18T18:00Z,2025-06-18,240.372,0.0,299.913,1.0,2260.0,0,0,0,0.018,0.021,0.028,0.004,0.006,0.006,0.001,0.005,0.008
2025-06-18T18:30Z,2025-06-18,242.444,0.0,299.949,1.0,2135.0,0,0,0,0.019,0.017,0.029,0.003,0.004,0.005,0.001,0.003,0.009
2025-06-18T19:00Z,2025-06-18,248.66,0.0,349.926,1.0,2010.0,0,0,0,0.016,0.019,0.023,0.003,0.004,0.004,0.001,0.002,0.004
2025-06-18T19:30Z,2025-06-18,250.484,0.0,349.96,1.0,1815.0,0,0,0,0.017,0.02,0.024,0.005,0.004,0.004,0.003,0.002,0.004
2025-06-18T20:00Z,2025-06-18,248.238,0.0,349.909,1.0,1620.0,0,0,0,0.016,0.019,0.024,0.003,0.004,0.004,0.001,0.002,0.005
2025-06-18T20:30Z,2025-06-18,244.864,0.0,324.918,1.0,1430.0,0,0,0,0.015,0.019,0.023,0.003,0.003,0.003,0.001,0.003,0.003
2025-06-18T21:00Z,2025-06-18,244.502,0.0,324.913,1.0,1240.0,0,0,0,0.014,0.014,0.022,0.002,0.002,0.002,0.001,0.002,0.002
2025-06-18T21:30Z,2025-06-18,253.948,0.0,374.95,1.0,1090.0,0,0,0,0.01,0.01,0.024,0.002,0.003,0.002,0.001,0.002,0.002
2025-06-18T22:00Z,2025-06-18,260.408,0.0,424.972,1.0,940.0,0,0,0,0.008,0.01,0.025,0.002,0.003,0.003,0.001,0.002,0.004
2025-06-18T22:30Z,2025-06-18,262.727,0.0,449.96,1.0,805.0,0,0,0,0.006,0.007,0.009,0.001,0.002,0.001,0.001,0.001,0.001
2025-06-18T23:00Z,2025-06-18,264.41,0.0,474.942,1.0,670.0,0,0,0,0.004,0.005,0.007,0.002,0.002,0.001,0.001,0.001,0.001
2025-06-18T23:30Z,2025-06-18,261.252,0.0,449.93,1.0,620.0,0,0,0,0.004,0.004,0.007,0.001,0.001,0.001,0.0,0.001,0.001
2025-06-20T00:00Z,2025-06-20,261.09,0.0,449.946,0.819,610.0,0,0,0,0.001,0.002,0.002,0.001,0.002,0.001,0.001,0.001,0.002
2025-06-20T00:30Z,2025-06-20,263.989,0.0,474.95,0.819,400.0,0,0,0,0.001,0.002,0.002,0.001,0.001,0.001,0.001,0.001,0.001
2025-06-20T01:00Z,2025-06-20,271.385,0.0,549.952,0.778,190.0,0,0,0,0.002,0.002,0.002,0.001,0.001,0.002,0.001,0.001,0.001
2025-06-20T01:30Z,2025-06-20,275.451,0.0,599.959,0.694,155.0,0,0,0,0.002,0.002,0.002,0.001,0.001,0.001,0.001,0.001,0.001
2025-06-20T02:00Z,2025-06-20,276.427,0.0,599.979,0.576,120.0,0,0,0,0.001,0.002,0.002,0.001,0.001,0.002,0.001,0.001,0.002
2025-06-20T02:30Z,2025-06-20,275.639,0.0,599.965,0.5,150.0,0,0,0,0.001,0.002,0.002,0.001,0.002,0.002,0.002,0.001,0.002
2025-06-20T03:00Z,2025-06-20,277.67,0.0,624.978,0.41,180.0,0,0,0,0.001,0.002,0.002,0.001,0.001,0.001,0.001,0.001,0.001
2025-06-20T03:30Z,2025-06-20,279.094,0.0,674.954,0.417,265.0,0,0,0,0.001,0.001,0.002,0.001,0.001,0.001,0.0,0.0,0.001
2025-06-20T04:00Z,2025-06-20,280.667,0.0,699.951,0.41,350.0,0,0,0,0.001,0.002,0.002,0.001,0.001,0.001,0.0,0.0,0.001
2025-06-20T04:30Z,2025-06-20,280.135,0.0,674.965,0.458,405.0,0,0,0,0.001,0.002,0.002,0.001,0.001,0.001,0.0,0.0,0.001
2025-06-20T05:00Z,2025-06-20,277.523,0.0,649.951,0.431,460.0,0,0,0,0.001,0.002,0.002,0.001,0.001,0.001,0.0,0.0,0.001
2025-06-20T05:30Z,2025-06-20,281.853,0.0,699.958,0.368,540.0,0,0,0,0.001,0.002,0.002,0.001,0.001,0.001,0.0,0.0,0.001
2025-06-20T06:00Z,2025-06-20,281.898,0.0,699.959,0.361,620.0,0,0,0,0.001,0.002,0.002,0.001,0.001,0.001,0.001,0.001,0.001
2025-06-20T06:30Z,2025-06-20,282.248,0.0,699.965,0.361,630.0,0,0,0,0.002,0.002,0.003,0.001,0.001,0.001,0.001,0.001,0.001
2025-06-20T07:00Z,2025-06-20,286.063,0.0,749.964,0.389,640.0,0,0,0,0.003,0.003,0.004,0.001,0.001,0.001,0.0,0.001,0.001
2025-06-20T07:30Z,2025-06-20,289.639,0.0,774.997,0.333,610.0,0,0,0,0.003,0.003,0.003,0.001,0.001,0.001,0.0,0.001,0.001
2025-06-20T08:00Z,2025-06-20,289.851,0.0,775.005,0.333,580.0,0,0,0,0.003,0.003,0.003,0.001,0.001,0.001,0.0,0.001,0.002
2025-06-20T08:30Z,2025-06-20,288.471,0.0,774.985,0.34,530.0,0,0,0,0.002,0.003,0.004,0.001,0.001,0.001,0.0,0.001,0.002
2025-06-20T09:00Z,2025-06-20,288.532,0.0,774.989,0.403,480.0,0,0,0,0.003,0.003,0.004,0.001,0.001,0.002,0.0,0.001,0.002
2025-06-20T09:30Z,2025-06-20,286.517,0.0,774.963,0.465,585.0,0,0,0,0.003,0.003,0.006,0.002,0.003,0.004,0.001,0.002,0.006
2025-06-20T10:00Z,2025-06-20,283.216,0.0,749.951,0.479,690.0,0,0,0,0.004,0.006,0.01,0.003,0.004,0.009,0.002,0.004,0.013
2025-06-20T10:30Z,2025-06-20,279.167,0.0,674.988,0.618,1025.0,0,0,0,0.018,0.026,0.056,0.005,0.007,0.01,0.001,0.003,0.009
2025-06-20T11:00Z,2025-06-20,274.682,0.0,550.0,0.667,1360.0,0,0,0,0.017,0.026,0.029,0.004,0.011,0.015,0.001,0.003,0.011
2025-06-20T11:30Z,2025-06-20,264.584,0.0,449.972,0.75,1825.0,0,0,0,0.045,0.058,0.076,0.02,0.025,0.074,0.002,0.014,0.04
2025-06-20T12:00Z,2025-06-20,270.079,0.0,524.941,0.75,2290.0,0,0,0,0.04,0.038,0.094,0.006,0.01,0.049,0.001,0.01,0.047
2025-06-20T12:30Z,2025-06-20,237.304,0.0,299.871,0.778,2060.0,0,0,0,0.049,0.067,0.094,0.106,0.265,0.304,0.05,0.175,0.243
2025-06-20T13:00Z,2025-06-20,221.411,0.0,224.842,0.799,1830.0,0,0,0,0.036,0.07,0.075,0.351,0.469,0.489,0.192,0.283,0.297
2025-06-20T13:30Z,2025-06-20,223.319,0.0,224.881,0.799,1820.0,0,0,0,0.046,0.12,0.082,0.213,0.235,0.118,0.044,0.081,0.049
2025-06-20T14:00Z,2025-06-20,223.821,0.0,224.894,0.84,1810.0,0,0,0,0.042,0.072,0.064,0.045,0.026,0.043,0.014,0.021,0.036
2025-06-20T14:30Z,2025-06-20,223.149,0.0,224.886,0.868,2375.0,0,0,0,0.024,0.039,0.057,0.026,0.02,0.045,0.005,0.01,0.041
2025-06-20T15:00Z,2025-06-20,225.805,0.0,224.94,0.889,2940.0,0,0,1,0.024,0.03,0.049,0.014,0.01,0.015,0.001,0.004,0.012
2025-06-20T15:30Z,2025-06-20,219.699,0.036,199.932,0.889,2975.0,0,1,1,0.022,0.029,0.049,0.012,0.013,0.019,0.001,0.003,0.009
2025-06-20T16:00Z,2025-06-20,215.695,0.036,199.857,0.882,3010.0,1,1,1,0.017,0.016,0.041,0.038,0.024,0.063,0.009,0.019,0.058
2025-06-20T16:30Z,2025-06-20,215.027,0.143,199.845,0.903,2940.0,0,0,0,0.022,0.03,0.046,0.118,0.181,0.149,0.442,0.435,0.564
2025-06-20T17:00Z,2025-06-20,206.057,0.143,174.805,0.917,2870.0,0,0,0,0.02,0.023,0.034,0.227,0.269,0.182,0.348,0.273,0.207
2025-06-20T17:30Z,2025-06-20,208.056,0.143,174.844,0.944,3005.0,0,0,0,0.018,0.027,0.039,0.213,0.226,0.175,0.138,0.226,0.143
2025-06-20T18:00Z,2025-06-20,208.595,0.143,174.855,0.944,3140.0,0,0,0,0.019,0.028,0.027,0.159,0.242,0.151,0.17,0.2,0.117
2025-06-20T18:30Z,2025-06-20,207.404,0.037,174.822,0.958,2915.0,0,0,0,0.016,0.018,0.031,0.165,0.178,0.125,0.119,0.138,0.095
2025-06-20T19:00Z,2025-06-20,217.323,0.071,199.878,0.965,2690.0,0,0,0,0.017,0.017,0.035,0.034,0.038,0.027,0.007,0.014,0.018
2025-06-20T19:30Z,2025-06-20,219.958,0.036,199.929,0.958,2645.0,0,0,0,0.017,0.018,0.036,0.02,0.017,0.02,0.003,0.008,0.011
2025-06-20T20:00Z,2025-06-20,226.601,0.0,249.837,0.931,2600.0,0,0,0,0.022,0.026,0.047,0.012,0.015,0.015,0.002,0.006,0.012
2025-06-20T20:30Z,2025-06-20,231.509,0.0,274.851,0.91,2540.0,0,0,0,0.019,0.018,0.039,0.008,0.011,0.007,0.001,0.002,0.005
2025-06-20T21:00Z,2025-06-20,226.26,0.0,224.938,0.91,2480.0,0,0,0,0.02,0.02,0.034,0.013,0.017,0.014,0.002,0.007,0.01
2025-06-20T21:30Z,2025-06-20,222.582,0.0,224.867,0.931,2410.0,0,0,0,0.019,0.016,0.034,0.024,0.037,0.048,0.006,0.016,0.032
2025-06-20T22:00Z,2025-06-20,216.782,0.071,199.886,0.972,2340.0,0,0,0,0.018,0.014,0.029,0.071,0.104,0.065,0.013,0.024,0.032
2025-06-20T22:30Z,2025-06-20,220.45,0.0,224.836,0.986,2065.0,0,0,0,0.015,0.013,0.023,0.084,0.106,0.042,0.012,0.018,0.012
2025-06-20T23:00Z,2025-06-20,225.378,0.0,224.935,0.993,1790.0,0,0,0,0.008,0.009,0.015,0.052,0.081,0.033,0.016,0.026,0.02
2025-06-20T23:30Z,2025-06-20,228.833,0.0,249.896,1.0,1675.0,0,0,0,0.009,0.012,0.016,0.009,0.02,0.011,0.004,0.007,0.007
2025-06-22T00:00Z,2025-06-22,253.41,0.0,374.957,0.986,180.0,0,0,0,0.002,0.003,0.003,0.002,0.002,0.001,0.001,0.001,0.001
2025-06-22T00:30Z,2025-06-22,252.139,0.0,374.93,0.993,165.0,0,0,0,0.002,0.003,0.003,0.002,0.002,0.001,0.001,0.001,0.001
2025-06-22T01:00Z,2025-06-22,254.954,0.0,399.918,0.938,150.0,0,0,0,0.002,0.003,0.003,0.001,0.001,0.001,0.001,0.002,0.001
2025-06-22T01:30Z,2025-06-22,259.94,0.0,424.967,0.931,175.0,0,0,0,0.002,0.002,0.003,0.002,0.002,0.001,0.001,0.001,0.001
2025-06-22T02:00Z,2025-06-22,251.303,0.0,349.964,0.917,200.0,0,0,0,0.002,0.002,0.003,0.002,0.001,0.001,0.001,0.001,0.001
2025-06-22T02:30Z,2025-06-22,226.476,0.0,249.862,0.896,235.0,0,0,0,0.001,0.001,0.002,0.002,0.003,0.002,0.002,0.002,0.004
2025-06-22T03:00Z,2025-06-22,226.112,0.0,249.856,0.826,270.0,0,0,0,0.001,0.001,0.002,0.005,0.005,0.002,0.004,0.004,0.003
2025-06-22T03:30Z,2025-06-22,223.438,0.0,224.912,0.819,305.0,0,0,0,0.002,0.002,0.003,0.011,0.008,0.003,0.004,0.003,0.003
2025-06-22T04:00Z,2025-06-22,221.372,0.0,224.871,0.854,340.0,0,0,0,0.002,0.002,0.003,0.022,0.01,0.005,0.004,0.003,0.003
2025-06-22T04:30Z,2025-06-22,218.574,0.037,224.819,0.896,410.0,0,0,0,0.002,0.003,0.005,0.019,0.012,0.007,0.003,0.004,0.007
2025-06-22T05:00Z,2025-06-22,215.266,0.071,199.871,0.903,480.0,0,0,0,0.003,0.005,0.006,0.056,0.044,0.011,0.024,0.015,0.014
2025-06-22T05:30Z,2025-06-22,213.469,0.179,199.838,0.972,595.0,0,0,0,0.003,0.005,0.006,0.06,0.032,0.013,0.02,0.015,0.014
2025-06-22T06:00Z,2025-06-22,212.039,0.286,199.811,0.965,710.0,0,0,0,0.003,0.006,0.007,0.034,0.029,0.012,0.015,0.012,0.01
2025-06-22T06:30Z,2025-06-22,212.108,0.321,199.815,0.979,795.0,0,0,0,0.008,0.009,0.009,0.047,0.038,0.015,0.013,0.011,0.011
2025-06-22T07:00Z,2025-06-22,215.602,0.321,199.877,1.0,880.0,0,0,0,0.015,0.02,0.022,0.065,0.071,0.022,0.009,0.016,0.015
2025-06-22T07:30Z,2025-06-22,218.37,0.214,199.927,1.0,895.0,0,0,0,0.016,0.031,0.036,0.03,0.032,0.02,0.003,0.008,0.009
2025-06-22T08:00Z,2025-06-22,215.848,0.107,199.884,1.0,910.0,0,0,0,0.022,0.036,0.046,0.058,0.042,0.031,0.004,0.01,0.012
2025-06-22T08:30Z,2025-06-22,216.497,0.071,199.896,0.986,930.0,0,0,0,0.028,0.06,0.079,0.116,0.111,0.117,0.009,0.027,0.026
2025-06-22T09:00Z,2025-06-22,216.057,0.143,199.888,0.993,950.0,0,0,0,0.027,0.048,0.079,0.09,0.08,0.134,0.016,0.041,0.059
2025-06-22T09:30Z,2025-06-22,213.224,0.25,199.836,1.0,900.0,0,0,0,0.057,0.07,0.133,0.145,0.106,0.134,0.015,0.035,0.077
2025-06-22T10:00Z,2025-06-22,216.056,0.25,199.893,1.0,850.0,0,0,0,0.047,0.059,0.082,0.145,0.098,0.073,0.009,0.031,0.069
2025-06-22T10:30Z,2025-06-22,218.251,0.25,224.814,1.0,785.0,0,0,0,0.025,0.031,0.032,0.066,0.042,0.03,0.006,0.012,0.026
2025-06-22T11:00Z,2025-06-22,220.186,0.0,224.84,1.0,720.0,0,0,0,0.008,0.014,0.014,0.025,0.01,0.014,0.002,0.002,0.005
2025-06-22T11:30Z,2025-06-22,220.785,0.0,224.85,0.993,805.0,0,0,0,0.006,0.014,0.017,0.015,0.009,0.007,0.001,0.002,0.004
2025-06-22T12:00Z,2025-06-22,224.285,0.0,224.918,1.0,890.0,0,0,0,0.006,0.014,0.019,0.01,0.005,0.004,0.001,0.001,0.004
2025-06-22T12:30Z,2025-06-22,225.589,0.0,224.942,1.0,1295.0,0,0,0,0.024,0.047,0.046,0.01,0.007,0.008,0.001,0.003,0.005
2025-06-22T13:00Z,2025-06-22,226.769,0.0,249.851,1.0,1700.0,0,0,0,0.021,0.039,0.04,0.026,0.017,0.011,0.004,0.005,0.006
2025-06-22T13:30Z,2025-06-22,230.4,0.0,249.917,1.0,2500.0,0,0,0,0.026,0.039,0.051,0.017,0.01,0.007,0.005,0.006,0.006
2025-06-22T14:00Z,2025-06-22,235.483,0.0,274.918,1.0,3300.0,0,0,0,0.023,0.032,0.049,0.009,0.006,0.007,0.001,0.002,0.005
2025-06-22T14:30Z,2025-06-22,236.026,0.0,274.924,1.0,2725.0,0,0,0,0.019,0.016,0.044,0.008,0.006,0.007,0.001,0.002,0.007
2025-06-22T15:00Z,2025-06-22,230.292,0.0,249.922,1.0,2150.0,0,0,1,0.018,0.013,0.033,0.019,0.012,0.012,0.007,0.008,0.008
2025-06-22T15:30Z,2025-06-22,217.968,0.036,199.919,1.0,1975.0,0,1,1,0.016,0.013,0.037,0.028,0.015,0.021,0.009,0.008,0.01
2025-06-22T16:00Z,2025-06-22,210.309,0.071,174.907,1.0,1800.0,1,1,1,0.021,0.024,0.036,0.026,0.022,0.055,0.003,0.011,0.039
2025-06-22T16:30Z,2025-06-22,209.76,0.143,174.896,1.0,1585.0,1,1,1,0.023,0.026,0.04,0.161,0.136,0.126,0.547,0.464,0.354
2025-06-22T17:00Z,2025-06-22,204.944,0.214,174.795,1.0,1370.0,1,1,1,0.019,0.026,0.032,0.139,0.159,0.101,0.629,0.516,0.415
2025-06-22T17:30Z,2025-06-22,200.906,0.286,149.793,1.0,1195.0,0,0,0,0.016,0.02,0.031,0.122,0.131,0.065,0.548,0.521,0.361
2025-06-22T18:00Z,2025-06-22,200.887,0.25,149.81,1.0,1020.0,0,0,0,0.014,0.017,0.03,0.091,0.11,0.04,0.14,0.126,0.069
2025-06-22T18:30Z,2025-06-22,201.735,0.214,149.817,1.0,910.0,0,0,0,0.011,0.011,0.021,0.023,0.032,0.016,0.01,0.017,0.012
2025-06-22T19:00Z,2025-06-22,200.436,0.179,149.774,1.0,800.0,0,0,0,0.008,0.008,0.011,0.005,0.006,0.005,0.003,0.004,0.005
2025-06-22T19:30Z,2025-06-22,203.621,0.143,174.763,1.0,765.0,0,0,0,0.007,0.008,0.009,0.005,0.005,0.004,0.003,0.003,0.004
2025-06-22T20:00Z,2025-06-22,216.537,0.036,199.894,1.0,730.0,0,0,0,0.007,0.008,0.009,0.004,0.003,0.003,0.002,0.002,0.003
2025-06-22T20:30Z,2025-06-22,229.823,0.0,249.911,1.0,705.0,0,0,0,0.007,0.008,0.009,0.002,0.002,0.001,0.001,0.001,0.002
2025-06-22T21:00Z,2025-06-22,230.426,0.0,249.919,1.0,680.0,0,0,0,0.007,0.008,0.009,0.002,0.002,0.002,0.001,0.001,0.002
2025-06-22T21:30Z,2025-06-22,226.004,0.0,249.844,1.0,625.0,0,0,0,0.007,0.008,0.01,0.004,0.003,0.003,0.001,0.002,0.004
2025-06-22T22:00Z,2025-06-22,226.785,0.0,249.857,1.0,570.0,0,0,0,0.006,0.008,0.011,0.004,0.003,0.002,0.001,0.001,0.002
2025-06-22T22:30Z,2025-06-22,230.079,0.0,249.913,1.0,525.0,0,0,0,0.006,0.006,0.01,0.004,0.003,0.002,0.001,0.001,0.001
2025-06-22T23:00Z,2025-06-22,228.124,0.0,249.882,1.0,480.0,0,0,0,0.006,0.007,0.009,0.003,0.003,0.002,0.0,0.001,0.002
2025-06-22T23:30Z,2025-06-22,227.47,0.0,249.869,1.0,470.0,0,0,0,0.005,0.006,0.008,0.004,0.003,0.002,0.0,0.001,0.001
2025-06-24T00:00Z,2025-06-24,251.227,0.0,349.961,1.0,160.0,0,0,0,0.001,0.002,0.003,0.001,0.001,0.001,0.0,0.001,0.001
2025-06-24T00:30Z,2025-06-24,254.961,0.0,374.958,1.0,160.0,0,0,0,0.001,0.002,0.003,0.001,0.001,0.001,0.0,0.0,0.001
2025-06-24T01:00Z,2025-06-24,253.297,0.0,374.927,1.0,160.0,0,0,0,0.001,0.002,0.003,0.001,0.001,0.001,0.0,0.0,0.001
2025-06-24T01:30Z,2025-06-24,247.465,0.0,349.889,1.0,175.0,0,0,0,0.001,0.002,0.003,0.001,0.001,0.001,0.0,0.0,0.001
2025-06-24T02:00Z,2025-06-24,249.065,0.0,349.919,0.986,190.0,0,0,0,0.001,0.002,0.003,0.001,0.001,0.001,0.0,0.0,0.001
2025-06-24T02:30Z,2025-06-24,251.828,0.0,374.905,0.993,240.0,0,0,0,0.002,0.002,0.003,0.001,0.001,0.001,0.0,0.0,0.001
2025-06-24T03:00Z,2025-06-24,253.85,0.0,374.944,0.972,290.0,0,0,0,0.002,0.002,0.004,0.001,0.001,0.001,0.0,0.001,0.001
2025-06-24T03:30Z,2025-06-24,254.326,0.0,374.94,0.979,405.0,0,0,0,0.001,0.002,0.002,0.001,0.001,0.001,0.0,0.001,0.001
2025-06-24T04:00Z,2025-06-24,254.006,0.0,374.942,0.993,520.0,0,0,0,0.001,0.002,0.002,0.001,0.001,0.001,0.001,0.001,0.001
2025-06-24T04:30Z,2025-06-24,252.916,0.0,374.926,0.993,475.0,0,0,0,0.002,0.002,0.003,0.001,0.001,0.001,0.001,0.001,0.001
2025-06-24T05:00Z,2025-06-24,244.229,0.0,324.904,0.979,430.0,0,0,0,0.002,0.002,0.003,0.005,0.004,0.002,0.002,0.001,0.002
2025-06-24T05:30Z,2025-06-24,228.004,0.0,249.879,0.986,465.0,0,0,0,0.002,0.002,0.004,0.007,0.006,0.003,0.004,0.003,0.004
2025-06-24T06:00Z,2025-06-24,233.395,0.0,274.877,0.986,500.0,0,0,0,0.006,0.005,0.011,0.007,0.01,0.005,0.005,0.006,0.006
2025-06-24T06:30Z,2025-06-24,234.149,0.0,274.893,0.986,545.0,0,0,0,0.002,0.003,0.005,0.006,0.007,0.003,0.003,0.004,0.004
2025-06-24T07:00Z,2025-06-24,233.871,0.0,274.886,0.993,590.0,0,0,0,0.002,0.003,0.005,0.004,0.003,0.001,0.001,0.001,0.002
2025-06-24T07:30Z,2025-06-24,233.126,0.0,274.875,1.0,625.0,0,0,0,0.004,0.003,0.007,0.003,0.002,0.002,0.001,0.001,0.004
2025-06-24T08:00Z,2025-06-24,231.513,0.0,249.933,0.993,660.0,0,0,0,0.005,0.004,0.008,0.005,0.005,0.002,0.001,0.002,0.002
2025-06-24T08:30Z,2025-06-24,231.673,0.0,249.936,0.986,645.0,0,0,0,0.004,0.004,0.008,0.002,0.002,0.001,0.0,0.001,0.002
2025-06-24T09:00Z,2025-06-24,235.734,0.0,274.907,1.0,630.0,0,0,0,0.003,0.004,0.005,0.001,0.001,0.002,0.0,0.001,0.002
2025-06-24T09:30Z,2025-06-24,233.133,0.0,274.86,1.0,595.0,0,0,0,0.003,0.003,0.005,0.002,0.001,0.002,0.0,0.001,0.001
2025-06-24T10:00Z,2025-06-24,233.271,0.0,274.867,1.0,560.0,0,0,0,0.003,0.003,0.006,0.002,0.002,0.002,0.001,0.001,0.002
2025-06-24T10:30Z,2025-06-24,235.324,0.0,274.904,1.0,515.0,0,0,0,0.004,0.004,0.007,0.002,0.001,0.002,0.0,0.0,0.001
2025-06-24T11:00Z,2025-06-24,239.004,0.0,299.885,1.0,470.0,0,0,0,0.005,0.004,0.006,0.002,0.001,0.002,0.0,0.001,0.002
2025-06-24T11:30Z,2025-06-24,244.317,0.0,324.889,1.0,540.0,0,0,0,0.004,0.004,0.006,0.002,0.001,0.002,0.0,0.001,0.002
2025-06-24T12:00Z,2025-06-24,247.994,0.0,324.957,1.0,610.0,0,0,0,0.003,0.004,0.005,0.001,0.001,0.002,0.0,0.001,0.002
2025-06-24T12:30Z,2025-06-24,244.901,0.0,324.897,1.0,625.0,0,0,0,0.004,0.004,0.006,0.002,0.002,0.002,0.0,0.001,0.001
2025-06-24T13:00Z,2025-06-24,244.453,0.0,324.91,1.0,640.0,0,0,0,0.004,0.004,0.005,0.003,0.001,0.002,0.001,0.001,0.002
2025-06-24T13:30Z,2025-06-24,242.965,0.0,324.882,1.0,620.0,0,0,0,0.004,0.004,0.006,0.002,0.001,0.001,0.0,0.001,0.001
2025-06-24T14:00Z,2025-06-24,240.684,0.0,299.906,1.0,600.0,0,0,0,0.004,0.004,0.006,0.002,0.001,0.001,0.0,0.001,0.001
2025-06-24T14:30Z,2025-06-24,239.513,0.0,299.885,1.0,600.0,0,0,0,0.003,0.003,0.006,0.002,0.001,0.001,0.0,0.001,0.001
2025-06-24T15:00Z,2025-06-24,240.606,0.0,299.904,1.0,600.0,0,0,0,0.003,0.003,0.005,0.002,0.002,0.002,0.001,0.001,0.002
2025-06-24T15:30Z,2025-06-24,243.805,0.0,324.879,1.0,595.0,0,0,0,0.003,0.003,0.005,0.002,0.001,0.001,0.001,0.001,0.001
2025-06-24T16:00Z,2025-06-24,251.103,0.0,349.946,1.0,590.0,0,0,0,0.003,0.003,0.005,0.003,0.002,0.001,0.001,0.001,0.001
2025-06-24T16:30Z,2025-06-24,246.528,0.0,324.937,1.0,545.0,0,0,0,0.003,0.003,0.005,0.002,0.001,0.001,0.001,0.001,0.001
2025-06-24T17:00Z,2025-06-24,242.762,0.0,299.951,1.0,500.0,0,0,0,0.003,0.003,0.005,0.003,0.002,0.002,0.001,0.001,0.001
2025-06-24T17:30Z,2025-06-24,250.184,0.0,349.933,1.0,310.0,0,0,0,0.003,0.003,0.004,0.003,0.002,0.001,0.002,0.001,0.001
2025-06-24T18:00Z,2025-06-24,244.546,0.0,324.913,1.0,120.0,0,0,0,0.002,0.003,0.004,0.003,0.002,0.001,0.001,0.001,0.001
2025-06-24T18:30Z,2025-06-24,243.202,0.0,324.886,0.993,100.0,0,0,0,0.003,0.003,0.005,0.002,0.002,0.001,0.001,0.001,0.001
2025-06-24T19:00Z,2025-06-24,247.276,0.0,349.898,0.993,80.0,0,0,0,0.002,0.003,0.004,0.002,0.001,0.001,0.001,0.0,0.001
2025-06-24T19:30Z,2025-06-24,249.759,0.0,349.943,1.0,45.0,0,0,0,0.002,0.003,0.004,0.001,0.001,0.001,0.001,0.001,0.001
2025-06-24T20:00Z,2025-06-24,251.284,0.0,374.908,0.993,10.0,0,0,0,0.003,0.003,0.004,0.003,0.003,0.001,0.002,0.001,0.001
2025-06-24T20:30Z,2025-06-24,226.254,0.0,224.943,0.993,10.0,0,0,0,0.003,0.003,0.004,0.012,0.011,0.003,0.005,0.005,0.003
2025-06-24T21:00Z,2025-06-24,214.442,0.071,199.857,1.0,10.0,0,0,0,0.003,0.002,0.005,0.016,0.013,0.004,0.007,0.009,0.005
2025-06-24T21:30Z,2025-06-24,215.604,0.074,199.877,0.993,10.0,0,0,0,0.002,0.002,0.004,0.023,0.012,0.005,0.01,0.008,0.005
2025-06-24T22:00Z,2025-06-24,216.11,0.107,199.886,1.0,10.0,0,0,0,0.003,0.003,0.005,0.012,0.01,0.004,0.004,0.004,0.004
2025-06-24T22:30Z,2025-06-24,211.961,0.179,199.815,1.0,10.0,0,0,0,0.003,0.003,0.005,0.014,0.013,0.006,0.004,0.005,0.006
2025-06-24T23:00Z,2025-06-24,213.961,0.107,199.849,1.0,10.0,0,0,0,0.003,0.003,0.005,0.018,0.015,0.005,0.005,0.004,0.005
2025-06-24T23:30Z,2025-06-24,215.013,0.179,199.867,1.0,10.0,0,0,0,0.003,0.003,0.005,0.038,0.032,0.012,0.01,0.013,0.011
2025-06-26T00:00Z,2025-06-26,232.259,0.0,249.939,1.0,250.0,0,0,0,0.002,0.004,0.005,0.001,0.001,0.003,0.001,0.002,0.002
2025-06-26T00:30Z,2025-06-26,229.015,0.0,249.881,1.0,265.0,0,0,0,0.002,0.004,0.004,0.001,0.001,0.003,0.001,0.001,0.002
2025-06-26T01:00Z,2025-06-26,229.392,0.0,249.891,1.0,280.0,0,0,0,0.002,0.002,0.003,0.001,0.001,0.003,0.001,0.002,0.003
2025-06-26T01:30Z,2025-06-26,229.995,0.0,249.901,1.0,280.0,0,0,0,0.002,0.002,0.003,0.001,0.001,0.002,0.001,0.002,0.003
2025-06-26T02:00Z,2025-06-26,231.248,0.0,249.928,1.0,280.0,0,0,0,0.002,0.002,0.003,0.001,0.001,0.002,0.001,0.002,0.002
2025-06-26T02:30Z,2025-06-26,230.538,0.0,249.916,1.0,295.0,0,0,0,0.002,0.002,0.003,0.0,0.0,0.001,0.001,0.001,0.002
2025-06-26T03:00Z,2025-06-26,229.63,0.0,249.9,1.0,310.0,0,0,0,0.002,0.002,0.003,0.0,0.001,0.002,0.001,0.002,0.002
2025-06-26T03:30Z,2025-06-26,230.982,0.0,249.922,1.0,345.0,0,0,0,0.001,0.002,0.003,0.0,0.0,0.001,0.0,0.001,0.002
2025-06-26T04:00Z,2025-06-26,229.588,0.0,249.899,1.0,380.0,0,0,0,0.001,0.002,0.003,0.0,0.0,0.002,0.001,0.002,0.002
2025-06-26T04:30Z,2025-06-26,228.99,0.0,249.896,1.0,360.0,0,0,0,0.001,0.002,0.003,0.001,0.001,0.002,0.001,0.002,0.002
2025-06-26T05:00Z,2025-06-26,225.072,0.0,224.924,0.986,340.0,0,0,0,0.002,0.003,0.004,0.001,0.001,0.003,0.001,0.003,0.004
2025-06-26T05:30Z,2025-06-26,223.953,0.0,224.903,0.986,260.0,0,0,0,0.003,0.005,0.007,0.001,0.001,0.003,0.001,0.003,0.003
2025-06-26T06:00Z,2025-06-26,222.717,0.0,224.881,0.979,180.0,0,0,0,0.004,0.008,0.009,0.003,0.003,0.005,0.003,0.006,0.004
2025-06-26T06:30Z,2025-06-26,223.648,0.0,224.895,0.972,240.0,0,0,0,0.002,0.006,0.012,0.003,0.002,0.006,0.005,0.007,0.007
2025-06-26T07:00Z,2025-06-26,224.516,0.0,224.911,0.958,300.0,0,0,0,0.002,0.004,0.006,0.003,0.002,0.004,0.004,0.007,0.006
2025-06-26T07:30Z,2025-06-26,223.998,0.0,224.9,0.958,310.0,0,0,0,0.002,0.004,0.006,0.001,0.001,0.003,0.001,0.003,0.003
2025-06-26T08:00Z,2025-06-26,222.106,0.0,224.859,0.958,320.0,0,0,0,0.001,0.003,0.004,0.001,0.001,0.003,0.001,0.002,0.003
2025-06-26T08:30Z,2025-06-26,220.961,0.0,224.838,0.958,300.0,0,0,0,0.002,0.003,0.004,0.001,0.001,0.003,0.001,0.003,0.004
2025-06-26T09:00Z,2025-06-26,220.405,0.0,224.835,0.951,280.0,0,0,0,0.002,0.004,0.007,0.002,0.002,0.006,0.003,0.005,0.005
2025-06-26T09:30Z,2025-06-26,218.922,0.036,224.818,0.931,245.0,0,0,0,0.005,0.012,0.015,0.003,0.003,0.01,0.003,0.009,0.008
2025-06-26T10:00Z,2025-06-26,219.771,0.036,224.824,0.896,210.0,0,0,0,0.013,0.027,0.026,0.004,0.003,0.01,0.003,0.007,0.011
2025-06-26T10:30Z,2025-06-26,219.787,0.036,224.825,0.91,185.0,0,0,0,0.009,0.019,0.021,0.003,0.002,0.01,0.002,0.006,0.008
2025-06-26T11:00Z,2025-06-26,221.885,0.0,224.864,0.917,160.0,0,0,0,0.003,0.007,0.008,0.001,0.001,0.003,0.001,0.003,0.003
2025-06-26T11:30Z,2025-06-26,222.538,0.0,224.875,0.938,175.0,0,0,0,0.007,0.012,0.016,0.002,0.001,0.007,0.001,0.004,0.005
2025-06-26T12:00Z,2025-06-26,234.987,0.0,274.886,0.944,190.0,0,0,0,0.009,0.018,0.032,0.003,0.003,0.013,0.002,0.007,0.013
2025-06-26T12:30Z,2025-06-26,236.188,0.0,274.907,0.951,735.0,0,0,0,0.016,0.029,0.067,0.003,0.002,0.014,0.001,0.004,0.007
2025-06-26T13:00Z,2025-06-26,240.883,0.0,299.911,0.965,1280.0,0,0,0,0.03,0.061,0.072,0.003,0.004,0.012,0.001,0.006,0.009
2025-06-26T13:30Z,2025-06-26,241.079,0.0,299.909,0.979,1605.0,0,0,0,0.054,0.1,0.092,0.004,0.005,0.01,0.002,0.007,0.009
2025-06-26T14:00Z,2025-06-26,248.821,0.0,349.918,0.972,1930.0,0,0,0,0.094,0.116,0.124,0.005,0.005,0.012,0.002,0.004,0.014
2025-06-26T14:30Z,2025-06-26,248.506,0.0,349.907,1.0,2015.0,0,0,0,0.097,0.122,0.114,0.003,0.004,0.018,0.002,0.005,0.022
2025-06-26T15:00Z,2025-06-26,249.336,0.0,349.923,1.0,2100.0,0,0,0,0.065,0.09,0.101,0.007,0.008,0.028,0.003,0.013,0.026
2025-06-26T15:30Z,2025-06-26,245.673,0.0,324.921,0.979,1980.0,0,0,0,0.068,0.081,0.108,0.006,0.012,0.045,0.003,0.012,0.035
2025-06-26T16:00Z,2025-06-26,240.474,0.0,299.908,0.986,1860.0,0,0,0,0.104,0.114,0.153,0.006,0.017,0.045,0.003,0.016,0.036
2025-06-26T16:30Z,2025-06-26,242.114,0.0,299.939,0.993,1780.0,0,0,0,0.078,0.087,0.122,0.004,0.006,0.022,0.002,0.006,0.018
2025-06-26T17:00Z,2025-06-26,248.327,0.0,349.906,0.993,1700.0,0,0,0,0.089,0.09,0.102,0.004,0.005,0.02,0.002,0.006,0.018
2025-06-26T17:30Z,2025-06-26,246.933,0.0,324.95,1.0,1505.0,0,0,0,0.083,0.076,0.095,0.003,0.003,0.015,0.002,0.008,0.018
2025-06-26T18:00Z,2025-06-26,241.709,0.0,299.936,0.993,1310.0,0,0,0,0.067,0.086,0.098,0.003,0.004,0.008,0.001,0.005,0.007
2025-06-26T18:30Z,2025-06-26,239.59,0.0,299.896,0.972,1120.0,0,0,0,0.022,0.053,0.06,0.002,0.003,0.011,0.001,0.005,0.008
2025-06-26T19:00Z,2025-06-26,222.401,0.0,224.868,0.965,930.0,0,0,0,0.016,0.037,0.048,0.007,0.015,0.017,0.011,0.024,0.019
2025-06-26T19:30Z,2025-06-26,216.999,0.04,199.885,0.958,845.0,0,0,0,0.005,0.011,0.029,0.007,0.011,0.038,0.008,0.022,0.029
2025-06-26T20:00Z,2025-06-26,219.531,0.043,224.82,0.958,760.0,0,0,0,0.004,0.008,0.011,0.005,0.008,0.016,0.003,0.008,0.009
2025-06-26T20:30Z,2025-06-26,222.698,0.0,224.876,0.979,735.0,0,0,0,0.004,0.008,0.009,0.002,0.004,0.007,0.002,0.006,0.005
2025-06-26T21:00Z,2025-06-26,228.853,0.0,249.88,0.944,710.0,0,0,0,0.002,0.004,0.004,0.001,0.001,0.002,0.001,0.002,0.002
2025-06-26T21:30Z,2025-06-26,233.877,0.0,274.876,0.965,670.0,0,0,0,0.002,0.004,0.004,0.001,0.001,0.002,0.001,0.002,0.002
2025-06-26T22:00Z,2025-06-26,242.02,0.0,299.939,0.986,630.0,0,0,0,0.002,0.003,0.003,0.001,0.001,0.002,0.002,0.002,0.002
2025-06-26T22:30Z,2025-06-26,227.34,0.0,249.856,0.986,570.0,0,0,0,0.002,0.003,0.003,0.001,0.001,0.003,0.001,0.002,0.003
2025-06-26T23:00Z,2025-06-26,225.016,0.0,224.919,0.986,510.0,0,0,0,0.002,0.003,0.003,0.001,0.001,0.003,0.002,0.004,0.003
2025-06-26T23:30Z,2025-06-26,230.436,0.0,249.912,1.0,375.0,0,0,0,0.002,0.003,0.003,0.001,0.001,0.002,0.001,0.002,0.003
2025-06-28T00:00Z,2025-06-28,261.49,0.0,449.953,0.917,160.0,0,0,0,0.002,0.003,0.003,0.0,0.001,0.002,0.001,0.001,0.002
2025-06-28T00:30Z,2025-06-28,262.304,0.0,449.971,0.847,145.0,0,0,0,0.002,0.003,0.003,0.0,0.001,0.002,0.0,0.001,0.002
2025-06-28T01:00Z,2025-06-28,263.109,0.0,474.931,0.861,130.0,0,0,0,0.003,0.005,0.005,0.0,0.0,0.001,0.0,0.001,0.001
2025-06-28T01:30Z,2025-06-28,265.548,0.0,499.939,0.854,130.0,0,0,0,0.002,0.003,0.003,0.0,0.0,0.001,0.0,0.001,0.001
2025-06-28T02:00Z,2025-06-28,265.655,0.0,499.939,0.868,130.0,0,0,0,0.001,0.003,0.003,0.0,0.0,0.001,0.0,0.001,0.001
2025-06-28T02:30Z,2025-06-28,266.071,0.0,499.95,0.91,140.0,0,0,0,0.001,0.002,0.002,0.0,0.0,0.001,0.0,0.001,0.001
2025-06-28T03:00Z,2025-06-28,267.24,0.0,524.929,0.944,150.0,0,0,0,0.001,0.002,0.003,0.0,0.0,0.001,0.0,0.001,0.001
2025-06-28T03:30Z,2025-06-28,263.535,0.0,474.951,0.924,160.0,0,0,0,0.001,0.002,0.002,0.0,0.001,0.002,0.001,0.002,0.002
2025-06-28T04:00Z,2025-06-28,264.923,0.0,499.924,0.924,170.0,0,0,0,0.001,0.002,0.002,0.0,0.001,0.001,0.0,0.001,0.001
2025-06-28T04:30Z,2025-06-28,267.765,0.0,524.94,0.931,180.0,0,0,0,0.001,0.002,0.004,0.0,0.0,0.002,0.0,0.001,0.001
2025-06-28T05:00Z,2025-06-28,270.294,0.0,549.953,0.785,190.0,0,0,0,0.002,0.003,0.005,0.0,0.0,0.001,0.0,0.001,0.001
2025-06-28T05:30Z,2025-06-28,264.366,0.0,474.963,0.694,345.0,0,0,0,0.002,0.004,0.005,0.0,0.001,0.002,0.0,0.001,0.002
2025-06-28T06:00Z,2025-06-28,266.645,0.0,499.958,0.681,500.0,0,0,0,0.002,0.004,0.006,0.0,0.0,0.002,0.0,0.001,0.002
2025-06-28T06:30Z,2025-06-28,261.252,0.0,449.942,0.757,555.0,0,0,0,0.003,0.005,0.009,0.001,0.001,0.003,0.001,0.002,0.004
2025-06-28T07:00Z,2025-06-28,263.757,0.0,474.949,0.771,610.0,0,0,0,0.005,0.014,0.019,0.001,0.002,0.003,0.001,0.001,0.004
2025-06-28T07:30Z,2025-06-28,271.883,0.0,549.975,0.785,660.0,0,0,0,0.003,0.012,0.017,0.001,0.001,0.003,0.0,0.002,0.003
2025-06-28T08:00Z,2025-06-28,263.626,0.0,474.959,0.854,710.0,0,0,0,0.003,0.012,0.013,0.001,0.002,0.006,0.001,0.002,0.006
2025-06-28T08:30Z,2025-06-28,269.652,0.0,549.932,0.847,740.0,0,0,0,0.009,0.026,0.028,0.001,0.005,0.016,0.002,0.007,0.015
2025-06-28T09:00Z,2025-06-28,267.513,0.0,524.947,0.847,770.0,0,0,0,0.009,0.027,0.033,0.001,0.006,0.024,0.002,0.005,0.018
2025-06-28T09:30Z,2025-06-28,270.557,0.0,549.955,0.882,780.0,0,0,0,0.018,0.043,0.056,0.001,0.005,0.017,0.001,0.006,0.015
2025-06-28T10:00Z,2025-06-28,269.972,0.0,549.942,0.896,790.0,0,0,0,0.039,0.059,0.064,0.001,0.006,0.023,0.002,0.007,0.013
2025-06-28T10:30Z,2025-06-28,266.935,0.0,524.929,0.889,685.0,0,0,0,0.029,0.051,0.061,0.001,0.004,0.026,0.001,0.005,0.014
2025-06-28T11:00Z,2025-06-28,264.497,0.0,499.929,0.91,580.0,0,0,0,0.012,0.025,0.027,0.001,0.003,0.009,0.001,0.003,0.006
2025-06-28T11:30Z,2025-06-28,255.375,0.0,399.923,0.91,630.0,0,0,0,0.01,0.018,0.024,0.002,0.003,0.012,0.004,0.01,0.013
2025-06-28T12:00Z,2025-06-28,259.256,0.0,424.95,0.944,680.0,0,0,0,0.009,0.018,0.027,0.001,0.002,0.008,0.001,0.003,0.007
2025-06-28T12:30Z,2025-06-28,236.95,0.0,274.942,0.917,735.0,0,0,0,0.018,0.041,0.054,0.004,0.009,0.035,0.008,0.021,0.043
2025-06-28T13:00Z,2025-06-28,240.443,0.0,299.915,0.944,790.0,0,0,0,0.018,0.045,0.052,0.003,0.008,0.02,0.004,0.012,0.016
2025-06-28T13:30Z,2025-06-28,247.686,0.0,349.9,0.979,1225.0,0,0,0,0.026,0.08,0.113,0.007,0.03,0.109,0.005,0.03,0.063
2025-06-28T14:00Z,2025-06-28,252.552,0.0,374.927,0.986,1660.0,0,0,0,0.056,0.083,0.112,0.015,0.032,0.078,0.008,0.021,0.064
2025-06-28T14:30Z,2025-06-28,254.811,0.0,399.912,1.0,1285.0,0,0,0,0.046,0.073,0.109,0.007,0.019,0.073,0.004,0.023,0.063
2025-06-28T15:00Z,2025-06-28,244.139,0.0,324.908,0.986,910.0,0,0,0,0.02,0.046,0.082,0.005,0.017,0.044,0.003,0.01,0.047
2025-06-28T15:30Z,2025-06-28,239.856,0.0,299.912,0.986,1105.0,0,0,0,0.022,0.052,0.076,0.008,0.019,0.05,0.004,0.023,0.037
2025-06-28T16:00Z,2025-06-28,241.194,0.0,299.936,1.0,1300.0,0,0,0,0.049,0.075,0.092,0.011,0.028,0.063,0.007,0.021,0.058
2025-06-28T16:30Z,2025-06-28,232.172,0.0,274.868,1.0,1205.0,0,0,0,0.02,0.051,0.069,0.011,0.021,0.078,0.006,0.016,0.047
2025-06-28T17:00Z,2025-06-28,234.69,0.0,274.914,1.0,1110.0,0,0,0,0.021,0.05,0.064,0.005,0.016,0.055,0.003,0.013,0.038
2025-06-28T17:30Z,2025-06-28,213.197,0.071,199.819,0.993,1215.0,0,0,0,0.018,0.05,0.061,0.028,0.124,0.177,0.018,0.092,0.107
2025-06-28T18:30Z,2025-06-28,227.501,0.0,249.874,0.993,1350.0,0,0,0,0.026,0.054,0.046,0.025,0.047,0.035,0.013,0.028,0.025
2025-06-28T19:00Z,2025-06-28,232.508,0.0,274.875,1.0,1380.0,0,0,0,0.027,0.047,0.047,0.003,0.006,0.02,0.002,0.007,0.015
2025-06-28T19:30Z,2025-06-28,237.794,0.0,274.955,0.993,1640.0,0,0,0,0.028,0.047,0.043,0.004,0.005,0.011,0.002,0.005,0.01
2025-06-28T20:00Z,2025-06-28,239.979,0.0,299.917,1.0,1900.0,0,0,0,0.019,0.028,0.031,0.002,0.003,0.009,0.002,0.005,0.009
2025-06-28T20:30Z,2025-06-28,242.624,0.0,324.878,1.0,1790.0,0,0,0,0.017,0.026,0.035,0.002,0.003,0.009,0.002,0.004,0.01
2025-06-28T21:00Z,2025-06-28,243.769,0.0,324.898,1.0,1680.0,0,0,0,0.02,0.029,0.028,0.002,0.003,0.007,0.001,0.005,0.008
2025-06-28T21:30Z,2025-06-28,241.994,0.0,299.945,1.0,1530.0,0,0,0,0.016,0.021,0.022,0.001,0.002,0.008,0.001,0.005,0.007
2025-06-28T22:00Z,2025-06-28,245.127,0.0,324.923,1.0,1380.0,0,0,0,0.012,0.017,0.028,0.001,0.001,0.004,0.001,0.002,0.004
2025-06-28T22:30Z,2025-06-28,253.787,0.0,374.957,1.0,1225.0,0,0,0,0.005,0.021,0.035,0.001,0.001,0.005,0.0,0.002,0.004
2025-06-28T23:00Z,2025-06-28,254.756,0.0,399.905,1.0,1070.0,0,0,0,0.005,0.018,0.029,0.001,0.001,0.006,0.001,0.002,0.004
2025-06-28T23:30Z,2025-06-28,248.253,0.0,349.907,1.0,855.0,0,0,0,0.005,0.016,0.022,0.001,0.002,0.008,0.001,0.003,0.008
2025-06-30T00:00Z,2025-06-30,224.168,0.0,224.923,1.0,130.0,0,0,0,0.001,0.003,0.003,0.001,0.001,0.002,0.001,0.002,0.002
2025-06-30T00:30Z,2025-06-30,225.98,0.0,249.855,1.0,125.0,0,0,0,0.001,0.003,0.003,0.001,0.001,0.003,0.001,0.002,0.002
2025-06-30T01:00Z,2025-06-30,227.557,0.0,249.88,1.0,120.0,0,0,0,0.002,0.003,0.004,0.001,0.001,0.003,0.001,0.003,0.003
2025-06-30T01:30Z,2025-06-30,229.578,0.0,249.909,1.0,115.0,0,0,0,0.002,0.004,0.004,0.001,0.001,0.002,0.001,0.002,0.002
2025-06-30T02:00Z,2025-06-30,232.149,0.0,274.868,1.0,110.0,0,0,0,0.001,0.003,0.004,0.0,0.0,0.001,0.0,0.001,0.001
2025-06-30T02:30Z,2025-06-30,235.007,0.0,274.917,1.0,105.0,0,0,0,0.001,0.002,0.002,0.0,0.0,0.001,0.0,0.002,0.002
2025-06-30T03:00Z,2025-06-30,236.156,0.0,274.933,1.0,100.0,0,0,0,0.001,0.002,0.002,0.0,0.001,0.002,0.001,0.002,0.002
2025-06-30T03:30Z,2025-06-30,237.256,0.0,274.952,1.0,100.0,0,0,0,0.001,0.002,0.002,0.0,0.001,0.002,0.001,0.002,0.002
2025-06-30T04:00Z,2025-06-30,236.635,0.0,274.942,1.0,100.0,0,0,0,0.001,0.002,0.002,0.0,0.0,0.002,0.001,0.001,0.002
2025-06-30T04:30Z,2025-06-30,233.882,0.0,274.892,1.0,115.0,0,0,0,0.001,0.001,0.002,0.0,0.0,0.002,0.001,0.002,0.002
2025-06-30T05:00Z,2025-06-30,230.757,0.0,249.925,1.0,130.0,0,0,0,0.001,0.001,0.002,0.0,0.0,0.002,0.001,0.002,0.002
2025-06-30T05:30Z,2025-06-30,233.843,0.0,274.887,1.0,220.0,0,0,0,0.001,0.001,0.002,0.0,0.0,0.002,0.001,0.001,0.002
2025-06-30T06:00Z,2025-06-30,236.31,0.0,274.925,0.993,310.0,0,0,0,0.001,0.002,0.002,0.0,0.0,0.001,0.0,0.001,0.001
2025-06-30T06:30Z,2025-06-30,236.543,0.0,274.925,1.0,335.0,0,0,0,0.001,0.002,0.002,0.0,0.0,0.001,0.0,0.001,0.002
2025-06-30T07:00Z,2025-06-30,234.37,0.0,274.89,1.0,360.0,0,0,0,0.001,0.002,0.002,0.001,0.001,0.002,0.001,0.002,0.002
2025-06-30T07:30Z,2025-06-30,233.93,0.0,274.883,1.0,415.0,0,0,0,0.002,0.003,0.003,0.001,0.001,0.003,0.001,0.002,0.003
2025-06-30T08:00Z,2025-06-30,233.778,0.0,274.875,1.0,470.0,0,0,0,0.002,0.003,0.004,0.001,0.001,0.003,0.0,0.001,0.003
2025-06-30T08:30Z,2025-06-30,236.228,0.0,274.919,0.993,455.0,0,0,0,0.002,0.003,0.003,0.001,0.001,0.004,0.001,0.002,0.004
2025-06-30T09:00Z,2025-06-30,236.962,0.0,274.931,0.993,440.0,0,0,0,0.001,0.002,0.002,0.001,0.001,0.004,0.001,0.002,0.003
2025-06-30T09:30Z,2025-06-30,237.996,0.0,274.948,1.0,445.0,0,0,0,0.001,0.003,0.004,0.001,0.001,0.004,0.001,0.003,0.003
2025-06-30T10:00Z,2025-06-30,241.455,0.0,299.921,0.986,450.0,0,0,0,0.002,0.003,0.004,0.002,0.002,0.005,0.001,0.004,0.005
2025-06-30T10:30Z,2025-06-30,243.298,0.0,299.952,0.986,420.0,0,0,0,0.002,0.003,0.005,0.001,0.001,0.004,0.001,0.003,0.004
2025-06-30T11:00Z,2025-06-30,247.006,0.0,324.942,1.0,390.0,0,0,0,0.002,0.003,0.005,0.001,0.001,0.002,0.001,0.002,0.003
2025-06-30T11:30Z,2025-06-30,249.87,0.0,349.921,1.0,505.0,0,0,0,0.002,0.003,0.006,0.001,0.001,0.003,0.001,0.003,0.004
2025-06-30T12:00Z,2025-06-30,247.208,0.0,324.946,1.0,620.0,0,0,0,0.003,0.004,0.008,0.001,0.001,0.003,0.001,0.003,0.005
2025-06-30T12:30Z,2025-06-30,244.061,0.0,324.884,1.0,625.0,0,0,0,0.004,0.008,0.021,0.001,0.002,0.012,0.001,0.003,0.011
2025-06-30T13:00Z,2025-06-30,242.476,0.0,299.939,1.0,630.0,0,0,0,0.007,0.016,0.022,0.003,0.005,0.017,0.001,0.007,0.015
2025-06-30T13:30Z,2025-06-30,241.571,0.0,299.924,1.0,1105.0,0,0,0,0.011,0.022,0.033,0.004,0.008,0.037,0.002,0.012,0.026
2025-06-30T14:00Z,2025-06-30,240.227,0.0,299.907,1.0,1580.0,0,0,0,0.029,0.025,0.059,0.017,0.022,0.052,0.003,0.014,0.026
2025-06-30T14:30Z,2025-06-30,242.914,0.0,324.877,1.0,1785.0,0,0,0,0.037,0.05,0.063,0.013,0.019,0.03,0.004,0.009,0.012
2025-06-30T15:00Z,2025-06-30,245.944,0.0,324.93,1.0,1990.0,0,0,0,0.05,0.073,0.088,0.008,0.011,0.022,0.003,0.009,0.012
2025-06-30T15:30Z,2025-06-30,244.534,0.0,324.9,1.0,2035.0,0,0,0,0.051,0.069,0.078,0.009,0.012,0.02,0.005,0.011,0.011
2025-06-30T16:00Z,2025-06-30,243.331,0.0,299.958,1.0,2080.0,0,0,0,0.041,0.055,0.063,0.008,0.009,0.018,0.004,0.007,0.01
2025-06-30T16:30Z,2025-06-30,240.712,0.0,299.911,1.0,1760.0,0,0,0,0.028,0.047,0.063,0.006,0.009,0.019,0.002,0.008,0.017
2025-06-30T17:00Z,2025-06-30,242.721,0.0,299.944,1.0,1440.0,0,0,0,0.019,0.02,0.024,0.003,0.003,0.008,0.002,0.004,0.011
2025-06-30T17:30Z,2025-06-30,241.973,0.0,299.936,1.0,1720.0,0,0,0,0.023,0.033,0.046,0.002,0.003,0.008,0.002,0.004,0.007
2025-06-30T18:00Z,2025-06-30,243.432,0.0,324.889,1.0,2000.0,0,0,0,0.035,0.042,0.046,0.002,0.002,0.005,0.002,0.004,0.005
2025-06-30T18:30Z,2025-06-30,240.853,0.0,299.912,1.0,1705.0,0,0,0,0.026,0.039,0.037,0.002,0.002,0.006,0.002,0.004,0.006
2025-06-30T19:00Z,2025-06-30,232.86,0.0,249.95,1.0,1410.0,0,0,0,0.027,0.042,0.037,0.016,0.015,0.026,0.025,0.041,0.037
2025-06-30T19:30Z,2025-06-30,232.352,0.0,249.941,1.0,1180.0,0,0,0,0.011,0.023,0.027,0.006,0.008,0.02,0.005,0.014,0.016
2025-06-30T20:00Z,2025-06-30,236.168,0.0,274.912,1.0,950.0,0,0,0,0.009,0.02,0.024,0.002,0.004,0.01,0.001,0.005,0.007
2025-06-30T20:30Z,2025-06-30,234.259,0.0,274.877,1.0,775.0,0,0,0,0.01,0.02,0.019,0.001,0.002,0.006,0.001,0.004,0.005
2025-06-30T21:00Z,2025-06-30,238.028,0.0,274.943,1.0,600.0,0,0,0,0.013,0.027,0.023,0.001,0.002,0.006,0.001,0.004,0.005
2025-06-30T21:30Z,2025-06-30,240.741,0.0,299.907,1.0,410.0,0,0,0,0.011,0.026,0.019,0.001,0.002,0.005,0.001,0.004,0.006
2025-06-30T22:00Z,2025-06-30,243.064,0.0,299.955,1.0,220.0,0,0,0,0.007,0.012,0.014,0.001,0.002,0.005,0.001,0.003,0.005
2025-06-30T22:30Z,2025-06-30,244.022,0.0,324.901,1.0,165.0,0,0,0,0.006,0.017,0.018,0.001,0.001,0.005,0.001,0.003,0.006
2025-06-30T23:00Z,2025-06-30,244.482,0.0,324.91,1.0,110.0,0,0,0,0.005,0.01,0.014,0.001,0.002,0.006,0.002,0.004,0.006
2025-06-30T23:30Z,2025-06-30,240.374,0.0,299.914,1.0,70.0,0,0,0,0.003,0.007,0.006,0.001,0.001,0.003,0.002,0.003,0.004
2025-10-01T00:00Z,2025-10-01,221.418,0.0,224.88,1.0,850.0,0,0,0,0.003,0.002,0.004,0.005,0.003,0.003,0.002,0.002,0.002
2025-10-01T00:30Z,2025-10-01,222.46,0.0,224.889,1.0,630.0,0,0,0,0.003,0.002,0.004,0.004,0.003,0.003,0.002,0.002,0.002
2025-10-01T01:00Z,2025-10-01,219.333,0.036,224.841,1.0,410.0,0,0,0,0.006,0.003,0.006,0.008,0.006,0.007,0.006,0.006,0.006
2025-10-01T01:30Z,2025-10-01,206.135,0.036,174.863,1.0,395.0,0,0,0,0.007,0.003,0.006,0.014,0.007,0.01,0.013,0.009,0.009
2025-10-01T02:00Z,2025-10-01,206.284,0.179,174.857,1.0,380.0,0,0,0,0.006,0.003,0.005,0.018,0.01,0.01,0.01,0.009,0.008
2025-10-01T02:30Z,2025-10-01,206.215,0.286,174.856,0.986,435.0,0,0,0,0.006,0.003,0.005,0.013,0.01,0.009,0.006,0.01,0.009
2025-10-01T03:00Z,2025-10-01,207.731,0.286,174.885,1.0,490.0,0,0,0,0.004,0.002,0.005,0.007,0.007,0.008,0.005,0.009,0.009
2025-10-01T03:30Z,2025-10-01,205.2,0.321,174.837,0.993,585.0,0,0,0,0.002,0.002,0.004,0.009,0.007,0.011,0.008,0.011,0.011
2025-10-01T04:00Z,2025-10-01,207.353,0.393,174.875,1.0,680.0,0,0,0,0.003,0.002,0.005,0.008,0.008,0.01,0.007,0.012,0.008
2025-10-01T04:30Z,2025-10-01,209.212,0.321,174.912,1.0,675.0,0,0,0,0.003,0.002,0.005,0.008,0.008,0.01,0.007,0.011,0.011
2025-10-01T05:00Z,2025-10-01,209.564,0.321,174.906,0.993,670.0,0,0,0,0.003,0.002,0.005,0.008,0.009,0.008,0.005,0.009,0.009
2025-10-01T05:30Z,2025-10-01,213.696,0.179,199.858,0.993,740.0,0,0,0,0.003,0.002,0.005,0.008,0.008,0.007,0.005,0.007,0.009
2025-10-01T06:00Z,2025-10-01,216.854,0.071,199.912,1.0,810.0,0,0,0,0.003,0.002,0.006,0.008,0.008,0.008,0.004,0.007,0.009
2025-10-01T06:30Z,2025-10-01,221.501,0.0,224.878,1.0,905.0,0,0,0,0.005,0.004,0.023,0.005,0.008,0.008,0.002,0.004,0.007
2025-10-01T07:00Z,2025-10-01,226.367,0.0,249.84,1.0,1000.0,0,0,0,0.008,0.007,0.03,0.01,0.013,0.017,0.002,0.007,0.012
2025-10-01T07:30Z,2025-10-01,221.383,0.0,224.86,1.0,1010.0,0,0,0,0.008,0.007,0.032,0.023,0.037,0.048,0.009,0.019,0.029
2025-10-01T08:00Z,2025-10-01,221.639,0.0,224.862,1.0,1020.0,0,0,0,0.008,0.007,0.037,0.018,0.038,0.056,0.005,0.018,0.03
2025-10-01T08:30Z,2025-10-01,220.914,0.0,224.85,1.0,950.0,0,0,0,0.006,0.006,0.027,0.016,0.03,0.037,0.009,0.019,0.029
2025-10-01T09:00Z,2025-10-01,220.74,0.0,224.844,1.0,880.0,0,0,0,0.003,0.003,0.007,0.005,0.01,0.011,0.007,0.009,0.011
2025-10-01T09:30Z,2025-10-01,220.56,0.0,224.841,1.0,1000.0,0,0,0,0.006,0.008,0.03,0.019,0.048,0.059,0.007,0.016,0.031
2025-10-01T10:00Z,2025-10-01,217.798,0.036,199.913,1.0,1120.0,0,0,0,0.005,0.008,0.018,0.024,0.042,0.049,0.008,0.015,0.025
2025-10-01T10:30Z,2025-10-01,217.259,0.071,199.904,1.0,1570.0,0,0,0,0.008,0.014,0.031,0.058,0.13,0.136,0.018,0.034,0.06
2025-10-01T11:00Z,2025-10-01,218.971,0.036,224.821,1.0,2020.0,0,0,0,0.011,0.016,0.036,0.046,0.126,0.127,0.011,0.027,0.071
2025-10-01T11:30Z,2025-10-01,223.362,0.0,224.895,0.986,1675.0,0,0,0,0.015,0.017,0.05,0.034,0.05,0.046,0.005,0.013,0.024
2025-10-01T12:00Z,2025-10-01,228.107,0.0,249.87,0.986,1330.0,0,0,0,0.012,0.015,0.056,0.014,0.023,0.035,0.003,0.011,0.022
2025-10-01T12:30Z,2025-10-01,232.191,0.0,249.939,0.986,1375.0,0,0,0,0.009,0.016,0.059,0.013,0.015,0.021,0.003,0.007,0.018
2025-10-01T13:00Z,2025-10-01,236.553,0.0,274.92,0.986,1420.0,0,0,0,0.012,0.019,0.062,0.014,0.013,0.019,0.003,0.007,0.021
2025-10-01T13:30Z,2025-10-01,237.858,0.0,274.943,0.993,1760.0,0,0,0,0.014,0.02,0.058,0.011,0.014,0.017,0.003,0.007,0.023
2025-10-01T14:00Z,2025-10-01,237.515,0.0,274.94,1.0,2100.0,0,0,0,0.012,0.019,0.048,0.013,0.017,0.018,0.003,0.008,0.022
2025-10-01T14:30Z,2025-10-01,241.156,0.0,299.917,1.0,2295.0,0,0,0,0.01,0.019,0.048,0.006,0.014,0.017,0.002,0.007,0.021
2025-10-01T15:00Z,2025-10-01,249.069,0.0,349.918,1.0,2490.0,0,0,0,0.003,0.005,0.013,0.003,0.006,0.005,0.002,0.004,0.005
2025-10-01T15:30Z,2025-10-01,244.901,0.0,324.919,0.986,2445.0,0,0,0,0.005,0.007,0.021,0.005,0.01,0.012,0.004,0.005,0.013
2025-10-01T16:00Z,2025-10-01,246.537,0.0,324.952,0.979,2400.0,0,0,0,0.006,0.009,0.03,0.003,0.009,0.015,0.002,0.005,0.011
2025-10-01T16:30Z,2025-10-01,247.246,0.0,349.894,0.986,2395.0,0,0,0,0.006,0.008,0.029,0.003,0.006,0.008,0.002,0.004,0.008
2025-10-01T17:00Z,2025-10-01,237.086,0.0,274.946,0.965,2390.0,0,0,0,0.006,0.008,0.03,0.008,0.01,0.013,0.006,0.01,0.017
2025-10-01T18:00Z,2025-10-01,229.564,0.0,249.914,0.986,1640.0,0,0,0,0.014,0.01,0.028,0.017,0.014,0.01,0.009,0.007,0.01
2025-10-01T19:30Z,2025-10-01,223.553,0.0,224.917,0.993,1550.0,0,0,0,0.073,0.064,0.158,0.028,0.036,0.045,0.012,0.015,0.028
2025-10-01T20:00Z,2025-10-01,226.198,0.0,249.86,0.993,1610.0,0,0,0,0.148,0.143,0.3,0.028,0.045,0.073,0.01,0.015,0.071
2025-10-01T20:30Z,2025-10-01,229.241,0.0,249.909,1.0,1385.0,0,0,0,0.16,0.218,0.347,0.056,0.179,0.27,0.032,0.128,0.271
2025-10-01T21:00Z,2025-10-01,216.86,0.036,199.931,1.0,1160.0,0,0,0,0.034,0.035,0.078,0.058,0.078,0.107,0.013,0.046,0.086
2025-10-01T21:30Z,2025-10-01,226.594,0.0,249.876,1.0,1285.0,0,0,0,0.022,0.033,0.106,0.031,0.063,0.101,0.011,0.029,0.069
2025-10-01T22:00Z,2025-10-01,225.707,0.0,249.855,1.0,1410.0,0,0,0,0.02,0.041,0.142,0.065,0.066,0.122,0.016,0.032,0.069
2025-10-01T22:30Z,2025-10-01,220.758,0.0,224.879,1.0,1510.0,0,0,0,0.035,0.05,0.144,0.093,0.08,0.087,0.04,0.024,0.061
2025-10-01T23:00Z,2025-10-01,216.215,0.179,199.918,1.0,1610.0,0,0,0,0.088,0.074,0.206,0.217,0.226,0.255,0.065,0.065,0.129
2025-10-01T23:30Z,2025-10-01,215.903,0.25,199.907,1.0,1525.0,0,0,0,0.021,0.016,0.031,0.129,0.164,0.147,0.026,0.056,0.049
2025-10-03T00:00Z,2025-10-03,212.974,0.107,199.851,0.951,2620.0,0,0,0,0.017,0.014,0.049,0.069,0.087,0.123,0.056,0.062,0.074
2025-10-03T00:30Z,2025-10-03,214.942,0.071,199.889,0.924,2405.0,0,0,0,0.006,0.006,0.024,0.043,0.056,0.087,0.021,0.047,0.066
2025-10-03T01:00Z,2025-10-03,221.872,0.0,224.907,0.903,2190.0,0,0,0,0.006,0.006,0.017,0.019,0.023,0.031,0.008,0.025,0.024
2025-10-03T01:30Z,2025-10-03,222.924,0.0,224.916,0.896,2030.0,0,0,0,0.004,0.006,0.016,0.016,0.015,0.02,0.006,0.009,0.012
2025-10-03T02:00Z,2025-10-03,225.348,0.0,249.865,0.917,1870.0,0,0,0,0.005,0.006,0.017,0.006,0.01,0.012,0.002,0.007,0.009
2025-10-03T02:30Z,2025-10-03,225.547,0.0,249.868,0.972,1900.0,0,0,0,0.005,0.006,0.014,0.007,0.014,0.014,0.004,0.011,0.013
2025-10-03T03:00Z,2025-10-03,220.802,0.0,224.885,0.944,1930.0,0,0,0,0.007,0.008,0.014,0.021,0.016,0.013,0.008,0.01,0.015
2025-10-03T03:30Z,2025-10-03,223.485,0.0,224.934,0.924,2120.0,0,0,0,0.005,0.005,0.013,0.011,0.017,0.013,0.004,0.012,0.016
2025-10-03T04:00Z,2025-10-03,229.372,0.0,249.929,0.924,2310.0,0,0,0,0.003,0.004,0.011,0.006,0.008,0.01,0.002,0.007,0.01
2025-10-03T04:30Z,2025-10-03,235.963,0.0,299.868,0.91,2325.0,0,0,0,0.005,0.011,0.027,0.006,0.014,0.022,0.002,0.012,0.023
2025-10-03T05:00Z,2025-10-03,234.17,0.0,274.932,0.91,2340.0,0,0,0,0.005,0.009,0.026,0.004,0.009,0.013,0.003,0.009,0.022
2025-10-03T05:30Z,2025-10-03,232.685,0.0,274.905,0.931,2140.0,0,0,0,0.004,0.008,0.026,0.004,0.009,0.013,0.003,0.008,0.023
2025-10-03T06:00Z,2025-10-03,231.27,0.0,274.88,0.903,1940.0,0,0,0,0.004,0.007,0.022,0.004,0.006,0.014,0.004,0.006,0.019
2025-10-03T06:30Z,2025-10-03,233.179,0.0,274.914,0.854,1705.0,0,0,0,0.043,0.059,0.15,0.013,0.025,0.048,0.007,0.03,0.056
2025-10-03T07:00Z,2025-10-03,233.382,0.0,274.918,0.833,1470.0,0,0,0,0.061,0.097,0.158,0.019,0.048,0.06,0.012,0.055,0.079
2025-10-03T07:30Z,2025-10-03,234.58,0.0,274.939,0.806,1350.0,0,0,0,0.037,0.055,0.098,0.018,0.041,0.114,0.017,0.063,0.124
2025-10-03T08:00Z,2025-10-03,233.578,0.0,274.922,0.729,1230.0,0,0,0,0.033,0.039,0.093,0.015,0.036,0.07,0.007,0.029,0.059
2025-10-03T08:30Z,2025-10-03,236.838,0.0,299.892,0.715,1670.0,0,0,0,0.028,0.051,0.137,0.017,0.048,0.118,0.01,0.038,0.095
2025-10-03T09:00Z,2025-10-03,239.427,0.0,299.938,0.75,2110.0,0,0,0,0.054,0.165,0.282,0.008,0.065,0.153,0.006,0.062,0.182
2025-10-03T09:30Z,2025-10-03,242.897,0.0,324.927,0.729,2770.0,0,0,0,0.071,0.241,0.264,0.008,0.081,0.162,0.007,0.082,0.207
2025-10-03T10:00Z,2025-10-03,246.866,0.0,349.931,0.66,3430.0,0,0,0,0.093,0.167,0.35,0.016,0.038,0.169,0.008,0.034,0.18
2025-10-03T10:30Z,2025-10-03,251.045,0.0,374.937,0.604,3610.0,0,0,0,0.046,0.055,0.168,0.011,0.023,0.157,0.006,0.027,0.124
2025-10-03T11:00Z,2025-10-03,256.16,0.0,424.908,0.535,3790.0,0,0,0,0.044,0.045,0.144,0.004,0.009,0.031,0.002,0.01,0.027
2025-10-03T11:30Z,2025-10-03,262.681,0.0,449.971,0.549,3710.0,0,0,0,0.041,0.08,0.218,0.003,0.008,0.023,0.002,0.008,0.028
2025-10-03T12:00Z,2025-10-03,263.994,0.0,474.933,0.451,3630.0,0,0,0,0.031,0.064,0.216,0.003,0.007,0.025,0.002,0.008,0.033
2025-10-03T12:30Z,2025-10-03,255.94,0.0,399.964,0.486,3785.0,0,0,0,0.032,0.062,0.225,0.014,0.027,0.129,0.006,0.032,0.117
2025-10-03T13:00Z,2025-10-03,258.11,0.0,424.94,0.444,3940.0,0,0,0,0.042,0.073,0.241,0.012,0.054,0.154,0.004,0.028,0.108
2025-10-03T13:30Z,2025-10-03,266.047,0.0,474.966,0.333,3730.0,0,0,0,0.03,0.049,0.185,0.007,0.019,0.035,0.003,0.011,0.025
2025-10-03T14:00Z,2025-10-03,273.54,0.0,574.98,0.333,3520.0,0,0,0,0.036,0.065,0.162,0.007,0.016,0.027,0.003,0.009,0.023
2025-10-03T14:30Z,2025-10-03,267.807,0.0,499.974,0.278,3425.0,0,0,0,0.043,0.078,0.175,0.011,0.026,0.061,0.009,0.018,0.057
2025-10-03T15:00Z,2025-10-03,267.081,0.0,499.957,0.299,3330.0,0,0,0,0.043,0.11,0.176,0.01,0.033,0.042,0.006,0.023,0.037
2025-10-03T15:30Z,2025-10-03,260.055,0.0,449.918,0.354,3455.0,0,0,0,0.041,0.136,0.191,0.012,0.047,0.1,0.012,0.048,0.099
2025-10-03T16:00Z,2025-10-03,255.254,0.0,399.949,0.361,3580.0,0,0,0,0.022,0.083,0.134,0.015,0.045,0.107,0.01,0.038,0.074
2025-10-03T16:30Z,2025-10-03,262.177,0.0,449.957,0.333,3620.0,0,0,0,0.014,0.038,0.061,0.004,0.007,0.008,0.002,0.005,0.008
2025-10-03T17:00Z,2025-10-03,268.889,0.0,524.95,0.243,3660.0,0,0,0,0.012,0.035,0.046,0.004,0.007,0.011,0.003,0.006,0.009
2025-10-03T18:00Z,2025-10-03,270.831,0.0,549.95,0.285,3990.0,0,0,0,0.081,0.143,0.149,0.013,0.017,0.014,0.013,0.028,0.018
2025-10-03T19:30Z,2025-10-03,253.222,0.0,399.911,0.396,2410.0,0,0,0,0.442,0.604,0.679,0.029,0.057,0.079,0.017,0.036,0.096
2025-10-03T20:00Z,2025-10-03,227.69,0.0,249.913,0.354,2290.0,0,0,0,0.167,0.247,0.369,0.08,0.07,0.178,0.039,0.055,0.136
2025-10-03T20:30Z,2025-10-03,218.177,0.05,224.834,0.458,1910.0,0,0,0,0.203,0.254,0.372,0.217,0.207,0.257,0.037,0.086,0.164
2025-10-03T21:00Z,2025-10-03,213.094,0.074,199.852,0.569,1530.0,0,0,0,0.048,0.065,0.114,0.097,0.088,0.201,0.028,0.082,0.125
2025-10-03T21:30Z,2025-10-03,212.226,0.107,199.834,0.66,1460.0,0,0,0,0.024,0.038,0.092,0.033,0.068,0.14,0.008,0.033,0.072
2025-10-03T22:00Z,2025-10-03,212.245,0.107,199.829,0.674,1390.0,0,0,1,0.037,0.053,0.092,0.053,0.094,0.096,0.018,0.033,0.064
2025-10-03T22:30Z,2025-10-03,214.819,0.071,199.888,0.674,1430.0,0,1,1,0.015,0.019,0.033,0.032,0.032,0.035,0.012,0.016,0.02
2025-10-03T23:00Z,2025-10-03,214.068,0.143,199.869,0.674,1470.0,1,1,1,0.013,0.02,0.033,0.086,0.104,0.125,0.021,0.043,0.057
2025-10-03T23:30Z,2025-10-03,209.397,0.179,174.897,0.694,1210.0,0,1,1,0.036,0.037,0.068,0.136,0.205,0.154,0.45,0.444,0.381
2025-10-05T00:30Z,2025-10-05,286.189,0.0,775.021,0.222,1320.0,0,0,0,0.007,0.009,0.011,0.002,0.003,0.002,0.001,0.001,0.002
2025-10-05T01:00Z,2025-10-05,,,,0.167,1090.0,0,0,0,0.005,0.007,0.01,0.002,0.003,0.002,0.001,0.002,0.002
2025-10-05T01:30Z,2025-10-05,,,,0.174,1155.0,0,0,0,0.005,0.006,0.01,0.003,0.002,0.002,0.001,0.002,0.003
2025-10-05T02:00Z,2025-10-05,,,,0.118,1220.0,0,0,0,0.005,0.005,0.008,0.001,0.002,0.001,0.0,0.001,0.001
2025-10-05T02:30Z,2025-10-05,288.394,0.0,775.08,0.118,1525.0,0,0,0,0.006,0.007,0.008,0.002,0.002,0.002,0.001,0.001,0.002
2025-10-05T03:00Z,2025-10-05,288.485,0.0,775.066,0.09,1830.0,0,0,0,0.004,0.006,0.01,0.002,0.002,0.002,0.001,0.001,0.002
2025-10-05T03:30Z,2025-10-05,,,,0.049,2110.0,0,0,0,0.004,0.007,0.009,0.002,0.002,0.002,0.001,0.001,0.002
2025-10-05T04:00Z,2025-10-05,,,,0.076,2390.0,0,0,0,0.004,0.009,0.013,0.002,0.002,0.002,0.001,0.001,0.002
2025-10-05T04:30Z,2025-10-05,,,,0.097,2250.0,0,0,0,0.004,0.01,0.013,0.003,0.002,0.002,0.001,0.001,0.002
2025-10-05T05:00Z,2025-10-05,284.376,0.0,750.0,0.118,2110.0,0,0,0,0.006,0.018,0.022,0.004,0.005,0.004,0.003,0.003,0.005
2025-10-05T05:30Z,2025-10-05,267.468,0.0,524.95,0.174,2245.0,0,0,0,0.005,0.013,0.017,0.005,0.005,0.01,0.004,0.004,0.022
2025-10-05T06:00Z,2025-10-05,254.897,0.0,399.945,0.229,2380.0,0,0,0,0.007,0.012,0.016,0.015,0.031,0.022,0.012,0.052,0.041
2025-10-05T06:30Z,2025-10-05,264.063,0.0,499.923,0.292,2355.0,0,0,0,0.014,0.027,0.033,0.006,0.007,0.012,0.003,0.008,0.017
2025-10-05T07:00Z,2025-10-05,255.837,0.0,399.963,0.347,2330.0,0,0,0,0.017,0.04,0.044,0.008,0.025,0.159,0.003,0.051,0.219
2025-10-05T07:30Z,2025-10-05,242.532,0.0,324.92,0.444,2310.0,0,0,0,0.016,0.041,0.049,0.029,0.087,0.149,0.013,0.122,0.194
2025-10-05T08:00Z,2025-10-05,251.653,0.0,374.945,0.528,2290.0,0,0,1,0.019,0.039,0.035,0.004,0.006,0.021,0.001,0.005,0.038
2025-10-05T08:30Z,2025-10-05,250.9,0.0,374.929,0.472,2385.0,0,1,1,0.032,0.099,0.082,0.004,0.01,0.025,0.002,0.009,0.035
2025-10-05T09:00Z,2025-10-05,237.955,0.0,299.917,0.486,2480.0,1,1,1,0.036,0.12,0.126,0.032,0.108,0.5,0.043,0.244,0.574
2025-10-05T09:30Z,2025-10-05,218.723,0.077,224.853,0.465,2665.0,1,1,1,0.092,0.175,0.265,0.194,0.306,0.633,0.643,0.786,0.916
2025-10-05T10:00Z,2025-10-05,216.672,0.154,199.93,0.444,2850.0,0,0,1,0.079,0.137,0.191,0.264,0.413,0.469,0.775,0.869,0.872
2025-10-05T10:30Z,2025-10-05,213.962,0.077,199.877,0.41,2645.0,0,1,1,0.071,0.108,0.156,0.23,0.243,0.326,0.262,0.389,0.526
2025-10-07T00:30Z,2025-10-07,277.924,0.0,649.951,0.347,3145.0,0,0,0,0.018,0.017,0.025,0.004,0.004,0.006,0.001,0.002,0.004
2025-10-07T01:00Z,2025-10-07,278.771,0.0,649.974,0.354,3090.0,0,0,0,0.015,0.017,0.022,0.003,0.005,0.005,0.001,0.002,0.003
2025-10-07T01:30Z,2025-10-07,282.839,0.0,749.957,0.347,3100.0,0,0,0,0.028,0.03,0.048,0.003,0.005,0.006,0.001,0.002,0.003
2025-10-07T02:00Z,2025-10-07,285.618,0.0,774.97,0.389,3110.0,0,0,0,0.027,0.027,0.045,0.003,0.004,0.006,0.001,0.002,0.003
2025-10-07T02:30Z,2025-10-07,286.01,0.0,774.976,0.347,3270.0,0,0,0,0.028,0.029,0.042,0.003,0.004,0.006,0.001,0.002,0.003
2025-10-07T03:00Z,2025-10-07,284.363,0.0,749.976,0.306,3430.0,0,0,0,0.026,0.032,0.047,0.005,0.007,0.007,0.004,0.006,0.005
2025-10-07T03:30Z,2025-10-07,284.41,0.0,774.962,0.319,3510.0,0,0,0,0.026,0.025,0.055,0.005,0.006,0.01,0.003,0.005,0.009
2025-10-07T04:00Z,2025-10-07,285.589,0.0,774.97,0.215,3590.0,0,0,0,0.023,0.024,0.056,0.003,0.004,0.005,0.001,0.003,0.005
2025-10-07T04:30Z,2025-10-07,286.478,0.0,774.989,0.243,3720.0,0,0,0,0.022,0.021,0.052,0.003,0.004,0.006,0.001,0.002,0.006
2025-10-07T05:00Z,2025-10-07,283.477,0.0,724.972,0.264,3850.0,0,0,0,0.02,0.018,0.039,0.003,0.004,0.006,0.001,0.002,0.005
2025-10-07T05:30Z,2025-10-07,282.95,0.0,724.96,0.25,3630.0,0,0,0,0.027,0.03,0.045,0.005,0.007,0.015,0.001,0.004,0.009
2025-10-07T06:00Z,2025-10-07,269.776,0.0,549.943,0.299,3410.0,0,0,0,0.027,0.023,0.036,0.014,0.029,0.056,0.009,0.033,0.067
2025-10-07T06:30Z,2025-10-07,281.238,0.0,699.965,0.361,3505.0,0,0,0,0.045,0.054,0.09,0.011,0.014,0.048,0.003,0.008,0.024
2025-10-07T07:00Z,2025-10-07,250.288,0.0,374.926,0.403,3600.0,0,0,0,0.029,0.039,0.066,0.025,0.055,0.12,0.018,0.061,0.092
2025-10-07T07:30Z,2025-10-07,242.415,0.0,324.925,0.507,3540.0,0,0,0,0.062,0.088,0.136,0.055,0.081,0.27,0.03,0.084,0.18
2025-10-07T08:00Z,2025-10-07,243.059,0.0,324.927,0.5,3480.0,0,0,0,0.062,0.101,0.16,0.018,0.043,0.107,0.01,0.036,0.07
2025-10-07T08:30Z,2025-10-07,258.606,0.0,424.949,0.493,2815.0,0,0,0,0.131,0.35,0.387,0.027,0.177,0.686,0.025,0.317,0.601
2025-10-07T09:00Z,2025-10-07,236.458,0.0,299.892,0.549,2150.0,0,0,0,0.121,0.253,0.373,0.202,0.415,0.751,0.201,0.47,0.67
2025-10-07T09:30Z,2025-10-07,222.669,0.0,224.936,0.507,2570.0,0,0,0,0.127,0.251,0.395,0.359,0.488,0.681,0.288,0.654,0.683
2025-10-07T10:00Z,2025-10-07,227.941,0.0,249.927,0.549,2990.0,0,0,0,0.057,0.145,0.166,0.235,0.307,0.444,0.06,0.162,0.289
2025-10-07T10:30Z,2025-10-07,239.94,0.0,299.953,0.549,3295.0,0,0,0,0.051,0.116,0.129,0.013,0.013,0.019,0.001,0.005,0.015
2025-10-07T11:00Z,2025-10-07,223.698,0.0,249.845,0.514,3600.0,0,0,0,0.034,0.071,0.046,0.018,0.011,0.013,0.004,0.007,0.009
2025-10-07T11:30Z,2025-10-07,227.25,0.0,249.91,0.458,3475.0,0,0,0,0.033,0.079,0.046,0.018,0.016,0.013,0.003,0.01,0.008
2025-10-07T12:00Z,2025-10-07,249.727,0.0,374.901,0.396,3350.0,0,0,0,0.033,0.06,0.045,0.009,0.011,0.009,0.002,0.004,0.006
2025-10-07T12:30Z,2025-10-07,220.235,0.0,224.886,0.424,3320.0,0,0,0,0.032,0.062,0.049,0.061,0.068,0.09,0.01,0.028,0.038
2025-10-07T13:00Z,2025-10-07,220.347,0.0,224.888,0.444,3290.0,0,0,0,0.027,0.038,0.042,0.076,0.072,0.074,0.014,0.029,0.018
2025-10-07T13:30Z,2025-10-07,227.921,0.0,249.922,0.41,3300.0,0,0,0,0.03,0.037,0.039,0.012,0.01,0.017,0.002,0.003,0.007
2025-10-07T14:00Z,2025-10-07,240.307,0.0,324.885,0.417,3310.0,0,0,0,0.063,0.098,0.086,0.011,0.013,0.025,0.002,0.006,0.008
2025-10-07T14:30Z,2025-10-07,266.836,0.0,499.957,0.438,3305.0,0,0,0,0.045,0.073,0.073,0.007,0.011,0.017,0.001,0.003,0.007
2025-10-07T15:00Z,2025-10-07,272.065,0.0,574.941,0.326,3300.0,0,0,0,0.038,0.075,0.066,0.006,0.01,0.018,0.002,0.003,0.007
2025-10-07T15:30Z,2025-10-07,277.499,0.0,624.978,0.264,3290.0,0,0,0,0.026,0.043,0.038,0.005,0.008,0.009,0.002,0.003,0.005
2025-10-07T16:00Z,2025-10-07,279.698,0.0,674.946,0.257,3280.0,0,0,0,0.027,0.041,0.037,0.006,0.007,0.009,0.002,0.003,0.005
2025-10-07T16:30Z,2025-10-07,279.59,0.0,674.945,0.229,3310.0,0,0,0,0.027,0.037,0.036,0.006,0.011,0.019,0.001,0.004,0.013
2025-10-07T17:00Z,2025-10-07,281.931,0.0,699.967,0.243,3340.0,0,0,0,0.029,0.04,0.037,0.009,0.013,0.013,0.004,0.005,0.005
2025-10-07T18:00Z,2025-10-07,279.533,0.0,674.954,0.257,2770.0,0,0,0,0.029,0.048,0.039,0.004,0.008,0.004,0.001,0.004,0.003
2025-10-07T19:30Z,2025-10-07,277.452,0.0,649.947,0.25,3110.0,0,0,0,0.019,0.026,0.037,0.005,0.004,0.004,0.001,0.002,0.002
2025-10-07T20:00Z,2025-10-07,288.004,0.0,775.047,0.271,3270.0,0,0,0,0.013,0.015,0.03,0.004,0.004,0.004,0.001,0.002,0.003
2025-10-07T20:30Z,2025-10-07,279.874,0.0,674.96,0.222,3320.0,0,0,0,0.014,0.017,0.023,0.006,0.007,0.009,0.004,0.005,0.009
2025-10-07T21:00Z,2025-10-07,279.899,0.0,674.961,0.236,3370.0,0,0,0,0.014,0.016,0.021,0.007,0.009,0.003,0.002,0.003,0.002
2025-10-07T21:30Z,2025-10-07,279.234,0.0,674.947,0.208,3310.0,0,0,0,0.015,0.016,0.02,0.003,0.003,0.002,0.001,0.002,0.001
2025-10-07T22:00Z,2025-10-07,279.79,0.0,674.959,0.222,3250.0,0,0,0,0.017,0.015,0.018,0.004,0.005,0.003,0.002,0.003,0.002
2025-10-07T22:30Z,2025-10-07,279.499,0.0,674.952,0.299,3140.0,0,0,0,0.016,0.016,0.017,0.004,0.004,0.002,0.002,0.002,0.002
2025-10-07T23:00Z,2025-10-07,279.975,0.0,674.963,0.257,3030.0,0,0,0,0.019,0.026,0.024,0.003,0.005,0.003,0.001,0.002,0.002
2025-10-07T23:30Z,2025-10-07,280.811,0.0,674.98,0.271,3105.0,0,0,0,0.016,0.018,0.024,0.003,0.004,0.002,0.001,0.001,0.001
2025-10-09T00:30Z,2025-10-09,276.559,0.0,624.969,0.417,2200.0,0,0,0,0.005,0.006,0.011,0.003,0.003,0.003,0.001,0.002,0.003
2025-10-09T01:00Z,2025-10-09,277.89,0.0,649.966,0.424,2030.0,0,0,0,0.006,0.006,0.009,0.002,0.003,0.003,0.001,0.002,0.003
2025-10-09T01:30Z,2025-10-09,278.154,0.0,649.972,0.431,1990.0,0,0,0,0.005,0.006,0.009,0.003,0.003,0.003,0.001,0.002,0.003
2025-10-09T02:00Z,2025-10-09,279.214,0.0,674.963,0.382,1950.0,0,0,0,0.004,0.005,0.01,0.002,0.003,0.005,0.001,0.002,0.004
2025-10-09T02:30Z,2025-10-09,270.78,0.0,549.952,0.417,1750.0,0,0,0,0.004,0.006,0.012,0.003,0.004,0.007,0.001,0.004,0.007
2025-10-09T03:00Z,2025-10-09,243.616,0.0,324.948,0.34,1550.0,0,0,0,0.005,0.008,0.016,0.013,0.022,0.023,0.017,0.023,0.02
2025-10-09T03:30Z,2025-10-09,254.209,0.0,399.936,0.389,1910.0,0,0,0,0.004,0.007,0.017,0.008,0.014,0.013,0.004,0.015,0.013
2025-10-09T04:00Z,2025-10-09,258.254,0.0,424.952,0.375,2270.0,0,0,0,0.003,0.007,0.015,0.003,0.006,0.009,0.002,0.004,0.007
2025-10-09T04:30Z,2025-10-09,241.679,0.0,324.913,0.403,2465.0,0,0,0,0.004,0.007,0.017,0.005,0.007,0.013,0.004,0.008,0.008
2025-10-09T05:00Z,2025-10-09,253.196,0.0,399.911,0.41,2660.0,0,0,0,0.004,0.006,0.014,0.005,0.006,0.008,0.002,0.003,0.005
2025-10-09T05:30Z,2025-10-09,250.419,0.0,374.927,0.479,3295.0,0,0,0,0.004,0.005,0.014,0.001,0.003,0.006,0.001,0.002,0.005
2025-10-09T06:00Z,2025-10-09,277.942,0.0,649.955,0.493,3930.0,0,0,0,0.004,0.007,0.016,0.002,0.003,0.005,0.001,0.003,0.004
2025-10-09T06:30Z,2025-10-09,280.611,0.0,674.978,0.507,3690.0,0,0,0,0.007,0.015,0.026,0.002,0.006,0.006,0.001,0.006,0.006
2025-10-09T07:00Z,2025-10-09,281.45,0.0,699.962,0.493,3450.0,0,0,0,0.008,0.022,0.033,0.003,0.006,0.008,0.002,0.007,0.009
2025-10-09T07:30Z,2025-10-09,282.91,0.0,724.96,0.535,3275.0,0,0,0,0.017,0.064,0.118,0.008,0.017,0.038,0.008,0.025,0.034
2025-10-09T08:00Z,2025-10-09,282.857,0.0,724.963,0.493,3100.0,0,0,0,0.016,0.041,0.094,0.007,0.015,0.031,0.007,0.02,0.027
2025-10-09T08:30Z,2025-10-09,279.962,0.0,650.0,0.569,3185.0,0,0,1,0.012,0.033,0.08,0.012,0.02,0.037,0.016,0.022,0.031
2025-10-09T09:00Z,2025-10-09,273.67,0.0,574.97,0.576,3270.0,0,1,1,0.012,0.035,0.085,0.011,0.025,0.043,0.007,0.024,0.036
2025-10-09T09:30Z,2025-10-09,230.886,0.0,274.888,0.549,3120.0,1,1,1,0.014,0.04,0.093,0.077,0.188,0.422,0.135,0.222,0.198
2025-10-09T10:00Z,2025-10-09,227.57,0.0,249.923,0.549,2970.0,1,1,1,0.013,0.039,0.074,0.111,0.308,0.386,0.63,0.842,0.699
2025-10-09T10:30Z,2025-10-09,217.717,0.067,224.85,0.528,3100.0,0,0,0,0.008,0.024,0.035,0.12,0.228,0.367,0.411,0.652,0.672
2025-10-09T11:00Z,2025-10-09,220.665,0.0,224.901,0.521,3230.0,0,0,0,0.008,0.019,0.024,0.023,0.025,0.043,0.017,0.054,0.123
2025-10-09T11:30Z,2025-10-09,221.102,0.0,224.909,0.507,3190.0,0,0,0,0.006,0.016,0.021,0.02,0.022,0.027,0.006,0.023,0.056
2025-10-09T12:00Z,2025-10-09,225.589,0.0,249.882,0.479,3150.0,0,0,0,0.009,0.018,0.025,0.013,0.017,0.025,0.006,0.016,0.045
2025-10-09T12:30Z,2025-10-09,227.313,0.0,249.917,0.424,2930.0,0,0,0,0.009,0.019,0.036,0.02,0.023,0.05,0.012,0.015,0.05
2025-10-09T13:00Z,2025-10-09,214.81,0.071,199.904,0.424,2710.0,0,0,0,0.008,0.019,0.035,0.105,0.15,0.208,0.036,0.1,0.162
2025-10-09T13:30Z,2025-10-09,207.025,0.154,174.883,0.431,2530.0,0,0,0,0.007,0.015,0.027,0.122,0.156,0.174,0.046,0.13,0.165
2025-10-09T14:00Z,2025-10-09,205.665,0.154,174.852,0.438,2350.0,0,0,0,0.019,0.031,0.041,0.093,0.086,0.09,0.033,0.034,0.077
2025-10-09T14:30Z,2025-10-09,211.156,0.154,199.824,0.458,2095.0,0,0,0,0.069,0.118,0.143,0.095,0.092,0.107,0.017,0.049,0.081
2025-10-09T15:00Z,2025-10-09,209.061,0.125,199.791,0.465,1840.0,0,0,0,0.136,0.174,0.239,0.114,0.119,0.157,0.03,0.06,0.113
2025-10-09T15:30Z,2025-10-09,201.842,0.118,174.765,0.493,1920.0,0,0,0,0.164,0.228,0.266,0.158,0.127,0.196,0.033,0.07,0.171
2025-10-09T16:00Z,2025-10-09,201.281,0.143,174.752,0.549,2000.0,0,0,0,0.159,0.331,0.351,0.181,0.18,0.281,0.059,0.083,0.284
2025-10-09T16:30Z,2025-10-09,199.709,0.125,149.818,0.569,2090.0,0,0,0,0.159,0.312,0.226,0.175,0.174,0.205,0.054,0.08,0.112
2025-10-09T17:00Z,2025-10-09,199.27,0.182,149.821,0.576,2180.0,0,0,0,0.045,0.104,0.119,0.095,0.123,0.223,0.046,0.04,0.13
2025-10-09T18:00Z,2025-10-09,197.478,0.389,149.761,0.521,3210.0,0,0,0,0.038,0.102,0.097,0.189,0.309,0.297,0.085,0.168,0.202
2025-10-09T19:30Z,2025-10-09,204.701,0.188,174.836,0.569,2610.0,0,0,0,0.033,0.058,0.085,0.057,0.062,0.09,0.02,0.029,0.057
2025-10-09T20:00Z,2025-10-09,212.695,0.214,199.873,0.576,2470.0,0,0,0,0.039,0.084,0.113,0.052,0.089,0.168,0.013,0.026,0.071
2025-10-09T20:30Z,2025-10-09,216.993,0.118,224.838,0.632,2265.0,0,0,0,0.014,0.029,0.042,0.034,0.042,0.087,0.009,0.019,0.05
2025-10-09T21:00Z,2025-10-09,225.064,0.0,249.871,0.674,2060.0,0,0,0,0.012,0.02,0.025,0.014,0.012,0.015,0.003,0.006,0.012
2025-10-09T21:30Z,2025-10-09,240.247,0.0,299.954,0.681,2035.0,0,0,0,0.01,0.017,0.024,0.01,0.008,0.009,0.002,0.005,0.009
2025-10-09T22:00Z,2025-10-09,257.572,0.0,424.93,0.688,2010.0,0,0,0,0.01,0.018,0.023,0.007,0.007,0.006,0.002,0.004,0.006
2025-10-09T22:30Z,2025-10-09,268.23,0.0,524.953,0.701,1970.0,0,0,0,0.013,0.018,0.025,0.006,0.006,0.004,0.001,0.003,0.004
2025-10-09T23:00Z,2025-10-09,268.911,0.0,524.968,0.694,1930.0,0,0,0,0.016,0.03,0.036,0.005,0.005,0.005,0.002,0.003,0.004
2025-10-09T23:30Z,2025-10-09,270.677,0.0,549.955,0.722,1910.0,0,0,0,0.014,0.023,0.032,0.005,0.005,0.004,0.002,0.002,0.004
2025-10-11T00:30Z,2025-10-11,252.366,0.0,374.949,0.688,2075.0,0,0,0,0.006,0.006,0.007,0.006,0.006,0.007,0.007,0.01,0.015
2025-10-11T01:00Z,2025-10-11,263.166,0.0,474.936,0.694,2070.0,0,0,0,0.006,0.007,0.008,0.005,0.006,0.006,0.005,0.006,0.012
2025-10-11T01:30Z,2025-10-11,256.947,0.0,424.911,0.632,2375.0,0,0,0,0.005,0.01,0.015,0.003,0.004,0.004,0.003,0.005,0.006
2025-10-11T02:00Z,2025-10-11,244.961,0.0,324.955,0.688,2680.0,0,0,0,0.005,0.007,0.011,0.004,0.005,0.009,0.003,0.006,0.01
2025-10-11T02:30Z,2025-10-11,266.982,0.0,499.968,0.646,2820.0,0,0,0,0.003,0.006,0.016,0.004,0.005,0.005,0.002,0.004,0.006
2025-10-11T03:00Z,2025-10-11,267.926,0.0,524.956,0.625,2960.0,0,0,0,0.004,0.006,0.016,0.003,0.004,0.006,0.001,0.004,0.006
2025-10-11T03:30Z,2025-10-11,270.246,0.0,549.947,0.583,3040.0,0,0,0,0.003,0.006,0.015,0.002,0.003,0.004,0.001,0.002,0.005
2025-10-11T04:00Z,2025-10-11,259.239,0.0,424.96,0.583,3120.0,0,0,0,0.002,0.003,0.006,0.002,0.004,0.005,0.001,0.004,0.008
2025-10-11T04:30Z,2025-10-11,238.298,0.0,299.92,0.569,3170.0,0,0,0,0.002,0.003,0.008,0.005,0.008,0.009,0.002,0.011,0.015
2025-10-11T05:00Z,2025-10-11,241.2,0.0,324.889,0.611,3220.0,0,0,0,0.004,0.005,0.014,0.002,0.004,0.006,0.001,0.003,0.006
2025-10-11T05:30Z,2025-10-11,237.796,0.0,299.908,0.667,2995.0,0,0,0,0.004,0.004,0.012,0.002,0.004,0.005,0.001,0.003,0.006
2025-10-11T06:00Z,2025-10-11,260.387,0.0,449.913,0.694,2770.0,0,0,0,0.005,0.006,0.016,0.002,0.005,0.008,0.001,0.003,0.006
2025-10-11T06:30Z,2025-10-11,248.508,0.0,349.944,0.729,2615.0,0,0,1,0.005,0.008,0.023,0.004,0.009,0.021,0.004,0.01,0.015
2025-10-11T07:00Z,2025-10-11,257.476,0.0,424.915,0.694,2460.0,0,1,1,0.005,0.012,0.025,0.008,0.011,0.021,0.008,0.012,0.013
2025-10-11T07:30Z,2025-10-11,259.635,0.0,424.962,0.715,1920.0,1,1,1,0.01,0.027,0.034,0.01,0.014,0.025,0.005,0.013,0.02
2025-10-11T08:00Z,2025-10-11,255.37,0.0,399.938,0.729,1380.0,1,1,1,0.026,0.061,0.104,0.015,0.029,0.055,0.444,0.516,0.528
2025-10-11T08:30Z,2025-10-11,256.04,0.0,399.946,0.708,1590.0,0,0,0,0.017,0.051,0.09,0.005,0.016,0.047,0.215,0.467,0.482
2025-10-11T09:00Z,2025-10-11,252.534,0.0,374.945,0.729,1800.0,0,0,0,0.009,0.032,0.063,0.038,0.099,0.166,0.136,0.349,0.34
2025-10-11T09:30Z,2025-10-11,253.221,0.0,374.957,0.75,2055.0,0,0,0,0.01,0.028,0.063,0.02,0.035,0.051,0.019,0.076,0.109
2025-10-11T10:00Z,2025-10-11,266.039,0.0,499.933,0.722,2310.0,0,0,0,0.01,0.029,0.074,0.01,0.02,0.038,0.01,0.037,0.082
2025-10-11T10:30Z,2025-10-11,251.944,0.0,374.931,0.688,2035.0,0,0,1,0.012,0.046,0.073,0.019,0.04,0.061,0.027,0.066,0.095
2025-10-11T11:00Z,2025-10-11,254.145,0.0,399.905,0.715,1760.0,0,1,1,0.012,0.034,0.045,0.02,0.05,0.098,0.033,0.073,0.112
2025-10-11T11:30Z,2025-10-11,226.991,0.0,249.899,0.708,2135.0,1,1,1,0.011,0.043,0.053,0.102,0.266,0.368,0.087,0.262,0.263
2025-10-11T12:00Z,2025-10-11,222.048,0.0,224.915,0.688,2510.0,0,0,0,0.01,0.037,0.039,0.072,0.212,0.376,0.547,0.68,0.611
2025-10-11T12:30Z,2025-10-11,221.547,0.0,224.906,0.688,2765.0,0,0,0,0.012,0.036,0.046,0.022,0.066,0.113,0.051,0.104,0.196
2025-10-11T13:00Z,2025-10-11,233.058,0.0,274.912,0.674,3020.0,0,0,0,0.021,0.039,0.047,0.022,0.043,0.06,0.018,0.046,0.086
2025-10-11T13:30Z,2025-10-11,252.397,0.0,374.932,0.674,3020.0,0,0,0,0.023,0.038,0.047,0.02,0.042,0.047,0.022,0.041,0.065
2025-10-11T14:00Z,2025-10-11,254.417,0.0,399.917,0.618,3020.0,0,0,0,0.04,0.067,0.064,0.026,0.059,0.074,0.027,0.031,0.051
2025-10-11T14:30Z,2025-10-11,264.181,0.0,474.956,0.562,3020.0,0,0,0,0.025,0.05,0.049,0.027,0.048,0.07,0.022,0.032,0.045
2025-10-11T15:00Z,2025-10-11,249.507,0.0,349.958,0.521,3020.0,0,0,0,0.03,0.057,0.052,0.062,0.118,0.126,0.023,0.056,0.072
2025-10-11T15:30Z,2025-10-11,233.586,0.0,274.922,0.521,3040.0,0,0,0,0.031,0.054,0.052,0.052,0.145,0.191,0.047,0.078,0.109
2025-10-11T16:00Z,2025-10-11,231.989,0.0,274.89,0.5,3060.0,0,0,0,0.027,0.044,0.043,0.049,0.119,0.191,0.05,0.063,0.134
2025-10-11T16:30Z,2025-10-11,251.723,0.0,374.926,0.472,3015.0,0,0,0,0.05,0.078,0.086,0.024,0.05,0.078,0.013,0.02,0.04
2025-10-13T00:30Z,2025-10-13,259.882,0.0,424.963,0.639,2600.0,0,0,0,0.016,0.019,0.089,0.003,0.004,0.013,0.002,0.003,0.007
2025-10-13T01:00Z,2025-10-13,257.926,0.0,424.921,0.611,2700.0,0,0,0,0.01,0.014,0.07,0.004,0.004,0.01,0.002,0.003,0.006
2025-10-13T01:30Z,2025-10-13,266.679,0.0,499.956,0.653,2645.0,0,0,0,0.009,0.013,0.061,0.003,0.004,0.007,0.001,0.003,0.006
2025-10-13T02:00Z,2025-10-13,266.169,0.0,499.937,0.681,2590.0,0,0,0,0.008,0.012,0.057,0.004,0.004,0.009,0.001,0.003,0.006
2025-10-13T02:30Z,2025-10-13,266.947,0.0,499.952,0.681,2450.0,0,0,0,0.008,0.014,0.076,0.005,0.008,0.022,0.003,0.008,0.015
2025-10-13T03:00Z,2025-10-13,238.447,0.0,299.909,0.674,2310.0,0,0,0,0.009,0.013,0.083,0.014,0.024,0.039,0.005,0.021,0.028
2025-10-13T03:30Z,2025-10-13,246.83,0.0,349.904,0.66,2275.0,0,0,0,0.008,0.015,0.081,0.005,0.015,0.014,0.002,0.011,0.011
2025-10-13T04:00Z,2025-10-13,258.057,0.0,424.924,0.583,2240.0,0,0,0,0.01,0.018,0.093,0.012,0.025,0.088,0.004,0.027,0.064
2025-10-13T04:30Z,2025-10-13,258.705,0.0,424.938,0.604,2105.0,0,0,0,0.061,0.113,0.221,0.022,0.055,0.098,0.011,0.049,0.099
2025-10-13T05:00Z,2025-10-13,261.446,0.0,449.934,0.618,1970.0,0,0,0,0.061,0.109,0.229,0.009,0.023,0.074,0.006,0.012,0.071
2025-10-13T05:30Z,2025-10-13,276.367,0.0,599.975,0.681,2155.0,0,0,0,0.032,0.081,0.192,0.004,0.017,0.041,0.004,0.016,0.051
2025-10-13T06:00Z,2025-10-13,275.586,0.0,599.962,0.736,2340.0,0,0,0,0.025,0.109,0.254,0.005,0.012,0.031,0.005,0.015,0.039
2025-10-13T06:30Z,2025-10-13,270.011,0.0,524.959,0.806,2205.0,0,0,0,0.043,0.107,0.292,0.008,0.022,0.082,0.008,0.033,0.092
2025-10-13T07:00Z,2025-10-13,256.253,0.0,399.951,0.806,2070.0,0,0,0,0.057,0.212,0.356,0.017,0.076,0.266,0.011,0.114,0.238
2025-10-13T07:30Z,2025-10-13,266.339,0.0,499.93,0.882,2055.0,0,0,0,0.186,0.384,0.633,0.017,0.044,0.104,0.012,0.034,0.1
2025-10-13T08:00Z,2025-10-13,264.24,0.0,474.933,0.84,2040.0,0,0,0,0.148,0.159,0.457,0.026,0.03,0.19,0.011,0.025,0.167
2025-10-13T08:30Z,2025-10-13,266.244,0.0,474.974,0.847,2260.0,0,0,0,0.085,0.218,0.542,0.018,0.062,0.174,0.01,0.045,0.145
2025-10-13T09:00Z,2025-10-13,258.95,0.0,424.933,0.812,2480.0,0,0,0,0.014,0.081,0.232,0.035,0.122,0.521,0.017,0.062,0.288
2025-10-13T09:30Z,2025-10-13,242.004,0.0,324.888,0.785,2360.0,0,0,0,0.077,0.159,0.431,0.071,0.129,0.333,0.026,0.093,0.227
2025-10-13T10:00Z,2025-10-13,237.216,0.0,299.89,0.708,2240.0,0,0,0,0.093,0.174,0.415,0.051,0.075,0.193,0.036,0.127,0.148
2025-10-13T10:30Z,2025-10-13,253.704,0.0,374.957,0.708,1705.0,0,0,0,0.319,0.402,0.651,0.032,0.122,0.299,0.013,0.073,0.251
2025-10-13T11:00Z,2025-10-13,257.559,0.0,424.911,0.708,1170.0,0,0,0,0.24,0.579,0.608,0.025,0.179,0.354,0.013,0.082,0.25
2025-10-13T11:30Z,2025-10-13,260.442,0.0,424.97,0.674,1770.0,0,0,0,0.265,0.515,0.599,0.032,0.174,0.299,0.016,0.074,0.177
2025-10-13T12:00Z,2025-10-13,254.945,0.0,399.918,0.632,2370.0,0,0,0,0.14,0.347,0.559,0.02,0.063,0.243,0.009,0.032,0.184
2025-10-13T12:30Z,2025-10-13,251.819,0.0,374.922,0.625,2425.0,0,0,0,0.045,0.117,0.295,0.009,0.04,0.102,0.003,0.024,0.049
2025-10-13T13:00Z,2025-10-13,260.836,0.0,449.924,0.674,2480.0,0,0,0,0.028,0.066,0.134,0.004,0.011,0.022,0.002,0.008,0.016
2025-10-13T13:30Z,2025-10-13,265.29,0.0,474.962,0.597,2420.0,0,0,0,0.022,0.049,0.114,0.004,0.009,0.017,0.003,0.006,0.016
2025-10-13T14:00Z,2025-10-13,268.669,0.0,524.945,0.59,2360.0,0,0,0,0.022,0.049,0.113,0.005,0.009,0.016,0.004,0.006,0.014
2025-10-13T14:30Z,2025-10-13,276.691,0.0,624.962,0.583,2275.0,0,0,0,0.015,0.032,0.072,0.007,0.01,0.015,0.005,0.007,0.015
2025-10-13T15:00Z,2025-10-13,276.119,0.0,624.944,0.569,2190.0,0,0,0,0.014,0.024,0.077,0.009,0.013,0.025,0.005,0.008,0.019
2025-10-13T15:30Z,2025-10-13,269.058,0.0,524.952,0.549,2015.0,0,0,0,0.039,0.056,0.157,0.033,0.054,0.227,0.019,0.033,0.191
2025-10-13T16:00Z,2025-10-13,253.561,0.0,374.958,0.604,1840.0,0,0,0,0.09,0.048,0.08,0.058,0.063,0.059,0.033,0.031,0.035
2025-10-13T16:30Z,2025-10-13,269.003,0.0,524.948,0.556,1615.0,0,0,0,0.072,0.068,0.09,0.009,0.01,0.011,0.007,0.008,0.012
2025-10-13T17:00Z,2025-10-13,243.474,0.0,324.918,0.569,1390.0,0,0,0,0.09,0.089,0.125,0.018,0.01,0.008,0.007,0.01,0.011
2025-10-13T19:30Z,2025-10-13,254.567,0.0,399.914,0.479,1555.0,0,0,0,0.02,0.01,0.039,0.006,0.005,0.016,0.004,0.003,0.007
2025-10-13T20:00Z,2025-10-13,253.672,0.0,374.961,0.458,1390.0,0,0,0,0.013,0.008,0.037,0.006,0.007,0.018,0.003,0.004,0.009
2025-10-13T20:30Z,2025-10-13,263.141,0.0,449.963,0.444,1470.0,0,0,0,0.016,0.014,0.044,0.007,0.012,0.022,0.004,0.006,0.012
2025-10-13T21:00Z,2025-10-13,264.327,0.0,474.935,0.375,1550.0,0,0,0,0.019,0.017,0.03,0.007,0.008,0.019,0.003,0.004,0.013
2025-10-13T21:30Z,2025-10-13,260.658,0.0,424.967,0.375,1385.0,0,0,0,0.018,0.017,0.029,0.007,0.011,0.01,0.004,0.005,0.008
2025-10-13T22:00Z,2025-10-13,241.978,0.0,324.886,0.354,1220.0,0,0,0,0.011,0.009,0.019,0.009,0.014,0.017,0.004,0.009,0.012
2025-10-13T22:30Z,2025-10-13,237.902,0.0,299.898,0.41,1175.0,0,0,0,0.007,0.007,0.016,0.024,0.021,0.029,0.007,0.009,0.013
2025-10-13T23:00Z,2025-10-13,236.969,0.0,299.882,0.375,1130.0,0,0,0,0.005,0.005,0.016,0.004,0.004,0.013,0.001,0.003,0.009
2025-10-13T23:30Z,2025-10-13,242.526,0.0,324.895,0.347,1660.0,0,0,0,0.005,0.008,0.02,0.002,0.004,0.01,0.001,0.002,0.005
2025-10-15T00:00Z,2025-10-15,213.852,0.214,199.868,0.944,1100.0,0,0,1,0.112,0.095,0.163,0.091,0.112,0.097,0.14,0.206,0.111
2025-10-15T00:30Z,2025-10-15,214.277,0.214,199.876,0.944,965.0,0,1,1,0.068,0.073,0.103,0.054,0.083,0.08,0.037,0.093,0.055
2025-10-15T01:00Z,2025-10-15,218.252,0.107,224.828,0.965,830.0,1,1,1,0.042,0.021,0.036,0.021,0.025,0.027,0.025,0.07,0.037
2025-10-15T01:30Z,2025-10-15,217.493,0.071,224.815,0.944,870.0,1,1,1,0.032,0.017,0.027,0.018,0.016,0.02,0.266,0.194,0.093
2025-10-15T02:00Z,2025-10-15,220.67,0.0,224.876,0.958,910.0,0,0,0,0.053,0.03,0.058,0.015,0.008,0.013,0.163,0.081,0.056
2025-10-15T02:30Z,2025-10-15,225.079,0.0,249.844,0.986,880.0,0,0,0,0.03,0.024,0.034,0.006,0.006,0.011,0.028,0.026,0.018
2025-10-15T03:00Z,2025-10-15,223.161,0.0,224.918,0.986,850.0,0,0,0,0.032,0.025,0.037,0.009,0.009,0.017,0.03,0.02,0.019
2025-10-15T03:30Z,2025-10-15,225.554,0.0,249.854,1.0,860.0,0,0,0,0.026,0.021,0.034,0.005,0.005,0.012,0.017,0.014,0.013
2025-10-15T04:00Z,2025-10-15,224.552,0.0,249.837,0.993,870.0,0,0,0,0.014,0.009,0.019,0.004,0.004,0.007,0.015,0.008,0.011
2025-10-15T04:30Z,2025-10-15,222.52,0.0,224.906,0.993,1005.0,0,0,0,0.06,0.039,0.074,0.026,0.013,0.02,0.014,0.015,0.017
2025-10-15T05:00Z,2025-10-15,220.378,0.0,224.868,1.0,1140.0,0,0,0,0.171,0.14,0.259,0.064,0.072,0.083,0.026,0.058,0.068
2025-10-15T05:30Z,2025-10-15,216.931,0.036,199.923,1.0,1140.0,0,0,0,0.088,0.203,0.319,0.075,0.109,0.149,0.04,0.066,0.08
2025-10-15T06:00Z,2025-10-15,218.005,0.036,224.827,1.0,1140.0,0,0,0,0.06,0.161,0.244,0.089,0.114,0.174,0.018,0.04,0.092
2025-10-15T06:30Z,2025-10-15,220.723,0.0,224.874,0.993,1300.0,0,0,0,0.095,0.298,0.341,0.088,0.112,0.197,0.033,0.058,0.131
2025-10-15T07:00Z,2025-10-15,224.081,0.0,224.933,1.0,1460.0,0,0,0,0.059,0.186,0.288,0.022,0.041,0.072,0.011,0.025,0.031
2025-10-15T07:30Z,2025-10-15,226.51,0.0,249.868,0.993,1555.0,0,0,0,0.083,0.332,0.42,0.035,0.089,0.186,0.019,0.055,0.107
2025-10-15T08:00Z,2025-10-15,226.45,0.0,249.857,1.0,1650.0,0,0,0,0.05,0.133,0.403,0.034,0.067,0.177,0.012,0.031,0.1
2025-10-15T08:30Z,2025-10-15,222.746,0.0,224.899,1.0,1445.0,0,0,0,0.102,0.254,0.42,0.051,0.119,0.328,0.023,0.101,0.248
2025-10-15T09:00Z,2025-10-15,227.96,0.0,249.882,0.993,1240.0,0,0,0,0.124,0.204,0.434,0.034,0.052,0.161,0.017,0.045,0.114
2025-10-15T09:30Z,2025-10-15,232.702,0.0,274.868,0.993,1260.0,0,0,0,0.074,0.128,0.357,0.015,0.025,0.102,0.008,0.017,0.051
2025-10-15T10:00Z,2025-10-15,227.613,0.0,249.876,1.0,1280.0,0,0,0,0.116,0.193,0.418,0.026,0.024,0.051,0.02,0.015,0.048
2025-10-15T10:30Z,2025-10-15,230.468,0.0,249.925,0.993,1440.0,0,0,0,0.124,0.181,0.457,0.015,0.009,0.047,0.009,0.007,0.033
2025-10-15T11:00Z,2025-10-15,236.729,0.0,274.945,0.986,1600.0,0,0,0,0.228,0.375,0.52,0.022,0.018,0.045,0.007,0.012,0.027
2025-10-15T11:30Z,2025-10-15,242.883,0.0,324.887,0.965,1820.0,0,0,0,0.107,0.24,0.376,0.01,0.023,0.073,0.006,0.022,0.051
2025-10-15T12:00Z,2025-10-15,242.439,0.0,324.886,0.979,2040.0,0,0,0,0.048,0.071,0.19,0.006,0.015,0.035,0.004,0.014,0.033
2025-10-15T12:30Z,2025-10-15,243.973,0.0,324.914,0.986,1990.0,0,0,0,0.079,0.124,0.231,0.016,0.031,0.057,0.006,0.017,0.045
2025-10-15T13:00Z,2025-10-15,245.527,0.0,324.941,0.986,1940.0,0,0,0,0.096,0.28,0.421,0.02,0.04,0.056,0.007,0.025,0.06
2025-10-15T13:30Z,2025-10-15,251.598,0.0,374.913,0.986,1850.0,0,0,0,0.152,0.329,0.493,0.013,0.034,0.048,0.006,0.022,0.05
2025-10-15T14:00Z,2025-10-15,257.962,0.0,424.913,0.958,1760.0,0,0,0,0.495,0.731,0.684,0.025,0.045,0.059,0.011,0.033,0.066
2025-10-15T14:30Z,2025-10-15,261.067,0.0,449.919,0.938,1780.0,0,0,0,0.531,0.824,0.781,0.025,0.059,0.078,0.009,0.023,0.067
2025-10-15T15:00Z,2025-10-15,270.943,0.0,549.949,0.903,1800.0,0,0,0,0.577,0.844,0.749,0.048,0.146,0.212,0.017,0.042,0.201
2025-10-15T15:30Z,2025-10-15,269.367,0.0,524.96,0.875,1755.0,0,0,0,0.428,0.722,0.688,0.055,0.143,0.27,0.018,0.046,0.228
2025-10-15T16:00Z,2025-10-15,267.231,0.0,499.957,0.868,1710.0,0,0,0,0.431,0.676,0.672,0.026,0.099,0.132,0.012,0.032,0.115
2025-10-15T16:30Z,2025-10-15,265.922,0.0,474.972,0.889,1665.0,0,0,0,0.439,0.396,0.408,0.029,0.04,0.033,0.013,0.02,0.033
2025-10-15T17:00Z,2025-10-15,270.24,0.0,549.942,0.826,1620.0,0,0,0,0.319,0.228,0.266,0.028,0.019,0.032,0.012,0.012,0.024
2025-10-15T19:30Z,2025-10-15,249.314,0.0,349.935,0.819,1735.0,0,0,0,0.031,0.048,0.118,0.004,0.008,0.029,0.009,0.008,0.021
2025-10-15T20:00Z,2025-10-15,254.094,0.0,374.961,0.812,1560.0,0,0,0,0.058,0.072,0.139,0.003,0.006,0.019,0.004,0.008,0.009
2025-10-15T20:30Z,2025-10-15,267.518,0.0,524.93,0.826,1585.0,0,0,0,0.141,0.22,0.313,0.006,0.013,0.043,0.009,0.014,0.022
2025-10-15T21:00Z,2025-10-15,260.736,0.0,449.927,0.861,1610.0,0,0,0,0.332,0.352,0.352,0.029,0.072,0.121,0.033,0.069,0.088
2025-10-15T21:30Z,2025-10-15,259.218,0.0,424.948,0.854,1465.0,0,0,0,0.229,0.233,0.206,0.018,0.054,0.08,0.019,0.042,0.048
2025-10-15T22:00Z,2025-10-15,246.815,0.0,349.893,0.847,1320.0,0,0,0,0.107,0.151,0.129,0.022,0.06,0.082,0.025,0.055,0.045
2025-10-15T22:30Z,2025-10-15,242.162,0.0,324.88,0.826,1175.0,0,0,0,0.249,0.203,0.169,0.034,0.063,0.054,0.016,0.035,0.034
2025-10-15T23:00Z,2025-10-15,240.628,0.0,299.933,0.819,1030.0,0,0,0,0.288,0.194,0.203,0.018,0.046,0.047,0.01,0.02,0.026
2025-10-15T23:30Z,2025-10-15,233.625,0.0,274.898,0.84,1080.0,0,0,0,0.164,0.139,0.15,0.024,0.042,0.054,0.01,0.022,0.029
2025-10-17T00:00Z,2025-10-17,204.901,0.464,174.832,0.972,1330.0,1,1,1,0.012,0.018,0.037,0.088,0.04,0.054,0.571,0.206,0.16
2025-10-17T00:30Z,2025-10-17,206.442,0.429,174.86,0.979,1285.0,1,1,1,0.032,0.042,0.072,0.117,0.079,0.11,0.567,0.383,0.204
2025-10-17T01:00Z,2025-10-17,208.237,0.357,174.894,0.972,1240.0,0,0,0,0.108,0.091,0.118,0.164,0.114,0.11,0.574,0.402,0.198
2025-10-17T01:30Z,2025-10-17,208.58,0.25,174.901,0.986,1200.0,0,0,0,0.071,0.068,0.106,0.086,0.097,0.088,0.112,0.172,0.084
2025-10-17T02:00Z,2025-10-17,210.771,0.286,199.81,0.993,1160.0,0,0,0,0.065,0.099,0.148,0.065,0.087,0.101,0.056,0.094,0.072
2025-10-17T02:30Z,2025-10-17,209.285,0.214,174.915,0.993,1105.0,0,0,0,0.039,0.06,0.081,0.041,0.071,0.061,0.057,0.055,0.04
2025-10-17T03:00Z,2025-10-17,214.997,0.25,199.889,0.993,1050.0,0,0,0,0.04,0.035,0.072,0.046,0.051,0.057,0.04,0.043,0.045
2025-10-17T03:30Z,2025-10-17,216.133,0.143,199.909,1.0,1000.0,0,0,0,0.007,0.005,0.016,0.024,0.024,0.023,0.015,0.015,0.016
2025-10-17T04:00Z,2025-10-17,222.216,0.0,224.901,1.0,950.0,0,0,0,0.003,0.003,0.009,0.005,0.004,0.003,0.004,0.003,0.003
2025-10-17T04:30Z,2025-10-17,223.86,0.0,224.931,1.0,1235.0,0,0,0,0.004,0.004,0.01,0.003,0.002,0.002,0.002,0.002,0.002
2025-10-17T05:00Z,2025-10-17,228.514,0.0,249.901,1.0,1520.0,0,0,0,0.026,0.028,0.038,0.003,0.003,0.006,0.004,0.005,0.005
2025-10-17T05:30Z,2025-10-17,229.639,0.0,249.922,1.0,1790.0,0,0,0,0.029,0.052,0.082,0.002,0.003,0.008,0.004,0.006,0.006
2025-10-17T06:00Z,2025-10-17,227.899,0.0,249.891,1.0,2060.0,0,0,0,0.074,0.202,0.199,0.006,0.008,0.027,0.011,0.013,0.02
2025-10-17T06:30Z,2025-10-17,222.601,0.0,224.905,1.0,1905.0,0,0,0,0.084,0.204,0.228,0.029,0.015,0.036,0.039,0.022,0.037
2025-10-17T07:00Z,2025-10-17,206.69,0.071,174.861,1.0,1750.0,0,0,0,0.095,0.218,0.257,0.205,0.198,0.317,0.128,0.086,0.16
2025-10-17T07:30Z,2025-10-17,206.873,0.071,174.862,1.0,1765.0,0,0,0,0.041,0.094,0.152,0.144,0.197,0.24,0.065,0.098,0.113
2025-10-17T08:00Z,2025-10-17,205.425,0.107,174.835,1.0,1780.0,0,0,0,0.022,0.06,0.147,0.096,0.181,0.337,0.055,0.107,0.192
2025-10-17T08:30Z,2025-10-17,209.693,0.071,174.918,1.0,1620.0,0,0,0,0.022,0.073,0.19,0.038,0.074,0.247,0.024,0.045,0.118
2025-10-17T09:00Z,2025-10-17,209.512,0.071,174.914,1.0,1460.0,0,0,0,0.067,0.153,0.221,0.071,0.166,0.21,0.034,0.06,0.112
2025-10-17T09:30Z,2025-10-17,217.542,0.036,199.93,1.0,1235.0,0,0,0,0.269,0.493,0.456,0.106,0.37,0.35,0.019,0.105,0.169
2025-10-17T10:00Z,2025-10-17,225.816,0.0,249.851,1.0,1010.0,0,0,0,0.633,0.715,0.625,0.07,0.082,0.151,0.014,0.034,0.075
2025-10-17T10:30Z,2025-10-17,222.059,0.0,224.891,1.0,955.0,0,0,0,0.54,0.645,0.504,0.087,0.102,0.117,0.019,0.028,0.097
2025-10-17T11:00Z,2025-10-17,226.443,0.0,249.865,1.0,900.0,0,0,0,0.259,0.505,0.408,0.031,0.136,0.217,0.011,0.038,0.109
2025-10-17T11:30Z,2025-10-17,218.373,0.036,224.83,1.0,1435.0,0,0,0,0.238,0.519,0.525,0.243,0.535,0.577,0.144,0.342,0.487
2025-10-17T12:00Z,2025-10-17,218.283,0.036,224.829,1.0,1970.0,0,0,0,0.017,0.056,0.075,0.024,0.099,0.139,0.011,0.044,0.074
2025-10-17T12:30Z,2025-10-17,224.463,0.0,224.936,1.0,1890.0,0,0,0,0.091,0.312,0.354,0.042,0.17,0.359,0.018,0.127,0.248
2025-10-17T13:00Z,2025-10-17,227.262,0.0,249.879,0.979,1810.0,0,0,0,0.14,0.152,0.263,0.072,0.16,0.346,0.02,0.088,0.2
2025-10-17T13:30Z,2025-10-17,240.333,0.0,299.926,0.986,1810.0,0,0,0,0.045,0.074,0.085,0.016,0.051,0.08,0.015,0.034,0.046
2025-10-17T14:00Z,2025-10-17,239.321,0.0,299.911,0.993,1810.0,0,0,0,0.062,0.046,0.037,0.013,0.029,0.033,0.01,0.016,0.016
2025-10-17T14:30Z,2025-10-17,229.899,0.0,249.926,0.993,1540.0,0,0,0,0.089,0.041,0.039,0.018,0.014,0.02,0.02,0.016,0.01
2025-10-17T15:00Z,2025-10-17,231.486,0.0,274.859,0.993,1270.0,0,0,0,0.123,0.09,0.063,0.017,0.02,0.012,0.017,0.009,0.008
2025-10-17T15:30Z,2025-10-17,226.676,0.0,249.873,1.0,1405.0,0,0,1,0.089,0.056,0.041,0.055,0.036,0.024,0.083,0.023,0.017
2025-10-17T16:00Z,2025-10-17,210.824,0.036,199.806,1.0,1540.0,0,1,1,0.019,0.015,0.02,0.052,0.045,0.028,0.064,0.023,0.018
2025-10-17T16:30Z,2025-10-17,214.06,0.071,199.866,1.0,1510.0,1,1,1,0.044,0.05,0.055,0.069,0.075,0.044,0.03,0.036,0.025
2025-10-17T17:00Z,2025-10-17,213.972,0.071,199.865,0.993,1480.0,1,1,1,0.042,0.049,0.058,0.051,0.059,0.029,0.458,0.267,0.137
2025-10-17T19:30Z,2025-10-17,217.397,0.071,199.928,0.965,1960.0,1,1,1,0.056,0.042,0.08,0.055,0.049,0.052,0.538,0.292,0.139
2025-10-17T20:00Z,2025-10-17,228.956,0.0,249.91,0.944,1810.0,0,0,0,0.063,0.057,0.089,0.006,0.005,0.01,0.227,0.107,0.041
2025-10-17T20:30Z,2025-10-17,212.043,0.036,199.829,0.965,1740.0,0,0,0,0.064,0.043,0.077,0.017,0.016,0.026,0.086,0.052,0.041
2025-10-17T21:00Z,2025-10-17,214.715,0.036,199.876,0.979,1670.0,0,0,0,0.061,0.045,0.053,0.033,0.032,0.018,0.029,0.034,0.017
2025-10-17T21:30Z,2025-10-17,221.866,0.0,224.886,0.965,1520.0,0,0,0,0.048,0.046,0.059,0.03,0.032,0.037,0.017,0.037,0.037
2025-10-17T22:00Z,2025-10-17,213.764,0.074,199.861,0.986,1370.0,0,0,0,0.033,0.04,0.054,0.086,0.127,0.122,0.103,0.1,0.097
2025-10-17T22:30Z,2025-10-17,213.102,0.071,199.849,0.993,1295.0,0,0,0,0.086,0.073,0.091,0.15,0.186,0.108,0.109,0.143,0.063
2025-10-17T23:00Z,2025-10-17,213.605,0.111,199.859,0.986,1220.0,0,0,0,0.231,0.139,0.139,0.13,0.219,0.177,0.035,0.092,0.081
2025-10-17T23:30Z,2025-10-17,206.78,0.148,174.862,0.965,1305.0,0,0,0,0.053,0.047,0.087,0.219,0.184,0.181,0.115,0.081,0.087
2025-10-19T00:00Z,2025-10-19,230.324,0.0,249.947,0.979,1330.0,0,0,0,0.015,0.013,0.027,0.004,0.003,0.005,0.004,0.002,0.004
2025-10-19T00:30Z,2025-10-19,234.302,0.0,274.921,0.972,1475.0,0,0,0,0.015,0.014,0.025,0.003,0.002,0.007,0.005,0.002,0.006
2025-10-19T01:00Z,2025-10-19,227.845,0.0,249.902,0.944,1620.0,0,0,0,0.01,0.011,0.022,0.011,0.007,0.014,0.022,0.008,0.015
2025-10-19T01:30Z,2025-10-19,224.742,0.0,249.847,0.903,1750.0,0,0,0,0.008,0.008,0.024,0.006,0.005,0.006,0.006,0.007,0.007
2025-10-19T02:00Z,2025-10-19,217.877,0.036,224.83,0.903,1880.0,0,0,0,0.008,0.009,0.022,0.016,0.014,0.014,0.014,0.013,0.018
2025-10-19T02:30Z,2025-10-19,220.654,0.0,224.88,0.979,1640.0,0,0,0,0.043,0.035,0.08,0.012,0.009,0.021,0.013,0.015,0.021
2025-10-19T03:00Z,2025-10-19,225.72,0.0,249.864,0.979,1400.0,0,0,0,0.054,0.043,0.08,0.012,0.01,0.016,0.011,0.01,0.015
2025-10-19T03:30Z,2025-10-19,225.605,0.0,249.861,0.986,1335.0,0,0,0,0.023,0.029,0.077,0.014,0.01,0.02,0.014,0.011,0.02
2025-10-19T04:00Z,2025-10-19,227.71,0.0,249.898,0.972,1270.0,0,0,0,0.006,0.019,0.024,0.008,0.012,0.014,0.006,0.008,0.01
2025-10-19T04:30Z,2025-10-19,214.663,0.071,199.888,0.958,1435.0,0,0,0,0.01,0.011,0.023,0.064,0.048,0.049,0.036,0.033,0.029
2025-10-19T05:00Z,2025-10-19,209.285,0.071,199.791,0.972,1600.0,0,0,0,0.015,0.022,0.058,0.05,0.049,0.058,0.023,0.049,0.041
2025-10-19T05:30Z,2025-10-19,211.589,0.071,199.833,0.993,1765.0,0,0,0,0.014,0.015,0.032,0.015,0.016,0.03,0.011,0.01,0.021
2025-10-19T06:00Z,2025-10-19,212.965,0.179,199.858,1.0,1930.0,0,0,0,0.013,0.018,0.052,0.017,0.022,0.065,0.009,0.017,0.036
2025-10-19T06:30Z,2025-10-19,211.85,0.107,199.838,1.0,2050.0,0,0,0,0.018,0.02,0.075,0.074,0.071,0.127,0.031,0.045,0.061
2025-10-19T07:00Z,2025-10-19,212.203,0.143,199.845,1.0,2170.0,0,0,0,0.014,0.024,0.077,0.062,0.096,0.136,0.023,0.047,0.078
2025-10-19T07:30Z,2025-10-19,217.056,0.107,224.818,1.0,2090.0,0,0,0,0.02,0.028,0.079,0.047,0.06,0.064,0.013,0.033,0.033
2025-10-19T08:00Z,2025-10-19,218.522,0.071,224.839,0.993,2010.0,0,0,0,0.012,0.022,0.065,0.024,0.033,0.045,0.006,0.015,0.025
2025-10-19T08:30Z,2025-10-19,224.103,0.0,224.939,1.0,1925.0,0,0,0,0.02,0.038,0.067,0.011,0.01,0.021,0.006,0.008,0.015
2025-10-19T09:00Z,2025-10-19,227.79,0.0,249.899,1.0,1840.0,0,0,0,0.024,0.055,0.085,0.01,0.013,0.027,0.005,0.008,0.015
2025-10-19T09:30Z,2025-10-19,226.99,0.0,249.885,0.993,1785.0,0,0,0,0.014,0.012,0.019,0.005,0.008,0.009,0.004,0.004,0.006
2025-10-19T10:00Z,2025-10-19,230.248,0.0,249.941,0.986,1730.0,0,0,0,0.013,0.009,0.014,0.005,0.004,0.006,0.004,0.003,0.003
2025-10-19T10:30Z,2025-10-19,230.904,0.0,274.859,0.993,1725.0,0,0,0,0.035,0.035,0.044,0.009,0.009,0.014,0.004,0.007,0.009
2025-10-19T11:00Z,2025-10-19,234.998,0.0,274.929,0.979,1720.0,0,0,0,0.033,0.029,0.063,0.007,0.007,0.015,0.002,0.003,0.011
2025-10-19T11:30Z,2025-10-19,241.62,0.0,299.956,0.979,2000.0,0,0,0,0.017,0.015,0.023,0.003,0.005,0.007,0.001,0.002,0.004
2025-10-19T12:00Z,2025-10-19,243.368,0.0,324.905,0.986,2280.0,0,0,0,0.008,0.009,0.015,0.002,0.005,0.004,0.001,0.002,0.004
2025-10-19T12:30Z,2025-10-19,241.412,0.0,299.952,0.993,2275.0,0,0,0,0.007,0.008,0.015,0.002,0.005,0.005,0.001,0.002,0.006
2025-10-19T13:00Z,2025-10-19,243.074,0.0,324.901,0.958,2270.0,0,0,0,0.007,0.009,0.02,0.003,0.007,0.008,0.002,0.003,0.007
2025-10-19T13:30Z,2025-10-19,249.263,0.0,349.94,0.944,2305.0,0,0,0,0.016,0.016,0.031,0.005,0.008,0.009,0.002,0.004,0.009
2025-10-19T14:00Z,2025-10-19,248.647,0.0,349.924,0.938,2340.0,0,0,0,0.027,0.025,0.041,0.005,0.008,0.012,0.002,0.004,0.014
2025-10-19T14:30Z,2025-10-19,258.001,0.0,424.913,0.938,2205.0,0,0,0,0.019,0.021,0.038,0.006,0.009,0.011,0.003,0.004,0.01
2025-10-19T15:00Z,2025-10-19,257.994,0.0,424.915,0.965,2070.0,0,0,0,0.022,0.02,0.04,0.011,0.013,0.015,0.003,0.004,0.012
2025-10-19T15:30Z,2025-10-19,262.909,0.0,474.923,0.896,1930.0,0,0,0,0.014,0.019,0.037,0.007,0.013,0.017,0.003,0.004,0.012
2025-10-19T16:00Z,2025-10-19,263.174,0.0,474.924,0.868,1790.0,0,0,0,0.027,0.028,0.04,0.012,0.017,0.025,0.004,0.006,0.015
2025-10-19T16:30Z,2025-10-19,254.147,0.0,374.957,0.819,1790.0,0,0,0,0.024,0.025,0.035,0.027,0.025,0.026,0.014,0.013,0.023
2025-10-19T17:00Z,2025-10-19,261.237,0.0,449.941,0.819,1790.0,0,0,0,0.024,0.025,0.034,0.016,0.016,0.016,0.006,0.006,0.012
2025-10-19T19:30Z,2025-10-19,238.518,0.0,299.901,0.91,1790.0,0,0,0,0.015,0.015,0.025,0.003,0.003,0.006,0.003,0.003,0.004
2025-10-19T20:00Z,2025-10-19,248.319,0.0,349.926,0.951,1680.0,0,0,0,0.015,0.013,0.03,0.003,0.004,0.012,0.002,0.003,0.008
2025-10-19T20:30Z,2025-10-19,241.38,0.0,299.953,0.965,1520.0,0,0,0,0.017,0.017,0.03,0.006,0.009,0.023,0.005,0.007,0.021
2025-10-19T21:00Z,2025-10-19,230.853,0.0,274.855,0.979,1360.0,0,0,0,0.025,0.02,0.037,0.026,0.019,0.027,0.023,0.018,0.021
2025-10-19T21:30Z,2025-10-19,228.116,0.0,249.9,0.965,1425.0,0,0,0,0.099,0.087,0.13,0.032,0.026,0.023,0.016,0.019,0.018
2025-10-19T22:00Z,2025-10-19,220.362,0.0,224.868,0.979,1490.0,0,0,0,0.099,0.092,0.179,0.109,0.054,0.086,0.066,0.053,0.069
2025-10-19T22:30Z,2025-10-19,219.767,0.036,224.858,0.938,1340.0,0,0,0,0.112,0.104,0.136,0.103,0.089,0.096,0.044,0.055,0.056
2025-10-19T23:00Z,2025-10-19,215.018,0.107,199.893,0.944,1190.0,0,0,0,0.256,0.216,0.21,0.278,0.251,0.17,0.039,0.101,0.082
2025-10-19T23:30Z,2025-10-19,208.086,0.036,174.894,0.931,1265.0,0,0,0,0.133,0.138,0.181,0.305,0.253,0.16,0.1,0.141,0.088
2025-10-21T00:00Z,2025-10-21,200.336,0.25,149.867,1.0,1240.0,1,1,1,0.204,0.208,0.24,0.326,0.275,0.344,0.023,0.056,0.118
2025-10-21T00:30Z,2025-10-21,202.062,0.393,174.784,1.0,1175.0,0,0,0,0.212,0.211,0.21,0.401,0.326,0.379,0.745,0.762,0.778
2025-10-21T01:00Z,2025-10-21,199.228,0.393,149.843,1.0,1110.0,0,0,0,0.23,0.239,0.217,0.58,0.536,0.471,0.558,0.493,0.537
2025-10-21T01:30Z,2025-10-21,198.093,0.571,149.813,1.0,1100.0,0,0,0,0.214,0.221,0.16,0.561,0.529,0.45,0.336,0.292,0.384
2025-10-21T02:00Z,2025-10-21,197.994,0.607,149.787,1.0,1090.0,0,0,0,0.205,0.234,0.16,0.487,0.443,0.329,0.149,0.229,0.146
2025-10-21T02:30Z,2025-10-21,199.733,0.643,149.851,1.0,1145.0,0,0,0,0.208,0.252,0.19,0.284,0.275,0.216,0.077,0.133,0.143
2025-10-21T03:00Z,2025-10-21,198.7,0.643,149.825,1.0,1200.0,0,0,0,0.212,0.262,0.218,0.485,0.439,0.455,0.265,0.296,0.476
2025-10-21T03:30Z,2025-10-21,200.078,0.75,149.868,1.0,1175.0,0,0,0,0.182,0.253,0.187,0.54,0.512,0.394,0.128,0.228,0.213
2025-10-21T04:00Z,2025-10-21,199.866,0.679,149.844,1.0,1150.0,0,0,0,0.165,0.206,0.151,0.401,0.341,0.259,0.094,0.135,0.114
2025-10-21T04:30Z,2025-10-21,199.993,0.786,149.848,1.0,1120.0,0,0,0,0.149,0.172,0.142,0.424,0.34,0.364,0.098,0.111,0.171
2025-10-21T05:00Z,2025-10-21,202.648,0.857,174.798,1.0,1090.0,0,0,1,0.087,0.09,0.073,0.33,0.235,0.165,0.059,0.056,0.054
2025-10-21T05:30Z,2025-10-21,201.89,0.929,174.776,1.0,1075.0,0,1,1,0.158,0.186,0.153,0.424,0.382,0.33,0.06,0.122,0.111
2025-10-21T06:00Z,2025-10-21,200.047,0.893,149.865,1.0,1060.0,1,1,1,0.154,0.201,0.212,0.47,0.389,0.47,0.056,0.161,0.202
2025-10-21T06:30Z,2025-10-21,199.098,0.929,149.834,1.0,1015.0,1,1,1,0.189,0.186,0.171,0.452,0.354,0.331,0.784,0.795,0.718
2025-10-21T07:00Z,2025-10-21,198.527,0.929,149.812,1.0,970.0,1,1,1,0.173,0.163,0.174,0.391,0.307,0.307,0.758,0.758,0.694
2025-10-21T07:30Z,2025-10-21,199.364,0.857,149.811,1.0,1120.0,1,1,1,0.32,0.321,0.279,0.503,0.44,0.427,0.786,0.842,0.749
2025-10-21T08:00Z,2025-10-21,199.432,0.821,149.829,1.0,1270.0,1,1,1,0.207,0.247,0.316,0.22,0.241,0.238,0.69,0.816,0.736
2025-10-21T08:30Z,2025-10-21,201.867,0.643,174.783,1.0,1090.0,1,1,1,0.27,0.27,0.317,0.342,0.364,0.28,0.691,0.82,0.756
2025-10-21T09:00Z,2025-10-21,203.877,0.464,174.814,1.0,910.0,0,0,0,0.209,0.174,0.229,0.318,0.261,0.241,0.695,0.667,0.615
2025-10-21T09:30Z,2025-10-21,208.568,0.321,174.898,1.0,960.0,0,0,0,0.304,0.334,0.372,0.369,0.363,0.281,0.225,0.371,0.467
2025-10-21T10:00Z,2025-10-21,215.817,0.179,199.889,1.0,1010.0,0,0,1,0.254,0.251,0.224,0.306,0.262,0.215,0.108,0.132,0.214
2025-10-21T10:30Z,2025-10-21,218.954,0.071,224.829,1.0,895.0,0,1,1,0.159,0.191,0.191,0.285,0.243,0.209,0.095,0.134,0.168
2025-10-21T11:00Z,2025-10-21,215.03,0.071,199.874,1.0,780.0,1,1,1,0.051,0.048,0.045,0.11,0.087,0.073,0.037,0.034,0.059
2025-10-21T11:30Z,2025-10-21,217.745,0.036,199.922,1.0,970.0,1,1,1,0.196,0.218,0.159,0.219,0.146,0.097,0.467,0.35,0.29
2025-10-21T12:00Z,2025-10-21,220.473,0.0,224.852,1.0,1160.0,1,1,1,0.204,0.214,0.157,0.121,0.069,0.068,0.435,0.294,0.219
2025-10-21T12:30Z,2025-10-21,219.12,0.036,224.829,1.0,1110.0,0,0,0,0.089,0.132,0.097,0.114,0.105,0.066,0.591,0.462,0.246
2025-10-21T13:00Z,2025-10-21,220.096,0.0,224.853,1.0,1060.0,0,0,0,0.051,0.069,0.057,0.079,0.06,0.058,0.093,0.087,0.101
2025-10-21T13:30Z,2025-10-21,215.794,0.071,199.888,1.0,950.0,0,0,0,0.041,0.055,0.046,0.093,0.078,0.061,0.076,0.061,0.055
2025-10-21T14:00Z,2025-10-21,220.85,0.0,224.858,1.0,840.0,0,0,0,0.019,0.036,0.028,0.041,0.04,0.037,0.038,0.052,0.041
2025-10-21T14:30Z,2025-10-21,219.927,0.036,224.843,1.0,935.0,0,0,0,0.025,0.039,0.035,0.071,0.083,0.063,0.042,0.027,0.032
2025-10-21T15:00Z,2025-10-21,225.173,0.0,224.934,0.993,1030.0,0,0,0,0.036,0.049,0.047,0.04,0.044,0.04,0.021,0.015,0.024
2025-10-21T15:30Z,2025-10-21,229.676,0.0,249.91,1.0,1110.0,0,0,0,0.066,0.103,0.099,0.086,0.092,0.077,0.031,0.031,0.035
2025-10-21T16:00Z,2025-10-21,228.298,0.0,249.886,1.0,1190.0,0,0,0,0.203,0.205,0.172,0.137,0.172,0.146,0.043,0.081,0.062
2025-10-21T16:30Z,2025-10-21,240.193,0.0,299.916,1.0,1075.0,0,0,0,0.266,0.297,0.257,0.144,0.241,0.215,0.036,0.075,0.11
2025-10-21T17:00Z,2025-10-21,235.555,0.0,274.919,1.0,960.0,0,0,0,0.23,0.26,0.274,0.122,0.209,0.203,0.021,0.048,0.093
2025-10-21T19:30Z,2025-10-21,209.864,0.071,199.792,1.0,1090.0,0,0,0,0.174,0.218,0.186,0.217,0.247,0.334,0.018,0.059,0.103
2025-10-21T20:00Z,2025-10-21,202.543,0.107,174.791,1.0,1010.0,0,0,1,0.235,0.255,0.254,0.253,0.28,0.411,0.031,0.139,0.272
2025-10-21T20:30Z,2025-10-21,199.159,0.179,149.819,1.0,1085.0,0,1,1,0.209,0.269,0.26,0.6,0.55,0.516,0.238,0.224,0.273
2025-10-21T21:00Z,2025-10-21,198.519,0.357,149.8,1.0,1160.0,1,1,1,0.243,0.324,0.303,0.656,0.561,0.564,0.18,0.225,0.297
2025-10-21T21:30Z,2025-10-21,198.524,0.464,149.8,1.0,1205.0,0,1,1,0.269,0.293,0.268,0.665,0.542,0.541,0.867,0.849,0.818
2025-10-21T22:00Z,2025-10-21,197.028,0.429,149.756,1.0,1250.0,1,1,1,0.113,0.129,0.136,0.432,0.41,0.456,0.494,0.448,0.544
2025-10-21T22:30Z,2025-10-21,197.197,0.679,149.761,1.0,1075.0,1,1,1,0.24,0.269,0.235,0.578,0.555,0.51,0.867,0.843,0.808
2025-10-21T23:00Z,2025-10-21,196.102,0.643,149.734,1.0,900.0,1,1,1,0.197,0.221,0.239,0.479,0.459,0.467,0.848,0.82,0.786
2025-10-21T23:30Z,2025-10-21,196.707,0.607,149.751,1.0,910.0,1,1,1,0.241,0.236,0.227,0.24,0.265,0.264,0.666,0.603,0.599
2025-10-23T00:00Z,2025-10-23,220.469,0.0,224.863,0.965,2390.0,0,0,0,0.066,0.057,0.05,0.033,0.027,0.022,0.003,0.004,0.009
2025-10-23T00:30Z,2025-10-23,223.483,0.0,224.915,0.986,2350.0,0,0,0,0.047,0.056,0.046,0.019,0.024,0.023,0.004,0.007,0.015
2025-10-23T01:00Z,2025-10-23,224.533,0.0,224.933,0.993,2310.0,0,0,0,0.041,0.052,0.047,0.009,0.014,0.012,0.003,0.004,0.005
2025-10-23T01:30Z,2025-10-23,225.405,0.0,249.843,1.0,2425.0,0,0,0,0.062,0.071,0.064,0.008,0.012,0.014,0.003,0.003,0.007
2025-10-23T02:00Z,2025-10-23,228.361,0.0,249.893,1.0,2540.0,0,0,0,0.056,0.069,0.062,0.008,0.013,0.013,0.003,0.003,0.004
2025-10-23T02:30Z,2025-10-23,223.352,0.0,224.909,0.993,2540.0,0,0,0,0.061,0.072,0.086,0.012,0.018,0.018,0.002,0.003,0.004
2025-10-23T03:00Z,2025-10-23,231.251,0.0,249.944,1.0,2540.0,0,0,0,0.064,0.084,0.091,0.018,0.027,0.018,0.006,0.005,0.004
2025-10-23T03:30Z,2025-10-23,233.478,0.0,274.892,1.0,1980.0,0,0,0,0.081,0.148,0.162,0.022,0.041,0.03,0.009,0.011,0.012
2025-10-23T04:00Z,2025-10-23,244.045,0.0,324.921,1.0,1420.0,0,0,0,0.094,0.096,0.128,0.035,0.041,0.047,0.016,0.02,0.019
2025-10-23T04:30Z,2025-10-23,241.479,0.0,299.947,1.0,1540.0,0,0,0,0.083,0.147,0.153,0.046,0.058,0.056,0.014,0.036,0.053
2025-10-23T05:00Z,2025-10-23,243.629,0.0,324.901,1.0,1660.0,0,0,0,0.102,0.113,0.123,0.033,0.061,0.045,0.008,0.022,0.026
2025-10-23T05:30Z,2025-10-23,230.125,0.0,249.931,1.0,2210.0,0,0,0,0.098,0.13,0.143,0.056,0.088,0.066,0.032,0.056,0.071
2025-10-23T06:00Z,2025-10-23,226.065,0.0,249.863,1.0,2760.0,0,0,0,0.073,0.112,0.169,0.086,0.102,0.161,0.043,0.106,0.135
2025-10-23T06:30Z,2025-10-23,219.405,0.071,224.848,1.0,2270.0,0,0,0,0.103,0.144,0.212,0.275,0.462,0.446,0.158,0.358,0.466
2025-10-23T07:00Z,2025-10-23,219.322,0.036,224.847,0.986,1780.0,0,0,0,0.091,0.118,0.239,0.155,0.283,0.451,0.05,0.356,0.487
2025-10-23T07:30Z,2025-10-23,221.487,0.0,224.886,1.0,2155.0,0,0,0,0.101,0.148,0.215,0.061,0.124,0.206,0.013,0.052,0.095
2025-10-23T08:00Z,2025-10-23,225.772,0.0,249.852,0.979,2530.0,0,0,0,0.082,0.138,0.179,0.037,0.086,0.158,0.01,0.042,0.076
2025-10-23T08:30Z,2025-10-23,220.949,0.0,224.872,0.986,2705.0,0,0,0,0.143,0.258,0.367,0.049,0.159,0.278,0.008,0.087,0.209
2025-10-23T09:00Z,2025-10-23,226.088,0.0,249.858,0.979,2880.0,0,0,0,0.125,0.149,0.23,0.048,0.159,0.3,0.011,0.101,0.096
2025-10-23T09:30Z,2025-10-23,229.954,0.0,249.924,1.0,2805.0,0,0,0,0.188,0.273,0.416,0.127,0.194,0.349,0.027,0.15,0.26
2025-10-23T10:00Z,2025-10-23,240.964,0.0,299.93,1.0,2730.0,0,0,0,0.207,0.299,0.416,0.141,0.217,0.388,0.035,0.116,0.236
2025-10-23T10:30Z,2025-10-23,250.246,0.0,349.944,0.993,2400.0,0,0,0,0.179,0.219,0.321,0.062,0.117,0.301,0.022,0.103,0.166
2025-10-23T11:00Z,2025-10-23,235.723,0.0,274.927,1.0,2070.0,0,0,0,0.092,0.093,0.131,0.009,0.031,0.035,0.002,0.008,0.016
2025-10-23T11:30Z,2025-10-23,238.039,0.0,299.881,0.993,1890.0,0,0,0,0.066,0.088,0.132,0.008,0.022,0.032,0.003,0.009,0.015
2025-10-23T12:00Z,2025-10-23,239.027,0.0,299.898,0.993,1710.0,0,0,0,0.024,0.055,0.06,0.004,0.012,0.014,0.001,0.004,0.009
2025-10-23T12:30Z,2025-10-23,238.863,0.0,299.895,0.986,1585.0,0,0,0,0.031,0.069,0.077,0.005,0.015,0.021,0.001,0.007,0.012
2025-10-23T13:00Z,2025-10-23,236.311,0.0,274.937,0.979,1460.0,0,0,0,0.028,0.054,0.055,0.007,0.015,0.018,0.001,0.005,0.007
2025-10-23T13:30Z,2025-10-23,265.315,0.0,474.961,0.958,1485.0,0,0,0,0.026,0.069,0.094,0.005,0.011,0.012,0.002,0.007,0.011
2025-10-23T14:00Z,2025-10-23,255.52,0.0,399.932,0.986,1510.0,0,0,0,0.027,0.065,0.083,0.007,0.015,0.027,0.002,0.013,0.066
2025-10-23T14:30Z,2025-10-23,256.813,0.0,399.958,0.972,1520.0,0,0,0,0.036,0.08,0.091,0.019,0.046,0.037,0.003,0.021,0.041
2025-10-23T15:00Z,2025-10-23,255.566,0.0,399.924,1.0,1530.0,0,0,0,0.051,0.081,0.1,0.02,0.041,0.049,0.004,0.027,0.063
2025-10-23T15:30Z,2025-10-23,226.937,0.0,249.866,0.986,1550.0,0,0,0,0.037,0.061,0.075,0.044,0.07,0.116,0.014,0.077,0.128
2025-10-23T16:00Z,2025-10-23,207.968,0.036,174.877,1.0,1570.0,0,0,0,0.026,0.045,0.058,0.038,0.129,0.196,0.016,0.094,0.186
2025-10-23T16:30Z,2025-10-23,213.362,0.036,199.85,1.0,1670.0,0,0,0,0.025,0.041,0.055,0.026,0.113,0.124,0.008,0.047,0.076
2025-10-23T17:00Z,2025-10-23,204.333,0.071,174.823,1.0,1770.0,0,0,0,0.017,0.023,0.032,0.012,0.037,0.05,0.004,0.019,0.028
2025-10-23T19:30Z,2025-10-23,204.658,0.25,174.817,1.0,1620.0,1,1,1,0.031,0.036,0.05,0.041,0.037,0.045,0.274,0.218,0.213
2025-10-23T20:00Z,2025-10-23,204.02,0.214,174.805,0.993,1680.0,1,1,1,0.031,0.032,0.052,0.031,0.033,0.078,0.23,0.291,0.304
2025-10-23T20:30Z,2025-10-23,204.353,0.179,174.818,0.993,1485.0,1,1,1,0.038,0.041,0.063,0.032,0.056,0.065,0.353,0.339,0.307
2025-10-23T21:00Z,2025-10-23,203.43,0.143,174.801,1.0,1290.0,1,1,1,0.032,0.058,0.077,0.012,0.023,0.033,0.133,0.16,0.166
2025-10-23T21:30Z,2025-10-23,206.188,0.107,174.853,0.993,1250.0,0,0,0,0.022,0.038,0.045,0.009,0.016,0.024,0.099,0.13,0.115
2025-10-23T22:00Z,2025-10-23,207.354,0.107,174.872,1.0,1210.0,0,0,0,0.013,0.02,0.021,0.009,0.019,0.021,0.017,0.038,0.038
2025-10-23T22:30Z,2025-10-23,210.127,0.107,199.789,1.0,1210.0,0,0,0,0.013,0.019,0.018,0.042,0.07,0.079,0.029,0.042,0.051
2025-10-23T23:00Z,2025-10-23,211.477,0.107,199.826,1.0,1210.0,0,0,0,0.026,0.043,0.037,0.104,0.173,0.162,0.045,0.076,0.077
2025-10-23T23:30Z,2025-10-23,204.809,0.179,174.837,1.0,1270.0,0,0,0,0.032,0.049,0.061,0.087,0.171,0.204,0.03,0.068,0.113
2025-10-25T00:00Z,2025-10-25,248.052,0.0,349.912,0.972,1640.0,0,0,0,0.046,0.033,0.047,0.003,0.006,0.006,0.003,0.003,0.004
2025-10-25T00:30Z,2025-10-25,256.122,0.0,399.946,0.993,1565.0,0,0,0,0.03,0.037,0.068,0.003,0.004,0.004,0.002,0.002,0.003
2025-10-25T01:00Z,2025-10-25,261.15,0.0,449.939,0.958,1490.0,0,0,0,0.031,0.038,0.08,0.004,0.005,0.005,0.003,0.003,0.003
2025-10-25T01:30Z,2025-10-25,269.186,0.0,549.935,0.944,1510.0,0,0,0,0.047,0.059,0.066,0.004,0.005,0.007,0.005,0.004,0.006
2025-10-25T02:00Z,2025-10-25,250.881,0.0,374.9,0.951,1530.0,0,0,0,0.122,0.123,0.124,0.009,0.015,0.026,0.011,0.019,0.027
2025-10-25T02:30Z,2025-10-25,233.287,0.0,274.903,0.931,1585.0,0,0,0,0.049,0.045,0.066,0.016,0.014,0.015,0.016,0.02,0.011
2025-10-25T03:00Z,2025-10-25,239.275,0.0,299.916,0.938,1640.0,0,0,0,0.052,0.043,0.074,0.007,0.011,0.019,0.005,0.012,0.017
2025-10-25T03:30Z,2025-10-25,231.708,0.0,274.878,0.924,2040.0,0,0,0,0.049,0.053,0.055,0.027,0.016,0.021,0.027,0.022,0.023
2025-10-25T04:00Z,2025-10-25,224.315,0.0,249.85,0.965,2440.0,0,0,0,0.062,0.065,0.069,0.032,0.039,0.03,0.047,0.059,0.038
2025-10-25T04:30Z,2025-10-25,225.18,0.0,249.865,0.979,2570.0,0,0,0,0.068,0.058,0.073,0.013,0.013,0.012,0.011,0.013,0.012
2025-10-25T05:00Z,2025-10-25,226.269,0.0,249.875,0.965,2700.0,0,0,0,0.088,0.082,0.111,0.013,0.016,0.018,0.016,0.018,0.016
2025-10-25T05:30Z,2025-10-25,228.868,0.0,249.919,0.965,2265.0,0,0,0,0.166,0.32,0.494,0.013,0.019,0.028,0.016,0.029,0.03
2025-10-25T06:00Z,2025-10-25,230.314,0.0,249.943,0.986,1830.0,0,0,0,0.168,0.204,0.386,0.018,0.015,0.023,0.018,0.016,0.029
2025-10-25T06:30Z,2025-10-25,231.519,0.0,274.869,0.972,1250.0,0,0,0,0.62,0.649,0.661,0.054,0.047,0.038,0.032,0.021,0.037
2025-10-25T07:00Z,2025-10-25,238.639,0.0,299.902,0.979,670.0,0,0,1,0.151,0.136,0.099,0.009,0.014,0.016,0.004,0.007,0.012
2025-10-25T07:30Z,2025-10-25,245.174,0.0,324.935,1.0,1090.0,0,1,1,0.625,0.721,0.652,0.023,0.066,0.046,0.009,0.022,0.044
2025-10-25T08:00Z,2025-10-25,251.245,0.0,374.904,1.0,1510.0,1,1,1,0.488,0.646,0.652,0.032,0.113,0.105,0.018,0.034,0.078
2025-10-25T08:30Z,2025-10-25,260.445,0.0,424.968,0.993,1810.0,1,1,1,0.354,0.499,0.444,0.025,0.1,0.162,0.478,0.466,0.513
2025-10-25T09:00Z,2025-10-25,261.763,0.0,449.945,1.0,2110.0,1,1,1,0.069,0.162,0.197,0.007,0.031,0.111,0.319,0.412,0.414
2025-10-25T09:30Z,2025-10-25,236.518,0.0,274.948,0.993,2025.0,0,1,1,0.073,0.161,0.151,0.055,0.095,0.175,0.579,0.512,0.486
2025-10-25T10:00Z,2025-10-25,233.909,0.0,274.902,0.986,1940.0,1,1,1,0.037,0.09,0.127,0.03,0.082,0.105,0.161,0.321,0.189
2025-10-25T10:30Z,2025-10-25,229.065,0.0,249.918,0.993,1950.0,1,1,1,0.029,0.071,0.085,0.022,0.058,0.094,0.525,0.321,0.347
2025-10-25T11:00Z,2025-10-25,227.932,0.0,249.899,1.0,1960.0,1,1,1,0.016,0.036,0.031,0.013,0.033,0.037,0.311,0.19,0.151
2025-10-25T11:30Z,2025-10-25,237.482,0.0,299.883,1.0,2040.0,1,1,1,0.056,0.039,0.047,0.011,0.02,0.021,0.285,0.148,0.085
2025-10-25T12:00Z,2025-10-25,235.441,0.0,274.932,1.0,2120.0,0,0,0,0.034,0.037,0.059,0.009,0.016,0.017,0.213,0.097,0.08
2025-10-25T12:30Z,2025-10-25,239.231,0.0,299.905,1.0,2305.0,0,0,0,0.026,0.038,0.043,0.004,0.012,0.018,0.024,0.035,0.031
2025-10-25T13:00Z,2025-10-25,229.039,0.0,249.908,0.993,2490.0,0,0,0,0.035,0.034,0.03,0.011,0.01,0.03,0.046,0.028,0.048
2025-10-25T13:30Z,2025-10-25,233.203,0.0,274.889,1.0,2350.0,0,0,0,0.027,0.028,0.029,0.009,0.014,0.02,0.017,0.021,0.021
2025-10-25T14:00Z,2025-10-25,235.174,0.0,274.927,0.993,2210.0,0,0,0,0.022,0.022,0.031,0.011,0.014,0.015,0.018,0.012,0.016
2025-10-25T14:30Z,2025-10-25,242.319,0.0,324.885,0.986,2250.0,0,0,0,0.021,0.018,0.023,0.006,0.012,0.009,0.006,0.01,0.012
2025-10-25T15:00Z,2025-10-25,236.749,0.0,299.87,0.986,2290.0,0,0,0,0.019,0.014,0.02,0.009,0.008,0.01,0.01,0.007,0.009
2025-10-25T15:30Z,2025-10-25,246.606,0.0,324.96,0.993,2265.0,0,0,0,0.011,0.009,0.015,0.003,0.006,0.009,0.003,0.006,0.006
2025-10-25T16:00Z,2025-10-25,246.864,0.0,349.893,0.993,2240.0,0,0,0,0.01,0.009,0.018,0.004,0.008,0.011,0.004,0.008,0.007
2025-10-25T16:30Z,2025-10-25,249.256,0.0,349.942,0.986,2325.0,0,0,0,0.012,0.008,0.012,0.003,0.005,0.008,0.004,0.006,0.007
2025-10-25T17:00Z,2025-10-25,249.329,0.0,349.942,0.972,2410.0,0,0,0,0.017,0.012,0.013,0.003,0.004,0.005,0.004,0.004,0.005
2025-10-25T19:30Z,2025-10-25,252.263,0.0,374.929,0.75,1965.0,0,0,0,0.004,0.004,0.007,0.002,0.003,0.003,0.002,0.002,0.002
2025-10-25T20:00Z,2025-10-25,254.121,0.0,374.955,0.75,2070.0,0,0,0,0.008,0.007,0.013,0.002,0.003,0.006,0.001,0.002,0.004
2025-10-25T20:30Z,2025-10-25,254.302,0.0,374.959,0.715,2045.0,0,0,0,0.008,0.005,0.011,0.003,0.003,0.005,0.002,0.003,0.004
2025-10-25T21:00Z,2025-10-25,256.243,0.0,399.944,0.729,2020.0,0,0,0,0.015,0.009,0.014,0.002,0.004,0.006,0.003,0.005,0.005
2025-10-25T21:30Z,2025-10-25,253.208,0.0,374.951,0.722,1945.0,0,0,0,0.012,0.016,0.034,0.003,0.007,0.013,0.003,0.006,0.009
2025-10-25T22:00Z,2025-10-25,251.555,0.0,374.906,0.722,1870.0,0,0,0,0.023,0.027,0.065,0.003,0.007,0.013,0.002,0.004,0.008
2025-10-25T22:30Z,2025-10-25,249.061,0.0,349.933,0.736,1945.0,0,0,0,0.022,0.022,0.069,0.004,0.007,0.011,0.004,0.005,0.009
2025-10-25T23:00Z,2025-10-25,248.543,0.0,349.923,0.736,2020.0,0,0,0,0.023,0.016,0.051,0.002,0.003,0.007,0.002,0.002,0.007
2025-10-25T23:30Z,2025-10-25,245.348,0.0,324.938,0.799,2095.0,0,0,0,0.016,0.011,0.038,0.003,0.004,0.01,0.004,0.003,0.009
2025-10-27T00:00Z,2025-10-27,208.192,0.75,174.88,1.0,990.0,0,0,0,0.014,0.008,0.01,0.09,0.044,0.024,0.033,0.013,0.009
2025-10-27T00:30Z,2025-10-27,212.373,0.786,199.826,1.0,990.0,0,0,0,0.028,0.012,0.033,0.14,0.136,0.104,0.025,0.025,0.044
2025-10-27T01:00Z,2025-10-27,209.287,0.75,174.909,1.0,990.0,0,0,0,0.041,0.028,0.039,0.209,0.201,0.141,0.027,0.042,0.06
2025-10-27T01:30Z,2025-10-27,210.232,0.714,199.791,1.0,885.0,0,0,0,0.022,0.015,0.019,0.079,0.078,0.095,0.028,0.037,0.037
2025-10-27T02:00Z,2025-10-27,210.958,0.857,199.791,1.0,780.0,0,0,0,0.026,0.02,0.021,0.108,0.105,0.115,0.035,0.043,0.062
2025-10-27T02:30Z,2025-10-27,210.391,0.75,174.906,1.0,820.0,0,0,0,0.026,0.02,0.026,0.157,0.129,0.148,0.05,0.062,0.07
2025-10-27T03:00Z,2025-10-27,209.486,0.679,174.897,1.0,860.0,0,0,0,0.026,0.019,0.026,0.152,0.103,0.109,0.044,0.047,0.061
2025-10-27T03:30Z,2025-10-27,203.435,0.536,174.792,1.0,945.0,0,0,0,0.061,0.081,0.104,0.325,0.301,0.243,0.046,0.063,0.086
2025-10-27T04:00Z,2025-10-27,206.53,0.643,174.843,1.0,1030.0,0,0,0,0.078,0.085,0.13,0.313,0.349,0.283,0.035,0.081,0.136
2025-10-27T04:30Z,2025-10-27,208.575,0.679,174.873,1.0,1075.0,0,0,0,0.125,0.176,0.274,0.397,0.567,0.534,0.069,0.232,0.32
2025-10-27T05:00Z,2025-10-27,209.877,0.714,174.887,1.0,1120.0,0,0,0,0.067,0.079,0.117,0.308,0.526,0.51,0.077,0.216,0.304
2025-10-27T05:30Z,2025-10-27,213.51,0.643,199.828,1.0,1540.0,0,0,0,0.128,0.104,0.239,0.41,0.424,0.441,0.083,0.137,0.23
2025-10-27T06:00Z,2025-10-27,211.185,0.679,199.792,1.0,1960.0,0,0,0,0.12,0.141,0.287,0.435,0.398,0.429,0.107,0.136,0.231
2025-10-27T06:30Z,2025-10-27,208.808,0.464,174.867,1.0,1790.0,0,0,0,0.127,0.14,0.297,0.48,0.564,0.535,0.14,0.218,0.341
2025-10-27T07:00Z,2025-10-27,211.296,0.429,174.92,1.0,1620.0,0,0,0,0.079,0.088,0.136,0.288,0.359,0.304,0.058,0.099,0.135
2025-10-27T07:30Z,2025-10-27,211.975,0.429,199.795,1.0,1290.0,0,0,0,0.046,0.056,0.097,0.256,0.313,0.316,0.033,0.093,0.191
2025-10-27T08:00Z,2025-10-27,210.997,0.536,174.904,1.0,960.0,0,0,0,0.038,0.039,0.086,0.229,0.264,0.368,0.067,0.072,0.168
2025-10-27T08:30Z,2025-10-27,207.506,0.75,174.84,1.0,895.0,0,0,0,0.064,0.101,0.08,0.249,0.312,0.217,0.083,0.113,0.133
2025-10-27T09:00Z,2025-10-27,207.137,0.643,174.838,1.0,830.0,0,0,0,0.06,0.034,0.031,0.204,0.175,0.18,0.095,0.105,0.119
2025-10-27T09:30Z,2025-10-27,204.941,0.571,174.796,1.0,1010.0,0,0,0,0.08,0.092,0.115,0.394,0.433,0.474,0.094,0.175,0.316
2025-10-27T10:00Z,2025-10-27,204.396,0.714,174.786,1.0,1190.0,0,0,0,0.041,0.058,0.099,0.321,0.407,0.436,0.088,0.159,0.308
2025-10-27T10:30Z,2025-10-27,205.289,0.821,174.8,1.0,1025.0,0,0,0,0.069,0.11,0.128,0.344,0.45,0.43,0.071,0.127,0.273
2025-10-27T11:00Z,2025-10-27,206.194,0.786,174.841,1.0,860.0,0,0,0,0.024,0.021,0.026,0.091,0.109,0.145,0.045,0.082,0.104
2025-10-27T11:30Z,2025-10-27,205.136,0.714,174.821,1.0,810.0,0,0,0,0.028,0.024,0.023,0.138,0.148,0.167,0.063,0.086,0.106
2025-10-27T12:00Z,2025-10-27,207.949,0.75,174.873,1.0,760.0,0,0,0,0.018,0.017,0.022,0.083,0.111,0.114,0.032,0.06,0.076
2025-10-27T12:30Z,2025-10-27,202.114,0.75,149.904,0.993,490.0,0,0,0,0.071,0.059,0.043,0.29,0.231,0.24,0.128,0.141,0.187
2025-10-27T13:00Z,2025-10-27,197.977,0.857,149.814,1.0,220.0,0,0,0,0.067,0.066,0.044,0.305,0.248,0.257,0.15,0.156,0.183
2025-10-27T13:30Z,2025-10-27,196.579,0.964,149.786,0.993,115.0,0,0,0,0.063,0.062,0.045,0.314,0.219,0.234,0.11,0.126,0.158
2025-10-27T14:00Z,2025-10-27,194.497,1.0,149.741,0.958,10.0,0,0,0,0.063,0.065,0.043,0.305,0.202,0.229,0.112,0.126,0.158
2025-10-27T14:30Z,2025-10-27,192.218,1.0,149.692,0.979,5.0,0,0,0,0.063,0.069,0.043,0.304,0.203,0.221,0.12,0.128,0.156
2025-10-27T15:00Z,2025-10-27,195.495,1.0,149.729,1.0,0.0,0,0,0,0.066,0.081,0.044,0.221,0.172,0.2,0.086,0.114,0.146
2025-10-27T15:30Z,2025-10-27,193.493,1.0,149.72,1.0,0.0,0,0,0,0.067,0.085,0.044,0.29,0.205,0.22,0.116,0.128,0.162
2025-10-27T16:00Z,2025-10-27,192.993,1.0,149.699,1.0,0.0,0,0,0,0.031,0.043,0.042,0.238,0.186,0.231,0.106,0.122,0.165
2025-10-27T16:30Z,2025-10-27,195.141,1.0,149.72,1.0,0.0,0,0,0,0.029,0.032,0.041,0.179,0.152,0.223,0.065,0.087,0.148
2025-10-27T17:00Z,2025-10-27,197.673,1.0,149.792,1.0,0.0,0,0,0,0.017,0.026,0.023,0.137,0.126,0.139,0.047,0.063,0.096
2025-10-27T19:30Z,2025-10-27,192.056,1.0,149.698,0.833,0.0,0,0,0,0.014,0.016,0.023,0.139,0.154,0.142,0.063,0.068,0.099
2025-10-27T20:00Z,2025-10-27,193.842,1.0,149.741,0.958,0.0,0,0,0,0.012,0.016,0.022,0.121,0.143,0.121,0.038,0.067,0.095
2025-10-27T20:30Z,2025-10-27,196.058,1.0,149.774,0.993,0.0,0,0,0,0.01,0.013,0.019,0.103,0.132,0.124,0.038,0.057,0.092
2025-10-27T21:00Z,2025-10-27,193.15,1.0,149.726,0.993,0.0,0,0,0,0.031,0.027,0.027,0.135,0.136,0.151,0.062,0.085,0.112
2025-10-27T21:30Z,2025-10-27,192.48,1.0,149.712,0.938,5.0,0,0,0,0.037,0.031,0.034,0.139,0.176,0.165,0.066,0.089,0.11
2025-10-27T22:00Z,2025-10-27,191.41,1.0,149.69,0.91,10.0,0,0,0,0.066,0.043,0.035,0.161,0.184,0.163,0.069,0.112,0.114
2025-10-27T22:30Z,2025-10-27,191.501,1.0,149.71,0.91,50.0,0,0,0,0.068,0.047,0.038,0.136,0.173,0.131,0.058,0.099,0.084
2025-10-27T23:00Z,2025-10-27,191.593,1.0,149.693,0.903,90.0,0,0,0,0.03,0.039,0.037,0.119,0.16,0.14,0.056,0.097,0.09
2025-10-27T23:30Z,2025-10-27,191.385,1.0,149.709,0.84,155.0,0,0,0,0.054,0.031,0.032,0.151,0.132,0.115,0.053,0.085,0.068
2025-10-29T00:00Z,2025-10-29,237.17,0.0,299.881,0.806,230.0,0,0,0,0.002,0.002,0.002,0.001,0.002,0.002,0.001,0.001,0.001
2025-10-29T00:30Z,2025-10-29,236.791,0.0,299.875,0.785,195.0,0,0,0,0.002,0.001,0.002,0.002,0.002,0.002,0.001,0.001,0.002
2025-10-29T01:00Z,2025-10-29,239.354,0.0,299.912,0.785,160.0,0,0,0,0.002,0.001,0.002,0.001,0.002,0.002,0.001,0.001,0.001
2025-10-29T01:30Z,2025-10-29,235.887,0.0,274.939,0.819,205.0,0,0,0,0.001,0.001,0.002,0.001,0.002,0.002,0.001,0.001,0.001
2025-10-29T02:00Z,2025-10-29,240.402,0.0,299.937,0.833,250.0,0,0,0,0.001,0.001,0.002,0.001,0.001,0.002,0.001,0.001,0.001
2025-10-29T02:30Z,2025-10-29,242.818,0.0,324.904,0.854,570.0,0,0,0,0.002,0.002,0.003,0.001,0.002,0.002,0.001,0.002,0.001
2025-10-29T03:00Z,2025-10-29,244.786,0.0,324.934,0.812,890.0,0,0,0,0.003,0.005,0.007,0.002,0.004,0.006,0.002,0.004,0.003
2025-10-29T03:30Z,2025-10-29,238.589,0.0,299.905,0.819,1130.0,0,0,0,0.003,0.003,0.004,0.002,0.005,0.005,0.001,0.001,0.002
2025-10-29T04:00Z,2025-10-29,230.363,0.0,249.942,0.799,1370.0,0,0,0,0.003,0.005,0.007,0.014,0.028,0.02,0.018,0.014,0.012
2025-10-29T04:30Z,2025-10-29,233.284,0.0,274.898,0.743,1170.0,0,0,0,0.003,0.004,0.006,0.006,0.02,0.015,0.003,0.004,0.005
2025-10-29T05:00Z,2025-10-29,229.029,0.0,249.91,0.722,970.0,0,0,0,0.003,0.004,0.006,0.004,0.007,0.007,0.002,0.002,0.002
2025-10-29T05:30Z,2025-10-29,227.175,0.0,249.875,0.764,665.0,0,0,0,0.002,0.002,0.002,0.003,0.002,0.003,0.001,0.001,0.001
2025-10-29T06:00Z,2025-10-29,227.256,0.0,249.868,0.785,360.0,0,0,0,0.002,0.003,0.002,0.001,0.001,0.001,0.001,0.001,0.001
2025-10-29T06:30Z,2025-10-29,226.557,0.0,249.855,0.743,335.0,0,0,0,0.002,0.004,0.004,0.001,0.002,0.003,0.001,0.001,0.002
2025-10-29T07:00Z,2025-10-29,228.21,0.0,249.886,0.757,310.0,0,0,0,0.002,0.003,0.004,0.001,0.002,0.003,0.0,0.001,0.001
2025-10-29T07:30Z,2025-10-29,243.493,0.0,324.922,0.764,370.0,0,0,0,0.005,0.007,0.008,0.003,0.006,0.004,0.002,0.002,0.002
2025-10-29T08:00Z,2025-10-29,257.586,0.0,399.946,0.771,430.0,0,0,0,0.006,0.011,0.012,0.004,0.007,0.005,0.002,0.003,0.003
2025-10-29T08:30Z,2025-10-29,249.676,0.0,349.95,0.722,555.0,0,0,0,0.004,0.006,0.009,0.003,0.006,0.005,0.002,0.002,0.003
2025-10-29T09:00Z,2025-10-29,255.922,0.0,399.92,0.771,680.0,0,0,0,0.003,0.007,0.011,0.001,0.005,0.006,0.001,0.003,0.003
2025-10-29T09:30Z,2025-10-29,258.223,0.0,399.963,0.736,885.0,0,0,0,0.007,0.017,0.031,0.003,0.009,0.015,0.003,0.009,0.008
2025-10-29T10:00Z,2025-10-29,263.2,0.0,449.928,0.792,1090.0,0,0,0,0.006,0.01,0.017,0.002,0.007,0.01,0.001,0.003,0.003
2025-10-29T10:30Z,2025-10-29,266.742,0.0,474.936,0.785,2215.0,0,0,0,0.006,0.007,0.016,0.002,0.006,0.01,0.002,0.003,0.003
2025-10-29T11:00Z,2025-10-29,272.651,0.0,524.983,0.778,3340.0,0,0,0,0.009,0.014,0.02,0.002,0.007,0.008,0.002,0.005,0.003
2025-10-29T11:30Z,2025-10-29,271.145,0.0,524.953,0.736,3660.0,0,0,0,0.006,0.012,0.022,0.002,0.004,0.007,0.001,0.003,0.003
2025-10-29T12:00Z,2025-10-29,272.651,0.0,525.0,0.778,3980.0,0,0,0,0.006,0.009,0.018,0.002,0.005,0.007,0.001,0.002,0.003
2025-10-29T12:30Z,2025-10-29,273.33,0.0,549.972,0.771,3550.0,0,0,0,0.005,0.008,0.016,0.002,0.006,0.008,0.001,0.004,0.004
2025-10-29T13:00Z,2025-10-29,272.906,0.0,549.955,0.778,3120.0,0,0,0,0.005,0.007,0.011,0.001,0.004,0.006,0.001,0.002,0.002
2025-10-29T13:30Z,2025-10-29,274.456,0.0,574.967,0.764,2580.0,0,0,0,0.007,0.009,0.013,0.001,0.004,0.004,0.001,0.001,0.001
2025-10-29T14:00Z,2025-10-29,276.107,0.0,599.958,0.701,2040.0,0,0,0,0.006,0.008,0.01,0.001,0.004,0.003,0.001,0.001,0.001
2025-10-29T14:30Z,2025-10-29,279.089,0.0,649.979,0.625,1580.0,0,0,0,0.006,0.01,0.013,0.001,0.003,0.003,0.001,0.001,0.001
2025-10-29T15:00Z,2025-10-29,273.733,0.0,549.962,0.556,1120.0,0,0,0,0.004,0.006,0.007,0.001,0.003,0.003,0.001,0.001,0.002
2025-10-29T15:30Z,2025-10-29,278.342,0.0,649.95,0.479,1475.0,0,0,0,0.006,0.008,0.013,0.001,0.003,0.005,0.001,0.002,0.004
2025-10-29T16:00Z,2025-10-29,278.188,0.0,649.948,0.486,1830.0,0,0,0,0.007,0.01,0.013,0.001,0.004,0.005,0.001,0.002,0.006
2025-10-29T16:30Z,2025-10-29,280.652,0.0,674.966,0.424,1970.0,0,0,0,0.008,0.014,0.014,0.002,0.004,0.003,0.001,0.001,0.002
2025-10-29T17:00Z,2025-10-29,284.344,0.0,724.979,0.417,2110.0,0,0,0,0.008,0.008,0.007,0.001,0.003,0.003,0.001,0.001,0.001
2025-10-29T19:30Z,2025-10-29,287.205,0.0,774.993,0.347,2335.0,0,0,0,0.01,0.011,0.008,0.002,0.003,0.003,0.001,0.001,0.001
2025-10-29T20:00Z,2025-10-29,287.804,0.0,775.014,0.312,2310.0,0,0,0,0.01,0.008,0.007,0.002,0.003,0.003,0.001,0.001,0.001
2025-10-29T20:30Z,2025-10-29,288.145,0.0,775.006,0.229,2275.0,0,0,0,0.007,0.007,0.008,0.001,0.003,0.002,0.001,0.001,0.001
2025-10-29T21:00Z,2025-10-29,288.73,0.0,775.03,0.264,2240.0,0,0,0,0.007,0.008,0.007,0.001,0.003,0.002,0.001,0.001,0.001
2025-10-29T21:30Z,2025-10-29,288.612,0.0,775.025,0.278,2360.0,0,0,0,0.007,0.009,0.01,0.001,0.003,0.003,0.001,0.001,0.001
2025-10-29T22:00Z,2025-10-29,,,,0.215,2480.0,0,0,0,0.006,0.007,0.01,0.001,0.003,0.003,0.001,0.001,0.001
2025-10-29T22:30Z,2025-10-29,,,,0.215,2475.0,0,0,0,0.007,0.01,0.011,0.001,0.003,0.003,0.001,0.001,0.001
2025-10-29T23:00Z,2025-10-29,,,,0.194,2470.0,0,0,0,0.007,0.01,0.011,0.001,0.003,0.003,0.001,0.001,0.001
2025-10-29T23:30Z,2025-10-29,,,,0.222,2370.0,0,0,0,0.007,0.01,0.01,0.001,0.003,0.003,0.001,0.001,0.001
2025-10-31T00:00Z,2025-10-31,,,,0.0,2330.0,0,0,0,0.006,0.008,0.008,0.001,0.003,0.002,0.001,0.001,0.001
2025-10-31T00:30Z,2025-10-31,,,,0.014,2145.0,0,0,0,0.005,0.009,0.007,0.001,0.003,0.003,0.001,0.001,0.001
2025-10-31T01:00Z,2025-10-31,,,,0.0,1960.0,0,0,0,0.006,0.006,0.006,0.001,0.002,0.002,0.001,0.001,0.001
2025-10-31T01:30Z,2025-10-31,,,,0.007,2210.0,0,0,0,0.005,0.005,0.006,0.001,0.002,0.002,0.001,0.001,0.001
2025-10-31T02:00Z,2025-10-31,290.682,0.0,775.348,0.014,2460.0,0,0,0,0.004,0.004,0.004,0.001,0.002,0.002,0.001,0.001,0.001
2025-10-31T02:30Z,2025-10-31,,,,0.007,2690.0,0,0,0,0.004,0.004,0.005,0.001,0.002,0.003,0.001,0.001,0.001
2025-10-31T03:00Z,2025-10-31,,,,0.0,2920.0,0,0,0,0.003,0.004,0.004,0.001,0.002,0.003,0.001,0.001,0.001
2025-10-31T03:30Z,2025-10-31,,,,0.0,2920.0,0,0,0,0.003,0.003,0.004,0.001,0.002,0.003,0.001,0.001,0.001
2025-10-31T04:00Z,2025-10-31,,,,0.0,2920.0,0,0,0,0.003,0.003,0.004,0.001,0.002,0.003,0.001,0.001,0.001
2025-10-31T04:30Z,2025-10-31,,,,0.0,2505.0,0,0,0,0.003,0.003,0.004,0.001,0.002,0.003,0.001,0.001,0.001
2025-10-31T05:00Z,2025-10-31,,,,0.007,2090.0,0,0,0,0.002,0.003,0.004,0.001,0.002,0.002,0.001,0.001,0.001
2025-10-31T05:30Z,2025-10-31,,,,0.0,1340.0,0,0,0,0.002,0.003,0.003,0.001,0.002,0.002,0.001,0.001,0.001
2025-10-31T06:00Z,2025-10-31,,,,0.0,590.0,0,0,0,0.001,0.001,0.001,0.001,0.001,0.001,0.0,0.001,0.001
2025-10-31T06:30Z,2025-10-31,,,,0.0,435.0,0,0,0,0.001,0.002,0.002,0.001,0.001,0.002,0.0,0.001,0.001
2025-10-31T07:00Z,2025-10-31,,,,0.014,280.0,0,0,0,0.001,0.002,0.002,0.001,0.001,0.002,0.0,0.001,0.001
2025-10-31T07:30Z,2025-10-31,,,,0.014,220.0,0,0,0,0.002,0.003,0.003,0.001,0.002,0.002,0.0,0.001,0.001
2025-10-31T08:00Z,2025-10-31,,,,0.014,160.0,0,0,0,0.002,0.003,0.003,0.001,0.001,0.002,0.0,0.001,0.002
2025-10-31T08:30Z,2025-10-31,,,,0.014,155.0,0,0,0,0.002,0.003,0.003,0.001,0.001,0.002,0.0,0.001,0.002
2025-10-31T09:00Z,2025-10-31,,,,0.0,150.0,0,0,0,0.002,0.003,0.003,0.001,0.001,0.002,0.0,0.001,0.001
2025-10-31T09:30Z,2025-10-31,,,,0.007,320.0,0,0,0,0.002,0.002,0.003,0.001,0.001,0.002,0.0,0.001,0.001
2025-10-31T10:00Z,2025-10-31,,,,0.007,490.0,0,0,0,0.002,0.003,0.004,0.001,0.002,0.003,0.001,0.001,0.001
2025-10-31T10:30Z,2025-10-31,,,,0.0,2105.0,0,0,0,0.005,0.007,0.011,0.001,0.003,0.005,0.001,0.002,0.003
2025-10-31T11:00Z,2025-10-31,,,,0.0,3720.0,0,0,0,0.005,0.007,0.011,0.001,0.003,0.004,0.001,0.002,0.002
2025-10-31T11:30Z,2025-10-31,,,,0.0,4455.0,0,0,0,0.005,0.006,0.01,0.001,0.003,0.003,0.001,0.001,0.001
2025-10-31T12:00Z,2025-10-31,,,,0.007,5190.0,0,0,0,0.007,0.009,0.011,0.001,0.003,0.004,0.001,0.002,0.001
2025-10-31T12:30Z,2025-10-31,,,,0.014,4345.0,0,0,0,0.006,0.008,0.011,0.001,0.003,0.004,0.001,0.002,0.001
2025-10-31T13:00Z,2025-10-31,,,,0.028,3500.0,0,0,0,0.006,0.008,0.011,0.001,0.003,0.005,0.001,0.002,0.001
2025-10-31T13:30Z,2025-10-31,,,,0.035,3475.0,0,0,0,0.006,0.008,0.011,0.001,0.003,0.005,0.001,0.002,0.002
2025-10-31T14:00Z,2025-10-31,,,,0.014,3450.0,0,0,0,0.005,0.006,0.01,0.001,0.003,0.003,0.001,0.002,0.002
2025-10-31T14:30Z,2025-10-31,,,,0.0,3555.0,0,0,0,0.006,0.008,0.01,0.001,0.003,0.003,0.001,0.002,0.001
2025-10-31T15:00Z,2025-10-31,,,,0.0,3660.0,0,0,0,0.01,0.013,0.009,0.002,0.004,0.003,0.001,0.002,0.003
2025-10-31T15:30Z,2025-10-31,,,,0.0,3750.0,0,0,0,0.009,0.012,0.01,0.002,0.004,0.003,0.001,0.002,0.002
2025-10-31T16:00Z,2025-10-31,,,,0.0,3840.0,0,0,0,0.014,0.015,0.011,0.002,0.004,0.004,0.001,0.002,0.002
2025-10-31T16:30Z,2025-10-31,,,,0.007,3795.0,0,0,0,0.014,0.015,0.01,0.002,0.004,0.004,0.001,0.001,0.002
2025-10-31T17:00Z,2025-10-31,,,,0.0,3750.0,0,0,0,0.012,0.011,0.009,0.002,0.003,0.004,0.001,0.001,0.001
2025-10-31T19:30Z,2025-10-31,,,,0.007,3875.0,0,0,0,0.008,0.009,0.011,0.001,0.003,0.003,0.001,0.001,0.002
2025-10-31T20:00Z,2025-10-31,,,,0.007,3830.0,0,0,0,0.007,0.006,0.01,0.002,0.002,0.004,0.001,0.001,0.002
2025-10-31T20:30Z,2025-10-31,,,,0.021,3775.0,0,0,0,0.007,0.006,0.009,0.001,0.002,0.003,0.001,0.001,0.002
2025-10-31T21:00Z,2025-10-31,,,,0.056,3720.0,0,0,0,0.006,0.006,0.01,0.001,0.002,0.004,0.001,0.001,0.002
2025-10-31T21:30Z,2025-10-31,,,,0.056,3715.0,0,0,0,0.006,0.006,0.009,0.001,0.002,0.003,0.001,0.001,0.002
2025-10-31T22:00Z,2025-10-31,288.66,0.0,775.075,0.076,3710.0,0,0,0,0.006,0.006,0.008,0.001,0.002,0.003,0.001,0.001,0.003
2025-10-31T22:30Z,2025-10-31,286.791,0.0,775.029,0.076,3710.0,0,0,0,0.006,0.007,0.011,0.001,0.003,0.007,0.001,0.002,0.012
2025-10-31T23:00Z,2025-10-31,287.418,0.0,775.06,0.035,3710.0,0,0,0,0.006,0.007,0.01,0.001,0.003,0.003,0.001,0.002,0.003
2025-10-31T23:30Z,2025-10-31,287.174,0.0,775.048,0.028,3680.0,0,0,0,0.01,0.01,0.012,0.002,0.004,0.004,0.002,0.002,0.004
2025-11-02T00:00Z,2025-11-02,264.861,0.0,474.95,0.729,4110.0,0,0,0,0.03,0.054,0.056,0.006,0.01,0.015,0.004,0.01,0.011
2025-11-02T00:30Z,2025-11-02,267.618,0.0,499.965,0.681,3960.0,0,0,0,0.034,0.054,0.052,0.006,0.011,0.017,0.005,0.01,0.009
2025-11-02T01:00Z,2025-11-02,267.965,0.0,499.969,0.646,3810.0,0,0,0,0.027,0.051,0.043,0.003,0.006,0.009,0.002,0.004,0.006
2025-11-02T01:30Z,2025-11-02,268.233,0.0,499.97,0.611,3650.0,0,0,0,0.014,0.031,0.032,0.002,0.005,0.007,0.001,0.002,0.004
2025-11-02T02:00Z,2025-11-02,275.314,0.0,599.957,0.583,3490.0,0,0,0,0.007,0.015,0.015,0.001,0.003,0.003,0.001,0.001,0.002
2025-11-02T02:30Z,2025-11-02,272.076,0.0,549.965,0.5,3350.0,0,0,0,0.004,0.008,0.011,0.001,0.003,0.003,0.001,0.001,0.002
2025-11-02T03:00Z,2025-11-02,272.291,0.0,549.971,0.514,3210.0,0,0,0,0.004,0.009,0.013,0.001,0.003,0.003,0.001,0.001,0.002
2025-11-02T03:30Z,2025-11-02,270.564,0.0,524.976,0.569,3215.0,0,0,0,0.006,0.013,0.012,0.002,0.003,0.003,0.001,0.001,0.002
2025-11-02T04:00Z,2025-11-02,268.294,0.0,499.975,0.625,3220.0,0,0,0,0.009,0.02,0.022,0.002,0.005,0.003,0.001,0.002,0.003
2025-11-02T04:30Z,2025-11-02,280.038,0.0,650.0,0.611,3060.0,0,0,0,0.009,0.02,0.021,0.002,0.005,0.003,0.002,0.002,0.003
2025-11-02T05:00Z,2025-11-02,277.16,0.0,624.97,0.604,2900.0,0,0,0,0.009,0.023,0.025,0.002,0.006,0.005,0.001,0.003,0.01
2025-11-02T05:30Z,2025-11-02,282.717,0.0,700.0,0.604,2110.0,0,0,0,0.01,0.022,0.022,0.002,0.005,0.004,0.001,0.002,0.004
2025-11-02T06:00Z,2025-11-02,284.349,0.0,749.98,0.667,1320.0,0,0,0,0.007,0.019,0.026,0.002,0.007,0.006,0.002,0.005,0.007
2025-11-02T06:30Z,2025-11-02,287.765,0.0,775.018,0.722,1250.0,0,0,0,0.008,0.013,0.022,0.002,0.004,0.006,0.001,0.001,0.005
2025-11-02T07:00Z,2025-11-02,287.058,0.0,775.001,0.729,1180.0,0,0,0,0.011,0.014,0.027,0.002,0.005,0.009,0.001,0.001,0.005
2025-11-02T07:30Z,2025-11-02,283.434,0.0,724.982,0.757,1660.0,0,0,0,0.017,0.034,0.055,0.003,0.009,0.023,0.001,0.004,0.017
2025-11-02T08:00Z,2025-11-02,283.212,0.0,724.973,0.771,2140.0,0,0,0,0.01,0.025,0.041,0.002,0.008,0.016,0.001,0.004,0.016
2025-11-02T08:30Z,2025-11-02,276.896,0.0,624.945,0.799,2260.0,0,0,0,0.011,0.03,0.055,0.003,0.009,0.015,0.001,0.006,0.018
2025-11-02T09:00Z,2025-11-02,278.915,0.0,625.0,0.792,2380.0,0,0,0,0.015,0.025,0.055,0.005,0.012,0.027,0.003,0.008,0.032
2025-11-02T09:30Z,2025-11-02,265.213,0.0,474.947,0.785,1935.0,0,0,0,0.041,0.105,0.153,0.016,0.068,0.083,0.01,0.068,0.115
2025-11-02T10:00Z,2025-11-02,259.595,0.0,424.939,0.736,1490.0,0,0,0,0.067,0.097,0.115,0.028,0.063,0.058,0.01,0.018,0.028
2025-11-02T10:30Z,2025-11-02,262.268,0.0,449.937,0.75,1620.0,0,0,0,0.053,0.065,0.091,0.008,0.017,0.04,0.005,0.01,0.026
2025-11-02T11:00Z,2025-11-02,259.438,0.0,424.939,0.736,1750.0,0,0,0,0.027,0.035,0.042,0.004,0.011,0.031,0.001,0.002,0.017
2025-11-02T11:30Z,2025-11-02,258.862,0.0,424.926,0.701,2520.0,0,0,0,0.019,0.029,0.058,0.007,0.018,0.046,0.003,0.008,0.018
2025-11-02T12:00Z,2025-11-02,251.847,0.0,374.926,0.653,3290.0,0,0,0,0.01,0.02,0.036,0.021,0.04,0.063,0.008,0.022,0.068
2025-11-02T12:30Z,2025-11-02,223.088,0.0,224.921,0.667,3280.0,0,0,0,0.024,0.042,0.066,0.029,0.063,0.051,0.014,0.068,0.063
2025-11-02T13:00Z,2025-11-02,251.946,0.0,374.928,0.618,3270.0,0,0,0,0.024,0.043,0.068,0.007,0.013,0.015,0.003,0.008,0.014
2025-11-02T13:30Z,2025-11-02,245.104,0.0,324.949,0.618,2910.0,0,0,0,0.024,0.043,0.068,0.005,0.01,0.01,0.002,0.005,0.012
2025-11-02T14:00Z,2025-11-02,251.372,0.0,374.917,0.59,2550.0,0,0,0,0.025,0.048,0.071,0.006,0.011,0.012,0.002,0.006,0.008
2025-11-02T14:30Z,2025-11-02,265.342,0.0,474.948,0.611,2715.0,0,0,0,0.014,0.029,0.062,0.01,0.019,0.021,0.003,0.012,0.017
2025-11-02T15:00Z,2025-11-02,268.351,0.0,524.932,0.632,2880.0,0,0,0,0.014,0.036,0.058,0.008,0.011,0.013,0.003,0.004,0.012
2025-11-02T15:30Z,2025-11-02,279.987,0.0,674.977,0.701,2910.0,0,0,0,0.019,0.047,0.063,0.006,0.012,0.01,0.003,0.003,0.004
2025-11-02T16:00Z,2025-11-02,278.645,0.0,649.977,0.771,2940.0,0,0,0,0.025,0.063,0.054,0.006,0.015,0.015,0.004,0.006,0.009
2025-11-02T16:30Z,2025-11-02,278.29,0.0,649.968,0.826,2780.0,0,0,0,0.023,0.051,0.053,0.007,0.016,0.013,0.002,0.003,0.007
2025-11-02T17:00Z,2025-11-02,266.907,0.0,499.94,0.91,2620.0,0,0,0,0.021,0.04,0.049,0.005,0.014,0.008,0.002,0.003,0.004
2025-11-02T19:30Z,2025-11-02,212.099,0.036,199.83,0.944,1985.0,0,0,0,0.013,0.026,0.034,0.007,0.014,0.008,0.002,0.003,0.003
2025-11-02T20:00Z,2025-11-02,207.463,0.111,174.875,0.938,1650.0,0,0,0,0.012,0.023,0.029,0.007,0.015,0.01,0.002,0.004,0.005
2025-11-02T20:30Z,2025-11-02,204.852,0.111,174.815,0.924,1215.0,0,0,0,0.01,0.018,0.025,0.039,0.088,0.047,0.012,0.009,0.011
2025-11-02T21:00Z,2025-11-02,206.137,0.214,174.845,0.938,780.0,0,0,0,0.003,0.005,0.006,0.015,0.018,0.013,0.006,0.002,0.002
2025-11-02T21:30Z,2025-11-02,203.71,0.259,174.791,0.924,650.0,0,0,0,0.003,0.004,0.005,0.014,0.02,0.012,0.004,0.002,0.002
2025-11-02T22:00Z,2025-11-02,206.344,0.321,174.848,0.951,520.0,0,0,0,0.003,0.004,0.006,0.023,0.034,0.027,0.005,0.005,0.006
2025-11-02T22:30Z,2025-11-02,208.813,0.296,174.906,0.91,535.0,0,0,0,0.003,0.005,0.006,0.019,0.034,0.028,0.005,0.005,0.007
2025-11-02T23:00Z,2025-11-02,207.245,0.423,174.869,0.875,550.0,0,0,0,0.004,0.005,0.006,0.029,0.038,0.028,0.009,0.006,0.007
2025-11-02T23:30Z,2025-11-02,209.824,0.321,199.793,0.91,1395.0,0,0,0,0.017,0.023,0.036,0.036,0.081,0.055,0.003,0.019,0.026
2025-11-04T00:00Z,2025-11-04,198.506,0.643,149.815,0.986,2780.0,0,0,0,0.015,0.029,0.027,0.022,0.033,0.025,0.003,0.006,0.007
2025-11-04T00:30Z,2025-11-04,199.615,0.607,149.843,0.986,2660.0,0,0,0,0.013,0.025,0.027,0.021,0.037,0.028,0.003,0.006,0.007
2025-11-04T01:00Z,2025-11-04,200.669,0.571,149.87,0.965,2540.0,0,0,0,0.013,0.025,0.027,0.019,0.034,0.022,0.003,0.005,0.005
2025-11-04T01:30Z,2025-11-04,200.829,0.643,149.877,0.993,2555.0,0,0,0,0.01,0.017,0.024,0.039,0.051,0.066,0.007,0.013,0.023
2025-11-04T02:00Z,2025-11-04,204.209,0.75,174.808,1.0,2570.0,0,0,0,0.01,0.016,0.02,0.038,0.044,0.034,0.008,0.011,0.013
2025-11-04T02:30Z,2025-11-04,206.266,0.643,174.853,1.0,2785.0,0,0,0,0.01,0.016,0.025,0.021,0.022,0.018,0.003,0.006,0.005
2025-11-04T03:00Z,2025-11-04,210.13,0.429,199.799,1.0,3000.0,0,0,0,0.011,0.018,0.028,0.028,0.023,0.021,0.004,0.006,0.013
2025-11-04T03:30Z,2025-11-04,213.886,0.286,199.874,0.993,2845.0,0,0,0,0.01,0.016,0.025,0.032,0.024,0.022,0.004,0.008,0.017
2025-11-04T04:00Z,2025-11-04,220.099,0.0,224.88,0.993,2690.0,0,0,0,0.008,0.015,0.025,0.011,0.01,0.008,0.002,0.003,0.008
2025-11-04T04:30Z,2025-11-04,225.127,0.0,249.866,0.986,2630.0,0,0,0,0.006,0.014,0.019,0.006,0.008,0.005,0.001,0.001,0.002
2025-11-04T05:00Z,2025-11-04,227.061,0.0,249.898,0.993,2570.0,0,0,0,0.004,0.012,0.018,0.004,0.008,0.007,0.001,0.001,0.002
2025-11-04T05:30Z,2025-11-04,231.198,0.0,274.875,0.979,2545.0,0,0,0,0.004,0.012,0.018,0.003,0.008,0.006,0.001,0.001,0.002
2025-11-04T06:00Z,2025-11-04,237.746,0.0,299.9,0.993,2520.0,0,0,0,0.004,0.009,0.015,0.003,0.006,0.004,0.001,0.002,0.002
2025-11-04T06:30Z,2025-11-04,240.454,0.0,299.943,0.986,2440.0,0,0,0,0.007,0.012,0.021,0.003,0.008,0.008,0.001,0.002,0.004
2025-11-04T07:00Z,2025-11-04,225.627,0.0,249.868,0.979,2360.0,0,0,0,0.009,0.021,0.042,0.008,0.021,0.038,0.004,0.01,0.025
2025-11-04T07:30Z,2025-11-04,226.81,0.0,249.888,0.958,2560.0,0,0,0,0.008,0.02,0.041,0.008,0.023,0.03,0.003,0.009,0.018
2025-11-04T08:00Z,2025-11-04,232.896,0.0,274.898,0.951,2760.0,0,0,0,0.008,0.018,0.06,0.003,0.014,0.019,0.002,0.01,0.028
2025-11-04T09:30Z,2025-11-04,256.105,0.0,399.938,0.917,2825.0,0,0,0,0.017,0.058,0.133,0.004,0.011,0.022,0.002,0.009,0.02
2025-11-04T10:00Z,2025-11-04,259.418,0.0,424.945,0.896,2780.0,0,0,0,0.026,0.076,0.12,0.004,0.021,0.08,0.002,0.021,0.037
2025-11-04T10:30Z,2025-11-04,267.085,0.0,499.964,0.917,2685.0,0,0,0,0.077,0.095,0.133,0.008,0.023,0.051,0.005,0.018,0.027
2025-11-04T11:00Z,2025-11-04,269.583,0.0,524.975,0.903,2590.0,0,0,1,0.051,0.054,0.096,0.007,0.014,0.029,0.003,0.007,0.02
2025-11-04T11:30Z,2025-11-04,256.242,0.0,399.951,0.868,2110.0,0,1,1,0.031,0.047,0.092,0.006,0.019,0.058,0.004,0.011,0.039
2025-11-04T12:00Z,2025-11-04,229.316,0.0,249.931,0.875,1630.0,1,1,1,0.028,0.079,0.124,0.046,0.119,0.17,0.046,0.15,0.173
2025-11-04T12:30Z,2025-11-04,218.132,0.036,224.834,0.854,1525.0,1,1,1,0.014,0.034,0.064,0.046,0.108,0.16,0.299,0.388,0.468
2025-11-04T13:00Z,2025-11-04,221.226,0.0,224.89,0.875,1420.0,1,1,1,0.004,0.016,0.024,0.024,0.065,0.082,0.168,0.332,0.466
2025-11-04T13:30Z,2025-11-04,228.369,0.0,249.914,0.882,1580.0,1,1,1,0.006,0.016,0.025,0.003,0.007,0.01,0.086,0.173,0.179
2025-11-04T14:00Z,2025-11-04,233.301,0.0,274.904,0.861,1740.0,1,1,1,0.005,0.014,0.027,0.003,0.007,0.009,0.092,0.154,0.153
2025-11-04T14:30Z,2025-11-04,240.982,0.0,299.95,0.847,1780.0,0,0,0,0.005,0.014,0.021,0.002,0.006,0.015,0.075,0.129,0.157
2025-11-04T15:00Z,2025-11-04,242.811,0.0,324.903,0.861,1820.0,0,0,0,0.014,0.028,0.054,0.003,0.01,0.018,0.026,0.053,0.122
2025-11-04T15:30Z,2025-11-04,252.611,0.0,374.95,0.84,1620.0,0,0,0,0.012,0.019,0.026,0.002,0.005,0.006,0.004,0.008,0.018
2025-11-04T16:00Z,2025-11-04,254.527,0.0,399.922,0.799,1420.0,0,0,0,0.011,0.015,0.018,0.002,0.005,0.006,0.004,0.009,0.013
2025-11-04T16:30Z,2025-11-04,264.495,0.0,474.951,0.847,1400.0,0,0,0,0.007,0.011,0.016,0.001,0.004,0.004,0.003,0.005,0.009
2025-11-04T17:00Z,2025-11-04,273.618,0.0,599.942,0.812,1380.0,0,0,0,0.006,0.01,0.014,0.001,0.003,0.003,0.002,0.002,0.008
2025-11-04T19:30Z,2025-11-04,278.752,0.0,649.973,0.688,2355.0,0,0,0,0.022,0.033,0.043,0.002,0.005,0.005,0.001,0.003,0.005
2025-11-04T20:00Z,2025-11-04,278.64,0.0,649.975,0.681,2370.0,0,0,0,0.022,0.033,0.033,0.002,0.006,0.005,0.001,0.002,0.003
2025-11-04T20:30Z,2025-11-04,278.486,0.0,649.972,0.729,2425.0,0,0,0,0.022,0.042,0.035,0.001,0.007,0.005,0.001,0.001,0.004
2025-11-04T21:00Z,2025-11-04,275.844,0.0,600.0,0.694,2480.0,0,0,0,0.024,0.037,0.035,0.003,0.007,0.007,0.001,0.002,0.004
2025-11-04T21:30Z,2025-11-04,271.316,0.0,574.935,0.674,2425.0,0,0,0,0.024,0.037,0.041,0.004,0.009,0.006,0.002,0.002,0.003
2025-11-04T22:00Z,2025-11-04,277.597,0.0,625.0,0.646,2370.0,0,0,0,0.041,0.07,0.076,0.009,0.016,0.029,0.006,0.01,0.024
2025-11-04T22:30Z,2025-11-04,275.043,0.0,599.97,0.674,2210.0,0,0,0,0.021,0.042,0.044,0.011,0.014,0.016,0.002,0.005,0.013
2025-11-04T23:00Z,2025-11-04,272.985,0.0,574.96,0.715,2050.0,0,0,0,0.023,0.033,0.027,0.004,0.009,0.009,0.001,0.002,0.005
2025-11-04T23:30Z,2025-11-04,275.061,0.0,599.975,0.646,1690.0,0,0,0,0.019,0.041,0.045,0.004,0.01,0.007,0.001,0.003,0.006
2025-11-06T00:00Z,2025-11-06,255.428,0.0,399.942,1.0,1530.0,0,0,0,0.04,0.041,0.065,0.023,0.037,0.048,0.007,0.018,0.024
2025-11-06T00:30Z,2025-11-06,245.889,0.0,349.905,1.0,1440.0,0,0,0,0.038,0.049,0.059,0.02,0.029,0.044,0.003,0.017,0.027
2025-11-06T01:00Z,2025-11-06,250.288,0.0,374.915,0.993,1350.0,0,0,0,0.033,0.054,0.049,0.012,0.021,0.027,0.002,0.008,0.012
2025-11-06T01:30Z,2025-11-06,259.706,0.0,424.967,0.986,1420.0,0,0,0,0.016,0.011,0.016,0.007,0.005,0.008,0.002,0.004,0.007
2025-11-06T02:00Z,2025-11-06,267.544,0.0,499.967,0.972,1490.0,0,0,0,0.021,0.012,0.017,0.006,0.005,0.005,0.002,0.003,0.004
2025-11-06T02:30Z,2025-11-06,269.338,0.0,524.966,0.938,1490.0,0,0,0,0.057,0.046,0.062,0.008,0.008,0.012,0.002,0.005,0.008
2025-11-06T03:00Z,2025-11-06,273.894,0.0,575.0,0.958,1490.0,0,0,0,0.079,0.093,0.092,0.012,0.011,0.009,0.005,0.01,0.008
2025-11-06T03:30Z,2025-11-06,276.562,0.0,649.947,0.951,1490.0,0,0,0,0.078,0.079,0.091,0.009,0.009,0.008,0.004,0.007,0.008
2025-11-06T04:00Z,2025-11-06,276.136,0.0,624.975,0.958,1490.0,0,0,0,0.046,0.049,0.067,0.006,0.007,0.005,0.003,0.007,0.005
2025-11-06T04:30Z,2025-11-06,268.254,0.0,524.94,0.951,1570.0,0,0,0,0.051,0.05,0.068,0.007,0.012,0.007,0.003,0.009,0.008
2025-11-06T05:00Z,2025-11-06,258.89,0.0,424.936,0.917,1650.0,0,0,0,0.053,0.052,0.067,0.01,0.016,0.016,0.008,0.022,0.018
2025-11-06T05:30Z,2025-11-06,264.746,0.0,474.939,0.944,1390.0,0,0,0,0.097,0.156,0.154,0.01,0.013,0.055,0.002,0.008,0.037
2025-11-06T06:00Z,2025-11-06,260.17,0.0,424.958,0.924,1130.0,0,0,0,0.047,0.069,0.157,0.006,0.01,0.036,0.002,0.011,0.036
2025-11-06T06:30Z,2025-11-06,255.612,0.0,399.937,0.938,1205.0,0,0,0,0.058,0.056,0.149,0.008,0.019,0.077,0.002,0.019,0.064
2025-11-06T07:00Z,2025-11-06,236.132,0.0,299.877,0.951,1280.0,0,0,0,0.058,0.064,0.103,0.046,0.308,0.569,0.032,0.15,0.49
2025-11-06T07:30Z,2025-11-06,220.369,0.0,224.888,0.958,1390.0,0,0,0,0.07,0.059,0.115,0.393,0.583,0.774,0.274,0.528,0.572
2025-11-06T08:00Z,2025-11-06,218.079,0.037,224.851,0.917,1500.0,0,0,0,0.059,0.056,0.074,0.331,0.465,0.549,0.063,0.148,0.242
2025-11-06T09:30Z,2025-11-06,209.853,0.148,199.803,0.931,1140.0,0,0,0,0.038,0.034,0.059,0.061,0.08,0.154,0.005,0.04,0.123
2025-11-06T10:00Z,2025-11-06,213.461,0.107,199.876,0.924,1090.0,0,0,0,0.036,0.047,0.077,0.052,0.079,0.172,0.003,0.027,0.119
2025-11-06T10:30Z,2025-11-06,219.631,0.036,224.876,0.924,1185.0,0,0,0,0.034,0.043,0.107,0.041,0.05,0.183,0.002,0.022,0.103
2025-11-06T11:00Z,2025-11-06,225.619,0.0,249.877,0.938,1280.0,0,0,0,0.055,0.08,0.124,0.037,0.065,0.182,0.004,0.015,0.085
2025-11-06T11:30Z,2025-11-06,232.011,0.0,274.892,0.917,1215.0,0,0,0,0.024,0.016,0.046,0.016,0.019,0.032,0.001,0.003,0.015
2025-11-06T12:00Z,2025-11-06,246.334,0.0,349.895,0.889,1150.0,0,0,0,0.021,0.012,0.024,0.01,0.013,0.016,0.001,0.003,0.008
2025-11-06T12:30Z,2025-11-06,256.203,0.0,399.939,0.91,1350.0,0,0,0,0.029,0.02,0.029,0.011,0.023,0.028,0.002,0.005,0.009
2025-11-08T00:00Z,2025-11-08,282.503,0.0,725.0,0.208,1350.0,0,0,0,0.017,0.018,0.017,0.003,0.003,0.002,0.001,0.002,0.002
2025-11-08T00:30Z,2025-11-08,281.83,0.0,650.0,0.188,1230.0,0,0,0,0.014,0.012,0.017,0.003,0.003,0.002,0.001,0.001,0.003
2025-11-08T01:00Z,2025-11-08,281.83,0.0,650.0,0.25,1110.0,0,0,0,0.011,0.01,0.015,0.003,0.003,0.001,0.001,0.001,0.001
2025-11-08T01:30Z,2025-11-08,282.503,0.0,725.0,0.285,1125.0,0,0,0,0.008,0.006,0.01,0.002,0.002,0.001,0.001,0.001,0.001
2025-11-08T02:00Z,2025-11-08,283.506,0.0,750.0,0.25,1140.0,0,0,0,0.005,0.004,0.005,0.002,0.001,0.001,0.0,0.001,0.001
2025-11-08T02:30Z,2025-11-08,281.209,0.0,649.969,0.271,1020.0,0,0,0,0.004,0.003,0.005,0.002,0.001,0.001,0.0,0.001,0.001
2025-11-08T03:00Z,2025-11-08,281.056,0.0,625.0,0.271,900.0,0,0,0,0.006,0.004,0.007,0.002,0.002,0.001,0.001,0.001,0.002
2025-11-08T03:30Z,2025-11-08,279.903,0.0,624.97,0.236,550.0,0,0,0,0.004,0.004,0.007,0.002,0.003,0.003,0.001,0.004,0.002
2025-11-08T05:30Z,2025-11-08,278.82,0.0,599.979,0.292,115.0,0,0,0,0.004,0.004,0.005,0.002,0.003,0.001,0.001,0.002,0.001
2025-11-08T06:00Z,2025-11-08,279.87,0.0,624.963,0.264,70.0,0,0,0,0.005,0.005,0.008,0.002,0.003,0.002,0.001,0.003,0.002
2025-11-08T06:30Z,2025-11-08,280.387,0.0,624.976,0.292,55.0,0,0,0,0.002,0.002,0.004,0.001,0.002,0.001,0.001,0.001,0.001
2025-11-08T07:00Z,2025-11-08,279.619,0.0,624.957,0.319,40.0,0,0,0,0.001,0.002,0.003,0.001,0.001,0.001,0.0,0.0,0.001
2025-11-08T07:30Z,2025-11-08,279.581,0.0,624.953,0.333,30.0,0,0,0,0.002,0.001,0.003,0.001,0.001,0.001,0.0,0.001,0.001
2025-11-08T08:00Z,2025-11-08,279.867,0.0,624.969,0.382,20.0,0,0,0,0.002,0.002,0.004,0.002,0.001,0.001,0.0,0.001,0.001
2025-11-08T08:30Z,2025-11-08,280.805,0.0,625.0,0.368,20.0,0,0,0,0.002,0.002,0.007,0.001,0.002,0.001,0.0,0.001,0.001
2025-11-08T09:00Z,2025-11-08,280.646,0.0,649.952,0.375,20.0,0,0,0,0.003,0.002,0.005,0.002,0.002,0.001,0.001,0.001,0.001
2025-11-08T09:30Z,2025-11-08,280.822,0.0,649.965,0.368,30.0,0,0,0,0.004,0.003,0.006,0.003,0.002,0.002,0.001,0.002,0.002
2025-11-08T10:00Z,2025-11-08,279.681,0.0,624.965,0.299,40.0,0,0,0,0.006,0.003,0.007,0.003,0.002,0.002,0.001,0.002,0.002
2025-11-08T10:30Z,2025-11-08,281.061,0.0,625.0,0.285,50.0,0,0,0,0.006,0.003,0.008,0.003,0.002,0.002,0.001,0.001,0.001
2025-11-08T11:00Z,2025-11-08,280.665,0.0,649.961,0.319,60.0,0,0,0,0.005,0.003,0.005,0.002,0.002,0.002,0.0,0.001,0.001
2025-11-08T11:30Z,2025-11-08,281.437,0.0,649.978,0.271,260.0,0,0,0,0.005,0.003,0.005,0.002,0.002,0.002,0.001,0.001,0.002
2025-11-08T12:00Z,2025-11-08,280.774,0.0,649.961,0.257,460.0,0,0,0,0.005,0.003,0.006,0.002,0.002,0.002,0.0,0.001,0.002
2025-11-08T12:30Z,2025-11-08,283.08,0.0,725.0,0.264,545.0,0,0,0,0.005,0.003,0.006,0.002,0.002,0.002,0.001,0.001,0.002
2025-11-08T13:00Z,2025-11-08,283.726,0.0,750.0,0.208,630.0,0,0,0,0.005,0.003,0.006,0.002,0.002,0.002,0.001,0.002,0.002
2025-11-08T13:30Z,2025-11-08,285.099,0.0,775.028,0.208,600.0,0,0,0,0.005,0.003,0.006,0.003,0.002,0.002,0.001,0.001,0.002
2025-11-08T14:00Z,2025-11-08,287.994,0.0,775.077,0.188,570.0,0,0,0,0.005,0.003,0.006,0.003,0.002,0.002,0.001,0.001,0.002
2025-11-08T14:30Z,2025-11-08,290.844,0.0,775.148,0.174,505.0,0,0,0,0.005,0.003,0.006,0.002,0.002,0.002,0.001,0.001,0.002
2025-11-08T15:00Z,2025-11-08,289.974,0.0,775.126,0.181,440.0,0,0,0,0.004,0.003,0.005,0.002,0.002,0.002,0.001,0.002,0.002
2025-11-08T15:30Z,2025-11-08,288.73,0.0,775.072,0.208,500.0,0,0,0,0.004,0.002,0.006,0.002,0.003,0.002,0.001,0.002,0.002
2025-11-08T16:00Z,2025-11-08,284.483,0.0,774.972,0.229,560.0,0,0,0,0.004,0.002,0.006,0.002,0.002,0.002,0.001,0.002,0.002
2025-11-08T16:30Z,2025-11-08,280.678,0.0,649.961,0.243,625.0,0,0,0,0.004,0.002,0.006,0.006,0.007,0.005,0.002,0.003,0.003
2025-11-08T17:00Z,2025-11-08,280.199,0.0,624.974,0.278,690.0,0,0,0,0.004,0.003,0.006,0.002,0.002,0.001,0.001,0.001,0.001
2025-11-08T19:30Z,2025-11-08,283.292,0.0,749.969,0.354,205.0,0,0,0,0.002,0.002,0.003,0.001,0.002,0.001,0.001,0.001,0.001
2025-11-08T20:00Z,2025-11-08,282.685,0.0,725.0,0.368,180.0,0,0,0,0.002,0.003,0.003,0.001,0.002,0.001,0.001,0.001,0.001
2025-11-08T20:30Z,2025-11-08,283.324,0.0,725.0,0.403,195.0,0,0,0,0.003,0.003,0.004,0.001,0.002,0.001,0.001,0.001,0.001
2025-11-08T21:00Z,2025-11-08,280.735,0.0,649.96,0.389,210.0,0,0,0,0.003,0.003,0.006,0.001,0.002,0.002,0.001,0.001,0.002
2025-11-08T21:30Z,2025-11-08,280.915,0.0,649.966,0.424,220.0,0,0,0,0.004,0.002,0.006,0.001,0.002,0.002,0.001,0.001,0.002
2025-11-08T22:00Z,2025-11-08,280.928,0.0,649.962,0.417,230.0,0,0,0,0.004,0.003,0.006,0.001,0.001,0.002,0.0,0.001,0.002
2025-11-08T22:30Z,2025-11-08,280.359,0.0,625.0,0.451,280.0,0,0,0,0.006,0.006,0.01,0.002,0.002,0.002,0.001,0.001,0.002
2025-11-08T23:00Z,2025-11-08,279.938,0.0,624.975,0.444,330.0,0,0,0,0.007,0.007,0.011,0.002,0.002,0.002,0.001,0.001,0.002
2025-11-08T23:30Z,2025-11-08,280.785,0.0,649.959,0.444,895.0,0,0,0,0.028,0.027,0.04,0.003,0.003,0.004,0.001,0.002,0.003
2025-11-10T00:00Z,2025-11-10,277.918,0.0,624.96,0.625,1260.0,0,0,0,0.008,0.008,0.011,0.001,0.001,0.003,0.001,0.002,0.002
2025-11-10T00:30Z,2025-11-10,277.52,0.0,624.951,0.625,1110.0,0,0,0,0.006,0.007,0.01,0.001,0.001,0.003,0.001,0.002,0.004
2025-11-10T01:00Z,2025-11-10,277.485,0.0,624.948,0.632,960.0,0,0,0,0.006,0.006,0.009,0.001,0.001,0.003,0.001,0.002,0.003
2025-11-10T01:30Z,2025-11-10,278.593,0.0,625.0,0.611,1095.0,0,0,0,0.003,0.005,0.012,0.0,0.001,0.003,0.001,0.002,0.003
2025-11-10T02:00Z,2025-11-10,277.772,0.0,624.969,0.66,1230.0,0,0,0,0.004,0.005,0.013,0.001,0.001,0.004,0.001,0.002,0.003
2025-11-10T02:30Z,2025-11-10,278.835,0.0,625.0,0.639,1170.0,0,0,0,0.003,0.005,0.013,0.0,0.001,0.003,0.001,0.001,0.003
2025-11-10T03:00Z,2025-11-10,279.252,0.0,650.0,0.66,1110.0,0,0,0,0.003,0.005,0.015,0.001,0.001,0.004,0.001,0.002,0.004
2025-11-10T03:30Z,2025-11-10,279.252,0.0,649.982,0.66,865.0,0,0,0,0.003,0.004,0.009,0.001,0.001,0.003,0.001,0.001,0.003
2025-11-10T04:00Z,2025-11-10,279.053,0.0,649.956,0.611,620.0,0,0,0,0.003,0.003,0.006,0.0,0.001,0.002,0.0,0.002,0.002
2025-11-10T04:30Z,2025-11-10,280.034,0.0,674.966,0.625,570.0,0,0,0,0.003,0.004,0.008,0.001,0.001,0.003,0.001,0.003,0.004
2025-11-10T05:00Z,2025-11-10,280.156,0.0,674.975,0.639,520.0,0,0,0,0.003,0.004,0.006,0.001,0.001,0.003,0.001,0.003,0.003
2025-11-10T05:30Z,2025-11-10,280.035,0.0,674.972,0.639,535.0,0,0,0,0.004,0.005,0.008,0.001,0.001,0.004,0.001,0.004,0.005
2025-11-10T06:00Z,2025-11-10,278.663,0.0,649.967,0.674,550.0,0,0,0,0.005,0.006,0.009,0.001,0.002,0.004,0.001,0.004,0.005
2025-11-10T06:30Z,2025-11-10,278.682,0.0,625.0,0.708,570.0,0,0,0,0.006,0.007,0.015,0.001,0.001,0.004,0.001,0.004,0.005
2025-11-10T07:00Z,2025-11-10,267.411,0.0,499.951,0.722,590.0,0,0,0,0.006,0.007,0.016,0.001,0.003,0.007,0.002,0.007,0.009
2025-11-10T07:30Z,2025-11-10,275.696,0.0,599.944,0.708,610.0,0,0,0,0.008,0.008,0.015,0.002,0.002,0.007,0.002,0.004,0.006
2025-11-10T08:00Z,2025-11-10,272.686,0.0,549.97,0.688,630.0,0,0,0,0.008,0.009,0.012,0.003,0.002,0.006,0.003,0.004,0.005
2025-11-10T08:30Z,2025-11-10,269.58,0.0,524.951,0.674,690.0,0,0,0,0.008,0.009,0.012,0.002,0.002,0.007,0.002,0.003,0.006
2025-11-10T09:00Z,2025-11-10,255.007,0.0,399.947,0.674,750.0,0,0,0,0.008,0.008,0.011,0.001,0.004,0.01,0.001,0.008,0.009
2025-11-10T09:30Z,2025-11-10,255.039,0.0,399.95,0.639,680.0,0,0,0,0.007,0.007,0.01,0.001,0.001,0.006,0.001,0.003,0.004
2025-11-10T10:00Z,2025-11-10,261.208,0.0,449.942,0.632,610.0,0,0,0,0.005,0.006,0.009,0.001,0.001,0.003,0.001,0.002,0.002
2025-11-10T10:30Z,2025-11-10,264.722,0.0,474.953,0.625,605.0,0,0,0,0.006,0.007,0.01,0.002,0.001,0.003,0.003,0.003,0.003
2025-11-10T11:00Z,2025-11-10,266.256,0.0,499.924,0.611,600.0,0,0,0,0.006,0.007,0.01,0.002,0.001,0.003,0.001,0.003,0.003
2025-11-10T11:30Z,2025-11-10,275.577,0.0,599.951,0.611,600.0,0,0,0,0.005,0.008,0.014,0.001,0.001,0.004,0.001,0.003,0.004
2025-11-10T12:00Z,2025-11-10,274.837,0.0,574.975,0.604,600.0,0,0,0,0.005,0.008,0.014,0.001,0.001,0.003,0.001,0.002,0.003
2025-11-10T12:30Z,2025-11-10,274.354,0.0,574.963,0.59,695.0,0,0,0,0.004,0.007,0.013,0.001,0.001,0.003,0.001,0.003,0.004
2025-11-10T13:00Z,2025-11-10,276.172,0.0,599.973,0.597,790.0,0,0,0,0.004,0.006,0.009,0.001,0.001,0.003,0.001,0.002,0.003
2025-11-10T13:30Z,2025-11-10,272.64,0.0,549.967,0.639,875.0,0,0,0,0.004,0.008,0.014,0.001,0.001,0.003,0.001,0.002,0.002
2025-11-10T14:00Z,2025-11-10,260.855,0.0,449.924,0.66,960.0,0,0,0,0.004,0.006,0.017,0.001,0.002,0.006,0.001,0.004,0.005
2025-11-10T14:30Z,2025-11-10,233.224,0.0,274.935,0.681,1000.0,0,0,0,0.006,0.01,0.028,0.003,0.008,0.023,0.003,0.012,0.018
2025-11-10T15:00Z,2025-11-10,227.968,0.0,249.935,0.681,1040.0,0,0,0,0.006,0.01,0.028,0.01,0.011,0.02,0.016,0.015,0.022
2025-11-10T15:30Z,2025-11-10,232.25,0.0,274.918,0.688,970.0,0,0,0,0.005,0.011,0.025,0.003,0.002,0.007,0.001,0.003,0.004
2025-11-10T16:00Z,2025-11-10,238.035,0.0,299.93,0.694,900.0,0,0,0,0.004,0.007,0.011,0.002,0.002,0.005,0.001,0.003,0.003
2025-11-10T16:30Z,2025-11-10,258.949,0.0,424.948,0.694,925.0,0,0,0,0.004,0.005,0.011,0.001,0.002,0.004,0.001,0.002,0.003
2025-11-10T17:00Z,2025-11-10,260.386,0.0,449.916,0.729,950.0,0,0,0,0.005,0.005,0.009,0.001,0.001,0.003,0.001,0.002,0.003
2025-11-10T19:30Z,2025-11-10,270.758,0.0,549.941,0.799,975.0,0,0,0,0.006,0.008,0.013,0.001,0.001,0.004,0.001,0.002,0.004
2025-11-10T20:00Z,2025-11-10,272.584,0.0,574.956,0.799,990.0,0,0,0,0.007,0.008,0.012,0.001,0.001,0.003,0.001,0.002,0.003
2025-11-10T20:30Z,2025-11-10,272.978,0.0,574.965,0.785,1040.0,0,0,0,0.009,0.009,0.012,0.001,0.001,0.003,0.001,0.002,0.003
2025-11-10T21:00Z,2025-11-10,272.374,0.0,550.0,0.757,1090.0,0,0,0,0.008,0.01,0.013,0.001,0.001,0.004,0.001,0.003,0.003
2025-11-10T21:30Z,2025-11-10,272.374,0.0,550.0,0.75,1140.0,0,0,0,0.009,0.009,0.012,0.001,0.001,0.004,0.001,0.002,0.004
2025-11-10T22:00Z,2025-11-10,273.826,0.0,599.946,0.75,1190.0,0,0,0,0.01,0.009,0.013,0.001,0.001,0.004,0.001,0.002,0.004
2025-11-10T22:30Z,2025-11-10,273.556,0.0,599.94,0.715,1170.0,0,0,0,0.009,0.009,0.012,0.001,0.001,0.003,0.001,0.003,0.004
2025-11-10T23:00Z,2025-11-10,272.784,0.0,550.0,0.708,1150.0,0,0,0,0.008,0.009,0.016,0.001,0.001,0.004,0.002,0.004,0.004
2025-11-10T23:30Z,2025-11-10,273.216,0.0,574.949,0.75,1375.0,0,0,0,0.017,0.013,0.018,0.001,0.002,0.004,0.001,0.003,0.004
2025-11-12T00:00Z,2025-11-12,288.528,0.0,775.036,0.229,1570.0,0,0,0,0.03,0.036,0.046,0.004,0.006,0.009,0.003,0.006,0.008
2025-11-12T00:30Z,2025-11-12,289.476,0.0,775.058,0.25,1575.0,0,0,0,0.025,0.035,0.047,0.003,0.005,0.009,0.002,0.005,0.008
2025-11-12T01:00Z,2025-11-12,289.381,0.0,775.058,0.146,1580.0,0,0,0,0.024,0.034,0.047,0.002,0.005,0.009,0.001,0.005,0.007
2025-11-12T01:30Z,2025-11-12,289.872,0.0,775.079,0.167,1490.0,0,0,0,0.012,0.016,0.028,0.002,0.004,0.008,0.002,0.005,0.006
2025-11-12T02:00Z,2025-11-12,291.289,0.0,775.157,0.132,1400.0,0,0,0,0.008,0.008,0.018,0.001,0.002,0.004,0.001,0.004,0.004
2025-11-12T02:30Z,2025-11-12,291.119,0.0,775.101,0.111,1385.0,0,0,0,0.007,0.007,0.016,0.001,0.002,0.005,0.001,0.004,0.004
2025-11-12T03:00Z,2025-11-12,285.469,0.0,750.0,0.181,1370.0,0,0,0,0.007,0.007,0.016,0.001,0.006,0.013,0.002,0.012,0.017
2025-11-12T03:30Z,2025-11-12,285.468,0.0,774.965,0.236,1320.0,0,0,0,0.008,0.007,0.017,0.002,0.003,0.005,0.002,0.005,0.005
2025-11-12T04:00Z,2025-11-12,286.721,0.0,775.019,0.243,1270.0,0,0,0,0.004,0.006,0.015,0.001,0.002,0.004,0.001,0.002,0.003
2025-11-12T04:30Z,2025-11-12,284.111,0.0,749.973,0.299,1195.0,0,0,0,0.003,0.004,0.008,0.001,0.001,0.003,0.001,0.003,0.005
2025-11-12T05:00Z,2025-11-12,285.421,0.0,774.965,0.306,1120.0,0,0,0,0.003,0.004,0.007,0.001,0.001,0.003,0.001,0.002,0.003
2025-11-12T05:30Z,2025-11-12,282.328,0.0,699.976,0.361,1305.0,0,0,0,0.005,0.005,0.009,0.001,0.002,0.004,0.002,0.003,0.004
2025-11-12T06:00Z,2025-11-12,283.533,0.0,724.978,0.389,1490.0,0,0,0,0.005,0.005,0.01,0.001,0.002,0.004,0.002,0.003,0.004
2025-11-12T06:30Z,2025-11-12,285.309,0.0,750.0,0.417,1480.0,0,0,0,0.004,0.004,0.012,0.001,0.001,0.003,0.001,0.002,0.003
2025-11-12T07:00Z,2025-11-12,285.683,0.0,774.972,0.444,1470.0,0,0,0,0.004,0.006,0.018,0.001,0.001,0.004,0.001,0.002,0.003
2025-11-12T07:30Z,2025-11-12,283.163,0.0,724.966,0.493,1460.0,0,0,0,0.005,0.007,0.023,0.001,0.001,0.007,0.001,0.003,0.006
2025-11-12T08:00Z,2025-11-12,284.328,0.0,725.0,0.472,1450.0,0,0,0,0.008,0.012,0.019,0.001,0.003,0.008,0.001,0.004,0.008
2025-11-12T08:30Z,2025-11-12,285.417,0.0,774.963,0.493,1440.0,0,0,0,0.007,0.012,0.025,0.002,0.003,0.007,0.003,0.004,0.006
2025-11-12T09:00Z,2025-11-12,285.664,0.0,774.979,0.556,1430.0,0,0,0,0.007,0.012,0.031,0.002,0.002,0.008,0.002,0.003,0.006
2025-11-12T09:30Z,2025-11-12,285.152,0.0,774.964,0.569,1315.0,0,0,0,0.005,0.01,0.026,0.001,0.001,0.006,0.001,0.003,0.005
2025-11-12T10:00Z,2025-11-12,283.301,0.0,724.974,0.535,1200.0,0,0,0,0.003,0.007,0.023,0.001,0.001,0.007,0.001,0.002,0.007
2025-11-12T10:30Z,2025-11-12,284.763,0.0,749.976,0.5,1110.0,0,0,0,0.003,0.006,0.02,0.001,0.001,0.005,0.001,0.002,0.004
2025-11-12T11:00Z,2025-11-12,286.061,0.0,774.981,0.507,1020.0,0,0,0,0.004,0.008,0.014,0.001,0.001,0.003,0.001,0.002,0.004
2025-11-12T11:30Z,2025-11-12,283.752,0.0,724.98,0.514,1165.0,0,0,0,0.003,0.006,0.013,0.001,0.002,0.005,0.002,0.003,0.007
2025-11-12T12:00Z,2025-11-12,283.567,0.0,724.973,0.5,1310.0,0,0,0,0.004,0.005,0.011,0.001,0.002,0.004,0.002,0.004,0.007
2025-11-12T12:30Z,2025-11-12,282.013,0.0,699.971,0.486,1185.0,0,0,0,0.002,0.004,0.008,0.001,0.001,0.003,0.002,0.003,0.004
2025-11-12T13:00Z,2025-11-12,283.974,0.0,725.0,0.493,1060.0,0,0,0,0.002,0.004,0.008,0.001,0.001,0.003,0.001,0.002,0.003
2025-11-12T13:30Z,2025-11-12,283.284,0.0,700.0,0.458,1105.0,0,0,0,0.002,0.003,0.006,0.0,0.001,0.002,0.0,0.002,0.003
2025-11-12T14:00Z,2025-11-12,283.291,0.0,724.973,0.396,1150.0,0,0,0,0.002,0.004,0.006,0.001,0.001,0.002,0.001,0.001,0.002
2025-11-12T14:30Z,2025-11-12,282.99,0.0,700.0,0.403,1070.0,0,0,0,0.002,0.004,0.007,0.001,0.001,0.002,0.001,0.001,0.002
2025-11-12T15:00Z,2025-11-12,283.212,0.0,724.971,0.382,990.0,0,0,0,0.005,0.009,0.02,0.001,0.002,0.005,0.001,0.002,0.004
2025-11-12T15:30Z,2025-11-12,283.102,0.0,724.968,0.382,965.0,0,0,0,0.004,0.008,0.018,0.001,0.002,0.006,0.001,0.003,0.005
2025-11-12T16:00Z,2025-11-12,281.062,0.0,699.953,0.375,940.0,0,0,0,0.002,0.005,0.016,0.001,0.001,0.005,0.001,0.002,0.004
2025-11-12T16:30Z,2025-11-12,280.747,0.0,674.981,0.375,850.0,0,0,0,0.003,0.007,0.012,0.001,0.002,0.004,0.001,0.002,0.004
2025-11-12T17:00Z,2025-11-12,280.133,0.0,674.974,0.424,760.0,0,0,0,0.004,0.006,0.006,0.001,0.001,0.003,0.001,0.002,0.003
2025-11-12T18:30Z,2025-11-12,282.856,0.0,700.0,0.34,1090.0,0,0,0,0.005,0.01,0.017,0.001,0.002,0.005,0.001,0.003,0.005
2025-11-12T19:00Z,2025-11-12,282.632,0.0,724.962,0.319,970.0,0,0,0,0.006,0.009,0.017,0.001,0.002,0.005,0.001,0.003,0.004
2025-11-12T19:30Z,2025-11-12,285.614,0.0,774.965,0.34,930.0,0,0,0,0.005,0.008,0.017,0.001,0.002,0.004,0.001,0.002,0.004
2025-11-12T20:00Z,2025-11-12,282.949,0.0,724.972,0.458,890.0,0,0,0,0.005,0.009,0.013,0.001,0.001,0.004,0.0,0.001,0.003
2025-11-12T20:30Z,2025-11-12,282.694,0.0,724.964,0.41,955.0,0,0,0,0.006,0.009,0.014,0.001,0.001,0.004,0.0,0.001,0.002
2025-11-12T21:00Z,2025-11-12,277.465,0.0,624.976,0.41,1020.0,0,0,0,0.007,0.01,0.012,0.001,0.001,0.005,0.0,0.002,0.003
2025-11-12T21:30Z,2025-11-12,282.624,0.0,724.961,0.389,875.0,0,0,0,0.007,0.009,0.014,0.001,0.001,0.004,0.001,0.002,0.004
2025-11-12T22:00Z,2025-11-12,280.593,0.0,674.97,0.451,730.0,0,0,0,0.01,0.009,0.009,0.001,0.001,0.004,0.001,0.003,0.004
2025-11-12T22:30Z,2025-11-12,280.343,0.0,674.963,0.403,685.0,0,0,0,0.013,0.012,0.01,0.002,0.001,0.005,0.001,0.003,0.004
2025-11-12T23:00Z,2025-11-12,280.943,0.0,674.98,0.41,640.0,0,0,0,0.013,0.013,0.014,0.002,0.001,0.004,0.001,0.002,0.003
2025-11-12T23:30Z,2025-11-12,282.038,0.0,699.976,0.424,705.0,0,0,0,0.01,0.011,0.011,0.001,0.001,0.005,0.001,0.003,0.004
2025-11-14T00:00Z,2025-11-14,283.669,0.0,700.0,0.222,0.0,0,0,0,0.001,0.001,0.002,0.001,0.001,0.0,0.001,0.001,0.001
2025-11-14T00:30Z,2025-11-14,282.82,0.0,699.976,0.312,0.0,0,0,0,0.001,0.001,0.002,0.001,0.001,0.001,0.001,0.0,0.001
2025-11-14T01:00Z,2025-11-14,282.678,0.0,699.972,0.278,0.0,0,0,0,0.001,0.001,0.002,0.001,0.001,0.001,0.0,0.0,0.001
2025-11-14T01:30Z,2025-11-14,283.639,0.0,724.966,0.271,0.0,0,0,0,0.001,0.001,0.001,0.001,0.001,0.0,0.0,0.0,0.0
2025-11-14T02:00Z,2025-11-14,277.612,0.0,624.971,0.229,0.0,0,0,0,0.001,0.001,0.001,0.001,0.001,0.001,0.001,0.001,0.001
2025-11-14T02:30Z,2025-11-14,282.827,0.0,699.98,0.229,0.0,0,0,0,0.002,0.001,0.002,0.001,0.001,0.001,0.0,0.001,0.001
2025-11-14T03:00Z,2025-11-14,281.427,0.0,674.977,0.208,0.0,0,0,0,0.001,0.001,0.002,0.001,0.001,0.001,0.001,0.001,0.001
2025-11-14T03:30Z,2025-11-14,279.7,0.0,649.978,0.243,0.0,0,0,0,0.001,0.001,0.001,0.001,0.001,0.0,0.0,0.001,0.001
2025-11-14T04:00Z,2025-11-14,282.562,0.0,675.0,0.278,0.0,0,0,0,0.001,0.001,0.001,0.001,0.001,0.0,0.0,0.0,0.0
2025-11-14T04:30Z,2025-11-14,282.666,0.0,699.972,0.299,0.0,0,0,0,0.001,0.001,0.001,0.001,0.001,0.0,0.001,0.0,0.0
2025-11-14T05:00Z,2025-11-14,284.166,0.0,724.974,0.326,0.0,0,0,0,0.001,0.001,0.001,0.001,0.001,0.0,0.001,0.0,0.001
2025-11-14T05:30Z,2025-11-14,286.538,0.0,774.974,0.306,0.0,0,0,0,0.001,0.001,0.001,0.001,0.001,0.001,0.001,0.001,0.001
2025-11-14T06:00Z,2025-11-14,286.922,0.0,774.984,0.312,0.0,0,0,0,0.001,0.002,0.002,0.001,0.001,0.001,0.001,0.001,0.001
2025-11-14T06:30Z,2025-11-14,286.665,0.0,774.995,0.34,0.0,0,0,0,0.001,0.002,0.002,0.001,0.001,0.001,0.001,0.001,0.001
2025-11-14T07:00Z,2025-11-14,287.885,0.0,775.029,0.306,0.0,0,0,0,0.001,0.002,0.002,0.001,0.002,0.001,0.001,0.001,0.001
2025-11-14T07:30Z,2025-11-14,287.165,0.0,774.984,0.292,0.0,0,0,0,0.002,0.003,0.003,0.002,0.002,0.001,0.001,0.001,0.001
2025-11-14T08:00Z,2025-11-14,289.304,0.0,775.038,0.285,0.0,0,0,0,0.002,0.003,0.003,0.002,0.002,0.001,0.001,0.001,0.001
2025-11-14T08:30Z,2025-11-14,290.203,0.0,775.063,0.25,5.0,0,0,0,0.002,0.003,0.003,0.002,0.002,0.001,0.001,0.001,0.001
2025-11-14T09:00Z,2025-11-14,,,,0.188,10.0,0,0,0,0.002,0.003,0.002,0.002,0.002,0.001,0.001,0.001,0.001
2025-11-14T09:30Z,2025-11-14,,,,0.188,5.0,0,0,0,0.001,0.002,0.002,0.002,0.001,0.001,0.001,0.001,0.001
2025-11-14T10:00Z,2025-11-14,,,,0.194,0.0,0,0,0,0.001,0.002,0.002,0.001,0.001,0.001,0.0,0.001,0.001
2025-11-14T10:30Z,2025-11-14,,,,0.222,0.0,0,0,0,0.001,0.002,0.002,0.002,0.001,0.001,0.001,0.001,0.001
2025-11-14T11:00Z,2025-11-14,,,,0.208,0.0,0,0,0,0.002,0.002,0.003,0.002,0.002,0.001,0.001,0.001,0.001
2025-11-14T11:30Z,2025-11-14,,,,0.229,5.0,0,0,0,0.002,0.002,0.002,0.002,0.002,0.001,0.001,0.001,0.001
2025-11-14T12:00Z,2025-11-14,,,,0.229,10.0,0,0,0,0.002,0.002,0.002,0.003,0.002,0.001,0.002,0.001,0.001
2025-11-14T12:30Z,2025-11-14,,,,0.271,5.0,0,0,0,0.002,0.002,0.002,0.002,0.002,0.0,0.001,0.001,0.001
2025-11-14T13:00Z,2025-11-14,,,,0.278,0.0,0,0,0,0.002,0.002,0.003,0.002,0.002,0.0,0.001,0.001,0.001
2025-11-14T13:30Z,2025-11-14,291.306,0.0,775.064,0.312,0.0,0,0,0,0.002,0.002,0.002,0.002,0.002,0.001,0.003,0.002,0.001
2025-11-14T14:00Z,2025-11-14,291.367,0.0,775.05,0.368,0.0,0,0,0,0.002,0.003,0.003,0.003,0.002,0.001,0.002,0.001,0.001
2025-11-14T14:30Z,2025-11-14,290.095,0.0,775.026,0.396,0.0,0,0,0,0.002,0.002,0.002,0.002,0.002,0.0,0.001,0.001,0.001
2025-11-14T15:00Z,2025-11-14,289.103,0.0,775.007,0.403,0.0,0,0,0,0.002,0.002,0.002,0.002,0.002,0.001,0.003,0.002,0.001
2025-11-14T15:30Z,2025-11-14,284.637,0.0,749.952,0.438,5.0,0,0,0,0.002,0.002,0.002,0.003,0.002,0.001,0.003,0.002,0.001
2025-11-14T16:00Z,2025-11-14,277.297,0.0,624.977,0.444,10.0,0,0,0,0.002,0.002,0.003,0.002,0.003,0.001,0.001,0.002,0.002
2025-11-14T16:30Z,2025-11-14,274.863,0.0,599.967,0.444,20.0,0,0,0,0.002,0.003,0.003,0.002,0.003,0.001,0.002,0.002,0.001
2025-11-14T17:00Z,2025-11-14,275.944,0.0,600.0,0.465,30.0,0,0,0,0.002,0.003,0.003,0.002,0.002,0.001,0.002,0.001,0.001
2025-11-14T18:00Z,2025-11-14,282.888,0.0,724.949,0.5,30.0,0,0,0,0.002,0.002,0.002,0.002,0.002,0.001,0.003,0.001,0.001
2025-11-14T18:30Z,2025-11-14,281.257,0.0,699.946,0.479,25.0,0,0,0,0.002,0.002,0.003,0.002,0.001,0.002,0.001,0.001,0.002
2025-11-14T19:00Z,2025-11-14,282.452,0.0,699.965,0.479,20.0,0,0,0,0.002,0.002,0.003,0.002,0.002,0.001,0.002,0.001,0.001
2025-11-14T19:30Z,2025-11-14,281.158,0.0,674.972,0.507,20.0,0,0,0,0.002,0.002,0.003,0.002,0.002,0.001,0.002,0.001,0.001
2025-11-14T20:00Z,2025-11-14,285.318,0.0,749.97,0.528,20.0,0,0,0,0.002,0.002,0.003,0.002,0.001,0.001,0.002,0.001,0.001
2025-11-14T20:30Z,2025-11-14,283.78,0.0,724.974,0.542,20.0,0,0,0,0.002,0.002,0.003,0.002,0.001,0.001,0.002,0.001,0.001
2025-11-14T21:00Z,2025-11-14,283.315,0.0,724.962,0.556,20.0,0,0,0,0.002,0.003,0.004,0.001,0.001,0.001,0.001,0.001,0.001
2025-11-14T21:30Z,2025-11-14,277.521,0.0,649.959,0.59,20.0,0,0,0,0.002,0.003,0.004,0.001,0.002,0.001,0.001,0.001,0.001
2025-11-14T22:00Z,2025-11-14,273.38,0.0,599.948,0.604,20.0,0,0,0,0.002,0.003,0.004,0.002,0.002,0.001,0.001,0.001,0.001
2025-11-14T22:30Z,2025-11-14,255.007,0.0,399.93,0.583,15.0,0,0,0,0.002,0.003,0.004,0.002,0.002,0.002,0.001,0.001,0.004
2025-11-14T23:00Z,2025-11-14,250.107,0.0,374.9,0.59,10.0,0,0,0,0.003,0.004,0.004,0.004,0.005,0.002,0.002,0.003,0.004
2025-11-14T23:30Z,2025-11-14,256.494,0.0,399.962,0.597,5.0,0,0,0,0.002,0.003,0.004,0.005,0.01,0.01,0.002,0.005,0.009
2025-11-16T00:00Z,2025-11-16,232.14,0.0,274.909,0.701,740.0,0,0,0,0.001,0.002,0.004,0.001,0.002,0.002,0.001,0.001,0.003
2025-11-16T00:30Z,2025-11-16,242.382,0.0,324.92,0.722,535.0,0,0,0,0.002,0.002,0.004,0.003,0.004,0.011,0.002,0.004,0.014
2025-11-16T01:00Z,2025-11-16,240.336,0.0,324.883,0.729,330.0,0,0,0,0.002,0.002,0.005,0.006,0.009,0.02,0.002,0.003,0.015
2025-11-16T01:30Z,2025-11-16,235.884,0.0,299.885,0.75,330.0,0,0,0,0.002,0.002,0.004,0.002,0.004,0.006,0.001,0.002,0.006
2025-11-16T02:00Z,2025-11-16,242.068,0.0,324.905,0.736,330.0,0,0,0,0.002,0.002,0.003,0.002,0.002,0.003,0.001,0.001,0.004
2025-11-16T02:30Z,2025-11-16,236.657,0.0,299.899,0.729,245.0,0,0,0,0.001,0.001,0.003,0.004,0.006,0.012,0.003,0.003,0.01
2025-11-16T03:00Z,2025-11-16,228.636,0.0,249.94,0.757,160.0,0,0,0,0.001,0.002,0.003,0.014,0.025,0.022,0.009,0.015,0.019
2025-11-16T03:30Z,2025-11-16,227.534,0.0,249.921,0.75,90.0,0,0,0,0.001,0.002,0.004,0.003,0.005,0.005,0.002,0.004,0.007
2025-11-16T04:00Z,2025-11-16,226.89,0.0,249.909,0.785,20.0,0,0,0,0.001,0.002,0.005,0.003,0.003,0.005,0.002,0.003,0.006
2025-11-16T04:30Z,2025-11-16,227.393,0.0,249.918,0.868,20.0,0,0,0,0.002,0.002,0.006,0.003,0.004,0.005,0.001,0.004,0.007
2025-11-16T05:00Z,2025-11-16,229.303,0.0,274.856,0.84,20.0,0,0,0,0.002,0.003,0.006,0.003,0.004,0.004,0.002,0.003,0.006
2025-11-16T05:30Z,2025-11-16,227.527,0.0,249.916,0.861,220.0,0,0,0,0.002,0.002,0.005,0.003,0.002,0.004,0.001,0.002,0.005
2025-11-16T06:00Z,2025-11-16,228.559,0.0,249.934,0.875,420.0,0,0,0,0.003,0.003,0.004,0.005,0.005,0.004,0.002,0.003,0.004
2025-11-16T06:30Z,2025-11-16,232.2,0.0,274.902,0.868,225.0,0,0,0,0.003,0.003,0.005,0.006,0.004,0.003,0.002,0.002,0.003
2025-11-16T07:00Z,2025-11-16,233.477,0.0,274.925,0.903,30.0,0,0,0,0.003,0.002,0.004,0.008,0.006,0.007,0.004,0.002,0.004
2025-11-16T07:30Z,2025-11-16,233.866,0.0,274.932,0.91,30.0,0,0,0,0.003,0.003,0.004,0.007,0.004,0.003,0.001,0.001,0.003
2025-11-16T08:00Z,2025-11-16,228.611,0.0,249.932,0.91,30.0,0,0,0,0.003,0.002,0.004,0.005,0.004,0.004,0.002,0.002,0.007
2025-11-16T08:30Z,2025-11-16,223.958,0.0,249.852,0.91,25.0,0,0,0,0.005,0.004,0.011,0.011,0.016,0.013,0.006,0.009,0.016
2025-11-16T09:00Z,2025-11-16,224.01,0.0,249.854,0.889,20.0,0,0,0,0.011,0.01,0.018,0.016,0.012,0.01,0.006,0.009,0.011
2025-11-16T09:30Z,2025-11-16,225.687,0.0,249.883,0.903,40.0,0,0,0,0.011,0.009,0.019,0.011,0.01,0.011,0.012,0.01,0.015
2025-11-16T10:00Z,2025-11-16,223.204,0.0,249.84,0.931,60.0,0,0,0,0.004,0.004,0.009,0.01,0.005,0.005,0.005,0.004,0.006
2025-11-16T10:30Z,2025-11-16,222.148,0.0,224.921,0.917,35.0,0,0,0,0.003,0.004,0.008,0.009,0.006,0.006,0.003,0.002,0.006
2025-11-16T11:00Z,2025-11-16,224.114,0.0,249.852,0.924,10.0,0,0,0,0.002,0.002,0.004,0.011,0.006,0.005,0.002,0.002,0.004
2025-11-16T11:30Z,2025-11-16,225.35,0.0,249.873,0.924,100.0,0,0,0,0.004,0.002,0.005,0.012,0.008,0.005,0.003,0.004,0.004
2025-11-16T12:00Z,2025-11-16,228.867,0.0,249.934,0.938,190.0,0,0,0,0.003,0.002,0.006,0.004,0.003,0.003,0.001,0.001,0.004
2025-11-16T12:30Z,2025-11-16,229.812,0.0,274.858,0.931,120.0,0,0,0,0.004,0.003,0.007,0.006,0.004,0.004,0.001,0.001,0.003
2025-11-16T13:00Z,2025-11-16,218.449,0.036,224.857,0.924,50.0,0,0,0,0.007,0.005,0.011,0.01,0.011,0.011,0.002,0.004,0.01
2025-11-16T13:30Z,2025-11-16,214.167,0.036,199.891,0.924,55.0,0,0,0,0.004,0.003,0.007,0.019,0.014,0.014,0.006,0.006,0.016
2025-11-16T14:00Z,2025-11-16,212.138,0.071,199.859,0.931,60.0,0,0,0,0.004,0.003,0.007,0.021,0.014,0.057,0.004,0.007,0.031
2025-11-16T14:30Z,2025-11-16,211.048,0.179,199.838,0.944,65.0,0,0,0,0.005,0.003,0.008,0.045,0.038,0.149,0.011,0.017,0.08
2025-11-16T15:00Z,2025-11-16,208.635,0.179,199.794,0.938,70.0,0,0,0,0.004,0.003,0.008,0.18,0.218,0.306,0.04,0.069,0.113
2025-11-16T15:30Z,2025-11-16,203.171,0.25,174.796,0.903,40.0,0,0,0,0.004,0.003,0.009,0.188,0.245,0.323,0.106,0.102,0.109
2025-11-16T16:00Z,2025-11-16,206.655,0.37,174.88,0.861,10.0,0,0,0,0.004,0.003,0.008,0.171,0.191,0.274,0.054,0.064,0.099
2025-11-16T16:30Z,2025-11-16,207.801,0.321,174.908,0.826,10.0,0,0,0,0.004,0.002,0.008,0.127,0.095,0.155,0.023,0.036,0.061
2025-11-16T17:00Z,2025-11-16,211.327,0.393,199.824,0.833,10.0,0,0,0,0.004,0.003,0.007,0.108,0.082,0.144,0.019,0.033,0.064
2025-11-16T18:00Z,2025-11-16,211.404,0.357,199.826,0.854,460.0,0,0,0,0.01,0.006,0.013,0.103,0.15,0.179,0.022,0.032,0.061
2025-11-16T18:30Z,2025-11-16,211.872,0.179,199.836,0.882,385.0,0,0,0,0.009,0.005,0.011,0.124,0.094,0.185,0.014,0.024,0.062
2025-11-16T19:00Z,2025-11-16,211.815,0.179,199.835,0.875,310.0,0,0,0,0.013,0.007,0.012,0.127,0.1,0.181,0.027,0.034,0.079
2025-11-16T19:30Z,2025-11-16,209.867,0.25,199.807,0.903,195.0,0,0,0,0.014,0.007,0.015,0.099,0.092,0.183,0.01,0.021,0.068
2025-11-16T20:00Z,2025-11-16,205.941,0.321,174.854,0.931,80.0,0,0,0,0.014,0.007,0.014,0.103,0.082,0.195,0.013,0.023,0.07
2025-11-16T20:30Z,2025-11-16,205.301,0.321,174.839,0.965,240.0,0,0,0,0.024,0.016,0.029,0.197,0.194,0.344,0.034,0.046,0.12
2025-11-16T21:00Z,2025-11-16,202.497,0.429,149.889,0.958,400.0,0,0,0,0.022,0.024,0.03,0.261,0.269,0.328,0.069,0.165,0.179
2025-11-16T21:30Z,2025-11-16,205.526,0.393,174.842,0.958,300.0,0,0,0,0.025,0.021,0.034,0.178,0.2,0.337,0.032,0.096,0.17
2025-11-16T22:00Z,2025-11-16,205.883,0.464,174.852,0.917,200.0,0,0,0,0.025,0.019,0.03,0.16,0.188,0.285,0.018,0.054,0.115
2025-11-16T22:30Z,2025-11-16,204.662,0.5,174.821,0.938,170.0,0,0,0,0.032,0.034,0.039,0.259,0.312,0.37,0.071,0.166,0.221
2025-11-16T23:00Z,2025-11-16,204.367,0.571,174.817,0.931,140.0,0,0,0,0.049,0.055,0.077,0.27,0.378,0.474,0.085,0.199,0.266
2025-11-16T23:30Z,2025-11-16,205.893,0.5,174.851,0.951,210.0,0,0,0,0.039,0.037,0.049,0.25,0.258,0.404,0.025,0.089,0.179
2025-11-18T00:00Z,2025-11-18,226.914,0.0,249.907,0.938,910.0,0,0,0,0.137,0.213,0.249,0.042,0.127,0.17,0.006,0.051,0.122
2025-11-18T00:30Z,2025-11-18,229.045,0.0,274.854,0.944,1015.0,0,0,0,0.144,0.212,0.199,0.047,0.144,0.124,0.008,0.057,0.059
2025-11-18T01:00Z,2025-11-18,234.384,0.0,274.948,0.924,1120.0,0,0,0,0.09,0.171,0.133,0.018,0.073,0.075,0.004,0.026,0.029
2025-11-18T02:00Z,2025-11-18,243.166,0.0,324.932,0.938,1310.0,0,0,0,0.083,0.086,0.075,0.012,0.028,0.025,0.004,0.01,0.011
2025-11-18T02:30Z,2025-11-18,244.489,0.0,324.954,0.951,1565.0,0,0,0,0.11,0.094,0.077,0.048,0.053,0.049,0.009,0.022,0.017
2025-11-18T03:00Z,2025-11-18,238.095,0.0,299.922,0.965,1820.0,0,0,0,0.084,0.093,0.08,0.028,0.048,0.047,0.009,0.021,0.025
2025-11-18T03:30Z,2025-11-18,236.315,0.0,299.892,0.958,1395.0,0,0,0,0.055,0.081,0.085,0.024,0.055,0.043,0.008,0.031,0.03
2025-11-18T04:00Z,2025-11-18,239.76,0.0,299.95,0.979,970.0,0,0,0,0.042,0.057,0.046,0.011,0.025,0.022,0.003,0.009,0.012
2025-11-18T04:30Z,2025-11-18,245.186,0.0,349.889,0.986,690.0,0,0,0,0.013,0.016,0.015,0.004,0.007,0.009,0.005,0.006,0.009
2025-11-18T05:00Z,2025-11-18,233.101,0.0,274.921,0.965,410.0,0,0,0,0.014,0.021,0.023,0.007,0.01,0.015,0.006,0.012,0.035
2025-11-18T05:30Z,2025-11-18,228.615,0.0,249.938,0.979,850.0,0,0,0,0.013,0.048,0.05,0.013,0.032,0.019,0.007,0.015,0.015
2025-11-18T06:00Z,2025-11-18,229.398,0.0,274.857,0.986,1290.0,0,0,0,0.019,0.023,0.033,0.006,0.01,0.008,0.002,0.003,0.005
2025-11-18T06:30Z,2025-11-18,233.782,0.0,274.935,0.979,885.0,0,0,0,0.021,0.034,0.04,0.005,0.012,0.013,0.003,0.006,0.01
2025-11-18T07:30Z,2025-11-18,238.181,0.0,299.925,0.958,620.0,0,0,0,0.012,0.021,0.026,0.003,0.007,0.014,0.003,0.005,0.013
2025-11-18T08:00Z,2025-11-18,246.026,0.0,349.9,0.931,760.0,0,0,0,0.013,0.022,0.021,0.002,0.006,0.011,0.003,0.005,0.007
2025-11-18T08:30Z,2025-11-18,254.459,0.0,399.916,0.917,830.0,0,0,0,0.025,0.033,0.034,0.005,0.009,0.012,0.004,0.006,0.007
2025-11-18T09:00Z,2025-11-18,257.617,0.0,424.922,0.889,900.0,0,0,0,0.025,0.032,0.03,0.006,0.009,0.008,0.003,0.004,0.005
2025-11-18T09:30Z,2025-11-18,263.836,0.0,474.943,0.868,830.0,0,0,0,0.011,0.022,0.026,0.003,0.007,0.007,0.002,0.003,0.004
2025-11-18T10:00Z,2025-11-18,231.683,0.0,274.895,0.861,760.0,0,0,0,0.008,0.009,0.01,0.004,0.012,0.013,0.006,0.012,0.011
2025-11-18T10:30Z,2025-11-18,235.414,0.0,299.873,0.875,700.0,0,0,0,0.017,0.014,0.016,0.005,0.009,0.008,0.006,0.007,0.005
2025-11-18T11:00Z,2025-11-18,235.506,0.0,299.876,0.861,640.0,0,0,0,0.017,0.017,0.019,0.008,0.014,0.016,0.009,0.008,0.012
2025-11-18T11:30Z,2025-11-18,235.948,0.0,299.884,0.833,610.0,0,0,0,0.017,0.014,0.019,0.005,0.009,0.01,0.006,0.006,0.006
2025-11-18T12:00Z,2025-11-18,240.478,0.0,324.882,0.812,580.0,0,0,0,0.008,0.01,0.014,0.001,0.004,0.004,0.001,0.002,0.002
2025-11-18T12:30Z,2025-11-18,241.805,0.0,324.899,0.799,565.0,0,0,0,0.007,0.011,0.017,0.002,0.004,0.006,0.001,0.002,0.003
2025-11-18T13:00Z,2025-11-18,238.633,0.0,299.927,0.736,550.0,0,0,0,0.011,0.009,0.017,0.002,0.005,0.006,0.002,0.003,0.003
2025-11-18T13:30Z,2025-11-18,238.808,0.0,299.93,0.715,545.0,0,0,0,0.011,0.009,0.015,0.002,0.004,0.004,0.001,0.002,0.002
2025-11-18T14:00Z,2025-11-18,241.216,0.0,324.891,0.66,540.0,0,0,0,0.01,0.01,0.016,0.003,0.007,0.011,0.003,0.006,0.007
2025-11-18T14:30Z,2025-11-18,239.876,0.0,299.952,0.681,655.0,0,0,0,0.016,0.017,0.021,0.016,0.019,0.012,0.011,0.015,0.009
2025-11-18T15:00Z,2025-11-18,239.054,0.0,299.937,0.715,770.0,0,0,0,0.021,0.019,0.02,0.012,0.012,0.014,0.005,0.013,0.017
2025-11-18T15:30Z,2025-11-18,242.515,0.0,324.91,0.688,820.0,0,0,0,0.05,0.072,0.065,0.006,0.015,0.014,0.004,0.013,0.01
2025-11-18T16:00Z,2025-11-18,256.134,0.0,399.95,0.681,870.0,0,0,0,0.094,0.105,0.081,0.008,0.015,0.018,0.006,0.01,0.01
2025-11-18T16:30Z,2025-11-18,256.287,0.0,399.953,0.66,905.0,0,0,0,0.083,0.11,0.069,0.008,0.017,0.015,0.005,0.01,0.01
2025-11-18T17:00Z,2025-11-18,260.96,0.0,449.945,0.694,940.0,0,0,0,0.075,0.082,0.073,0.008,0.017,0.013,0.003,0.006,0.006
2025-11-18T17:30Z,2025-11-18,265.824,0.0,499.952,0.667,830.0,0,0,0,0.059,0.088,0.064,0.005,0.01,0.011,0.004,0.007,0.01
2025-11-18T18:00Z,2025-11-18,264.572,0.0,474.971,0.667,720.0,0,0,0,0.021,0.019,0.018,0.002,0.003,0.003,0.001,0.002,0.002
2025-11-18T18:30Z,2025-11-18,264.252,0.0,474.964,0.639,750.0,0,0,0,0.017,0.02,0.019,0.001,0.003,0.003,0.001,0.002,0.002
2025-11-18T19:00Z,2025-11-18,263.098,0.0,474.94,0.653,780.0,0,0,0,0.024,0.019,0.018,0.002,0.003,0.003,0.001,0.002,0.002
2025-11-18T19:30Z,2025-11-18,270.059,0.0,549.951,0.597,725.0,0,0,0,0.026,0.02,0.018,0.002,0.003,0.003,0.002,0.002,0.002
2025-11-18T20:00Z,2025-11-18,277.21,0.0,649.945,0.618,670.0,0,0,0,0.027,0.024,0.019,0.003,0.004,0.003,0.002,0.002,0.002
2025-11-18T20:30Z,2025-11-18,279.807,0.0,674.963,0.625,640.0,0,0,0,0.027,0.023,0.021,0.003,0.004,0.004,0.003,0.002,0.003
2025-11-18T21:00Z,2025-11-18,283.807,0.0,749.977,0.597,610.0,0,0,0,0.021,0.019,0.019,0.002,0.003,0.004,0.002,0.002,0.002
2025-11-18T21:30Z,2025-11-18,286.892,0.0,775.012,0.611,585.0,0,0,0,0.013,0.012,0.013,0.002,0.002,0.003,0.001,0.001,0.002
2025-11-18T22:00Z,2025-11-18,283.132,0.0,749.959,0.632,560.0,0,0,0,0.012,0.009,0.008,0.002,0.002,0.003,0.001,0.001,0.002
2025-11-18T22:30Z,2025-11-18,283.215,0.0,749.961,0.562,525.0,0,0,0,0.013,0.012,0.008,0.002,0.003,0.002,0.001,0.001,0.001
2025-11-18T23:00Z,2025-11-18,282.583,0.0,724.98,0.618,490.0,0,0,0,0.014,0.014,0.012,0.002,0.003,0.003,0.001,0.001,0.001
2025-11-18T23:30Z,2025-11-18,286.002,0.0,774.993,0.556,485.0,0,0,0,0.009,0.011,0.007,0.002,0.003,0.002,0.001,0.001,0.001
2025-11-20T00:00Z,2025-11-20,251.251,0.0,374.938,0.722,0.0,0,0,0,0.004,0.005,0.005,0.002,0.005,0.007,0.001,0.002,0.005
2025-11-20T00:30Z,2025-11-20,233.413,0.0,274.928,0.722,0.0,0,0,0,0.004,0.005,0.004,0.002,0.004,0.004,0.001,0.002,0.004
2025-11-20T01:00Z,2025-11-20,222.992,0.0,249.837,0.708,0.0,0,0,0,0.003,0.004,0.003,0.004,0.005,0.006,0.002,0.002,0.003
2025-11-20T01:30Z,2025-11-20,222.056,0.0,224.924,0.694,0.0,0,0,0,0.003,0.003,0.002,0.004,0.006,0.007,0.003,0.002,0.005
2025-11-20T02:00Z,2025-11-20,218.963,0.05,224.871,0.667,0.0,0,0,0,0.002,0.004,0.004,0.015,0.025,0.02,0.011,0.013,0.007
2025-11-20T02:30Z,2025-11-20,217.559,0.043,224.845,0.674,285.0,0,0,0,0.005,0.005,0.005,0.02,0.028,0.026,0.011,0.011,0.009
2025-11-20T03:00Z,2025-11-20,220.815,0.0,224.906,0.701,570.0,0,0,0,0.005,0.007,0.007,0.011,0.019,0.019,0.005,0.006,0.008
2025-11-20T03:30Z,2025-11-20,223.125,0.0,249.844,0.715,730.0,0,0,0,0.006,0.006,0.005,0.01,0.013,0.01,0.006,0.006,0.004
2025-11-20T04:00Z,2025-11-20,222.264,0.0,224.933,0.729,890.0,0,0,0,0.007,0.012,0.013,0.013,0.019,0.015,0.003,0.005,0.005
2025-11-20T04:30Z,2025-11-20,223.611,0.0,249.853,0.736,835.0,0,0,0,0.006,0.012,0.012,0.01,0.018,0.01,0.003,0.005,0.004
2025-11-20T05:00Z,2025-11-20,224.334,0.0,249.863,0.708,780.0,0,0,0,0.004,0.004,0.004,0.003,0.004,0.004,0.002,0.002,0.002
2025-11-20T05:30Z,2025-11-20,228.897,0.0,249.943,0.694,760.0,0,0,0,0.007,0.008,0.007,0.004,0.006,0.006,0.003,0.003,0.004
2025-11-20T06:00Z,2025-11-20,227.743,0.0,249.923,0.701,740.0,0,0,0,0.009,0.008,0.009,0.005,0.006,0.007,0.003,0.003,0.004
2025-11-20T06:30Z,2025-11-20,233.569,0.0,274.931,0.736,675.0,0,0,0,0.004,0.006,0.007,0.001,0.003,0.004,0.001,0.001,0.004
2025-11-20T07:00Z,2025-11-20,242.153,0.0,324.913,0.729,610.0,0,0,0,0.004,0.007,0.009,0.005,0.007,0.008,0.003,0.002,0.007
2025-11-20T07:30Z,2025-11-20,245.442,0.0,349.898,0.722,555.0,0,0,0,0.005,0.009,0.011,0.008,0.011,0.009,0.003,0.008,0.008
2025-11-20T08:00Z,2025-11-20,250.703,0.0,374.926,0.729,500.0,0,0,0,0.004,0.006,0.007,0.005,0.007,0.007,0.002,0.005,0.007
2025-11-20T08:30Z,2025-11-20,259.489,0.0,449.926,0.729,535.0,0,0,0,0.003,0.004,0.006,0.003,0.007,0.006,0.002,0.004,0.005
2025-11-20T09:00Z,2025-11-20,270.567,0.0,549.958,0.778,570.0,0,0,0,0.003,0.004,0.005,0.003,0.005,0.004,0.001,0.003,0.003
2025-11-20T09:30Z,2025-11-20,275.27,0.0,599.975,0.764,560.0,0,0,0,0.002,0.004,0.007,0.002,0.004,0.003,0.001,0.002,0.003
2025-11-20T10:00Z,2025-11-20,270.746,0.0,549.957,0.715,550.0,0,0,0,0.003,0.003,0.004,0.003,0.004,0.002,0.001,0.001,0.001
2025-11-20T10:30Z,2025-11-20,262.417,0.0,474.937,0.729,580.0,0,0,0,0.003,0.004,0.003,0.003,0.006,0.002,0.002,0.002,0.001
2025-11-20T11:00Z,2025-11-20,263.82,0.0,474.956,0.764,610.0,0,0,0,0.004,0.004,0.004,0.004,0.005,0.002,0.001,0.001,0.001
2025-11-20T11:30Z,2025-11-20,263.503,0.0,474.956,0.743,850.0,0,0,0,0.004,0.008,0.007,0.002,0.006,0.006,0.001,0.003,0.003
2025-11-20T12:00Z,2025-11-20,267.263,0.0,524.937,0.764,1090.0,0,0,0,0.004,0.008,0.007,0.002,0.004,0.003,0.001,0.002,0.001
2025-11-20T12:30Z,2025-11-20,275.824,0.0,624.938,0.75,970.0,0,0,0,0.004,0.009,0.011,0.001,0.004,0.003,0.001,0.002,0.001
2025-11-20T13:00Z,2025-11-20,277.209,0.0,624.967,0.694,850.0,0,0,0,0.003,0.013,0.018,0.001,0.003,0.003,0.001,0.002,0.002
2025-11-20T13:30Z,2025-11-20,280.67,0.0,674.966,0.653,810.0,0,0,0,0.003,0.007,0.009,0.001,0.002,0.002,0.001,0.001,0.001
2025-11-20T14:00Z,2025-11-20,282.614,0.0,724.954,0.639,770.0,0,0,0,0.004,0.008,0.01,0.001,0.002,0.002,0.001,0.001,0.001
2025-11-20T14:30Z,2025-11-20,269.083,0.0,549.935,0.583,865.0,0,0,0,0.016,0.04,0.043,0.007,0.015,0.011,0.004,0.006,0.01
2025-11-20T15:00Z,2025-11-20,268.094,0.0,524.959,0.653,960.0,0,0,0,0.032,0.058,0.063,0.008,0.017,0.007,0.004,0.009,0.01
2025-11-20T15:30Z,2025-11-20,278.581,0.0,649.968,0.66,1045.0,0,0,0,0.033,0.066,0.058,0.006,0.012,0.007,0.004,0.005,0.005
2025-11-20T16:00Z,2025-11-20,280.929,0.0,674.981,0.653,1130.0,0,0,0,0.029,0.074,0.064,0.004,0.012,0.008,0.003,0.007,0.006
2025-11-20T16:30Z,2025-11-20,280.67,0.0,674.97,0.667,1045.0,0,0,0,0.04,0.085,0.067,0.01,0.017,0.012,0.006,0.01,0.007
2025-11-20T17:00Z,2025-11-20,283.747,0.0,724.98,0.708,960.0,0,0,0,0.04,0.069,0.069,0.008,0.015,0.01,0.004,0.006,0.006
2025-11-20T17:30Z,2025-11-20,280.751,0.0,675.0,0.646,1115.0,0,0,0,0.06,0.098,0.069,0.027,0.029,0.042,0.011,0.019,0.029
2025-11-20T18:00Z,2025-11-20,281.684,0.0,699.968,0.681,1270.0,0,0,0,0.049,0.076,0.086,0.022,0.024,0.021,0.005,0.01,0.009
2025-11-20T18:30Z,2025-11-20,276.879,0.0,624.974,0.646,1275.0,0,0,0,0.058,0.081,0.093,0.033,0.034,0.067,0.006,0.015,0.052
2025-11-20T19:00Z,2025-11-20,278.646,0.0,649.974,0.625,1280.0,0,0,0,0.075,0.095,0.092,0.014,0.027,0.019,0.005,0.017,0.009
2025-11-20T19:30Z,2025-11-20,256.427,0.0,424.915,0.639,1280.0,0,0,0,0.077,0.138,0.134,0.075,0.159,0.129,0.04,0.093,0.1
2025-11-20T20:00Z,2025-11-20,256.601,0.0,424.922,0.674,1280.0,0,0,0,0.091,0.139,0.172,0.163,0.234,0.149,0.034,0.118,0.065
2025-11-20T20:30Z,2025-11-20,251.738,0.0,374.948,0.715,1270.0,0,0,0,0.108,0.138,0.147,0.064,0.109,0.116,0.008,0.065,0.067
2025-11-20T21:00Z,2025-11-20,243.558,0.0,324.939,0.694,1260.0,0,0,0,0.06,0.07,0.086,0.041,0.07,0.066,0.008,0.031,0.036
2025-11-20T21:30Z,2025-11-20,236.318,0.0,299.889,0.743,1275.0,0,0,0,0.053,0.069,0.065,0.116,0.166,0.095,0.015,0.082,0.054
2025-11-20T22:00Z,2025-11-20,239.352,0.0,299.944,0.806,1290.0,0,0,0,0.07,0.074,0.084,0.129,0.19,0.176,0.017,0.128,0.084
2025-11-20T22:30Z,2025-11-20,229.962,0.0,274.865,0.799,1285.0,0,0,0,0.062,0.096,0.129,0.182,0.237,0.341,0.042,0.274,0.292
2025-11-20T23:00Z,2025-11-20,227.242,0.0,249.906,0.875,1280.0,0,0,0,0.051,0.094,0.119,0.216,0.259,0.32,0.071,0.355,0.272
2025-11-20T23:30Z,2025-11-20,225.044,0.0,249.867,0.882,1415.0,0,0,0,0.045,0.072,0.085,0.218,0.263,0.248,0.068,0.238,0.148
2025-11-22T00:00Z,2025-11-22,240.715,0.0,324.888,0.972,1190.0,0,0,0,0.108,0.069,0.077,0.016,0.012,0.016,0.003,0.004,0.012
2025-11-22T00:30Z,2025-11-22,245.159,0.0,349.892,0.965,1300.0,0,0,0,0.12,0.147,0.103,0.013,0.017,0.019,0.005,0.007,0.014
2025-11-22T01:00Z,2025-11-22,256.808,0.0,424.919,0.958,1410.0,0,0,0,0.155,0.141,0.121,0.008,0.011,0.015,0.003,0.005,0.01
2025-11-22T01:30Z,2025-11-22,267.171,0.0,524.939,1.0,1440.0,0,0,0,0.071,0.088,0.103,0.006,0.01,0.015,0.003,0.007,0.016
2025-11-22T02:00Z,2025-11-22,263.642,0.0,474.958,0.993,1470.0,0,0,0,0.121,0.092,0.118,0.005,0.01,0.018,0.003,0.008,0.019
2025-11-22T02:30Z,2025-11-22,265.834,0.0,499.956,1.0,1890.0,0,0,0,0.087,0.1,0.136,0.007,0.016,0.021,0.004,0.013,0.02
2025-11-22T03:00Z,2025-11-22,270.469,0.0,549.961,0.986,2310.0,0,0,0,0.087,0.108,0.149,0.006,0.016,0.024,0.004,0.015,0.021
2025-11-22T03:30Z,2025-11-22,262.61,0.0,474.935,1.0,1780.0,0,0,0,0.087,0.097,0.165,0.01,0.017,0.025,0.004,0.018,0.021
2025-11-22T04:00Z,2025-11-22,272.429,0.0,574.96,0.993,1250.0,0,0,0,0.058,0.042,0.072,0.006,0.009,0.025,0.003,0.009,0.024
2025-11-22T04:30Z,2025-11-22,257.461,0.0,424.93,1.0,1325.0,0,0,0,0.055,0.042,0.077,0.006,0.01,0.023,0.003,0.011,0.025
2025-11-22T05:00Z,2025-11-22,262.031,0.0,474.919,1.0,1400.0,0,0,0,0.04,0.039,0.064,0.008,0.01,0.011,0.007,0.009,0.014
2025-11-22T05:30Z,2025-11-22,264.215,0.0,499.922,0.986,1790.0,0,0,0,0.026,0.028,0.055,0.009,0.012,0.019,0.005,0.012,0.022
2025-11-22T06:00Z,2025-11-22,263.944,0.0,474.968,0.993,2180.0,0,0,0,0.024,0.028,0.059,0.01,0.014,0.027,0.003,0.014,0.027
2025-11-22T06:30Z,2025-11-22,254.073,0.0,399.923,1.0,2215.0,0,0,0,0.025,0.033,0.069,0.014,0.028,0.045,0.007,0.031,0.041
2025-11-22T07:00Z,2025-11-22,246.276,0.0,349.906,1.0,2250.0,0,0,0,0.021,0.038,0.082,0.009,0.018,0.039,0.004,0.016,0.035
2025-11-22T07:30Z,2025-11-22,262.036,0.0,449.968,0.993,2205.0,0,0,0,0.017,0.024,0.065,0.017,0.021,0.031,0.005,0.015,0.026
2025-11-22T08:00Z,2025-11-22,260.48,0.0,449.927,1.0,2160.0,0,0,0,0.015,0.02,0.045,0.012,0.014,0.018,0.003,0.008,0.013
2025-11-22T08:30Z,2025-11-22,253.996,0.0,399.914,0.986,1660.0,0,0,0,0.037,0.053,0.08,0.028,0.053,0.07,0.012,0.033,0.052
2025-11-22T09:00Z,2025-11-22,243.259,0.0,324.92,0.986,1160.0,0,0,0,0.063,0.108,0.137,0.061,0.103,0.099,0.026,0.079,0.068
2025-11-22T09:30Z,2025-11-22,234.695,0.0,274.935,0.986,1435.0,0,0,0,0.064,0.125,0.107,0.166,0.379,0.389,0.069,0.271,0.182
2025-11-22T10:00Z,2025-11-22,231.612,0.0,274.881,0.986,1710.0,0,0,0,0.045,0.064,0.059,0.216,0.319,0.348,0.084,0.162,0.114
2025-11-22T10:30Z,2025-11-22,228.796,0.0,249.928,0.986,1660.0,0,0,0,0.04,0.085,0.082,0.196,0.266,0.331,0.051,0.165,0.166
2025-11-22T11:00Z,2025-11-22,234.46,0.0,274.928,0.972,1610.0,0,0,0,0.076,0.139,0.1,0.163,0.237,0.301,0.031,0.082,0.076
2025-11-22T11:30Z,2025-11-22,229.24,0.0,249.932,0.951,1745.0,0,0,0,0.037,0.05,0.062,0.23,0.25,0.304,0.056,0.104,0.118
2025-11-22T12:00Z,2025-11-22,226.558,0.0,249.884,0.958,1880.0,0,0,0,0.029,0.038,0.044,0.103,0.148,0.202,0.044,0.111,0.127
2025-11-22T12:30Z,2025-11-22,226.398,0.0,249.887,0.951,1660.0,0,0,0,0.032,0.042,0.055,0.086,0.174,0.243,0.021,0.078,0.149
2025-11-22T13:00Z,2025-11-22,227.498,0.0,249.9,0.951,1440.0,0,0,0,0.055,0.066,0.061,0.039,0.061,0.117,0.009,0.02,0.054
2025-11-22T13:30Z,2025-11-22,221.137,0.0,224.896,0.951,1580.0,0,0,0,0.051,0.044,0.055,0.069,0.073,0.103,0.021,0.033,0.071
2025-11-22T14:00Z,2025-11-22,222.353,0.0,224.93,0.965,1720.0,0,0,0,0.028,0.028,0.038,0.043,0.079,0.13,0.017,0.035,0.096
2025-11-22T14:30Z,2025-11-22,224.906,0.0,249.867,0.979,1715.0,0,0,0,0.029,0.026,0.039,0.054,0.082,0.214,0.043,0.047,0.116
2025-11-22T15:00Z,2025-11-22,231.488,0.0,274.881,0.986,1710.0,0,0,0,0.039,0.033,0.039,0.036,0.034,0.084,0.012,0.012,0.026
2025-11-22T15:30Z,2025-11-22,236.372,0.0,299.876,1.0,1800.0,0,0,0,0.039,0.036,0.045,0.033,0.042,0.072,0.008,0.015,0.041
2025-11-22T16:00Z,2025-11-22,240.034,0.0,299.933,1.0,1890.0,0,0,0,0.049,0.054,0.055,0.023,0.028,0.028,0.005,0.01,0.026
2025-11-22T16:30Z,2025-11-22,238.629,0.0,299.91,1.0,1405.0,0,0,0,0.179,0.171,0.156,0.048,0.052,0.083,0.012,0.019,0.052
2025-11-22T17:00Z,2025-11-22,228.033,0.0,249.918,1.0,920.0,0,0,0,0.333,0.364,0.355,0.111,0.102,0.21,0.024,0.063,0.159
2025-11-22T17:30Z,2025-11-22,230.997,0.0,274.871,1.0,1130.0,0,0,0,0.269,0.281,0.247,0.054,0.061,0.111,0.007,0.029,0.087
2025-11-22T18:00Z,2025-11-22,230.03,0.0,274.855,1.0,1340.0,0,0,0,0.111,0.109,0.093,0.039,0.04,0.063,0.011,0.021,0.063
2025-11-22T18:30Z,2025-11-22,224.197,0.0,249.858,1.0,1575.0,0,0,0,0.082,0.087,0.083,0.058,0.077,0.123,0.019,0.039,0.11
2025-11-22T19:00Z,2025-11-22,225.142,0.0,249.873,1.0,1810.0,0,0,0,0.061,0.054,0.051,0.036,0.032,0.048,0.006,0.009,0.031
2025-11-22T19:30Z,2025-11-22,228.195,0.0,249.922,0.993,1885.0,0,0,0,0.069,0.07,0.062,0.05,0.061,0.121,0.018,0.028,0.077
2025-11-22T20:00Z,2025-11-22,227.982,0.0,249.919,1.0,1960.0,0,0,0,0.031,0.03,0.024,0.045,0.067,0.054,0.017,0.032,0.065
2025-11-22T20:30Z,2025-11-22,226.772,0.0,249.899,1.0,1480.0,0,0,0,0.362,0.313,0.229,0.101,0.191,0.146,0.037,0.079,0.105
2025-11-22T21:00Z,2025-11-22,223.153,0.0,249.838,1.0,1000.0,0,0,0,0.314,0.292,0.336,0.066,0.088,0.152,0.022,0.049,0.101
2025-11-22T21:30Z,2025-11-22,213.38,0.036,199.88,1.0,1060.0,0,0,0,0.26,0.206,0.252,0.137,0.2,0.337,0.052,0.163,0.249
2025-11-22T22:00Z,2025-11-22,216.369,0.036,224.819,1.0,1120.0,0,0,0,0.14,0.118,0.117,0.088,0.129,0.187,0.014,0.061,0.114
2025-11-22T22:30Z,2025-11-22,217.597,0.036,224.846,1.0,1010.0,0,0,0,0.15,0.14,0.154,0.177,0.212,0.235,0.02,0.058,0.07
2025-11-22T23:00Z,2025-11-22,215.993,0.036,224.818,1.0,900.0,0,0,0,0.114,0.096,0.105,0.135,0.168,0.155,0.011,0.042,0.054
2025-11-22T23:30Z,2025-11-22,212.47,0.036,199.868,1.0,1200.0,0,0,0,0.085,0.071,0.052,0.056,0.095,0.088,0.02,0.034,0.08
2025-11-24T00:00Z,2025-11-24,216.705,0.107,224.834,0.986,1040.0,0,0,0,0.027,0.014,0.045,0.035,0.039,0.081,0.008,0.015,0.028
2025-11-24T00:30Z,2025-11-24,219.721,0.036,224.887,0.965,1100.0,0,0,0,0.01,0.009,0.039,0.026,0.027,0.049,0.004,0.011,0.028
2025-11-24T01:00Z,2025-11-24,221.967,0.0,224.928,0.986,1160.0,0,0,0,0.008,0.008,0.02,0.017,0.014,0.032,0.004,0.009,0.038
2025-11-24T01:30Z,2025-11-24,224.853,0.0,249.87,1.0,1075.0,0,0,0,0.009,0.01,0.025,0.016,0.016,0.028,0.003,0.007,0.029
2025-11-24T02:00Z,2025-11-24,226.728,0.0,249.905,1.0,990.0,0,0,0,0.009,0.01,0.025,0.012,0.015,0.027,0.003,0.009,0.032
2025-11-24T02:30Z,2025-11-24,223.659,0.0,249.856,1.0,1095.0,0,0,0,0.006,0.008,0.026,0.009,0.011,0.022,0.003,0.007,0.023
2025-11-24T03:00Z,2025-11-24,218.418,0.036,224.86,1.0,1200.0,0,0,0,0.009,0.01,0.023,0.017,0.022,0.046,0.002,0.01,0.026
2025-11-24T03:30Z,2025-11-24,220.936,0.0,224.906,1.0,1215.0,0,0,0,0.009,0.01,0.023,0.014,0.012,0.026,0.002,0.007,0.022
2025-11-24T04:00Z,2025-11-24,223.895,0.0,249.857,1.0,1230.0,0,0,0,0.007,0.008,0.025,0.009,0.01,0.024,0.002,0.004,0.021
2025-11-24T04:30Z,2025-11-24,225.022,0.0,249.876,0.993,1245.0,0,0,0,0.006,0.008,0.025,0.009,0.007,0.021,0.001,0.004,0.021
2025-11-24T05:00Z,2025-11-24,229.296,0.0,249.933,1.0,1260.0,0,0,0,0.004,0.007,0.02,0.007,0.006,0.01,0.001,0.002,0.011
2025-11-24T05:30Z,2025-11-24,231.491,0.0,274.876,0.993,1190.0,0,0,0,0.003,0.004,0.011,0.007,0.007,0.009,0.002,0.004,0.01
2025-11-24T06:00Z,2025-11-24,231.364,0.0,274.874,0.993,1120.0,0,0,0,0.004,0.004,0.008,0.009,0.007,0.011,0.001,0.004,0.01
2025-11-24T06:30Z,2025-11-24,230.293,0.0,274.855,1.0,1180.0,0,0,0,0.005,0.005,0.012,0.008,0.008,0.012,0.001,0.005,0.014
2025-11-24T07:00Z,2025-11-24,231.54,0.0,274.877,0.986,1240.0,0,0,0,0.005,0.005,0.011,0.009,0.007,0.011,0.001,0.007,0.016
2025-11-24T07:30Z,2025-11-24,231.642,0.0,274.879,1.0,1170.0,0,0,0,0.005,0.006,0.012,0.009,0.009,0.016,0.002,0.006,0.015
2025-11-24T08:00Z,2025-11-24,228.757,0.0,249.917,0.993,1100.0,0,0,0,0.005,0.007,0.012,0.012,0.016,0.02,0.004,0.009,0.019
2025-11-24T08:30Z,2025-11-24,228.205,0.0,249.907,0.986,1025.0,0,0,0,0.004,0.005,0.01,0.01,0.01,0.014,0.004,0.006,0.017
2025-11-24T09:00Z,2025-11-24,229.203,0.0,249.931,0.993,950.0,0,0,0,0.003,0.004,0.008,0.01,0.008,0.012,0.003,0.005,0.008
2025-11-24T09:30Z,2025-11-24,230.062,0.0,249.945,0.993,870.0,0,0,0,0.003,0.005,0.008,0.017,0.02,0.025,0.006,0.014,0.014
2025-11-24T10:00Z,2025-11-24,228.517,0.0,249.925,0.993,790.0,0,0,0,0.003,0.004,0.005,0.007,0.008,0.011,0.003,0.004,0.006
2025-11-24T10:30Z,2025-11-24,227.29,0.0,249.904,0.993,775.0,0,0,0,0.003,0.004,0.005,0.004,0.004,0.007,0.003,0.003,0.005
2025-11-24T11:00Z,2025-11-24,228.035,0.0,249.911,1.0,760.0,0,0,0,0.002,0.003,0.004,0.004,0.003,0.006,0.002,0.002,0.004
2025-11-24T11:30Z,2025-11-24,230.046,0.0,249.945,1.0,985.0,0,0,0,0.004,0.006,0.012,0.009,0.01,0.011,0.003,0.007,0.018
2025-11-24T12:00Z,2025-11-24,229.735,0.0,249.942,0.979,1210.0,0,0,0,0.005,0.008,0.016,0.01,0.014,0.016,0.005,0.009,0.019
2025-11-24T12:30Z,2025-11-24,228.5,0.0,249.921,0.986,1130.0,0,0,0,0.006,0.009,0.022,0.01,0.013,0.015,0.002,0.005,0.011
2025-11-24T13:00Z,2025-11-24,228.247,0.0,249.917,0.965,1050.0,0,0,0,0.007,0.01,0.022,0.011,0.013,0.015,0.002,0.004,0.011
2025-11-24T13:30Z,2025-11-24,230.353,0.0,274.858,0.979,1030.0,0,0,0,0.007,0.01,0.023,0.011,0.011,0.012,0.002,0.004,0.011
2025-11-24T14:00Z,2025-11-24,230.091,0.0,249.943,0.986,1010.0,0,0,0,0.009,0.011,0.025,0.013,0.013,0.017,0.004,0.007,0.02
2025-11-24T14:30Z,2025-11-24,229.263,0.0,249.93,0.965,970.0,0,0,0,0.008,0.01,0.023,0.015,0.011,0.012,0.002,0.004,0.01
2025-11-24T15:00Z,2025-11-24,228.782,0.0,249.924,0.958,930.0,0,0,0,0.008,0.011,0.017,0.018,0.017,0.027,0.005,0.009,0.019
2025-11-24T15:30Z,2025-11-24,226.161,0.0,249.883,0.951,925.0,0,0,0,0.01,0.014,0.02,0.022,0.027,0.031,0.007,0.012,0.023
2025-11-24T16:00Z,2025-11-24,225.22,0.0,249.868,0.944,920.0,0,0,0,0.015,0.015,0.023,0.019,0.019,0.034,0.009,0.012,0.027
2025-11-24T16:30Z,2025-11-24,227.585,0.0,249.905,0.951,930.0,0,0,0,0.015,0.017,0.022,0.013,0.012,0.019,0.003,0.004,0.01
2025-11-24T17:00Z,2025-11-24,228.446,0.0,249.924,0.958,940.0,0,0,0,0.014,0.017,0.02,0.013,0.012,0.018,0.004,0.005,0.011
2025-11-24T17:30Z,2025-11-24,231.428,0.0,274.876,0.958,865.0,0,0,0,0.006,0.01,0.009,0.005,0.008,0.01,0.003,0.004,0.008
2025-11-24T18:00Z,2025-11-24,230.651,0.0,274.865,0.938,790.0,0,0,0,0.005,0.004,0.005,0.003,0.003,0.004,0.002,0.002,0.005
2025-11-24T18:30Z,2025-11-24,227.055,0.0,249.901,0.938,725.0,0,0,0,0.003,0.003,0.004,0.003,0.003,0.005,0.002,0.002,0.006
2025-11-24T19:00Z,2025-11-24,228.202,0.0,249.921,0.931,660.0,0,0,0,0.003,0.003,0.004,0.002,0.003,0.005,0.002,0.002,0.005
2025-11-24T19:30Z,2025-11-24,230.677,0.0,274.866,0.944,655.0,0,0,0,0.003,0.003,0.005,0.002,0.002,0.004,0.002,0.002,0.005
2025-11-24T20:00Z,2025-11-24,231.853,0.0,274.886,0.958,650.0,0,0,0,0.003,0.004,0.005,0.003,0.002,0.004,0.002,0.002,0.005
2025-11-24T20:30Z,2025-11-24,232.057,0.0,274.889,0.944,615.0,0,0,0,0.003,0.004,0.005,0.001,0.002,0.004,0.001,0.002,0.006
2025-11-24T21:00Z,2025-11-24,233.291,0.0,274.912,0.965,580.0,0,0,0,0.003,0.003,0.005,0.002,0.002,0.005,0.001,0.002,0.006
2025-11-24T21:30Z,2025-11-24,234.54,0.0,274.933,0.965,515.0,0,0,0,0.002,0.003,0.004,0.002,0.004,0.006,0.001,0.002,0.006
2025-11-24T22:00Z,2025-11-24,239.669,0.0,299.934,0.979,450.0,0,0,0,0.002,0.003,0.004,0.002,0.003,0.006,0.002,0.002,0.007
2025-11-24T22:30Z,2025-11-24,241.87,0.0,324.89,0.938,400.0,0,0,0,0.002,0.003,0.004,0.002,0.003,0.005,0.001,0.003,0.006
2025-11-24T23:00Z,2025-11-24,250.12,0.0,374.903,0.924,350.0,0,0,0,0.002,0.003,0.004,0.002,0.002,0.004,0.001,0.002,0.005
2025-11-24T23:30Z,2025-11-24,243.026,0.0,324.91,0.868,360.0,0,0,0,0.002,0.003,0.004,0.002,0.002,0.005,0.002,0.003,0.008
2025-11-26T00:00Z,2025-11-26,233.602,0.0,274.926,0.986,340.0,0,0,0,0.003,0.003,0.003,0.001,0.002,0.002,0.001,0.001,0.001
2025-11-26T00:30Z,2025-11-26,233.824,0.0,274.929,0.993,250.0,0,0,0,0.003,0.003,0.003,0.001,0.003,0.003,0.001,0.001,0.002
2025-11-26T01:00Z,2025-11-26,233.348,0.0,274.919,0.965,160.0,0,0,0,0.002,0.003,0.004,0.001,0.002,0.003,0.001,0.001,0.002
2025-11-26T01:30Z,2025-11-26,234.539,0.0,274.939,0.986,115.0,0,0,0,0.001,0.002,0.002,0.001,0.002,0.002,0.001,0.001,0.001
2025-11-26T02:00Z,2025-11-26,241.268,0.0,324.89,0.972,70.0,0,0,0,0.001,0.002,0.002,0.001,0.001,0.002,0.001,0.001,0.001
2025-11-26T02:30Z,2025-11-26,244.331,0.0,324.94,0.965,40.0,0,0,0,0.001,0.002,0.002,0.001,0.001,0.002,0.001,0.001,0.001
2025-11-26T03:00Z,2025-11-26,244.039,0.0,324.938,0.965,10.0,0,0,0,0.001,0.001,0.001,0.001,0.001,0.001,0.001,0.001,0.001
2025-11-26T03:30Z,2025-11-26,241.283,0.0,324.892,0.972,15.0,0,0,0,0.001,0.002,0.002,0.001,0.002,0.002,0.001,0.001,0.001
2025-11-26T04:00Z,2025-11-26,246.081,0.0,349.9,0.958,20.0,0,0,0,0.002,0.002,0.002,0.001,0.002,0.002,0.001,0.001,0.001
2025-11-26T04:30Z,2025-11-26,248.17,0.0,349.938,0.965,15.0,0,0,0,0.001,0.001,0.002,0.001,0.001,0.002,0.001,0.001,0.001
2025-11-26T05:00Z,2025-11-26,251.753,0.0,374.938,0.944,10.0,0,0,0,0.001,0.001,0.001,0.001,0.001,0.001,0.001,0.001,0.001
2025-11-26T05:30Z,2025-11-26,256.674,0.0,399.96,0.931,10.0,0,0,0,0.002,0.001,0.001,0.001,0.002,0.002,0.002,0.001,0.001
2025-11-26T06:00Z,2025-11-26,246.829,0.0,349.912,0.938,10.0,0,0,0,0.002,0.002,0.002,0.001,0.002,0.003,0.002,0.002,0.002
2025-11-26T06:30Z,2025-11-26,244.609,0.0,324.94,0.944,25.0,0,0,0,0.002,0.001,0.001,0.001,0.002,0.002,0.002,0.002,0.002
2025-11-26T07:00Z,2025-11-26,245.08,0.0,324.948,0.931,40.0,0,0,0,0.001,0.001,0.001,0.001,0.001,0.002,0.001,0.001,0.001
2025-11-26T07:30Z,2025-11-26,248.722,0.0,349.941,0.875,35.0,0,0,0,0.003,0.002,0.002,0.002,0.002,0.003,0.002,0.001,0.002
2025-11-26T08:00Z,2025-11-26,252.397,0.0,374.942,0.847,30.0,0,0,0,0.004,0.004,0.004,0.002,0.004,0.004,0.003,0.002,0.003
2025-11-26T08:30Z,2025-11-26,250.874,0.0,374.913,0.84,30.0,0,0,0,0.003,0.003,0.002,0.002,0.003,0.003,0.002,0.002,0.002
2025-11-26T09:00Z,2025-11-26,245.936,0.0,349.889,0.826,30.0,0,0,0,0.002,0.002,0.003,0.001,0.003,0.003,0.001,0.002,0.003
2025-11-26T09:30Z,2025-11-26,244.531,0.0,324.938,0.757,30.0,0,0,0,0.002,0.002,0.002,0.001,0.003,0.003,0.001,0.002,0.003
2025-11-26T10:00Z,2025-11-26,254.166,0.0,399.898,0.736,30.0,0,0,0,0.002,0.002,0.002,0.001,0.002,0.003,0.002,0.002,0.003
2025-11-26T10:30Z,2025-11-26,258.145,0.0,424.921,0.715,50.0,0,0,0,0.003,0.003,0.003,0.002,0.002,0.002,0.003,0.002,0.002
2025-11-26T11:00Z,2025-11-26,266.231,0.0,475.0,0.681,70.0,0,0,0,0.003,0.003,0.003,0.002,0.002,0.002,0.002,0.001,0.002
2025-11-26T11:30Z,2025-11-26,261.676,0.0,449.926,0.66,90.0,0,0,0,0.003,0.003,0.003,0.002,0.002,0.001,0.001,0.001,0.001
2025-11-26T12:00Z,2025-11-26,262.312,0.0,449.94,0.653,110.0,0,0,0,0.003,0.003,0.003,0.002,0.002,0.001,0.001,0.001,0.001
2025-11-26T12:30Z,2025-11-26,270.995,0.0,574.937,0.66,90.0,0,0,0,0.004,0.003,0.004,0.002,0.002,0.002,0.002,0.001,0.001
2025-11-26T13:00Z,2025-11-26,276.274,0.0,624.97,0.646,70.0,0,0,0,0.003,0.004,0.004,0.001,0.002,0.002,0.001,0.001,0.001
2025-11-26T13:30Z,2025-11-26,275.503,0.0,624.95,0.646,70.0,0,0,0,0.004,0.006,0.006,0.002,0.003,0.002,0.001,0.001,0.002
2025-11-26T14:00Z,2025-11-26,277.08,0.0,624.974,0.688,70.0,0,0,0,0.004,0.006,0.006,0.003,0.003,0.002,0.002,0.002,0.001
2025-11-26T14:30Z,2025-11-26,272.074,0.0,574.94,0.729,100.0,0,0,0,0.004,0.006,0.006,0.002,0.003,0.002,0.001,0.001,0.002
2025-11-26T15:00Z,2025-11-26,265.57,0.0,474.958,0.75,130.0,0,0,0,0.005,0.005,0.004,0.003,0.004,0.003,0.004,0.002,0.003
2025-11-26T15:30Z,2025-11-26,260.612,0.0,424.964,0.743,180.0,0,0,0,0.004,0.004,0.003,0.003,0.005,0.004,0.006,0.003,0.005
2025-11-26T16:00Z,2025-11-26,258.696,0.0,424.926,0.722,230.0,0,0,0,0.004,0.004,0.003,0.005,0.011,0.006,0.002,0.004,0.003
2025-11-26T16:30Z,2025-11-26,258.839,0.0,424.929,0.75,230.0,0,0,0,0.004,0.003,0.003,0.002,0.003,0.002,0.001,0.001,0.001
2025-11-26T17:00Z,2025-11-26,267.504,0.0,499.953,0.785,230.0,0,0,0,0.002,0.002,0.003,0.001,0.001,0.002,0.001,0.001,0.001
2025-11-26T17:30Z,2025-11-26,270.184,0.0,549.936,0.819,195.0,0,0,0,0.002,0.002,0.002,0.001,0.001,0.001,0.001,0.001,0.001
2025-11-26T18:00Z,2025-11-26,271.573,0.0,549.962,0.812,160.0,0,0,0,0.001,0.002,0.002,0.001,0.002,0.001,0.002,0.002,0.001
2025-11-26T18:30Z,2025-11-26,270.741,0.0,525.0,0.799,140.0,0,0,0,0.002,0.002,0.002,0.001,0.001,0.001,0.001,0.001,0.001
2025-11-26T19:00Z,2025-11-26,267.461,0.0,499.961,0.799,120.0,0,0,0,0.003,0.003,0.002,0.001,0.002,0.002,0.001,0.001,0.001
2025-11-26T19:30Z,2025-11-26,268.884,0.0,524.941,0.778,120.0,0,0,0,0.003,0.002,0.002,0.002,0.003,0.002,0.003,0.003,0.002
2025-11-26T20:00Z,2025-11-26,247.427,0.0,349.916,0.778,120.0,0,0,0,0.002,0.002,0.002,0.002,0.003,0.003,0.004,0.004,0.003
2025-11-26T20:30Z,2025-11-26,244.014,0.0,324.927,0.778,85.0,0,0,0,0.002,0.002,0.002,0.001,0.003,0.004,0.002,0.002,0.002
2025-11-26T21:00Z,2025-11-26,240.306,0.0,299.942,0.819,50.0,0,0,0,0.001,0.002,0.002,0.001,0.003,0.005,0.001,0.001,0.002
2025-11-26T21:30Z,2025-11-26,238.798,0.0,299.916,0.764,30.0,0,0,0,0.002,0.003,0.003,0.001,0.003,0.004,0.001,0.001,0.002
2025-11-26T22:00Z,2025-11-26,242.169,0.0,324.896,0.806,10.0,0,0,0,0.003,0.002,0.002,0.003,0.003,0.003,0.005,0.002,0.002
2025-11-26T22:30Z,2025-11-26,243.433,0.0,324.92,0.826,10.0,0,0,0,0.004,0.004,0.003,0.01,0.011,0.007,0.01,0.007,0.005
2025-11-26T23:00Z,2025-11-26,248.27,0.0,349.93,0.778,10.0,0,0,0,0.004,0.004,0.003,0.006,0.006,0.004,0.008,0.004,0.002
2025-11-26T23:30Z,2025-11-26,241.746,0.0,324.892,0.778,10.0,0,0,0,0.004,0.003,0.003,0.005,0.007,0.005,0.005,0.003,0.003
2025-11-28T00:00Z,2025-11-28,270.283,0.0,549.94,0.84,40.0,0,0,0,0.003,0.003,0.002,0.004,0.004,0.002,0.002,0.001,0.001
2025-11-28T00:30Z,2025-11-28,271.162,0.0,549.97,0.812,35.0,0,0,0,0.003,0.003,0.002,0.004,0.003,0.002,0.002,0.001,0.001
2025-11-28T01:00Z,2025-11-28,270.448,0.0,549.949,0.771,30.0,0,0,0,0.003,0.002,0.002,0.004,0.003,0.002,0.001,0.001,0.001
2025-11-28T01:30Z,2025-11-28,273.914,0.0,599.947,0.833,35.0,0,0,0,0.002,0.002,0.002,0.002,0.002,0.001,0.001,0.001,0.001
2025-11-28T02:00Z,2025-11-28,275.431,0.0,624.951,0.833,40.0,0,0,0,0.002,0.002,0.002,0.002,0.002,0.002,0.001,0.001,0.001
2025-11-28T02:30Z,2025-11-28,274.612,0.0,624.94,0.778,40.0,0,0,0,0.001,0.001,0.001,0.002,0.002,0.002,0.001,0.001,0.001
2025-11-28T03:00Z,2025-11-28,267.291,0.0,499.965,0.833,40.0,0,0,0,0.001,0.001,0.001,0.002,0.002,0.002,0.001,0.001,0.001
2025-11-28T03:30Z,2025-11-28,261.824,0.0,449.943,0.868,35.0,0,0,0,0.001,0.001,0.001,0.002,0.002,0.002,0.001,0.001,0.001
2025-11-28T04:00Z,2025-11-28,249.414,0.0,349.956,0.819,30.0,0,0,0,0.001,0.001,0.001,0.009,0.01,0.005,0.006,0.003,0.003
2025-11-28T04:30Z,2025-11-28,246.926,0.0,349.912,0.799,25.0,0,0,0,0.001,0.002,0.002,0.007,0.015,0.006,0.005,0.007,0.003
2025-11-28T05:00Z,2025-11-28,242.846,0.0,324.901,0.799,20.0,0,0,0,0.001,0.002,0.002,0.005,0.009,0.005,0.002,0.003,0.003
2025-11-28T05:30Z,2025-11-28,249.268,0.0,349.947,0.819,25.0,0,0,0,0.001,0.002,0.002,0.001,0.002,0.002,0.001,0.002,0.001
2025-11-28T06:00Z,2025-11-28,251.297,0.0,374.915,0.861,30.0,0,0,0,0.001,0.002,0.002,0.001,0.002,0.002,0.001,0.002,0.002
2025-11-28T06:30Z,2025-11-28,249.649,0.0,349.954,0.896,15.0,0,0,0,0.002,0.002,0.002,0.001,0.002,0.002,0.001,0.001,0.001
2025-11-28T07:00Z,2025-11-28,256.266,0.0,399.936,0.944,0.0,0,0,0,0.004,0.005,0.005,0.002,0.003,0.004,0.001,0.001,0.002
2025-11-28T07:30Z,2025-11-28,256.174,0.0,399.94,0.972,0.0,0,0,0,0.003,0.004,0.004,0.002,0.003,0.003,0.001,0.002,0.001
2025-11-28T08:00Z,2025-11-28,248.205,0.0,349.925,0.951,0.0,0,0,0,0.002,0.003,0.003,0.001,0.003,0.004,0.001,0.001,0.003
2025-11-28T08:30Z,2025-11-28,245.178,0.0,324.945,0.951,0.0,0,0,0,0.002,0.003,0.003,0.002,0.003,0.002,0.001,0.002,0.002
2025-11-28T09:00Z,2025-11-28,252.362,0.0,374.928,0.965,0.0,0,0,0,0.002,0.002,0.003,0.002,0.003,0.003,0.001,0.002,0.002
2025-11-28T09:30Z,2025-11-28,258.11,0.0,424.918,0.972,0.0,0,0,0,0.002,0.003,0.003,0.003,0.003,0.002,0.002,0.002,0.001
2025-11-28T10:00Z,2025-11-28,265.051,0.0,499.926,0.986,0.0,0,0,0,0.002,0.003,0.003,0.003,0.003,0.003,0.002,0.001,0.002
2025-11-28T10:30Z,2025-11-28,263.701,0.0,474.93,0.979,0.0,0,0,0,0.002,0.002,0.002,0.003,0.003,0.002,0.001,0.001,0.001
2025-11-28T11:00Z,2025-11-28,246.945,0.0,349.901,0.993,0.0,0,0,0,0.002,0.003,0.003,0.003,0.005,0.003,0.002,0.002,0.002
2025-11-28T11:30Z,2025-11-28,245.202,0.0,324.944,0.979,0.0,0,0,0,0.002,0.002,0.002,0.002,0.004,0.004,0.001,0.001,0.002
2025-11-28T12:00Z,2025-11-28,237.57,0.0,299.886,0.944,0.0,0,0,0,0.001,0.001,0.002,0.007,0.009,0.005,0.002,0.002,0.002
2025-11-28T12:30Z,2025-11-28,234.198,0.0,274.912,0.931,0.0,0,0,0,0.001,0.001,0.002,0.013,0.015,0.008,0.007,0.003,0.003
2025-11-28T13:00Z,2025-11-28,234.058,0.0,274.911,0.951,0.0,0,0,0,0.001,0.001,0.002,0.007,0.012,0.008,0.001,0.002,0.002
2025-11-28T13:30Z,2025-11-28,236.186,0.0,274.946,0.951,0.0,0,0,0,0.002,0.002,0.003,0.007,0.016,0.006,0.003,0.004,0.002
2025-11-28T14:00Z,2025-11-28,223.803,0.0,224.938,0.972,0.0,0,0,0,0.002,0.003,0.003,0.019,0.031,0.013,0.011,0.01,0.006
2025-11-28T14:30Z,2025-11-28,223.475,0.0,224.936,1.0,0.0,0,0,0,0.003,0.003,0.003,0.028,0.041,0.017,0.014,0.016,0.007
2025-11-28T15:00Z,2025-11-28,221.086,0.0,224.887,0.993,0.0,0,0,0,0.004,0.004,0.003,0.013,0.021,0.011,0.007,0.007,0.005
2025-11-28T15:30Z,2025-11-28,221.088,0.0,224.887,0.993,15.0,0,0,0,0.004,0.003,0.003,0.012,0.017,0.011,0.008,0.006,0.008
2025-11-28T16:00Z,2025-11-28,220.01,0.0,224.867,1.0,30.0,0,0,0,0.002,0.003,0.003,0.042,0.059,0.024,0.019,0.018,0.01
2025-11-28T16:30Z,2025-11-28,221.167,0.0,224.889,0.993,40.0,0,0,0,0.002,0.003,0.003,0.021,0.038,0.013,0.012,0.012,0.005
2025-11-28T17:00Z,2025-11-28,225.183,0.0,249.848,0.965,50.0,0,0,0,0.003,0.002,0.002,0.009,0.008,0.006,0.004,0.003,0.002
2025-11-28T17:30Z,2025-11-28,223.64,0.0,224.931,0.972,70.0,0,0,0,0.005,0.004,0.005,0.008,0.008,0.008,0.004,0.003,0.002
2025-11-28T18:00Z,2025-11-28,224.481,0.0,249.835,0.958,90.0,0,0,0,0.007,0.005,0.01,0.009,0.01,0.008,0.004,0.003,0.004
2025-11-28T18:30Z,2025-11-28,224.686,0.0,249.839,0.951,170.0,0,0,0,0.013,0.014,0.02,0.025,0.038,0.025,0.01,0.012,0.014
2025-11-28T19:00Z,2025-11-28,226.0,0.0,249.868,0.951,250.0,0,0,0,0.019,0.022,0.028,0.024,0.035,0.026,0.006,0.009,0.011
2025-11-28T19:30Z,2025-11-28,221.314,0.0,224.881,0.979,250.0,0,0,0,0.025,0.025,0.026,0.028,0.04,0.03,0.01,0.014,0.016
2025-11-28T20:00Z,2025-11-28,220.672,0.0,224.879,0.993,250.0,0,0,0,0.025,0.023,0.023,0.092,0.114,0.064,0.036,0.035,0.028
2025-11-28T20:30Z,2025-11-28,223.063,0.0,224.92,0.958,245.0,0,0,0,0.012,0.016,0.022,0.043,0.082,0.065,0.027,0.038,0.033
2025-11-28T21:00Z,2025-11-28,222.838,0.0,224.916,0.931,240.0,0,0,0,0.009,0.009,0.011,0.01,0.01,0.014,0.003,0.004,0.008
2025-11-28T21:30Z,2025-11-28,223.982,0.0,224.937,0.924,195.0,0,0,0,0.006,0.009,0.01,0.011,0.013,0.016,0.003,0.006,0.007
2025-11-28T22:00Z,2025-11-28,225.631,0.0,249.858,0.938,150.0,0,0,0,0.005,0.007,0.009,0.01,0.014,0.013,0.002,0.003,0.006
2025-11-28T22:30Z,2025-11-28,229.027,0.0,249.921,0.944,135.0,0,0,0,0.005,0.005,0.007,0.013,0.013,0.01,0.004,0.004,0.006
2025-11-28T23:00Z,2025-11-28,229.208,0.0,249.925,0.951,120.0,0,0,0,0.004,0.005,0.007,0.008,0.011,0.01,0.002,0.003,0.005
2025-11-28T23:30Z,2025-11-28,225.664,0.0,249.862,0.951,115.0,0,0,1,0.007,0.006,0.007,0.013,0.015,0.011,0.003,0.005,0.006
2025-11-30T00:00Z,2025-11-30,256.638,0.0,399.951,1.0,390.0,0,0,0,0.096,0.129,0.177,0.01,0.013,0.046,0.01,0.011,0.049
2025-11-30T00:30Z,2025-11-30,262.817,0.0,474.929,1.0,240.0,0,0,0,0.148,0.178,0.168,0.023,0.017,0.047,0.013,0.011,0.049
2025-11-30T01:00Z,2025-11-30,255.075,0.0,399.91,1.0,90.0,0,0,0,0.18,0.21,0.191,0.043,0.057,0.13,0.019,0.033,0.123
2025-11-30T01:30Z,2025-11-30,266.484,0.0,499.958,1.0,95.0,0,0,0,0.145,0.192,0.281,0.021,0.032,0.089,0.014,0.015,0.075
2025-11-30T02:00Z,2025-11-30,263.704,0.0,474.924,1.0,100.0,0,0,0,0.095,0.165,0.275,0.019,0.033,0.098,0.012,0.015,0.088
2025-11-30T02:30Z,2025-11-30,265.809,0.0,499.925,1.0,250.0,0,0,0,0.072,0.162,0.26,0.015,0.031,0.048,0.006,0.013,0.051
2025-11-30T03:00Z,2025-11-30,269.387,0.0,524.959,1.0,400.0,0,0,0,0.061,0.132,0.221,0.021,0.024,0.037,0.011,0.015,0.042
2025-11-30T03:30Z,2025-11-30,269.455,0.0,549.93,1.0,305.0,0,0,0,0.037,0.116,0.232,0.014,0.018,0.042,0.009,0.013,0.052
2025-11-30T04:00Z,2025-11-30,269.507,0.0,524.974,1.0,210.0,0,0,0,0.019,0.041,0.089,0.005,0.008,0.028,0.003,0.009,0.033
2025-11-30T04:30Z,2025-11-30,268.846,0.0,524.944,1.0,385.0,0,0,0,0.02,0.043,0.067,0.005,0.008,0.045,0.004,0.012,0.04
2025-11-30T05:00Z,2025-11-30,268.099,0.0,499.969,1.0,560.0,0,0,0,0.015,0.023,0.031,0.005,0.004,0.027,0.004,0.009,0.028
2025-11-30T05:30Z,2025-11-30,269.24,0.0,524.947,1.0,575.0,0,0,0,0.014,0.025,0.033,0.004,0.005,0.028,0.003,0.007,0.021
2025-11-30T06:00Z,2025-11-30,261.336,0.0,449.925,1.0,590.0,0,0,0,0.022,0.031,0.043,0.004,0.007,0.039,0.002,0.011,0.028
2025-11-30T06:30Z,2025-11-30,257.601,0.0,424.908,1.0,490.0,0,0,0,0.044,0.067,0.132,0.008,0.011,0.037,0.007,0.025,0.051
2025-11-30T07:00Z,2025-11-30,259.445,0.0,424.944,1.0,390.0,0,0,0,0.121,0.162,0.197,0.008,0.017,0.038,0.007,0.018,0.04
2025-11-30T07:30Z,2025-11-30,252.017,0.0,374.916,1.0,370.0,0,0,0,0.185,0.182,0.205,0.009,0.027,0.058,0.007,0.02,0.068
2025-11-30T08:00Z,2025-11-30,263.931,0.0,474.933,1.0,350.0,0,0,0,0.173,0.202,0.21,0.015,0.023,0.059,0.012,0.016,0.057
2025-11-30T08:30Z,2025-11-30,268.974,0.0,524.952,1.0,535.0,0,0,0,0.169,0.216,0.215,0.053,0.031,0.098,0.034,0.024,0.078
2025-11-30T09:00Z,2025-11-30,267.443,0.0,499.965,1.0,720.0,0,0,0,0.167,0.221,0.24,0.064,0.029,0.113,0.042,0.028,0.081
2025-11-30T09:30Z,2025-11-30,266.806,0.0,499.948,1.0,670.0,0,0,0,0.126,0.205,0.217,0.026,0.02,0.064,0.018,0.02,0.044
2025-11-30T10:00Z,2025-11-30,267.601,0.0,499.969,1.0,620.0,0,0,0,0.093,0.18,0.195,0.013,0.019,0.044,0.006,0.015,0.04
2025-11-30T10:30Z,2025-11-30,268.274,0.0,524.935,1.0,705.0,0,0,0,0.069,0.101,0.093,0.01,0.009,0.036,0.005,0.011,0.032
2025-11-30T11:00Z,2025-11-30,262.093,0.0,449.933,1.0,790.0,0,0,0,0.064,0.123,0.128,0.02,0.037,0.094,0.007,0.026,0.074
2025-11-30T11:30Z,2025-11-30,254.45,0.0,374.955,1.0,685.0,0,0,0,0.055,0.111,0.098,0.015,0.036,0.088,0.008,0.033,0.067
2025-11-30T12:00Z,2025-11-30,253.641,0.0,374.94,1.0,580.0,0,0,0,0.077,0.076,0.13,0.009,0.019,0.076,0.005,0.021,0.062
2025-11-30T12:30Z,2025-11-30,256.814,0.0,399.943,1.0,420.0,0,0,0,0.084,0.112,0.154,0.01,0.019,0.052,0.005,0.019,0.049
2025-11-30T13:00Z,2025-11-30,250.266,0.0,349.948,1.0,260.0,0,0,0,0.082,0.115,0.154,0.011,0.035,0.086,0.005,0.028,0.071
2025-11-30T13:30Z,2025-11-30,248.436,0.0,349.915,1.0,255.0,0,0,0,0.153,0.112,0.155,0.028,0.039,0.1,0.019,0.033,0.064
2025-11-30T14:00Z,2025-11-30,240.367,0.0,299.935,1.0,250.0,0,0,0,0.146,0.111,0.131,0.042,0.031,0.076,0.034,0.04,0.078
2025-11-30T14:30Z,2025-11-30,232.889,0.0,274.896,1.0,315.0,0,0,0,0.15,0.164,0.172,0.066,0.062,0.136,0.098,0.076,0.137
2025-11-30T15:00Z,2025-11-30,227.849,0.0,249.905,1.0,380.0,0,0,0,0.157,0.166,0.181,0.065,0.043,0.106,0.098,0.049,0.091
2025-11-30T15:30Z,2025-11-30,229.291,0.0,249.93,1.0,475.0,0,0,0,0.138,0.16,0.178,0.035,0.028,0.059,0.019,0.015,0.045
2025-11-30T16:00Z,2025-11-30,234.191,0.0,274.921,0.986,570.0,0,0,0,0.114,0.147,0.173,0.016,0.022,0.055,0.01,0.016,0.049
2025-11-30T16:30Z,2025-11-30,233.844,0.0,274.915,0.993,625.0,0,0,0,0.055,0.13,0.164,0.014,0.017,0.042,0.008,0.017,0.038
2025-11-30T17:00Z,2025-11-30,242.162,0.0,324.9,1.0,680.0,0,0,0,0.039,0.081,0.081,0.011,0.009,0.027,0.007,0.013,0.033
2025-11-30T17:30Z,2025-11-30,241.711,0.0,324.892,0.993,585.0,0,0,0,0.055,0.105,0.12,0.013,0.015,0.046,0.008,0.013,0.047
2025-11-30T18:00Z,2025-11-30,213.677,0.071,199.867,0.986,490.0,0,0,0,0.054,0.095,0.125,0.039,0.054,0.109,0.035,0.069,0.122
2025-11-30T18:30Z,2025-11-30,208.314,0.071,174.894,0.993,500.0,0,0,0,0.037,0.058,0.12,0.036,0.031,0.106,0.026,0.041,0.094
2025-11-30T19:00Z,2025-11-30,208.752,0.071,174.903,1.0,510.0,0,0,0,0.025,0.039,0.042,0.005,0.008,0.03,0.005,0.013,0.032
2025-11-30T19:30Z,2025-11-30,210.294,0.071,199.799,1.0,595.0,0,0,0,0.025,0.04,0.041,0.014,0.011,0.033,0.019,0.027,0.043
2025-11-30T20:00Z,2025-11-30,212.895,0.071,199.859,0.965,680.0,0,0,0,0.024,0.037,0.034,0.012,0.007,0.03,0.018,0.022,0.038
2025-11-30T20:30Z,2025-11-30,207.711,0.036,174.876,0.972,720.0,0,0,0,0.024,0.045,0.041,0.008,0.008,0.035,0.006,0.014,0.038
2025-11-30T21:00Z,2025-11-30,210.44,0.036,199.81,0.979,760.0,0,0,0,0.024,0.048,0.042,0.008,0.007,0.028,0.007,0.015,0.032
2025-11-30T21:30Z,2025-11-30,213.812,0.036,199.877,0.986,730.0,0,0,0,0.024,0.048,0.043,0.004,0.006,0.023,0.005,0.012,0.021
2025-11-30T22:00Z,2025-11-30,207.453,0.036,174.871,0.958,700.0,0,0,0,0.024,0.046,0.042,0.006,0.007,0.024,0.004,0.011,0.03
2025-11-30T22:30Z,2025-11-30,205.708,0.036,174.832,0.979,700.0,0,0,0,0.024,0.047,0.044,0.011,0.007,0.019,0.007,0.012,0.02
2025-11-30T23:00Z,2025-11-30,199.577,0.107,149.839,0.972,700.0,0,0,0,0.023,0.046,0.043,0.012,0.008,0.022,0.02,0.024,0.035
2025-11-30T23:30Z,2025-11-30,197.972,0.107,149.796,0.944,680.0,0,0,0,0.026,0.049,0.042,0.01,0.01,0.023,0.012,0.022,0.025
2025-12-02T00:00Z,2025-12-02,206.89,0.222,174.862,0.778,2180.0,0,0,0,0.04,0.077,0.074,0.059,0.046,0.094,0.104,0.079,0.094
2025-12-02T00:30Z,2025-12-02,207.822,0.25,174.886,0.819,1960.0,0,0,0,0.053,0.074,0.073,0.136,0.084,0.115,0.081,0.075,0.092
2025-12-02T01:00Z,2025-12-02,207.462,0.286,174.877,0.812,1740.0,0,0,1,0.053,0.07,0.073,0.149,0.121,0.123,0.118,0.103,0.107
2025-12-02T01:30Z,2025-12-02,207.845,0.357,174.877,0.819,1520.0,0,1,1,0.047,0.067,0.073,0.111,0.106,0.14,0.083,0.08,0.111
2025-12-02T02:00Z,2025-12-02,205.407,0.393,174.823,0.826,1300.0,1,1,1,0.042,0.058,0.066,0.158,0.128,0.123,0.132,0.089,0.092
2025-12-02T02:30Z,2025-12-02,206.084,0.536,174.839,0.833,1300.0,0,1,1,0.04,0.061,0.066,0.16,0.098,0.125,0.711,0.469,0.488
2025-12-02T03:00Z,2025-12-02,206.763,0.5,174.85,0.882,1300.0,1,1,1,0.05,0.061,0.066,0.151,0.117,0.126,0.259,0.247,0.277
2025-12-02T03:30Z,2025-12-02,210.297,0.536,199.802,0.944,1320.0,1,1,1,0.048,0.06,0.064,0.099,0.096,0.103,0.6,0.442,0.454
2025-12-02T04:00Z,2025-12-02,212.082,0.5,199.844,0.972,1340.0,1,1,1,0.047,0.06,0.064,0.073,0.079,0.11,0.56,0.456,0.471
2025-12-02T04:30Z,2025-12-02,211.403,0.536,199.828,1.0,1530.0,1,1,1,0.026,0.04,0.061,0.064,0.132,0.104,0.602,0.493,0.474
2025-12-02T05:00Z,2025-12-02,214.884,0.393,199.901,0.993,1720.0,1,1,1,0.023,0.038,0.049,0.05,0.068,0.102,0.603,0.479,0.495
2025-12-02T05:30Z,2025-12-02,218.657,0.214,224.856,0.986,1355.0,1,1,1,0.024,0.035,0.048,0.034,0.059,0.067,0.528,0.428,0.414
2025-12-02T06:00Z,2025-12-02,219.044,0.071,224.858,0.972,990.0,1,1,1,0.015,0.031,0.048,0.023,0.04,0.059,0.403,0.37,0.423
2025-12-02T06:30Z,2025-12-02,216.424,0.071,224.816,0.972,1130.0,1,1,1,0.019,0.033,0.057,0.02,0.034,0.052,0.411,0.394,0.449
2025-12-02T07:00Z,2025-12-02,217.793,0.071,224.842,0.993,1270.0,0,0,0,0.027,0.04,0.069,0.043,0.028,0.06,0.482,0.387,0.405
2025-12-02T07:30Z,2025-12-02,220.217,0.0,224.888,0.993,1345.0,0,0,0,0.048,0.064,0.082,0.039,0.03,0.051,0.128,0.137,0.163
2025-12-02T08:00Z,2025-12-02,221.518,0.0,224.908,1.0,1420.0,0,0,0,0.053,0.064,0.08,0.028,0.034,0.05,0.054,0.096,0.09
2025-12-02T08:30Z,2025-12-02,223.445,0.0,249.835,1.0,1360.0,0,0,0,0.12,0.11,0.207,0.048,0.048,0.108,0.041,0.064,0.123
2025-12-02T09:00Z,2025-12-02,221.527,0.0,224.908,1.0,1300.0,0,0,0,0.165,0.2,0.212,0.05,0.075,0.111,0.035,0.065,0.1
2025-12-02T09:30Z,2025-12-02,218.359,0.036,224.847,1.0,1320.0,0,0,0,0.152,0.168,0.184,0.088,0.101,0.177,0.049,0.092,0.111
2025-12-02T10:00Z,2025-12-02,218.485,0.071,224.847,1.0,1340.0,0,0,0,0.148,0.167,0.187,0.11,0.086,0.171,0.031,0.065,0.083
2025-12-02T10:30Z,2025-12-02,207.749,0.111,174.881,0.993,1445.0,0,0,0,0.158,0.169,0.175,0.143,0.125,0.181,0.072,0.089,0.133
2025-12-02T11:00Z,2025-12-02,208.25,0.185,174.889,0.993,1550.0,0,0,0,0.147,0.198,0.195,0.318,0.332,0.292,0.133,0.121,0.124
2025-12-02T11:30Z,2025-12-02,206.113,0.222,174.835,0.986,1765.0,0,0,0,0.144,0.17,0.187,0.406,0.339,0.32,0.13,0.097,0.117
2025-12-02T12:00Z,2025-12-02,206.966,0.179,174.856,0.986,1980.0,0,0,0,0.086,0.102,0.182,0.159,0.127,0.228,0.054,0.061,0.074
2025-12-02T12:30Z,2025-12-02,207.266,0.179,174.863,1.0,1805.0,0,0,0,0.053,0.074,0.074,0.076,0.066,0.125,0.035,0.064,0.09
2025-12-02T13:00Z,2025-12-02,208.663,0.179,174.899,0.986,1630.0,0,0,0,0.055,0.07,0.073,0.077,0.051,0.124,0.038,0.044,0.056
2025-12-02T13:30Z,2025-12-02,206.337,0.179,174.841,0.979,1530.0,0,0,0,0.05,0.064,0.07,0.073,0.057,0.11,0.027,0.035,0.052
2025-12-02T14:00Z,2025-12-02,207.596,0.185,174.883,0.944,1430.0,0,0,1,0.048,0.054,0.063,0.103,0.079,0.144,0.057,0.056,0.108
2025-12-02T14:30Z,2025-12-02,206.166,0.222,174.851,0.958,1425.0,0,1,1,0.043,0.055,0.064,0.181,0.134,0.165,0.122,0.068,0.091
2025-12-02T15:00Z,2025-12-02,208.27,0.214,174.898,0.944,1420.0,1,1,1,0.043,0.056,0.067,0.133,0.112,0.144,0.057,0.049,0.075
2025-12-02T15:30Z,2025-12-02,208.058,0.179,174.893,1.0,1255.0,1,1,1,0.025,0.049,0.064,0.076,0.088,0.121,0.568,0.435,0.485
2025-12-02T16:00Z,2025-12-02,208.237,0.214,174.897,1.0,1090.0,1,1,1,0.029,0.053,0.138,0.157,0.272,0.309,0.47,0.526,0.637
2025-12-02T16:30Z,2025-12-02,204.999,0.25,174.828,1.0,1115.0,1,1,1,0.053,0.108,0.163,0.278,0.454,0.391,0.74,0.636,0.736
2025-12-02T17:00Z,2025-12-02,203.783,0.321,174.811,1.0,1140.0,1,1,1,0.029,0.073,0.132,0.155,0.377,0.298,0.733,0.655,0.729
2025-12-02T17:30Z,2025-12-02,203.801,0.321,174.812,0.993,1340.0,1,1,1,0.038,0.067,0.096,0.209,0.401,0.302,0.75,0.633,0.708
2025-12-02T18:00Z,2025-12-02,203.708,0.25,174.81,1.0,1540.0,1,1,1,0.049,0.054,0.087,0.249,0.343,0.323,0.769,0.636,0.683
2025-12-02T18:30Z,2025-12-02,204.858,0.214,174.825,0.972,1495.0,1,1,1,0.049,0.084,0.119,0.248,0.326,0.341,0.673,0.618,0.725
2025-12-02T19:00Z,2025-12-02,204.991,0.357,174.836,0.944,1450.0,1,1,1,0.049,0.052,0.121,0.26,0.254,0.344,0.706,0.581,0.694
2025-12-02T19:30Z,2025-12-02,204.757,0.464,174.824,0.986,1285.0,1,1,1,0.058,0.089,0.155,0.308,0.356,0.403,0.744,0.634,0.709
2025-12-02T20:00Z,2025-12-02,203.695,0.536,174.808,1.0,1120.0,1,1,1,0.073,0.098,0.143,0.227,0.334,0.364,0.669,0.547,0.732
2025-12-02T20:30Z,2025-12-02,201.876,0.643,174.769,0.986,1050.0,1,1,1,0.079,0.085,0.154,0.311,0.392,0.401,0.696,0.559,0.736
2025-12-02T21:00Z,2025-12-02,201.617,0.786,174.762,0.986,980.0,1,1,1,0.067,0.091,0.251,0.207,0.353,0.424,0.593,0.631,0.755
2025-12-02T21:30Z,2025-12-02,201.868,0.786,174.775,0.993,975.0,1,1,1,0.044,0.107,0.175,0.158,0.253,0.276,0.528,0.492,0.668
2025-12-02T22:00Z,2025-12-02,200.887,0.821,174.755,0.993,970.0,1,1,1,0.036,0.073,0.169,0.158,0.208,0.335,0.604,0.532,0.725
2025-12-02T22:30Z,2025-12-02,201.254,0.857,174.754,0.993,940.0,1,1,1,0.055,0.103,0.164,0.142,0.281,0.292,0.552,0.516,0.688
2025-12-02T23:00Z,2025-12-02,201.483,0.964,174.768,1.0,910.0,1,1,1,0.047,0.077,0.141,0.13,0.276,0.253,0.441,0.525,0.678
2025-12-02T23:30Z,2025-12-02,201.691,1.0,174.772,1.0,1085.0,1,1,1,0.021,0.049,0.082,0.097,0.19,0.201,0.419,0.455,0.681
2025-12-04T00:00Z,2025-12-04,233.512,0.0,274.939,0.868,1060.0,0,0,0,0.002,0.001,0.004,0.001,0.001,0.001,0.001,0.001,0.001
2025-12-04T00:30Z,2025-12-04,241.153,0.0,324.91,0.854,990.0,0,0,0,0.002,0.001,0.004,0.001,0.001,0.001,0.001,0.001,0.001
2025-12-04T01:00Z,2025-12-04,237.424,0.0,299.923,0.799,920.0,0,0,0,0.001,0.001,0.004,0.001,0.001,0.001,0.001,0.001,0.001
2025-12-04T01:30Z,2025-12-04,236.142,0.0,299.901,0.819,845.0,0,0,0,0.001,0.001,0.003,0.001,0.0,0.0,0.001,0.001,0.001
2025-12-04T02:00Z,2025-12-04,237.365,0.0,299.92,0.792,770.0,0,0,0,0.002,0.001,0.004,0.001,0.0,0.001,0.001,0.001,0.001
2025-12-04T02:30Z,2025-12-04,229.089,0.0,274.861,0.75,815.0,0,0,0,0.002,0.001,0.003,0.001,0.001,0.001,0.002,0.001,0.001
2025-12-04T03:00Z,2025-12-04,234.707,0.0,299.876,0.833,860.0,0,0,0,0.001,0.001,0.003,0.001,0.001,0.001,0.001,0.001,0.001
2025-12-04T03:30Z,2025-12-04,238.093,0.0,299.931,0.91,1000.0,0,0,0,0.002,0.002,0.009,0.001,0.001,0.002,0.001,0.001,0.002
2025-12-04T04:00Z,2025-12-04,237.777,0.0,299.927,0.965,1140.0,0,0,0,0.002,0.003,0.01,0.001,0.001,0.002,0.001,0.001,0.002
2025-12-04T04:30Z,2025-12-04,239.839,0.0,324.883,0.958,935.0,0,0,0,0.004,0.004,0.011,0.001,0.001,0.001,0.001,0.001,0.001
2025-12-04T05:00Z,2025-12-04,236.552,0.0,299.904,0.965,730.0,0,0,0,0.002,0.002,0.004,0.001,0.001,0.001,0.001,0.001,0.001
2025-12-04T05:30Z,2025-12-04,229.418,0.0,274.866,0.986,1005.0,0,0,1,0.005,0.004,0.012,0.004,0.002,0.002,0.006,0.003,0.003
2025-12-04T06:00Z,2025-12-04,232.293,0.0,274.916,0.986,1280.0,0,1,1,0.013,0.021,0.03,0.006,0.004,0.005,0.007,0.005,0.006
2025-12-04T06:30Z,2025-12-04,239.88,0.0,324.878,0.951,1135.0,1,1,1,0.037,0.054,0.084,0.01,0.015,0.019,0.003,0.011,0.018
2025-12-04T07:00Z,2025-12-04,231.251,0.0,274.898,0.944,990.0,1,1,1,0.217,0.192,0.213,0.068,0.062,0.124,0.501,0.362,0.484
2025-12-04T07:30Z,2025-12-04,228.489,0.0,249.944,0.91,885.0,1,1,1,0.043,0.034,0.037,0.014,0.013,0.015,0.272,0.199,0.106
2025-12-04T08:00Z,2025-12-04,221.731,0.0,224.926,0.938,780.0,0,0,0,0.027,0.021,0.031,0.009,0.008,0.013,0.267,0.14,0.077
2025-12-04T08:30Z,2025-12-04,220.896,0.0,224.91,0.965,870.0,0,0,0,0.022,0.019,0.046,0.015,0.01,0.019,0.065,0.056,0.048
2025-12-04T09:00Z,2025-12-04,223.175,0.0,249.847,0.965,960.0,0,0,0,0.016,0.029,0.058,0.014,0.023,0.024,0.015,0.034,0.025
2025-12-04T09:30Z,2025-12-04,223.8,0.0,249.859,0.972,975.0,0,0,0,0.047,0.058,0.133,0.013,0.01,0.013,0.012,0.022,0.016
2025-12-04T10:00Z,2025-12-04,227.866,0.0,249.934,0.965,990.0,0,0,0,0.024,0.05,0.09,0.004,0.003,0.005,0.006,0.009,0.007
2025-12-04T10:30Z,2025-12-04,234.347,0.0,274.949,0.972,870.0,0,0,0,0.018,0.023,0.025,0.003,0.002,0.002,0.006,0.005,0.004
2025-12-04T11:00Z,2025-12-04,231.833,0.0,274.905,0.972,750.0,0,0,0,0.048,0.031,0.025,0.004,0.002,0.002,0.006,0.004,0.003
2025-12-04T11:30Z,2025-12-04,232.469,0.0,274.916,0.979,1175.0,0,0,0,0.262,0.153,0.209,0.011,0.007,0.007,0.006,0.009,0.008
2025-12-04T12:00Z,2025-12-04,242.368,0.0,324.922,0.993,1600.0,0,0,0,0.193,0.205,0.252,0.006,0.014,0.01,0.006,0.015,0.013
2025-12-04T12:30Z,2025-12-04,251.659,0.0,374.953,1.0,1180.0,0,0,0,0.419,0.313,0.353,0.01,0.014,0.011,0.006,0.012,0.014
2025-12-04T13:00Z,2025-12-04,242.627,0.0,324.923,1.0,760.0,0,0,0,0.138,0.14,0.098,0.009,0.014,0.023,0.01,0.014,0.019
2025-12-04T13:30Z,2025-12-04,241.831,0.0,324.91,0.993,865.0,0,0,0,0.036,0.04,0.047,0.004,0.008,0.004,0.004,0.008,0.006
2025-12-04T14:00Z,2025-12-04,246.671,0.0,349.927,0.993,970.0,0,0,0,0.051,0.038,0.053,0.005,0.006,0.005,0.003,0.004,0.005
2025-12-04T14:30Z,2025-12-04,249.174,0.0,374.905,0.986,905.0,0,0,1,0.027,0.038,0.053,0.003,0.007,0.006,0.002,0.004,0.006
2025-12-04T15:00Z,2025-12-04,254.511,0.0,399.944,0.958,840.0,0,1,1,0.037,0.027,0.02,0.004,0.005,0.003,0.003,0.003,0.005
2025-12-04T15:30Z,2025-12-04,244.506,0.0,349.895,0.979,945.0,1,1,1,0.016,0.015,0.022,0.003,0.004,0.005,0.003,0.003,0.005
2025-12-04T16:00Z,2025-12-04,243.172,0.0,324.945,0.986,1050.0,0,0,0,0.005,0.005,0.015,0.003,0.003,0.003,0.105,0.081,0.028
2025-12-04T16:30Z,2025-12-04,251.828,0.0,399.907,0.979,1055.0,0,0,0,0.007,0.007,0.015,0.002,0.002,0.002,0.007,0.011,0.008
2025-12-04T17:00Z,2025-12-04,251.078,0.0,374.96,0.972,1060.0,0,0,0,0.006,0.006,0.015,0.003,0.003,0.004,0.004,0.009,0.008
2025-12-04T17:30Z,2025-12-04,257.132,0.0,424.947,0.993,1040.0,0,0,0,0.006,0.004,0.013,0.002,0.002,0.002,0.002,0.003,0.003
2025-12-04T18:00Z,2025-12-04,258.896,0.0,449.931,0.986,1020.0,0,0,0,0.003,0.005,0.011,0.001,0.002,0.002,0.002,0.003,0.002
2025-12-04T18:30Z,2025-12-04,240.82,0.0,324.896,0.993,1005.0,0,0,0,0.004,0.003,0.012,0.005,0.003,0.003,0.004,0.005,0.006
2025-12-04T19:00Z,2025-12-04,236.474,0.0,299.897,0.979,990.0,0,0,0,0.003,0.003,0.008,0.005,0.002,0.001,0.004,0.003,0.001
2025-12-04T19:30Z,2025-12-04,237.188,0.0,299.91,0.938,1020.0,0,0,0,0.003,0.002,0.008,0.003,0.002,0.003,0.001,0.002,0.003
2025-12-04T20:00Z,2025-12-04,231.211,0.0,274.901,0.896,1050.0,0,0,0,0.003,0.003,0.011,0.013,0.005,0.006,0.007,0.004,0.007
2025-12-04T20:30Z,2025-12-04,238.022,0.0,299.938,0.861,1145.0,0,0,0,0.003,0.003,0.007,0.005,0.004,0.004,0.002,0.002,0.003
2025-12-04T21:00Z,2025-12-04,238.711,0.0,299.945,0.875,1240.0,0,0,1,0.002,0.001,0.003,0.004,0.003,0.002,0.002,0.002,0.002
2025-12-04T21:30Z,2025-12-04,225.688,0.0,249.894,0.903,1345.0,0,1,1,0.006,0.004,0.01,0.048,0.027,0.02,0.046,0.023,0.017
2025-12-04T22:00Z,2025-12-04,223.151,0.0,249.85,0.882,1450.0,1,1,1,0.006,0.004,0.01,0.067,0.029,0.018,0.023,0.02,0.011
2025-12-04T22:30Z,2025-12-04,219.186,0.036,224.876,0.792,1455.0,1,1,1,0.006,0.004,0.008,0.12,0.055,0.026,0.686,0.463,0.198
2025-12-04T23:00Z,2025-12-04,219.535,0.071,224.889,0.771,1460.0,1,1,1,0.014,0.01,0.018,0.057,0.077,0.062,0.468,0.514,0.364
2025-12-04T23:30Z,2025-12-04,221.562,0.0,224.929,0.778,1295.0,1,1,1,0.015,0.011,0.026,0.05,0.039,0.037,0.462,0.304,0.229
2025-12-06T00:00Z,2025-12-06,275.891,0.0,624.967,0.562,140.0,0,0,0,0.001,0.001,0.002,0.001,0.001,0.001,0.001,0.001,0.001
2025-12-06T00:30Z,2025-12-06,275.15,0.0,624.952,0.514,155.0,0,0,0,0.001,0.001,0.001,0.001,0.001,0.001,0.001,0.001,0.001
2025-12-06T01:00Z,2025-12-06,279.975,0.0,699.951,0.444,170.0,0,0,0,0.001,0.001,0.001,0.001,0.001,0.001,0.001,0.001,0.001
2025-12-06T01:30Z,2025-12-06,280.943,0.0,699.97,0.389,245.0,0,0,0,0.001,0.001,0.001,0.001,0.001,0.001,0.001,0.001,0.001
2025-12-06T02:00Z,2025-12-06,279.348,0.0,674.97,0.396,320.0,0,0,0,0.001,0.001,0.001,0.001,0.001,0.001,0.001,0.001,0.001
2025-12-06T02:30Z,2025-12-06,284.978,0.0,749.974,0.368,385.0,0,0,0,0.001,0.0,0.001,0.001,0.001,0.001,0.001,0.001,0.001
2025-12-06T03:00Z,2025-12-06,285.95,0.0,750.0,0.319,450.0,0,0,0,0.001,0.0,0.001,0.001,0.0,0.0,0.001,0.001,0.0
2025-12-06T03:30Z,2025-12-06,285.181,0.0,749.976,0.299,345.0,0,0,0,0.001,0.0,0.001,0.001,0.0,0.0,0.0,0.0,0.001
2025-12-06T04:00Z,2025-12-06,288.643,0.0,775.071,0.285,240.0,0,0,0,0.0,0.0,0.001,0.0,0.0,0.0,0.0,0.0,0.0
2025-12-06T04:30Z,2025-12-06,282.557,0.0,724.96,0.306,325.0,0,0,0,0.001,0.0,0.001,0.001,0.0,0.001,0.001,0.001,0.001
2025-12-06T05:00Z,2025-12-06,284.695,0.0,749.961,0.396,410.0,0,0,0,0.0,0.0,0.001,0.0,0.0,0.0,0.0,0.001,0.001
2025-12-06T05:30Z,2025-12-06,284.924,0.0,749.966,0.479,655.0,0,0,0,0.0,0.0,0.001,0.0,0.0,0.0,0.0,0.0,0.0
2025-12-06T06:00Z,2025-12-06,285.666,0.0,749.983,0.507,900.0,0,0,0,0.0,0.0,0.001,0.001,0.0,0.0,0.0,0.001,0.0
2025-12-06T06:30Z,2025-12-06,289.208,0.0,775.068,0.444,900.0,0,0,0,0.0,0.0,0.002,0.0,0.0,0.0,0.0,0.0,0.0
2025-12-06T07:00Z,2025-12-06,285.398,0.0,749.977,0.417,900.0,0,0,0,0.0,0.0,0.002,0.001,0.0,0.001,0.001,0.001,0.001
2025-12-06T07:30Z,2025-12-06,278.523,0.0,674.949,0.396,950.0,0,0,0,0.0,0.0,0.002,0.002,0.001,0.001,0.002,0.002,0.001
2025-12-06T08:00Z,2025-12-06,283.488,0.0,724.974,0.354,1000.0,0,0,0,0.001,0.0,0.002,0.001,0.001,0.001,0.001,0.001,0.001
2025-12-06T08:30Z,2025-12-06,285.952,0.0,750.0,0.312,1020.0,0,0,0,0.0,0.0,0.002,0.001,0.001,0.001,0.0,0.001,0.001
2025-12-06T09:00Z,2025-12-06,285.76,0.0,774.962,0.34,1040.0,0,0,0,0.001,0.001,0.002,0.001,0.001,0.001,0.001,0.001,0.001
2025-12-06T09:30Z,2025-12-06,283.793,0.0,724.981,0.396,1020.0,0,0,0,0.001,0.001,0.002,0.001,0.001,0.001,0.0,0.001,0.001
2025-12-06T10:00Z,2025-12-06,288.079,0.0,775.02,0.396,1000.0,0,0,0,0.001,0.001,0.002,0.001,0.001,0.001,0.001,0.001,0.001
2025-12-06T10:30Z,2025-12-06,288.567,0.0,775.048,0.507,980.0,0,0,0,0.001,0.001,0.002,0.001,0.001,0.001,0.0,0.0,0.0
2025-12-06T11:00Z,2025-12-06,288.885,0.0,775.069,0.479,960.0,0,0,0,0.001,0.001,0.002,0.001,0.0,0.0,0.0,0.0,0.0
2025-12-06T11:30Z,2025-12-06,288.137,0.0,775.04,0.444,1225.0,0,0,0,0.001,0.001,0.002,0.001,0.001,0.001,0.001,0.001,0.001
2025-12-06T12:00Z,2025-12-06,287.789,0.0,775.028,0.479,1490.0,0,0,0,0.001,0.001,0.003,0.001,0.001,0.001,0.001,0.001,0.001
2025-12-06T12:30Z,2025-12-06,287.379,0.0,775.016,0.472,1285.0,0,0,0,0.001,0.001,0.003,0.001,0.001,0.001,0.001,0.001,0.001
2025-12-06T13:00Z,2025-12-06,285.454,0.0,750.0,0.431,1080.0,0,0,0,0.002,0.001,0.003,0.002,0.001,0.001,0.001,0.001,0.001
2025-12-06T13:30Z,2025-12-06,284.396,0.0,749.976,0.41,915.0,0,0,0,0.002,0.001,0.002,0.002,0.001,0.001,0.001,0.001,0.001
2025-12-06T14:00Z,2025-12-06,279.719,0.0,674.971,0.486,750.0,0,0,0,0.001,0.001,0.002,0.003,0.002,0.002,0.002,0.002,0.002
2025-12-06T14:30Z,2025-12-06,274.923,0.0,624.942,0.549,685.0,0,0,0,0.003,0.002,0.002,0.004,0.004,0.003,0.002,0.003,0.002
2025-12-06T15:00Z,2025-12-06,275.632,0.0,624.958,0.618,620.0,0,0,0,0.003,0.002,0.002,0.004,0.004,0.002,0.002,0.002,0.002
2025-12-06T15:30Z,2025-12-06,271.841,0.0,574.949,0.646,590.0,0,0,0,0.002,0.002,0.002,0.005,0.004,0.004,0.002,0.002,0.003
2025-12-06T16:00Z,2025-12-06,271.364,0.0,574.94,0.688,560.0,0,0,0,0.003,0.002,0.002,0.004,0.002,0.002,0.002,0.002,0.001
2025-12-06T16:30Z,2025-12-06,275.533,0.0,624.957,0.701,480.0,0,0,0,0.001,0.001,0.002,0.002,0.001,0.001,0.001,0.001,0.001
2025-12-06T17:00Z,2025-12-06,265.137,0.0,499.952,0.646,400.0,0,0,0,0.001,0.001,0.002,0.001,0.001,0.002,0.001,0.001,0.001
2025-12-06T17:30Z,2025-12-06,273.392,0.0,575.0,0.681,420.0,0,0,0,0.001,0.001,0.001,0.001,0.001,0.001,0.001,0.001,0.001
2025-12-06T18:00Z,2025-12-06,271.472,0.0,574.952,0.66,440.0,0,0,0,0.001,0.001,0.001,0.001,0.001,0.001,0.001,0.001,0.001
2025-12-06T18:30Z,2025-12-06,260.416,0.0,449.956,0.681,410.0,0,0,0,0.001,0.001,0.001,0.001,0.001,0.002,0.001,0.001,0.002
2025-12-06T19:00Z,2025-12-06,254.191,0.0,399.947,0.708,380.0,0,0,0,0.001,0.001,0.001,0.002,0.002,0.002,0.002,0.002,0.002
2025-12-06T19:30Z,2025-12-06,258.015,0.0,424.963,0.743,380.0,0,0,0,0.001,0.0,0.001,0.001,0.001,0.001,0.001,0.001,0.001
2025-12-06T20:00Z,2025-12-06,266.55,0.0,524.93,0.764,380.0,0,0,0,0.001,0.0,0.001,0.001,0.001,0.001,0.0,0.001,0.001
2025-12-06T20:30Z,2025-12-06,261.079,0.0,449.962,0.764,385.0,0,0,0,0.001,0.0,0.001,0.001,0.001,0.001,0.001,0.001,0.001
2025-12-06T21:00Z,2025-12-06,259.052,0.0,449.924,0.833,390.0,0,0,0,0.001,0.0,0.001,0.001,0.001,0.001,0.001,0.001,0.001
2025-12-06T21:30Z,2025-12-06,250.743,0.0,374.95,0.868,375.0,0,0,0,0.001,0.0,0.001,0.002,0.002,0.001,0.002,0.002,0.001
2025-12-06T22:00Z,2025-12-06,254.414,0.0,399.955,0.938,360.0,0,0,0,0.001,0.001,0.001,0.001,0.001,0.001,0.0,0.001,0.001
2025-12-06T22:30Z,2025-12-06,258.652,0.0,449.916,0.979,360.0,0,0,0,0.001,0.001,0.001,0.001,0.001,0.001,0.001,0.001,0.001
2025-12-06T23:00Z,2025-12-06,261.978,0.0,474.927,0.986,360.0,0,0,0,0.001,0.001,0.001,0.001,0.001,0.001,0.001,0.001,0.001
2025-12-06T23:30Z,2025-12-06,251.063,0.0,374.957,0.979,405.0,0,0,0,0.001,0.001,0.001,0.001,0.001,0.001,0.001,0.001,0.001
2025-12-08T00:00Z,2025-12-08,291.665,0.0,775.102,0.139,30.0,0,0,0,0.001,0.001,0.001,0.001,0.001,0.001,0.001,0.001,0.001
2025-12-08T00:30Z,2025-12-08,290.81,0.0,775.081,0.132,25.0,0,0,0,0.001,0.001,0.001,0.001,0.001,0.001,0.001,0.001,0.001
2025-12-08T01:00Z,2025-12-08,,,,0.111,20.0,0,0,0,0.001,0.001,0.001,0.001,0.001,0.001,0.001,0.001,0.001
2025-12-08T01:30Z,2025-12-08,,,,0.118,45.0,0,0,0,0.001,0.001,0.001,0.001,0.001,0.001,0.001,0.001,0.001
2025-12-08T02:00Z,2025-12-08,290.431,0.0,775.07,0.146,70.0,0,0,0,0.001,0.001,0.002,0.001,0.001,0.001,0.001,0.001,0.001
2025-12-08T02:30Z,2025-12-08,290.516,0.0,775.076,0.146,140.0,0,0,0,0.001,0.001,0.001,0.001,0.001,0.001,0.001,0.001,0.001
2025-12-08T03:00Z,2025-12-08,288.314,0.0,775.02,0.153,210.0,0,0,0,0.001,0.001,0.001,0.001,0.001,0.001,0.001,0.001,0.001
2025-12-08T03:30Z,2025-12-08,290.111,0.0,775.062,0.125,115.0,0,0,0,0.001,0.001,0.001,0.001,0.0,0.0,0.001,0.0,0.001
2025-12-08T04:00Z,2025-12-08,289.285,0.0,775.044,0.174,20.0,0,0,0,0.001,0.001,0.001,0.001,0.001,0.001,0.001,0.001,0.001
2025-12-08T04:30Z,2025-12-08,291.16,0.0,775.094,0.16,15.0,0,0,0,0.001,0.001,0.001,0.001,0.001,0.001,0.001,0.001,0.001
2025-12-08T05:00Z,2025-12-08,283.199,0.0,724.966,0.312,10.0,0,0,0,0.001,0.001,0.001,0.001,0.001,0.001,0.001,0.001,0.001
2025-12-08T05:30Z,2025-12-08,282.883,0.0,724.958,0.34,10.0,0,0,0,0.001,0.001,0.002,0.002,0.001,0.001,0.001,0.001,0.001
2025-12-08T06:00Z,2025-12-08,282.87,0.0,700.0,0.424,10.0,0,0,0,0.001,0.001,0.002,0.002,0.001,0.001,0.001,0.001,0.001
2025-12-08T06:30Z,2025-12-08,281.305,0.0,699.962,0.486,10.0,0,0,0,0.001,0.001,0.002,0.002,0.001,0.001,0.001,0.001,0.001
2025-12-08T07:00Z,2025-12-08,281.379,0.0,675.0,0.507,10.0,0,0,0,0.001,0.001,0.002,0.001,0.001,0.001,0.001,0.001,0.001
2025-12-08T07:30Z,2025-12-08,282.583,0.0,700.0,0.576,15.0,0,0,0,0.001,0.001,0.002,0.002,0.001,0.001,0.001,0.001,0.001
2025-12-08T08:00Z,2025-12-08,279.85,0.0,674.954,0.646,20.0,0,0,0,0.001,0.001,0.002,0.001,0.001,0.001,0.001,0.001,0.001
2025-12-08T08:30Z,2025-12-08,274.106,0.0,599.946,0.625,20.0,0,0,0,0.001,0.001,0.002,0.002,0.001,0.001,0.002,0.002,0.001
2025-12-08T09:00Z,2025-12-08,273.068,0.0,574.964,0.653,20.0,0,0,0,0.001,0.001,0.002,0.001,0.001,0.001,0.001,0.001,0.001
2025-12-08T09:30Z,2025-12-08,266.205,0.0,499.959,0.625,20.0,0,0,0,0.001,0.001,0.001,0.004,0.002,0.001,0.004,0.003,0.002
2025-12-08T10:00Z,2025-12-08,267.385,0.0,524.933,0.653,20.0,0,0,0,0.001,0.001,0.001,0.001,0.001,0.001,0.001,0.001,0.001
2025-12-08T10:30Z,2025-12-08,267.546,0.0,524.939,0.611,25.0,0,0,0,0.001,0.001,0.002,0.002,0.001,0.002,0.001,0.001,0.001
2025-12-08T11:00Z,2025-12-08,267.304,0.0,500.0,0.625,30.0,0,0,0,0.001,0.001,0.002,0.002,0.001,0.002,0.001,0.001,0.001
2025-12-08T11:30Z,2025-12-08,267.505,0.0,524.941,0.597,115.0,0,0,0,0.001,0.001,0.001,0.001,0.001,0.002,0.001,0.001,0.002
2025-12-08T12:00Z,2025-12-08,272.703,0.0,574.959,0.576,200.0,0,0,0,0.001,0.001,0.002,0.001,0.001,0.001,0.001,0.001,0.001
2025-12-08T12:30Z,2025-12-08,271.561,0.0,574.941,0.576,145.0,0,0,0,0.001,0.001,0.002,0.002,0.001,0.001,0.001,0.001,0.001
2025-12-08T13:00Z,2025-12-08,278.394,0.0,625.0,0.549,90.0,0,0,0,0.001,0.001,0.002,0.002,0.001,0.001,0.001,0.001,0.001
2025-12-08T13:30Z,2025-12-08,276.953,0.0,624.966,0.562,60.0,0,0,0,0.001,0.001,0.002,0.002,0.001,0.001,0.001,0.001,0.001
2025-12-08T14:00Z,2025-12-08,276.722,0.0,624.98,0.562,30.0,0,0,0,0.001,0.001,0.002,0.001,0.001,0.001,0.001,0.001,0.001
2025-12-08T14:30Z,2025-12-08,277.519,0.0,625.0,0.549,20.0,0,0,0,0.002,0.001,0.002,0.002,0.001,0.001,0.001,0.001,0.001
2025-12-08T15:00Z,2025-12-08,285.691,0.0,750.0,0.514,10.0,0,0,0,0.002,0.002,0.002,0.002,0.002,0.001,0.001,0.001,0.001
2025-12-08T15:30Z,2025-12-08,283.011,0.0,724.978,0.528,40.0,0,0,0,0.002,0.002,0.002,0.002,0.001,0.002,0.001,0.001,0.002
2025-12-08T16:00Z,2025-12-08,273.934,0.0,599.957,0.542,70.0,0,0,0,0.002,0.002,0.002,0.002,0.002,0.002,0.002,0.002,0.002
2025-12-08T16:30Z,2025-12-08,271.652,0.0,574.941,0.562,60.0,0,0,0,0.002,0.002,0.002,0.002,0.001,0.001,0.001,0.002,0.001
2025-12-08T17:00Z,2025-12-08,277.91,0.0,649.972,0.569,50.0,0,0,0,0.002,0.002,0.002,0.001,0.001,0.001,0.001,0.001,0.001
2025-12-08T17:30Z,2025-12-08,277.022,0.0,649.953,0.556,220.0,0,0,0,0.002,0.002,0.002,0.001,0.001,0.001,0.001,0.001,0.001
2025-12-08T18:00Z,2025-12-08,279.077,0.0,674.961,0.576,390.0,0,0,0,0.001,0.001,0.002,0.001,0.001,0.001,0.001,0.001,0.001
2025-12-08T18:30Z,2025-12-08,278.451,0.0,674.946,0.583,390.0,0,0,0,0.002,0.001,0.002,0.001,0.001,0.001,0.001,0.001,0.001
2025-12-08T19:00Z,2025-12-08,273.383,0.0,599.957,0.562,390.0,0,0,0,0.002,0.001,0.002,0.001,0.001,0.001,0.001,0.001,0.001
2025-12-08T19:30Z,2025-12-08,271.967,0.0,574.958,0.562,395.0,0,0,0,0.002,0.001,0.002,0.001,0.001,0.001,0.001,0.001,0.001
2025-12-08T20:00Z,2025-12-08,272.493,0.0,574.976,0.556,400.0,0,0,0,0.002,0.001,0.002,0.001,0.001,0.001,0.001,0.001,0.001
2025-12-08T20:30Z,2025-12-08,270.933,0.0,574.948,0.556,395.0,0,0,0,0.002,0.001,0.002,0.001,0.001,0.001,0.001,0.001,0.001
2025-12-08T21:00Z,2025-12-08,277.504,0.0,649.959,0.542,390.0,0,0,0,0.003,0.003,0.004,0.001,0.001,0.001,0.001,0.001,0.001
2025-12-08T21:30Z,2025-12-08,279.896,0.0,674.973,0.556,340.0,0,0,0,0.002,0.002,0.004,0.001,0.001,0.001,0.001,0.001,0.001
2025-12-08T22:00Z,2025-12-08,279.842,0.0,674.963,0.583,290.0,0,0,0,0.003,0.002,0.006,0.001,0.001,0.002,0.001,0.001,0.002
2025-12-08T22:30Z,2025-12-08,281.293,0.0,675.0,0.556,255.0,0,0,0,0.003,0.002,0.006,0.002,0.001,0.002,0.001,0.001,0.002
2025-12-08T23:00Z,2025-12-08,281.148,0.0,699.959,0.528,220.0,0,0,0,0.003,0.002,0.005,0.002,0.002,0.002,0.001,0.001,0.002
2025-12-08T23:30Z,2025-12-08,281.358,0.0,699.964,0.528,320.0,0,0,0,0.002,0.001,0.003,0.002,0.001,0.001,0.001,0.001,0.001
2025-12-10T00:00Z,2025-12-10,242.115,0.0,324.924,0.708,30.0,0,0,0,0.002,0.001,0.002,0.001,0.001,0.001,0.001,0.001,0.001
2025-12-10T00:30Z,2025-12-10,249.53,0.0,374.918,0.688,20.0,0,0,0,0.002,0.001,0.002,0.001,0.001,0.001,0.001,0.001,0.001
2025-12-10T01:00Z,2025-12-10,254.728,0.0,399.951,0.715,10.0,0,0,0,0.003,0.001,0.002,0.001,0.001,0.002,0.001,0.001,0.001
2025-12-10T01:30Z,2025-12-10,259.667,0.0,449.921,0.708,5.0,0,0,0,0.001,0.001,0.002,0.002,0.001,0.003,0.001,0.001,0.002
2025-12-10T02:00Z,2025-12-10,248.504,0.0,374.901,0.729,0.0,0,0,0,0.002,0.001,0.003,0.002,0.001,0.006,0.002,0.002,0.004
2025-12-10T02:30Z,2025-12-10,250.629,0.0,374.936,0.674,0.0,0,0,0,0.001,0.001,0.002,0.002,0.001,0.002,0.001,0.001,0.001
2025-12-10T03:00Z,2025-12-10,251.953,0.0,374.958,0.59,0.0,0,0,0,0.001,0.001,0.002,0.001,0.001,0.001,0.001,0.001,0.001
2025-12-10T03:30Z,2025-12-10,251.627,0.0,374.954,0.556,0.0,0,0,0,0.001,0.001,0.002,0.001,0.001,0.001,0.001,0.001,0.001
2025-12-10T04:00Z,2025-12-10,248.559,0.0,374.908,0.549,0.0,0,0,0,0.001,0.001,0.002,0.001,0.001,0.002,0.001,0.001,0.001
2025-12-10T04:30Z,2025-12-10,246.121,0.0,349.925,0.576,0.0,0,0,0,0.001,0.001,0.002,0.001,0.001,0.002,0.001,0.001,0.001
2025-12-10T05:00Z,2025-12-10,250.486,0.0,374.927,0.556,0.0,0,0,0,0.001,0.001,0.002,0.001,0.001,0.002,0.001,0.001,0.001
2025-12-10T05:30Z,2025-12-10,253.269,0.0,399.915,0.528,5.0,0,0,0,0.001,0.001,0.002,0.001,0.001,0.001,0.001,0.001,0.001
2025-12-10T06:00Z,2025-12-10,261.414,0.0,449.949,0.514,10.0,0,0,0,0.002,0.001,0.001,0.001,0.001,0.001,0.001,0.001,0.001
2025-12-10T06:30Z,2025-12-10,263.389,0.0,474.946,0.521,10.0,0,0,0,0.001,0.001,0.002,0.001,0.001,0.001,0.001,0.001,0.001
2025-12-10T07:00Z,2025-12-10,261.142,0.0,449.943,0.493,10.0,0,0,0,0.001,0.001,0.002,0.001,0.001,0.001,0.001,0.001,0.001
2025-12-10T07:30Z,2025-12-10,265.83,0.0,499.963,0.507,10.0,0,0,0,0.001,0.001,0.001,0.002,0.001,0.002,0.001,0.001,0.001
2025-12-10T08:00Z,2025-12-10,263.824,0.0,474.964,0.472,10.0,0,0,0,0.001,0.001,0.001,0.001,0.001,0.001,0.001,0.001,0.001
2025-12-10T09:30Z,2025-12-10,272.679,0.0,574.973,0.486,5.0,0,0,0,0.001,0.001,0.001,0.001,0.001,0.001,0.001,0.001,0.001
2025-12-10T10:00Z,2025-12-10,269.303,0.0,549.945,0.514,0.0,0,0,0,0.001,0.001,0.001,0.001,0.001,0.001,0.001,0.001,0.001
2025-12-10T10:30Z,2025-12-10,260.878,0.0,449.939,0.493,5.0,0,0,0,0.001,0.0,0.001,0.002,0.002,0.001,0.003,0.003,0.002
2025-12-10T11:00Z,2025-12-10,265.684,0.0,499.943,0.438,10.0,0,0,0,0.001,0.001,0.001,0.001,0.001,0.001,0.001,0.001,0.001
2025-12-10T11:30Z,2025-12-10,267.471,0.0,524.937,0.396,40.0,0,0,0,0.001,0.001,0.001,0.001,0.001,0.001,0.001,0.001,0.001
2025-12-10T12:00Z,2025-12-10,269.826,0.0,525.0,0.41,70.0,0,0,0,0.001,0.001,0.003,0.001,0.001,0.001,0.001,0.001,0.001
2025-12-10T12:30Z,2025-12-10,270.237,0.0,549.964,0.382,75.0,0,0,0,0.001,0.001,0.002,0.001,0.001,0.002,0.001,0.002,0.002
2025-12-10T13:00Z,2025-12-10,276.557,0.0,649.95,0.326,80.0,0,0,0,0.001,0.001,0.002,0.002,0.001,0.001,0.001,0.001,0.001
2025-12-10T13:30Z,2025-12-10,277.698,0.0,649.977,0.34,85.0,0,0,0,0.001,0.001,0.002,0.001,0.001,0.001,0.001,0.001,0.001
2025-12-10T14:00Z,2025-12-10,287.458,0.0,775.006,0.292,90.0,0,0,0,0.001,0.001,0.002,0.002,0.001,0.001,0.001,0.001,0.001
2025-12-10T14:30Z,2025-12-10,282.43,0.0,724.956,0.312,115.0,0,0,0,0.001,0.001,0.002,0.002,0.001,0.001,0.003,0.001,0.001
2025-12-10T15:00Z,2025-12-10,280.442,0.0,699.95,0.299,140.0,0,0,0,0.001,0.001,0.002,0.001,0.001,0.001,0.001,0.001,0.001
2025-12-10T15:30Z,2025-12-10,278.306,0.0,649.98,0.299,120.0,0,0,0,0.001,0.001,0.002,0.001,0.001,0.001,0.001,0.001,0.001
2025-12-10T16:00Z,2025-12-10,277.911,0.0,649.971,0.306,100.0,0,0,0,0.001,0.001,0.002,0.001,0.001,0.001,0.001,0.001,0.001
2025-12-10T16:30Z,2025-12-10,275.998,0.0,624.971,0.292,100.0,0,0,0,0.002,0.001,0.002,0.001,0.001,0.001,0.001,0.001,0.001
2025-12-10T17:00Z,2025-12-10,278.055,0.0,649.972,0.243,100.0,0,0,0,0.001,0.001,0.002,0.001,0.001,0.001,0.001,0.001,0.001
2025-12-10T17:30Z,2025-12-10,277.004,0.0,649.956,0.278,130.0,0,0,0,0.001,0.001,0.002,0.001,0.001,0.001,0.001,0.001,0.001
2025-12-10T18:00Z,2025-12-10,274.095,0.0,599.975,0.299,160.0,0,0,0,0.001,0.001,0.002,0.001,0.001,0.001,0.001,0.001,0.001
2025-12-10T18:30Z,2025-12-10,286.979,0.0,774.991,0.292,110.0,0,0,0,0.001,0.001,0.002,0.001,0.0,0.0,0.001,0.001,0.001
2025-12-10T19:00Z,2025-12-10,287.767,0.0,775.006,0.257,60.0,0,0,0,0.001,0.001,0.002,0.001,0.001,0.001,0.001,0.001,0.001
2025-12-10T19:30Z,2025-12-10,284.35,0.0,749.964,0.208,45.0,0,0,0,0.001,0.001,0.002,0.001,0.001,0.001,0.001,0.001,0.001
2025-12-10T20:00Z,2025-12-10,288.57,0.0,775.046,0.174,30.0,0,0,0,0.001,0.001,0.002,0.001,0.001,0.001,0.001,0.001,0.001
2025-12-10T20:30Z,2025-12-10,287.355,0.0,775.004,0.194,30.0,0,0,0,0.001,0.001,0.003,0.001,0.001,0.001,0.001,0.001,0.001
2025-12-10T21:00Z,2025-12-10,,,,0.146,30.0,0,0,0,0.001,0.001,0.003,0.001,0.001,0.001,0.001,0.001,0.001
2025-12-10T21:30Z,2025-12-10,,,,0.16,25.0,0,0,0,0.001,0.001,0.002,0.001,0.0,0.001,0.001,0.001,0.001
2025-12-10T22:00Z,2025-12-10,,,,0.16,20.0,0,0,0,0.001,0.001,0.002,0.001,0.001,0.001,0.001,0.001,0.001
2025-12-10T22:30Z,2025-12-10,,,,0.153,15.0,0,0,0,0.001,0.001,0.001,0.001,0.0,0.001,0.001,0.001,0.001
2025-12-10T23:00Z,2025-12-10,,,,0.153,10.0,0,0,0,0.001,0.001,0.002,0.001,0.0,0.0,0.001,0.001,0.001
2025-12-10T23:30Z,2025-12-10,,,,0.174,20.0,0,0,0,0.001,0.001,0.002,0.001,0.0,0.001,0.001,0.001,0.001
2025-12-12T00:00Z,2025-12-12,287.837,0.0,775.033,0.215,20.0,0,0,0,0.003,0.003,0.004,0.004,0.002,0.003,0.002,0.002,0.004
2025-12-12T00:30Z,2025-12-12,287.647,0.0,775.015,0.208,20.0,0,0,0,0.003,0.004,0.004,0.004,0.003,0.003,0.002,0.002,0.004
2025-12-12T01:00Z,2025-12-12,287.772,0.0,775.014,0.194,20.0,0,0,0,0.005,0.005,0.007,0.004,0.003,0.003,0.001,0.002,0.004
2025-12-12T01:30Z,2025-12-12,288.033,0.0,775.021,0.188,15.0,0,0,0,0.005,0.006,0.007,0.004,0.003,0.003,0.001,0.002,0.004
2025-12-12T02:00Z,2025-12-12,287.131,0.0,774.996,0.181,10.0,0,0,0,0.004,0.005,0.006,0.003,0.003,0.003,0.001,0.002,0.004
2025-12-12T02:30Z,2025-12-12,287.637,0.0,775.008,0.188,10.0,0,0,0,0.003,0.005,0.007,0.003,0.003,0.003,0.001,0.002,0.004
2025-12-12T03:00Z,2025-12-12,288.64,0.0,775.039,0.208,10.0,0,0,0,0.002,0.003,0.006,0.003,0.002,0.003,0.001,0.002,0.004
2025-12-12T03:30Z,2025-12-12,287.918,0.0,775.038,0.201,5.0,0,0,0,0.002,0.003,0.006,0.003,0.002,0.003,0.001,0.002,0.005
2025-12-12T04:00Z,2025-12-12,287.917,0.0,775.015,0.194,0.0,0,0,0,0.002,0.002,0.006,0.003,0.002,0.003,0.001,0.002,0.004
2025-12-12T04:30Z,2025-12-12,289.275,0.0,775.048,0.194,0.0,0,0,0,0.001,0.002,0.004,0.002,0.002,0.002,0.001,0.002,0.004
2025-12-12T05:00Z,2025-12-12,,,,0.153,0.0,0,0,0,0.001,0.002,0.004,0.002,0.002,0.002,0.001,0.001,0.003
2025-12-12T05:30Z,2025-12-12,,,,0.153,0.0,0,0,0,0.001,0.001,0.004,0.002,0.002,0.002,0.001,0.002,0.003
2025-12-12T06:00Z,2025-12-12,289.942,0.0,775.102,0.174,0.0,0,0,0,0.001,0.001,0.003,0.002,0.001,0.002,0.001,0.001,0.003
2025-12-12T06:30Z,2025-12-12,,,,0.167,0.0,0,0,0,0.001,0.001,0.003,0.002,0.001,0.002,0.001,0.001,0.002
2025-12-12T07:00Z,2025-12-12,,,,0.167,0.0,0,0,0,0.001,0.001,0.002,0.002,0.001,0.002,0.001,0.001,0.002
2025-12-12T07:30Z,2025-12-12,,,,0.167,0.0,0,0,0,0.001,0.001,0.002,0.002,0.001,0.002,0.0,0.001,0.002
2025-12-12T08:00Z,2025-12-12,,,,0.153,0.0,0,0,0,0.001,0.001,0.002,0.002,0.001,0.002,0.0,0.001,0.002
2025-12-12T08:30Z,2025-12-12,,,,0.153,0.0,0,0,0,0.001,0.001,0.002,0.002,0.001,0.002,0.0,0.001,0.002
2025-12-12T09:00Z,2025-12-12,,,,0.16,0.0,0,0,0,0.001,0.001,0.003,0.002,0.002,0.002,0.001,0.001,0.002
2025-12-12T09:30Z,2025-12-12,,,,0.16,0.0,0,0,0,0.001,0.001,0.003,0.002,0.002,0.002,0.0,0.001,0.002
2025-12-12T10:00Z,2025-12-12,,,,0.125,0.0,0,0,0,0.001,0.001,0.003,0.002,0.002,0.002,0.0,0.001,0.002
2025-12-12T10:30Z,2025-12-12,,,,0.104,0.0,0,0,0,0.001,0.001,0.002,0.002,0.002,0.002,0.001,0.001,0.002
2025-12-12T11:00Z,2025-12-12,,,,0.111,0.0,0,0,0,0.001,0.001,0.003,0.002,0.002,0.002,0.001,0.001,0.002
2025-12-12T11:30Z,2025-12-12,,,,0.104,0.0,0,0,0,0.001,0.001,0.003,0.002,0.002,0.002,0.0,0.001,0.002
2025-12-12T12:00Z,2025-12-12,,,,0.097,0.0,0,0,0,0.001,0.002,0.003,0.002,0.002,0.002,0.0,0.001,0.002
2025-12-12T12:30Z,2025-12-12,,,,0.09,0.0,0,0,0,0.002,0.001,0.003,0.002,0.002,0.002,0.001,0.001,0.003
2025-12-12T13:00Z,2025-12-12,,,,0.083,0.0,0,0,0,0.003,0.002,0.003,0.002,0.002,0.002,0.001,0.001,0.003
2025-12-12T13:30Z,2025-12-12,,,,0.076,5.0,0,0,0,0.002,0.002,0.002,0.002,0.002,0.002,0.001,0.002,0.003
2025-12-12T14:00Z,2025-12-12,,,,0.09,10.0,0,0,0,0.002,0.002,0.002,0.003,0.002,0.002,0.001,0.002,0.002
2025-12-12T14:30Z,2025-12-12,,,,0.076,10.0,0,0,0,0.003,0.002,0.003,0.003,0.002,0.002,0.001,0.002,0.002
2025-12-12T15:00Z,2025-12-12,,,,0.076,10.0,0,0,0,0.003,0.003,0.003,0.003,0.003,0.002,0.001,0.002,0.002
2025-12-12T15:30Z,2025-12-12,,,,0.062,5.0,0,0,0,0.002,0.002,0.002,0.003,0.002,0.002,0.001,0.002,0.002
2025-12-12T16:00Z,2025-12-12,,,,0.069,0.0,0,0,0,0.002,0.002,0.002,0.002,0.002,0.002,0.001,0.001,0.002
2025-12-12T16:30Z,2025-12-12,,,,0.062,0.0,0,0,0,0.002,0.002,0.002,0.003,0.002,0.002,0.001,0.001,0.002
2025-12-12T17:00Z,2025-12-12,,,,0.076,0.0,0,0,0,0.002,0.002,0.002,0.002,0.002,0.002,0.001,0.001,0.002
2025-12-12T17:30Z,2025-12-12,,,,0.049,0.0,0,0,0,0.002,0.002,0.002,0.003,0.002,0.002,0.001,0.002,0.002
2025-12-12T18:00Z,2025-12-12,,,,0.042,0.0,0,0,0,0.002,0.002,0.002,0.003,0.002,0.002,0.001,0.002,0.002
2025-12-12T18:30Z,2025-12-12,,,,0.042,0.0,0,0,0,0.002,0.003,0.003,0.002,0.002,0.002,0.001,0.002,0.002
2025-12-12T19:00Z,2025-12-12,,,,0.035,0.0,0,0,0,0.002,0.003,0.003,0.003,0.002,0.002,0.001,0.001,0.002
2025-12-12T19:30Z,2025-12-12,,,,0.028,0.0,0,0,0,0.002,0.003,0.003,0.002,0.003,0.002,0.0,0.001,0.002
2025-12-12T20:00Z,2025-12-12,,,,0.0,0.0,0,0,0,0.002,0.002,0.002,0.002,0.002,0.002,0.001,0.002,0.003
2025-12-12T20:30Z,2025-12-12,,,,0.0,0.0,0,0,0,0.002,0.003,0.003,0.002,0.003,0.002,0.001,0.002,0.003
2025-12-12T21:00Z,2025-12-12,,,,0.0,0.0,0,0,0,0.002,0.002,0.003,0.002,0.003,0.002,0.001,0.002,0.003
2025-12-12T21:30Z,2025-12-12,,,,0.0,0.0,0,0,0,0.003,0.003,0.003,0.003,0.003,0.002,0.001,0.001,0.003
2025-12-12T22:00Z,2025-12-12,,,,0.0,0.0,0,0,0,0.003,0.003,0.003,0.003,0.003,0.002,0.001,0.001,0.003
2025-12-12T22:30Z,2025-12-12,,,,0.0,0.0,0,0,0,0.003,0.003,0.003,0.003,0.003,0.002,0.001,0.001,0.003
2025-12-12T23:00Z,2025-12-12,,,,0.0,0.0,0,0,0,0.003,0.003,0.003,0.003,0.003,0.002,0.001,0.002,0.003
2025-12-12T23:30Z,2025-12-12,,,,0.0,0.0,0,0,0,0.005,0.004,0.004,0.003,0.003,0.002,0.001,0.002,0.003
2025-12-14T00:00Z,2025-12-14,288.919,0.0,775.065,0.049,10.0,0,0,0,0.003,0.003,0.003,0.003,0.003,0.003,0.002,0.002,0.004
2025-12-14T00:30Z,2025-12-14,288.116,0.0,775.044,0.056,10.0,0,0,0,0.004,0.004,0.005,0.003,0.003,0.003,0.001,0.002,0.004
2025-12-14T01:00Z,2025-12-14,288.522,0.0,775.056,0.035,10.0,0,0,0,0.004,0.004,0.005,0.003,0.003,0.003,0.001,0.002,0.004
2025-12-14T01:30Z,2025-12-14,287.589,0.0,775.031,0.076,10.0,0,0,0,0.003,0.005,0.005,0.004,0.004,0.003,0.001,0.002,0.004
2025-12-14T02:00Z,2025-12-14,288.608,0.0,775.054,0.028,10.0,0,0,0,0.003,0.004,0.005,0.003,0.003,0.003,0.001,0.002,0.004
2025-12-14T02:30Z,2025-12-14,287.816,0.0,775.033,0.069,10.0,0,0,0,0.002,0.002,0.004,0.002,0.002,0.002,0.001,0.002,0.004
2025-12-14T03:00Z,2025-12-14,287.89,0.0,775.035,0.028,10.0,0,0,0,0.001,0.002,0.003,0.002,0.002,0.002,0.001,0.002,0.004
2025-12-14T03:30Z,2025-12-14,289.598,0.0,775.071,0.014,5.0,0,0,0,0.001,0.001,0.003,0.002,0.002,0.002,0.001,0.002,0.003
2025-12-14T04:00Z,2025-12-14,290.182,0.0,775.112,0.021,0.0,0,0,0,0.001,0.001,0.003,0.002,0.002,0.002,0.0,0.001,0.003
2025-12-14T04:30Z,2025-12-14,289.597,0.0,775.08,0.014,0.0,0,0,0,0.001,0.001,0.003,0.002,0.002,0.002,0.0,0.001,0.003
2025-12-14T05:00Z,2025-12-14,289.871,0.0,775.078,0.014,0.0,0,0,0,0.001,0.001,0.003,0.002,0.002,0.002,0.0,0.001,0.003
2025-12-14T05:30Z,2025-12-14,,,,0.0,5.0,0,0,0,0.001,0.001,0.003,0.002,0.001,0.002,0.001,0.001,0.003
2025-12-14T06:00Z,2025-12-14,,,,0.0,10.0,0,0,0,0.001,0.001,0.003,0.002,0.002,0.002,0.001,0.002,0.003
2025-12-14T06:30Z,2025-12-14,,,,0.0,5.0,0,0,0,0.001,0.001,0.003,0.002,0.002,0.002,0.001,0.002,0.003
2025-12-14T07:00Z,2025-12-14,,,,0.0,0.0,0,0,0,0.001,0.001,0.002,0.002,0.001,0.002,0.001,0.001,0.003
2025-12-14T07:30Z,2025-12-14,,,,0.0,0.0,0,0,0,0.001,0.001,0.002,0.002,0.002,0.002,0.001,0.001,0.003
2025-12-14T08:00Z,2025-12-14,,,,0.007,0.0,0,0,0,0.001,0.001,0.002,0.002,0.002,0.002,0.001,0.002,0.003
2025-12-14T08:30Z,2025-12-14,,,,0.014,0.0,0,0,0,0.001,0.001,0.002,0.002,0.002,0.002,0.0,0.001,0.003
2025-12-14T09:00Z,2025-12-14,,,,0.014,0.0,0,0,0,0.001,0.001,0.002,0.002,0.002,0.002,0.001,0.001,0.002
2025-12-14T09:30Z,2025-12-14,,,,0.0,0.0,0,0,0,0.001,0.001,0.002,0.002,0.002,0.002,0.001,0.001,0.003
2025-12-14T10:00Z,2025-12-14,,,,0.0,0.0,0,0,0,0.001,0.001,0.002,0.002,0.002,0.002,0.001,0.001,0.002
2025-12-14T10:30Z,2025-12-14,,,,0.007,0.0,0,0,0,0.001,0.001,0.002,0.002,0.002,0.002,0.001,0.001,0.003
2025-12-14T11:00Z,2025-12-14,,,,0.0,0.0,0,0,0,0.001,0.001,0.002,0.002,0.002,0.002,0.001,0.001,0.003
2025-12-14T11:30Z,2025-12-14,,,,0.0,0.0,0,0,0,0.001,0.001,0.002,0.002,0.002,0.002,0.001,0.001,0.002
2025-12-14T12:00Z,2025-12-14,,,,0.0,0.0,0,0,0,0.002,0.001,0.002,0.002,0.002,0.002,0.001,0.002,0.002
2025-12-14T12:30Z,2025-12-14,,,,0.0,0.0,0,0,0,0.002,0.002,0.003,0.002,0.002,0.002,0.001,0.002,0.003
2025-12-14T13:00Z,2025-12-14,,,,0.0,0.0,0,0,0,0.002,0.002,0.003,0.002,0.002,0.003,0.001,0.002,0.004
2025-12-14T13:30Z,2025-12-14,,,,0.0,0.0,0,0,0,0.003,0.002,0.004,0.003,0.002,0.002,0.001,0.002,0.003
2025-12-14T14:00Z,2025-12-14,,,,0.035,0.0,0,0,0,0.002,0.002,0.003,0.003,0.002,0.003,0.001,0.002,0.003
2025-12-14T14:30Z,2025-12-14,,,,0.049,0.0,0,0,0,0.002,0.002,0.003,0.003,0.002,0.002,0.001,0.002,0.003
2025-12-14T15:00Z,2025-12-14,,,,0.062,0.0,0,0,0,0.002,0.002,0.003,0.003,0.002,0.002,0.001,0.001,0.002
2025-12-14T15:30Z,2025-12-14,,,,0.062,0.0,0,0,0,0.002,0.002,0.002,0.003,0.002,0.002,0.001,0.001,0.002
2025-12-14T16:00Z,2025-12-14,,,,0.09,0.0,0,0,0,0.002,0.002,0.002,0.003,0.002,0.002,0.001,0.001,0.002
2025-12-14T16:30Z,2025-12-14,290.628,0.0,775.085,0.083,0.0,0,0,0,0.002,0.002,0.002,0.003,0.002,0.002,0.001,0.001,0.002
2025-12-14T17:00Z,2025-12-14,289.93,0.0,775.065,0.083,0.0,0,0,0,0.002,0.002,0.003,0.003,0.002,0.002,0.001,0.002,0.003
2025-12-14T17:30Z,2025-12-14,,,,0.076,0.0,0,0,0,0.002,0.003,0.003,0.003,0.002,0.002,0.001,0.002,0.003
2025-12-14T18:00Z,2025-12-14,,,,0.076,0.0,0,0,0,0.002,0.003,0.003,0.003,0.002,0.002,0.001,0.002,0.003
2025-12-14T18:30Z,2025-12-14,,,,0.056,0.0,0,0,0,0.002,0.003,0.003,0.002,0.002,0.002,0.001,0.002,0.003
2025-12-14T19:00Z,2025-12-14,,,,0.083,0.0,0,0,0,0.003,0.003,0.003,0.002,0.002,0.002,0.001,0.002,0.003
2025-12-14T19:30Z,2025-12-14,291.198,0.0,775.099,0.118,0.0,0,0,0,0.003,0.003,0.003,0.002,0.002,0.002,0.001,0.002,0.003
2025-12-14T20:00Z,2025-12-14,,,,0.09,0.0,0,0,0,0.003,0.003,0.003,0.002,0.002,0.002,0.001,0.002,0.003
2025-12-14T20:30Z,2025-12-14,289.952,0.0,775.09,0.09,0.0,0,0,0,0.003,0.003,0.004,0.002,0.003,0.002,0.001,0.002,0.003
2025-12-14T21:00Z,2025-12-14,290.132,0.0,775.095,0.097,0.0,0,0,0,0.004,0.004,0.004,0.003,0.003,0.003,0.001,0.002,0.003
2025-12-14T21:30Z,2025-12-14,290.012,0.0,775.092,0.111,0.0,0,0,0,0.003,0.003,0.003,0.003,0.003,0.003,0.001,0.002,0.003
2025-12-14T22:00Z,2025-12-14,,,,0.062,0.0,0,0,0,0.003,0.003,0.004,0.003,0.003,0.004,0.001,0.002,0.004
2025-12-14T22:30Z,2025-12-14,290.411,0.0,775.103,0.062,0.0,0,0,0,0.002,0.003,0.003,0.003,0.003,0.003,0.001,0.002,0.004
2025-12-14T23:00Z,2025-12-14,288.978,0.0,775.064,0.049,0.0,0,0,0,0.002,0.003,0.003,0.003,0.004,0.003,0.001,0.002,0.004
2025-12-14T23:30Z,2025-12-14,,,,0.069,5.0,0,0,0,0.004,0.006,0.007,0.003,0.004,0.003,0.001,0.003,0.004
2025-12-16T00:00Z,2025-12-16,271.748,0.0,549.972,0.486,80.0,0,0,0,0.038,0.025,0.026,0.007,0.007,0.006,0.002,0.003,0.004
2025-12-16T00:30Z,2025-12-16,250.323,0.0,374.915,0.528,100.0,0,0,0,0.037,0.032,0.035,0.008,0.008,0.01,0.002,0.004,0.007
2025-12-16T01:00Z,2025-12-16,263.547,0.0,474.962,0.583,120.0,0,0,0,0.032,0.025,0.032,0.015,0.016,0.016,0.005,0.007,0.009
2025-12-16T01:30Z,2025-12-16,266.174,0.0,499.963,0.59,120.0,0,0,0,0.026,0.02,0.023,0.014,0.01,0.019,0.008,0.008,0.012
2025-12-16T02:00Z,2025-12-16,267.601,0.0,524.943,0.653,120.0,0,0,0,0.019,0.013,0.015,0.015,0.012,0.009,0.004,0.004,0.007
2025-12-16T02:30Z,2025-12-16,256.206,0.0,424.909,0.715,145.0,0,0,0,0.027,0.024,0.027,0.009,0.011,0.01,0.004,0.005,0.006
2025-12-16T03:00Z,2025-12-16,249.581,0.0,374.905,0.701,170.0,0,0,0,0.037,0.031,0.039,0.014,0.016,0.017,0.008,0.02,0.021
2025-12-16T03:30Z,2025-12-16,256.507,0.0,424.916,0.688,235.0,0,0,0,0.045,0.04,0.059,0.013,0.017,0.019,0.006,0.019,0.017
2025-12-16T04:00Z,2025-12-16,263.794,0.0,499.921,0.764,300.0,0,0,0,0.041,0.037,0.053,0.009,0.01,0.017,0.007,0.011,0.02
2025-12-16T04:30Z,2025-12-16,264.416,0.0,499.937,0.792,340.0,0,0,0,0.039,0.039,0.047,0.026,0.035,0.043,0.013,0.032,0.032
2025-12-16T05:00Z,2025-12-16,261.583,0.0,474.935,0.868,380.0,0,0,0,0.041,0.04,0.049,0.04,0.035,0.038,0.013,0.028,0.029
2025-12-16T05:30Z,2025-12-16,262.955,0.0,474.961,0.882,405.0,0,0,0,0.051,0.046,0.052,0.038,0.033,0.034,0.009,0.025,0.032
2025-12-16T06:00Z,2025-12-16,272.555,0.0,549.977,0.889,430.0,0,0,0,0.044,0.038,0.036,0.011,0.01,0.01,0.005,0.006,0.006
2025-12-16T06:30Z,2025-12-16,269.653,0.0,549.932,0.889,445.0,0,0,0,0.054,0.044,0.058,0.015,0.012,0.016,0.011,0.01,0.014
2025-12-16T07:00Z,2025-12-16,257.276,0.0,424.942,0.882,460.0,0,0,0,0.068,0.049,0.063,0.018,0.021,0.019,0.009,0.009,0.016
2025-12-16T07:30Z,2025-12-16,252.255,0.0,374.969,0.91,380.0,0,0,0,0.059,0.054,0.071,0.042,0.046,0.027,0.015,0.017,0.018
2025-12-16T08:00Z,2025-12-16,251.053,0.0,374.938,0.917,300.0,0,0,0,0.06,0.056,0.076,0.053,0.041,0.032,0.009,0.014,0.022
2025-12-16T08:30Z,2025-12-16,248.388,0.0,349.954,0.917,445.0,0,0,0,0.054,0.053,0.07,0.041,0.044,0.04,0.009,0.018,0.021
2025-12-16T09:00Z,2025-12-16,251.669,0.0,374.949,0.903,590.0,0,0,0,0.046,0.052,0.069,0.014,0.025,0.032,0.01,0.015,0.021
2025-12-16T09:30Z,2025-12-16,258.618,0.0,424.963,0.882,450.0,0,0,0,0.048,0.051,0.064,0.02,0.025,0.032,0.01,0.013,0.026
2025-12-16T10:00Z,2025-12-16,261.306,0.0,449.966,0.861,310.0,0,0,0,0.05,0.048,0.062,0.018,0.018,0.029,0.014,0.014,0.026
2025-12-16T10:30Z,2025-12-16,257.515,0.0,424.936,0.84,400.0,0,0,0,0.048,0.048,0.059,0.015,0.016,0.022,0.005,0.009,0.019
2025-12-16T11:00Z,2025-12-16,259.077,0.0,424.957,0.792,490.0,0,0,0,0.045,0.045,0.062,0.009,0.011,0.014,0.003,0.007,0.016
2025-12-16T11:30Z,2025-12-16,253.657,0.0,399.913,0.792,725.0,0,0,0,0.054,0.056,0.066,0.01,0.013,0.017,0.003,0.008,0.019
2025-12-16T12:00Z,2025-12-16,256.911,0.0,399.975,0.792,960.0,0,0,0,0.091,0.139,0.176,0.008,0.02,0.031,0.003,0.009,0.035
2025-12-16T12:30Z,2025-12-16,264.843,0.0,499.934,0.743,775.0,0,0,0,0.039,0.032,0.044,0.009,0.01,0.014,0.007,0.007,0.016
2025-12-16T13:00Z,2025-12-16,270.64,0.0,549.939,0.701,590.0,0,0,0,0.045,0.038,0.049,0.009,0.009,0.01,0.008,0.007,0.012
2025-12-16T13:30Z,2025-12-16,270.907,0.0,549.943,0.701,675.0,0,0,0,0.042,0.032,0.044,0.009,0.008,0.011,0.004,0.004,0.01
2025-12-16T14:00Z,2025-12-16,272.577,0.0,549.972,0.694,760.0,0,0,0,0.018,0.021,0.027,0.005,0.007,0.01,0.004,0.007,0.008
2025-12-16T14:30Z,2025-12-16,272.222,0.0,549.966,0.674,765.0,0,0,0,0.008,0.013,0.017,0.007,0.008,0.011,0.002,0.008,0.009
2025-12-16T15:00Z,2025-12-16,275.144,0.0,574.98,0.611,770.0,0,0,0,0.013,0.015,0.019,0.005,0.007,0.008,0.003,0.006,0.012
2025-12-16T15:30Z,2025-12-16,273.207,0.0,574.936,0.597,765.0,0,0,0,0.01,0.015,0.019,0.004,0.006,0.007,0.002,0.003,0.006
2025-12-16T16:00Z,2025-12-16,271.765,0.0,549.957,0.59,760.0,0,0,0,0.01,0.012,0.013,0.004,0.005,0.007,0.002,0.002,0.002
2025-12-16T16:30Z,2025-12-16,273.192,0.0,574.936,0.625,755.0,0,0,0,0.01,0.007,0.007,0.004,0.005,0.005,0.002,0.001,0.002
2025-12-16T17:00Z,2025-12-16,272.038,0.0,549.964,0.611,750.0,0,0,0,0.008,0.006,0.007,0.003,0.004,0.005,0.001,0.001,0.002
2025-12-16T17:30Z,2025-12-16,270.638,0.0,549.943,0.562,870.0,0,0,0,0.022,0.017,0.021,0.011,0.011,0.037,0.006,0.007,0.008
2025-12-16T18:00Z,2025-12-16,264.781,0.0,499.922,0.535,990.0,0,0,0,0.037,0.041,0.033,0.019,0.028,0.068,0.009,0.014,0.018
2025-12-16T18:30Z,2025-12-16,263.155,0.0,474.933,0.556,925.0,0,0,0,0.068,0.077,0.077,0.011,0.023,0.064,0.004,0.009,0.011
2025-12-16T19:00Z,2025-12-16,267.19,0.0,524.932,0.5,860.0,0,0,0,0.065,0.074,0.083,0.011,0.025,0.079,0.005,0.012,0.018
2025-12-16T19:30Z,2025-12-16,269.533,0.0,524.969,0.521,815.0,0,0,0,0.041,0.037,0.034,0.007,0.009,0.014,0.004,0.004,0.005
2025-12-16T20:00Z,2025-12-16,273.4,0.0,574.951,0.486,770.0,0,0,0,0.026,0.023,0.019,0.005,0.007,0.008,0.002,0.003,0.002
2025-12-16T20:30Z,2025-12-16,277.033,0.0,624.949,0.472,725.0,0,0,0,0.013,0.014,0.007,0.004,0.005,0.004,0.002,0.002,0.002
2025-12-16T21:00Z,2025-12-16,281.005,0.0,650.0,0.465,680.0,0,0,0,0.015,0.012,0.006,0.003,0.004,0.003,0.002,0.002,0.001
2025-12-16T21:30Z,2025-12-16,279.478,0.0,625.0,0.451,680.0,0,0,0,0.04,0.038,0.023,0.006,0.007,0.008,0.002,0.003,0.002
2025-12-16T22:00Z,2025-12-16,278.632,0.0,624.98,0.431,680.0,0,0,0,0.043,0.037,0.023,0.006,0.007,0.009,0.002,0.003,0.004
2025-12-16T22:30Z,2025-12-16,278.144,0.0,624.969,0.451,690.0,0,0,0,0.041,0.044,0.034,0.006,0.008,0.01,0.003,0.004,0.005
2025-12-16T23:00Z,2025-12-16,275.894,0.0,599.957,0.389,700.0,0,0,0,0.019,0.021,0.013,0.013,0.018,0.011,0.003,0.006,0.006
2025-12-16T23:30Z,2025-12-16,280.808,0.0,674.963,0.34,715.0,0,0,0,0.014,0.012,0.011,0.004,0.005,0.004,0.002,0.002,0.002
2025-12-18T00:00Z,2025-12-18,252.135,0.0,374.956,0.729,10.0,0,0,0,0.011,0.008,0.006,0.005,0.006,0.006,0.002,0.002,0.002
2025-12-18T00:30Z,2025-12-18,257.032,0.0,424.924,0.799,10.0,0,0,0,0.008,0.006,0.005,0.003,0.005,0.004,0.002,0.002,0.002
2025-12-18T01:00Z,2025-12-18,257.634,0.0,424.935,0.806,10.0,0,0,0,0.007,0.005,0.004,0.003,0.004,0.004,0.002,0.001,0.001
2025-12-18T01:30Z,2025-12-18,257.93,0.0,424.941,0.812,10.0,0,0,0,0.008,0.006,0.005,0.003,0.004,0.004,0.001,0.001,0.001
2025-12-18T02:00Z,2025-12-18,261.977,0.0,449.967,0.826,10.0,0,0,0,0.011,0.009,0.008,0.004,0.005,0.004,0.002,0.002,0.001
2025-12-18T02:30Z,2025-12-18,262.371,0.0,474.926,0.875,10.0,0,0,0,0.006,0.005,0.005,0.003,0.004,0.003,0.001,0.002,0.001
2025-12-18T03:00Z,2025-12-18,265.909,0.0,499.942,0.875,10.0,0,0,0,0.006,0.005,0.004,0.003,0.003,0.003,0.001,0.001,0.001
2025-12-18T03:30Z,2025-12-18,272.136,0.0,549.959,0.896,10.0,0,0,0,0.006,0.004,0.003,0.003,0.003,0.003,0.002,0.001,0.001
2025-12-18T04:00Z,2025-12-18,272.372,0.0,549.967,0.91,10.0,0,0,0,0.003,0.004,0.003,0.002,0.002,0.002,0.001,0.001,0.001
2025-12-18T04:30Z,2025-12-18,271.959,0.0,549.96,0.931,10.0,0,0,0,0.003,0.003,0.003,0.002,0.003,0.002,0.001,0.001,0.001
2025-12-18T05:00Z,2025-12-18,262.829,0.0,474.944,0.924,10.0,0,0,0,0.005,0.003,0.003,0.004,0.004,0.003,0.003,0.002,0.002
2025-12-18T05:30Z,2025-12-18,258.76,0.0,449.918,0.917,10.0,0,0,0,0.005,0.004,0.004,0.004,0.006,0.004,0.003,0.003,0.002
2025-12-18T06:00Z,2025-12-18,262.564,0.0,474.94,0.903,10.0,0,0,0,0.005,0.004,0.004,0.003,0.005,0.003,0.001,0.002,0.002
2025-12-18T06:30Z,2025-12-18,264.125,0.0,474.968,0.931,10.0,0,0,0,0.007,0.007,0.01,0.004,0.005,0.006,0.001,0.003,0.005
2025-12-18T07:00Z,2025-12-18,271.83,0.0,549.958,0.903,10.0,0,0,0,0.008,0.007,0.008,0.005,0.007,0.007,0.002,0.003,0.003
2025-12-18T07:30Z,2025-12-18,277.277,0.0,624.941,0.889,10.0,0,0,0,0.008,0.008,0.009,0.005,0.009,0.008,0.004,0.006,0.006
2025-12-18T08:00Z,2025-12-18,275.015,0.0,574.969,0.826,10.0,0,0,0,0.008,0.006,0.006,0.005,0.006,0.007,0.002,0.002,0.003
2025-12-18T08:30Z,2025-12-18,271.442,0.0,549.952,0.812,15.0,0,0,0,0.008,0.007,0.006,0.005,0.007,0.007,0.002,0.003,0.003
2025-12-18T09:00Z,2025-12-18,271.545,0.0,549.95,0.764,20.0,0,0,0,0.012,0.009,0.009,0.005,0.007,0.008,0.002,0.003,0.003
2025-12-18T09:30Z,2025-12-18,272.216,0.0,549.962,0.743,20.0,0,0,0,0.011,0.008,0.008,0.005,0.005,0.005,0.001,0.001,0.001
2025-12-18T10:00Z,2025-12-18,273.031,0.0,549.977,0.681,20.0,0,0,0,0.008,0.006,0.005,0.004,0.005,0.005,0.002,0.002,0.001
2025-12-18T10:30Z,2025-12-18,276.851,0.0,599.972,0.722,20.0,0,0,0,0.008,0.007,0.007,0.004,0.004,0.005,0.001,0.001,0.001
2025-12-18T11:00Z,2025-12-18,263.412,0.0,474.949,0.625,20.0,0,0,0,0.007,0.006,0.006,0.004,0.004,0.005,0.001,0.001,0.001
2025-12-18T11:30Z,2025-12-18,260.307,0.0,449.942,0.618,15.0,0,0,0,0.007,0.006,0.006,0.004,0.006,0.006,0.001,0.001,0.001
2025-12-18T12:00Z,2025-12-18,262.15,0.0,474.924,0.583,10.0,0,0,0,0.007,0.005,0.005,0.004,0.004,0.003,0.001,0.001,0.001
2025-12-18T12:30Z,2025-12-18,266.326,0.0,499.955,0.625,10.0,0,0,0,0.004,0.004,0.005,0.003,0.003,0.003,0.001,0.001,0.001
2025-12-18T13:00Z,2025-12-18,277.398,0.0,624.944,0.632,10.0,0,0,0,0.002,0.003,0.004,0.002,0.003,0.003,0.001,0.002,0.001
2025-12-18T13:30Z,2025-12-18,285.92,0.0,725.0,0.618,10.0,0,0,0,0.003,0.004,0.006,0.002,0.003,0.003,0.001,0.002,0.002
2025-12-18T14:00Z,2025-12-18,289.728,0.0,775.025,0.639,10.0,0,0,0,0.003,0.003,0.006,0.002,0.002,0.003,0.001,0.001,0.002
2025-12-18T14:30Z,2025-12-18,282.131,0.0,674.968,0.701,5.0,0,0,0,0.003,0.003,0.005,0.002,0.002,0.003,0.0,0.001,0.002
2025-12-18T15:00Z,2025-12-18,284.414,0.0,700.0,0.625,0.0,0,0,0,0.003,0.003,0.004,0.002,0.002,0.003,0.0,0.001,0.001
2025-12-18T15:30Z,2025-12-18,280.081,0.0,649.955,0.625,0.0,0,0,0,0.003,0.003,0.003,0.002,0.003,0.004,0.001,0.001,0.002
2025-12-18T16:00Z,2025-12-18,281.493,0.0,674.951,0.569,0.0,0,0,0,0.004,0.004,0.004,0.002,0.002,0.002,0.001,0.001,0.001
2025-12-18T16:30Z,2025-12-18,277.162,0.0,599.971,0.611,0.0,0,0,0,0.004,0.004,0.004,0.002,0.003,0.004,0.001,0.001,0.003
2025-12-18T17:00Z,2025-12-18,274.223,0.0,574.959,0.646,0.0,0,0,0,0.004,0.004,0.004,0.006,0.009,0.008,0.001,0.002,0.004
2025-12-18T17:30Z,2025-12-18,272.364,0.0,549.967,0.646,5.0,0,0,0,0.004,0.005,0.007,0.002,0.004,0.003,0.001,0.001,0.002
2025-12-18T18:00Z,2025-12-18,270.115,0.0,524.969,0.632,10.0,0,0,0,0.004,0.005,0.006,0.002,0.003,0.005,0.001,0.001,0.004
2025-12-18T18:30Z,2025-12-18,264.244,0.0,474.957,0.708,10.0,0,0,0,0.004,0.005,0.006,0.003,0.006,0.008,0.001,0.003,0.005
2025-12-18T19:00Z,2025-12-18,266.437,0.0,499.947,0.694,10.0,0,0,0,0.005,0.005,0.006,0.002,0.003,0.004,0.001,0.002,0.002
2025-12-18T19:30Z,2025-12-18,268.122,0.0,524.93,0.681,10.0,0,0,0,0.005,0.006,0.006,0.002,0.004,0.003,0.001,0.002,0.002
2025-12-18T20:00Z,2025-12-18,263.539,0.0,474.946,0.674,10.0,0,0,0,0.008,0.005,0.006,0.004,0.004,0.004,0.002,0.002,0.002
2025-12-18T20:30Z,2025-12-18,261.936,0.0,449.971,0.701,10.0,0,0,0,0.008,0.005,0.006,0.004,0.004,0.005,0.002,0.001,0.002
2025-12-18T21:00Z,2025-12-18,258.637,0.0,424.962,0.729,10.0,0,0,0,0.008,0.005,0.006,0.005,0.006,0.006,0.003,0.002,0.003
2025-12-18T21:30Z,2025-12-18,259.348,0.0,449.915,0.743,10.0,0,0,0,0.007,0.005,0.006,0.004,0.005,0.006,0.002,0.002,0.002
2025-12-18T22:00Z,2025-12-18,259.412,0.0,449.917,0.806,10.0,0,0,0,0.005,0.005,0.005,0.003,0.005,0.005,0.002,0.003,0.003
2025-12-18T22:30Z,2025-12-18,260.409,0.0,449.937,0.785,5.0,0,0,0,0.004,0.005,0.005,0.002,0.003,0.004,0.001,0.002,0.002
2025-12-18T23:00Z,2025-12-18,263.434,0.0,474.943,0.75,0.0,0,0,0,0.004,0.005,0.005,0.002,0.002,0.003,0.001,0.001,0.001
2025-12-18T23:30Z,2025-12-18,266.265,0.0,499.947,0.722,0.0,0,0,0,0.004,0.004,0.005,0.002,0.002,0.003,0.001,0.001,0.001
2025-12-20T00:00Z,2025-12-20,279.079,0.0,624.959,0.729,0.0,0,0,0,0.004,0.005,0.008,0.001,0.001,0.003,0.001,0.001,0.002
2025-12-20T00:30Z,2025-12-20,278.411,0.0,624.948,0.736,10.0,0,0,0,0.003,0.006,0.008,0.001,0.001,0.003,0.001,0.002,0.004
2025-12-20T01:00Z,2025-12-20,281.423,0.0,649.962,0.715,20.0,0,0,0,0.004,0.006,0.009,0.001,0.001,0.003,0.001,0.002,0.003
2025-12-20T01:30Z,2025-12-20,282.071,0.0,649.973,0.715,30.0,0,0,0,0.004,0.006,0.009,0.001,0.001,0.003,0.001,0.002,0.003
2025-12-20T02:00Z,2025-12-20,282.832,0.0,649.98,0.708,40.0,0,0,0,0.004,0.005,0.007,0.001,0.002,0.003,0.001,0.002,0.002
2025-12-20T02:30Z,2025-12-20,283.023,0.0,674.958,0.688,50.0,0,0,0,0.002,0.003,0.005,0.001,0.001,0.002,0.001,0.002,0.002
2025-12-20T03:00Z,2025-12-20,283.839,0.0,674.965,0.667,60.0,0,0,0,0.002,0.003,0.004,0.001,0.001,0.002,0.0,0.001,0.002
2025-12-20T03:30Z,2025-12-20,281.5,0.0,649.957,0.646,50.0,0,0,0,0.002,0.002,0.003,0.001,0.001,0.002,0.001,0.002,0.002
2025-12-20T04:00Z,2025-12-20,283.414,0.0,674.956,0.597,40.0,0,0,0,0.001,0.002,0.002,0.001,0.001,0.002,0.001,0.002,0.002
2025-12-20T04:30Z,2025-12-20,283.994,0.0,674.968,0.583,25.0,0,0,0,0.001,0.001,0.002,0.0,0.001,0.002,0.0,0.001,0.002
2025-12-20T05:00Z,2025-12-20,284.915,0.0,699.973,0.542,10.0,0,0,0,0.001,0.001,0.002,0.0,0.001,0.002,0.0,0.001,0.002
2025-12-20T05:30Z,2025-12-20,285.932,0.0,700.0,0.521,10.0,0,0,0,0.001,0.002,0.003,0.001,0.001,0.002,0.001,0.002,0.003
2025-12-20T06:00Z,2025-12-20,288.04,0.0,749.978,0.458,10.0,0,0,0,0.002,0.002,0.002,0.0,0.001,0.002,0.0,0.002,0.002
2025-12-20T06:30Z,2025-12-20,287.999,0.0,750.0,0.444,5.0,0,0,0,0.002,0.002,0.002,0.0,0.001,0.002,0.0,0.002,0.003
2025-12-20T07:00Z,2025-12-20,288.609,0.0,750.0,0.431,0.0,0,0,0,0.002,0.002,0.003,0.001,0.001,0.002,0.001,0.002,0.002
2025-12-20T07:30Z,2025-12-20,288.309,0.0,750.0,0.417,0.0,0,0,0,0.002,0.002,0.003,0.001,0.001,0.003,0.001,0.002,0.003
2025-12-20T08:00Z,2025-12-20,286.016,0.0,724.979,0.389,0.0,0,0,0,0.002,0.002,0.003,0.001,0.001,0.003,0.001,0.002,0.003
2025-12-20T08:30Z,2025-12-20,288.341,0.0,750.0,0.375,0.0,0,0,0,0.002,0.002,0.003,0.001,0.001,0.003,0.001,0.002,0.003
2025-12-20T09:00Z,2025-12-20,288.449,0.0,750.0,0.354,0.0,0,0,0,0.003,0.003,0.003,0.001,0.001,0.003,0.001,0.002,0.003
2025-12-20T09:30Z,2025-12-20,289.18,0.0,774.993,0.319,0.0,0,0,0,0.003,0.003,0.003,0.001,0.001,0.003,0.001,0.002,0.003
2025-12-20T10:00Z,2025-12-20,289.012,0.0,774.992,0.312,0.0,0,0,0,0.002,0.003,0.003,0.001,0.001,0.002,0.001,0.002,0.003
2025-12-20T10:30Z,2025-12-20,288.322,0.0,774.971,0.361,5.0,0,0,0,0.002,0.002,0.003,0.0,0.001,0.002,0.0,0.002,0.002
2025-12-20T11:00Z,2025-12-20,289.156,0.0,775.009,0.326,10.0,0,0,0,0.002,0.003,0.003,0.0,0.0,0.002,0.001,0.002,0.002
2025-12-20T11:30Z,2025-12-20,288.413,0.0,750.0,0.306,10.0,0,0,0,0.002,0.003,0.003,0.001,0.001,0.002,0.001,0.002,0.003
2025-12-20T12:00Z,2025-12-20,287.345,0.0,749.966,0.264,10.0,0,0,0,0.002,0.003,0.004,0.0,0.001,0.002,0.001,0.002,0.003
2025-12-20T12:30Z,2025-12-20,286.618,0.0,724.978,0.278,25.0,0,0,0,0.003,0.004,0.005,0.001,0.001,0.002,0.001,0.003,0.003
2025-12-20T13:00Z,2025-12-20,287.42,0.0,725.0,0.319,40.0,0,0,0,0.003,0.004,0.005,0.001,0.001,0.002,0.001,0.003,0.003
2025-12-20T13:30Z,2025-12-20,287.605,0.0,749.975,0.347,50.0,0,0,0,0.002,0.004,0.005,0.001,0.001,0.003,0.002,0.004,0.004
2025-12-20T14:00Z,2025-12-20,286.922,0.0,725.0,0.347,60.0,0,0,0,0.003,0.004,0.005,0.001,0.001,0.003,0.002,0.004,0.004
2025-12-20T14:30Z,2025-12-20,286.082,0.0,700.0,0.375,65.0,0,0,0,0.003,0.005,0.005,0.001,0.002,0.003,0.002,0.004,0.003
2025-12-20T15:00Z,2025-12-20,284.757,0.0,699.967,0.375,70.0,0,0,0,0.003,0.005,0.005,0.002,0.002,0.004,0.002,0.005,0.005
2025-12-20T15:30Z,2025-12-20,284.035,0.0,699.953,0.368,75.0,0,0,0,0.003,0.005,0.005,0.002,0.002,0.004,0.002,0.004,0.004
2025-12-20T16:00Z,2025-12-20,283.792,0.0,674.982,0.417,80.0,0,0,0,0.003,0.005,0.005,0.002,0.002,0.003,0.002,0.004,0.003
2025-12-20T16:30Z,2025-12-20,282.32,0.0,674.952,0.431,80.0,0,0,0,0.003,0.005,0.005,0.003,0.003,0.003,0.004,0.005,0.004
2025-12-20T17:00Z,2025-12-20,281.457,0.0,649.974,0.472,80.0,0,0,0,0.003,0.005,0.005,0.003,0.003,0.004,0.004,0.004,0.004
2025-12-20T17:30Z,2025-12-20,283.584,0.0,674.982,0.431,100.0,0,0,0,0.003,0.004,0.005,0.001,0.001,0.002,0.001,0.003,0.002
2025-12-20T18:00Z,2025-12-20,282.824,0.0,674.966,0.472,120.0,0,0,0,0.003,0.003,0.004,0.001,0.001,0.002,0.001,0.001,0.001
2025-12-20T18:30Z,2025-12-20,282.78,0.0,674.965,0.486,110.0,0,0,0,0.003,0.004,0.004,0.001,0.001,0.002,0.001,0.001,0.002
2025-12-20T19:00Z,2025-12-20,282.696,0.0,674.963,0.451,100.0,0,0,0,0.004,0.005,0.006,0.001,0.001,0.002,0.001,0.002,0.002
2025-12-20T19:30Z,2025-12-20,283.079,0.0,674.972,0.424,95.0,0,0,0,0.004,0.005,0.007,0.001,0.001,0.002,0.001,0.002,0.002
2025-12-20T20:00Z,2025-12-20,282.969,0.0,674.974,0.389,90.0,0,0,0,0.005,0.006,0.009,0.001,0.002,0.003,0.001,0.002,0.003
2025-12-20T20:30Z,2025-12-20,283.199,0.0,674.973,0.368,95.0,0,0,0,0.005,0.006,0.009,0.001,0.001,0.003,0.001,0.001,0.002
2025-12-20T21:00Z,2025-12-20,282.51,0.0,674.959,0.396,100.0,0,0,0,0.005,0.006,0.007,0.001,0.001,0.002,0.001,0.001,0.002
2025-12-20T21:30Z,2025-12-20,283.256,0.0,674.977,0.389,95.0,0,0,0,0.005,0.007,0.01,0.001,0.001,0.003,0.001,0.001,0.003
2025-12-20T22:00Z,2025-12-20,282.811,0.0,674.965,0.375,90.0,0,0,0,0.005,0.005,0.006,0.001,0.001,0.003,0.001,0.002,0.002
2025-12-20T22:30Z,2025-12-20,282.393,0.0,674.957,0.333,85.0,0,0,0,0.005,0.006,0.006,0.001,0.001,0.003,0.001,0.002,0.003
2025-12-20T23:00Z,2025-12-20,282.447,0.0,674.958,0.34,80.0,0,0,0,0.005,0.006,0.006,0.001,0.001,0.002,0.001,0.002,0.002
2025-12-20T23:30Z,2025-12-20,282.47,0.0,674.959,0.326,85.0,0,0,0,0.004,0.006,0.006,0.001,0.001,0.002,0.001,0.002,0.003
2025-12-22T00:00Z,2025-12-22,283.654,0.0,699.957,0.424,20.0,0,0,0,0.005,0.01,0.009,0.002,0.003,0.004,0.003,0.005,0.005
2025-12-22T00:30Z,2025-12-22,283.786,0.0,699.96,0.438,25.0,0,0,0,0.005,0.01,0.014,0.002,0.003,0.004,0.002,0.004,0.005
2025-12-22T01:00Z,2025-12-22,282.987,0.0,674.977,0.507,30.0,0,0,0,0.004,0.008,0.01,0.001,0.002,0.003,0.001,0.002,0.004
2025-12-22T01:30Z,2025-12-22,282.576,0.0,674.969,0.542,25.0,0,0,0,0.004,0.008,0.01,0.002,0.002,0.004,0.002,0.003,0.004
2025-12-22T02:00Z,2025-12-22,282.604,0.0,674.979,0.465,20.0,0,0,0,0.003,0.005,0.008,0.001,0.002,0.003,0.001,0.002,0.003
2025-12-22T02:30Z,2025-12-22,282.398,0.0,674.973,0.5,20.0,0,0,0,0.002,0.005,0.005,0.001,0.002,0.003,0.002,0.004,0.004
2025-12-22T03:00Z,2025-12-22,282.794,0.0,675.0,0.528,20.0,0,0,0,0.002,0.004,0.003,0.001,0.001,0.003,0.002,0.003,0.003
2025-12-22T03:30Z,2025-12-22,283.051,0.0,699.95,0.556,20.0,0,0,0,0.002,0.003,0.003,0.001,0.001,0.002,0.001,0.002,0.002
2025-12-22T04:00Z,2025-12-22,284.356,0.0,699.975,0.535,20.0,0,0,0,0.001,0.001,0.002,0.0,0.0,0.001,0.0,0.001,0.001
2025-12-22T04:30Z,2025-12-22,283.731,0.0,699.964,0.562,20.0,0,0,0,0.001,0.001,0.002,0.001,0.001,0.001,0.001,0.001,0.001
2025-12-22T05:00Z,2025-12-22,283.764,0.0,674.979,0.562,20.0,0,0,0,0.002,0.002,0.003,0.001,0.001,0.002,0.002,0.002,0.003
2025-12-22T05:30Z,2025-12-22,283.404,0.0,674.971,0.694,20.0,0,0,0,0.001,0.002,0.002,0.001,0.001,0.002,0.001,0.002,0.002
2025-12-22T06:00Z,2025-12-22,283.828,0.0,674.98,0.743,20.0,0,0,0,0.001,0.002,0.002,0.0,0.0,0.001,0.0,0.001,0.001
2025-12-22T06:30Z,2025-12-22,284.251,0.0,699.958,0.722,25.0,0,0,0,0.001,0.002,0.002,0.0,0.0,0.001,0.0,0.001,0.001
2025-12-22T07:00Z,2025-12-22,283.561,0.0,674.977,0.715,30.0,0,0,0,0.001,0.002,0.003,0.0,0.0,0.002,0.0,0.001,0.002
2025-12-22T07:30Z,2025-12-22,284.515,0.0,675.0,0.701,30.0,0,0,0,0.001,0.002,0.003,0.0,0.0,0.002,0.0,0.001,0.001
2025-12-22T08:00Z,2025-12-22,284.047,0.0,675.0,0.694,30.0,0,0,0,0.001,0.002,0.003,0.0,0.001,0.002,0.0,0.001,0.001
2025-12-22T08:30Z,2025-12-22,282.792,0.0,674.967,0.674,25.0,0,0,0,0.002,0.003,0.004,0.001,0.001,0.003,0.001,0.002,0.003
2025-12-22T09:00Z,2025-12-22,281.996,0.0,674.949,0.597,20.0,0,0,0,0.002,0.003,0.003,0.0,0.001,0.002,0.001,0.001,0.002
2025-12-22T09:30Z,2025-12-22,280.918,0.0,649.961,0.597,15.0,0,0,0,0.002,0.003,0.003,0.001,0.001,0.002,0.001,0.002,0.002
2025-12-22T10:00Z,2025-12-22,280.574,0.0,649.954,0.542,10.0,0,0,0,0.002,0.003,0.003,0.001,0.001,0.002,0.001,0.002,0.002
2025-12-22T10:30Z,2025-12-22,282.027,0.0,674.95,0.507,15.0,0,0,0,0.002,0.003,0.004,0.0,0.001,0.002,0.0,0.001,0.002
2025-12-22T11:00Z,2025-12-22,280.776,0.0,649.956,0.431,20.0,0,0,0,0.002,0.002,0.003,0.0,0.0,0.002,0.0,0.001,0.001
2025-12-22T11:30Z,2025-12-22,278.525,0.0,624.951,0.375,20.0,0,0,0,0.001,0.002,0.003,0.0,0.0,0.001,0.0,0.001,0.001
2025-12-22T12:00Z,2025-12-22,278.682,0.0,624.955,0.319,20.0,0,0,0,0.002,0.003,0.003,0.0,0.0,0.001,0.0,0.001,0.001
2025-12-22T12:30Z,2025-12-22,282.389,0.0,674.954,0.347,20.0,0,0,0,0.002,0.003,0.004,0.001,0.001,0.002,0.001,0.002,0.001
2025-12-22T13:00Z,2025-12-22,281.904,0.0,649.98,0.292,20.0,0,0,0,0.002,0.003,0.004,0.001,0.001,0.002,0.001,0.001,0.002
2025-12-22T13:30Z,2025-12-22,282.781,0.0,674.965,0.299,20.0,0,0,0,0.002,0.004,0.004,0.001,0.001,0.002,0.001,0.001,0.002
2025-12-22T14:00Z,2025-12-22,276.59,0.0,599.956,0.299,20.0,0,0,0,0.002,0.003,0.005,0.001,0.001,0.004,0.001,0.003,0.003
2025-12-22T14:30Z,2025-12-22,280.509,0.0,649.951,0.25,15.0,0,0,0,0.002,0.003,0.004,0.001,0.001,0.002,0.001,0.002,0.002
2025-12-22T15:00Z,2025-12-22,286.522,0.0,749.961,0.167,10.0,0,0,0,0.002,0.002,0.004,0.001,0.001,0.002,0.001,0.001,0.002
2025-12-22T15:30Z,2025-12-22,288.398,0.0,774.996,0.181,10.0,0,0,0,0.002,0.003,0.006,0.001,0.001,0.003,0.001,0.002,0.003
2025-12-22T16:00Z,2025-12-22,287.938,0.0,774.97,0.194,10.0,0,0,0,0.002,0.002,0.004,0.001,0.001,0.002,0.0,0.001,0.002
2025-12-22T16:30Z,2025-12-22,286.442,0.0,749.959,0.188,10.0,0,0,0,0.002,0.002,0.003,0.001,0.001,0.002,0.001,0.002,0.002
2025-12-22T17:00Z,2025-12-22,286.844,0.0,749.967,0.229,10.0,0,0,0,0.002,0.002,0.003,0.001,0.002,0.002,0.001,0.002,0.002
2025-12-22T17:30Z,2025-12-22,282.293,0.0,674.965,0.243,20.0,0,0,0,0.002,0.003,0.004,0.001,0.001,0.002,0.001,0.001,0.002
2025-12-22T18:00Z,2025-12-22,283.33,0.0,699.953,0.264,30.0,0,0,0,0.002,0.003,0.004,0.001,0.001,0.002,0.001,0.001,0.001
2025-12-22T18:30Z,2025-12-22,286.782,0.0,749.967,0.285,20.0,0,0,0,0.002,0.003,0.005,0.001,0.001,0.002,0.001,0.001,0.002
2025-12-22T19:00Z,2025-12-22,288.039,0.0,774.974,0.236,10.0,0,0,0,0.003,0.003,0.006,0.001,0.001,0.002,0.0,0.001,0.002
2025-12-22T19:30Z,2025-12-22,288.851,0.0,775.002,0.271,5.0,0,0,0,0.002,0.003,0.005,0.001,0.001,0.002,0.0,0.001,0.001
2025-12-22T20:00Z,2025-12-22,289.008,0.0,775.005,0.354,0.0,0,0,0,0.002,0.002,0.004,0.001,0.001,0.002,0.001,0.002,0.002
2025-12-22T20:30Z,2025-12-22,287.961,0.0,774.977,0.424,0.0,0,0,0,0.002,0.003,0.004,0.001,0.001,0.002,0.001,0.001,0.002
2025-12-22T21:00Z,2025-12-22,287.47,0.0,749.982,0.438,0.0,0,0,0,0.003,0.005,0.005,0.001,0.001,0.003,0.0,0.002,0.002
2025-12-22T21:30Z,2025-12-22,288.788,0.0,775.01,0.444,0.0,0,0,0,0.003,0.005,0.008,0.002,0.003,0.003,0.001,0.002,0.003
2025-12-22T22:00Z,2025-12-22,288.73,0.0,775.008,0.451,0.0,0,0,0,0.003,0.005,0.008,0.001,0.002,0.003,0.001,0.002,0.003
2025-12-22T22:30Z,2025-12-22,287.781,0.0,750.0,0.451,0.0,0,0,0,0.003,0.003,0.005,0.001,0.001,0.003,0.001,0.001,0.002
2025-12-22T23:00Z,2025-12-22,287.833,0.0,774.967,0.465,0.0,0,0,0,0.003,0.003,0.004,0.001,0.001,0.002,0.001,0.001,0.001
2025-12-22T23:30Z,2025-12-22,287.321,0.0,749.982,0.458,0.0,0,0,0,0.003,0.004,0.007,0.001,0.002,0.003,0.0,0.002,0.002
2025-12-24T00:00Z,2025-12-24,282.738,0.0,674.972,0.306,70.0,0,0,0,0.004,0.004,0.004,0.003,0.002,0.001,0.001,0.001,0.001
2025-12-24T00:30Z,2025-12-24,281.935,0.0,674.955,0.347,75.0,0,0,0,0.005,0.004,0.004,0.003,0.002,0.001,0.001,0.001,0.001
2025-12-24T01:00Z,2025-12-24,282.55,0.0,674.968,0.347,80.0,0,0,0,0.005,0.004,0.004,0.003,0.003,0.001,0.003,0.002,0.001
2025-12-24T01:30Z,2025-12-24,285.113,0.0,699.983,0.424,85.0,0,0,0,0.004,0.004,0.005,0.003,0.002,0.001,0.002,0.002,0.002
2025-12-24T02:00Z,2025-12-24,283.075,0.0,674.974,0.389,90.0,0,0,0,0.005,0.004,0.004,0.003,0.002,0.001,0.001,0.001,0.002
2025-12-24T02:30Z,2025-12-24,283.271,0.0,674.978,0.361,100.0,0,0,0,0.004,0.004,0.004,0.002,0.002,0.001,0.001,0.001,0.001
2025-12-24T03:00Z,2025-12-24,282.607,0.0,674.966,0.389,110.0,0,0,0,0.004,0.004,0.003,0.002,0.002,0.001,0.001,0.001,0.001
2025-12-24T03:30Z,2025-12-24,283.535,0.0,699.948,0.396,80.0,0,0,0,0.003,0.002,0.003,0.002,0.002,0.001,0.001,0.001,0.001
2025-12-24T04:00Z,2025-12-24,283.832,0.0,699.956,0.403,50.0,0,0,0,0.003,0.002,0.004,0.002,0.002,0.001,0.001,0.001,0.001
2025-12-24T04:30Z,2025-12-24,284.21,0.0,699.966,0.465,30.0,0,0,0,0.002,0.002,0.002,0.001,0.001,0.001,0.0,0.001,0.001
2025-12-24T05:00Z,2025-12-24,284.375,0.0,699.969,0.438,10.0,0,0,0,0.002,0.002,0.002,0.001,0.001,0.001,0.0,0.0,0.001
2025-12-24T05:30Z,2025-12-24,284.385,0.0,699.969,0.431,5.0,0,0,0,0.002,0.002,0.002,0.001,0.001,0.0,0.0,0.0,0.0
2025-12-24T06:00Z,2025-12-24,285.791,0.0,724.973,0.403,0.0,0,0,0,0.002,0.002,0.002,0.001,0.001,0.0,0.0,0.0,0.001
2025-12-24T06:30Z,2025-12-24,286.6,0.0,725.0,0.41,0.0,0,0,0,0.002,0.002,0.002,0.001,0.001,0.001,0.0,0.0,0.001
2025-12-24T07:00Z,2025-12-24,285.621,0.0,724.958,0.403,0.0,0,0,0,0.002,0.002,0.002,0.001,0.001,0.001,0.0,0.0,0.001
2025-12-24T07:30Z,2025-12-24,286.329,0.0,724.976,0.354,0.0,0,0,0,0.002,0.002,0.002,0.002,0.001,0.001,0.0,0.0,0.001
2025-12-24T08:00Z,2025-12-24,287.786,0.0,749.973,0.243,0.0,0,0,0,0.002,0.002,0.002,0.002,0.001,0.001,0.0,0.0,0.001
2025-12-24T08:30Z,2025-12-24,286.452,0.0,724.972,0.194,0.0,0,0,0,0.002,0.002,0.002,0.002,0.001,0.002,0.0,0.001,0.002
2025-12-24T09:00Z,2025-12-24,285.577,0.0,724.954,0.201,0.0,0,0,0,0.002,0.002,0.003,0.002,0.001,0.001,0.0,0.001,0.001
2025-12-24T09:30Z,2025-12-24,286.688,0.0,724.978,0.181,0.0,0,0,0,0.002,0.002,0.002,0.002,0.001,0.001,0.0,0.0,0.001
2025-12-24T10:00Z,2025-12-24,289.965,0.0,775.047,0.167,0.0,0,0,0,0.002,0.002,0.002,0.002,0.001,0.001,0.0,0.0,0.001
2025-12-24T10:30Z,2025-12-24,291.363,0.0,775.126,0.174,0.0,0,0,0,0.002,0.002,0.002,0.002,0.001,0.001,0.0,0.0,0.001
2025-12-24T11:00Z,2025-12-24,,,,0.181,0.0,0,0,0,0.002,0.002,0.002,0.002,0.001,0.001,0.0,0.0,0.001
2025-12-24T11:30Z,2025-12-24,,,,0.215,0.0,0,0,0,0.002,0.002,0.002,0.002,0.001,0.001,0.001,0.001,0.001
2025-12-24T12:00Z,2025-12-24,,,,0.215,0.0,0,0,0,0.002,0.002,0.002,0.002,0.001,0.001,0.0,0.001,0.001
2025-12-24T12:30Z,2025-12-24,,,,0.222,0.0,0,0,0,0.002,0.002,0.002,0.002,0.001,0.001,0.0,0.0,0.001
2025-12-24T13:00Z,2025-12-24,,,,0.236,0.0,0,0,0,0.002,0.002,0.002,0.001,0.001,0.001,0.0,0.001,0.001
2025-12-24T13:30Z,2025-12-24,290.93,0.0,775.062,0.257,0.0,0,0,0,0.002,0.002,0.002,0.002,0.001,0.001,0.001,0.001,0.001
2025-12-24T14:00Z,2025-12-24,288.935,0.0,775.001,0.243,0.0,0,0,0,0.002,0.002,0.003,0.002,0.001,0.001,0.001,0.001,0.001
2025-12-24T14:30Z,2025-12-24,290.554,0.0,775.034,0.257,0.0,0,0,0,0.002,0.002,0.003,0.002,0.001,0.001,0.001,0.001,0.001
2025-12-24T15:00Z,2025-12-24,,,,0.208,0.0,0,0,0,0.002,0.002,0.002,0.001,0.001,0.001,0.001,0.001,0.001
2025-12-24T15:30Z,2025-12-24,290.301,0.0,775.034,0.229,0.0,0,0,0,0.003,0.003,0.003,0.002,0.002,0.001,0.001,0.001,0.001
2025-12-24T16:00Z,2025-12-24,289.808,0.0,775.02,0.243,0.0,0,0,0,0.003,0.003,0.003,0.002,0.002,0.001,0.001,0.001,0.001
2025-12-24T16:30Z,2025-12-24,287.063,0.0,749.971,0.236,0.0,0,0,0,0.003,0.003,0.003,0.002,0.002,0.001,0.001,0.001,0.001
2025-12-24T17:00Z,2025-12-24,285.117,0.0,724.959,0.181,0.0,0,0,0,0.003,0.003,0.003,0.002,0.002,0.002,0.001,0.001,0.001
2025-12-24T17:30Z,2025-12-24,282.237,0.0,674.969,0.174,0.0,0,0,0,0.003,0.003,0.003,0.007,0.008,0.003,0.002,0.003,0.003
2025-12-24T18:00Z,2025-12-24,281.665,0.0,674.957,0.208,0.0,0,0,0,0.003,0.003,0.003,0.002,0.002,0.001,0.001,0.001,0.001
2025-12-24T18:30Z,2025-12-24,281.979,0.0,674.963,0.208,5.0,0,0,0,0.003,0.003,0.003,0.002,0.002,0.001,0.001,0.001,0.001
2025-12-24T19:00Z,2025-12-24,283.902,0.0,699.97,0.208,10.0,0,0,0,0.003,0.004,0.004,0.002,0.002,0.001,0.001,0.001,0.001
2025-12-24T19:30Z,2025-12-24,283.579,0.0,699.963,0.236,10.0,0,0,0,0.003,0.004,0.004,0.002,0.002,0.001,0.001,0.001,0.001
2025-12-24T20:00Z,2025-12-24,283.391,0.0,699.957,0.201,10.0,0,0,0,0.003,0.003,0.003,0.002,0.002,0.001,0.001,0.001,0.001
2025-12-24T20:30Z,2025-12-24,282.775,0.0,674.979,0.229,10.0,0,0,0,0.003,0.004,0.004,0.002,0.002,0.001,0.001,0.001,0.001
2025-12-24T21:00Z,2025-12-24,282.046,0.0,674.968,0.25,10.0,0,0,0,0.004,0.003,0.004,0.002,0.002,0.001,0.001,0.001,0.001
2025-12-24T21:30Z,2025-12-24,281.463,0.0,674.956,0.243,10.0,0,0,0,0.004,0.003,0.004,0.002,0.002,0.001,0.001,0.001,0.001
2025-12-24T22:00Z,2025-12-24,281.163,0.0,674.946,0.243,10.0,0,0,0,0.004,0.003,0.003,0.002,0.002,0.001,0.001,0.001,0.001
2025-12-24T22:30Z,2025-12-24,281.488,0.0,674.953,0.271,20.0,0,0,0,0.004,0.003,0.003,0.002,0.002,0.001,0.0,0.001,0.001
2025-12-24T23:00Z,2025-12-24,281.462,0.0,674.957,0.306,30.0,0,0,0,0.004,0.003,0.004,0.002,0.002,0.001,0.0,0.001,0.001
2025-12-24T23:30Z,2025-12-24,281.587,0.0,674.96,0.312,50.0,0,0,0,0.004,0.003,0.004,0.002,0.002,0.001,0.0,0.001,0.001
2025-12-26T00:00Z,2025-12-26,,,,0.076,100.0,0,0,0,0.002,0.004,0.003,0.002,0.002,0.001,0.001,0.001,0.001
2025-12-26T00:30Z,2025-12-26,,,,0.069,70.0,0,0,0,0.002,0.004,0.003,0.002,0.001,0.001,0.001,0.001,0.001
2025-12-26T01:00Z,2025-12-26,,,,0.097,40.0,0,0,0,0.002,0.003,0.002,0.002,0.002,0.001,0.001,0.001,0.001
2025-12-26T01:30Z,2025-12-26,,,,0.076,35.0,0,0,0,0.002,0.003,0.002,0.002,0.001,0.001,0.001,0.001,0.001
2025-12-26T02:00Z,2025-12-26,288.93,0.0,775.068,0.118,30.0,0,0,0,0.002,0.002,0.002,0.001,0.001,0.001,0.0,0.001,0.001
2025-12-26T02:30Z,2025-12-26,290.07,0.0,775.129,0.083,30.0,0,0,0,0.001,0.002,0.002,0.001,0.001,0.001,0.0,0.001,0.001
2025-12-26T03:00Z,2025-12-26,289.814,0.0,775.146,0.097,30.0,0,0,0,0.001,0.002,0.002,0.001,0.001,0.0,0.0,0.0,0.001
2025-12-26T03:30Z,2025-12-26,289.362,0.0,775.064,0.139,20.0,0,0,0,0.002,0.002,0.002,0.001,0.002,0.001,0.0,0.0,0.001
2025-12-26T04:00Z,2025-12-26,290.074,0.0,775.12,0.146,10.0,0,0,0,0.002,0.002,0.002,0.002,0.001,0.001,0.001,0.001,0.001
2025-12-26T04:30Z,2025-12-26,287.867,0.0,775.02,0.111,15.0,0,0,0,0.002,0.002,0.002,0.001,0.001,0.001,0.0,0.0,0.001
2025-12-26T05:00Z,2025-12-26,288.812,0.0,775.046,0.09,20.0,0,0,0,0.002,0.002,0.002,0.001,0.001,0.001,0.0,0.0,0.001
2025-12-26T05:30Z,2025-12-26,286.565,0.0,749.964,0.208,30.0,0,0,0,0.002,0.002,0.002,0.002,0.002,0.001,0.001,0.001,0.001
2025-12-26T06:00Z,2025-12-26,286.587,0.0,749.964,0.181,40.0,0,0,0,0.002,0.002,0.002,0.002,0.002,0.001,0.001,0.001,0.001
2025-12-26T06:30Z,2025-12-26,286.539,0.0,749.963,0.111,35.0,0,0,0,0.002,0.002,0.002,0.002,0.001,0.001,0.0,0.0,0.001
2025-12-26T07:00Z,2025-12-26,286.953,0.0,725.0,0.16,30.0,0,0,0,0.002,0.002,0.002,0.002,0.001,0.001,0.0,0.0,0.001
2025-12-26T07:30Z,2025-12-26,286.876,0.0,749.972,0.16,30.0,0,0,0,0.002,0.002,0.002,0.002,0.001,0.001,0.0,0.001,0.001
2025-12-26T08:00Z,2025-12-26,286.404,0.0,749.982,0.132,30.0,0,0,0,0.002,0.002,0.002,0.002,0.001,0.001,0.0,0.001,0.001
2025-12-26T08:30Z,2025-12-26,286.073,0.0,725.0,0.125,30.0,0,0,0,0.002,0.002,0.002,0.002,0.001,0.001,0.0,0.001,0.001
2025-12-26T09:00Z,2025-12-26,285.362,0.0,724.982,0.118,30.0,0,0,0,0.002,0.002,0.003,0.002,0.001,0.001,0.0,0.001,0.001
2025-12-26T09:30Z,2025-12-26,286.983,0.0,750.0,0.111,30.0,0,0,0,0.002,0.002,0.003,0.002,0.001,0.001,0.0,0.001,0.001
2025-12-26T10:00Z,2025-12-26,286.129,0.0,749.973,0.104,30.0,0,0,0,0.002,0.002,0.003,0.002,0.001,0.001,0.0,0.001,0.001
2025-12-26T10:30Z,2025-12-26,,,,0.111,25.0,0,0,0,0.002,0.002,0.002,0.002,0.001,0.001,0.0,0.001,0.001
2025-12-26T11:00Z,2025-12-26,291.229,0.0,775.068,0.111,20.0,0,0,0,0.002,0.002,0.002,0.002,0.001,0.001,0.001,0.001,0.001
2025-12-26T11:30Z,2025-12-26,,,,0.111,20.0,0,0,0,0.002,0.002,0.002,0.002,0.001,0.001,0.0,0.001,0.001
2025-12-26T12:00Z,2025-12-26,,,,0.104,20.0,0,0,0,0.002,0.002,0.002,0.002,0.001,0.001,0.0,0.001,0.001
2025-12-26T12:30Z,2025-12-26,,,,0.076,20.0,0,0,0,0.002,0.002,0.002,0.002,0.001,0.001,0.001,0.001,0.001
2025-12-26T13:00Z,2025-12-26,,,,0.062,20.0,0,0,0,0.002,0.002,0.002,0.002,0.001,0.001,0.0,0.001,0.001
2025-12-26T13:30Z,2025-12-26,291.121,0.0,775.078,0.097,15.0,0,0,0,0.002,0.002,0.002,0.002,0.001,0.001,0.001,0.001,0.001
2025-12-26T14:00Z,2025-12-26,291.48,0.0,775.093,0.09,10.0,0,0,0,0.002,0.002,0.002,0.002,0.001,0.001,0.001,0.001,0.001
2025-12-26T14:30Z,2025-12-26,,,,0.097,10.0,0,0,0,0.002,0.002,0.002,0.002,0.001,0.001,0.001,0.001,0.001
2025-12-26T15:00Z,2025-12-26,,,,0.076,10.0,0,0,0,0.002,0.002,0.002,0.002,0.001,0.001,0.001,0.001,0.001
2025-12-26T15:30Z,2025-12-26,,,,0.097,10.0,0,0,0,0.002,0.003,0.002,0.002,0.002,0.001,0.001,0.001,0.001
2025-12-26T16:00Z,2025-12-26,,,,0.104,10.0,0,0,0,0.002,0.003,0.002,0.002,0.002,0.001,0.001,0.001,0.001
2025-12-26T16:30Z,2025-12-26,,,,0.118,10.0,0,0,0,0.002,0.003,0.002,0.002,0.002,0.001,0.001,0.001,0.001
2025-12-26T17:00Z,2025-12-26,,,,0.111,10.0,0,0,0,0.002,0.003,0.002,0.002,0.001,0.001,0.001,0.001,0.001
2025-12-26T17:30Z,2025-12-26,,,,0.104,30.0,0,0,0,0.002,0.003,0.002,0.002,0.001,0.001,0.001,0.001,0.001
2025-12-26T18:00Z,2025-12-26,,,,0.139,50.0,0,0,0,0.002,0.003,0.002,0.002,0.001,0.001,0.0,0.001,0.001
2025-12-26T18:30Z,2025-12-26,,,,0.16,50.0,0,0,0,0.002,0.003,0.002,0.002,0.001,0.001,0.0,0.001,0.001
2025-12-26T19:00Z,2025-12-26,,,,0.118,50.0,0,0,0,0.002,0.003,0.002,0.002,0.001,0.001,0.001,0.001,0.001
2025-12-26T19:30Z,2025-12-26,,,,0.104,50.0,0,0,0,0.002,0.003,0.002,0.002,0.002,0.001,0.001,0.001,0.001
2025-12-26T20:00Z,2025-12-26,289.678,0.0,775.112,0.104,50.0,0,0,0,0.002,0.003,0.002,0.002,0.002,0.001,0.001,0.001,0.001
2025-12-26T20:30Z,2025-12-26,288.807,0.0,775.071,0.09,55.0,0,0,0,0.003,0.003,0.003,0.002,0.002,0.001,0.001,0.001,0.001
2025-12-26T21:00Z,2025-12-26,288.781,0.0,775.069,0.132,60.0,0,0,0,0.003,0.003,0.002,0.002,0.002,0.001,0.001,0.001,0.001
2025-12-26T21:30Z,2025-12-26,288.266,0.0,775.017,0.146,50.0,0,0,0,0.003,0.003,0.002,0.002,0.002,0.001,0.001,0.001,0.001
2025-12-26T22:00Z,2025-12-26,287.918,0.0,775.003,0.215,40.0,0,0,0,0.003,0.003,0.002,0.002,0.002,0.001,0.001,0.001,0.001
2025-12-26T22:30Z,2025-12-26,287.888,0.0,774.998,0.208,30.0,0,0,0,0.003,0.003,0.002,0.002,0.002,0.001,0.001,0.001,0.001
2025-12-26T23:00Z,2025-12-26,285.452,0.0,724.983,0.264,20.0,0,0,0,0.002,0.004,0.002,0.002,0.002,0.001,0.001,0.001,0.001
2025-12-26T23:30Z,2025-12-26,283.072,0.0,699.962,0.278,30.0,0,0,0,0.002,0.003,0.002,0.002,0.002,0.001,0.001,0.001,0.001
2025-12-28T00:00Z,2025-12-28,286.448,0.0,775.0,0.333,0.0,0,0,0,0.002,0.003,0.004,0.001,0.001,0.002,0.001,0.001,0.002
2025-12-28T00:30Z,2025-12-28,287.113,0.0,775.029,0.375,0.0,0,0,0,0.003,0.003,0.004,0.001,0.001,0.002,0.001,0.001,0.002
2025-12-28T01:00Z,2025-12-28,285.765,0.0,750.0,0.382,0.0,0,0,0,0.003,0.004,0.004,0.001,0.001,0.002,0.001,0.002,0.002
2025-12-28T01:30Z,2025-12-28,286.872,0.0,775.016,0.368,0.0,0,0,0,0.003,0.003,0.004,0.001,0.001,0.002,0.001,0.001,0.002
2025-12-28T02:00Z,2025-12-28,286.953,0.0,774.99,0.354,0.0,0,0,0,0.003,0.003,0.004,0.001,0.001,0.002,0.001,0.001,0.002
2025-12-28T02:30Z,2025-12-28,286.584,0.0,750.0,0.319,5.0,0,0,0,0.002,0.002,0.003,0.001,0.001,0.002,0.0,0.001,0.002
2025-12-28T03:00Z,2025-12-28,285.638,0.0,749.978,0.264,10.0,0,0,0,0.002,0.002,0.003,0.001,0.001,0.002,0.0,0.001,0.001
2025-12-28T03:30Z,2025-12-28,288.178,0.0,775.034,0.243,5.0,0,0,0,0.001,0.002,0.002,0.0,0.001,0.002,0.0,0.002,0.002
2025-12-28T04:00Z,2025-12-28,289.769,0.0,775.091,0.181,0.0,0,0,0,0.001,0.001,0.002,0.0,0.0,0.002,0.0,0.001,0.002
2025-12-28T04:30Z,2025-12-28,291.067,0.0,775.137,0.194,0.0,0,0,0,0.001,0.002,0.002,0.0,0.0,0.001,0.0,0.001,0.001
2025-12-28T05:00Z,2025-12-28,,,,0.181,0.0,0,0,0,0.001,0.002,0.002,0.0,0.0,0.001,0.0,0.001,0.001
2025-12-28T05:30Z,2025-12-28,,,,0.188,0.0,0,0,0,0.002,0.002,0.002,0.0,0.0,0.002,0.0,0.002,0.002
2025-12-28T06:00Z,2025-12-28,,,,0.174,0.0,0,0,0,0.002,0.003,0.004,0.001,0.001,0.002,0.0,0.002,0.002
2025-12-28T06:30Z,2025-12-28,,,,0.181,0.0,0,0,0,0.002,0.003,0.004,0.001,0.001,0.003,0.001,0.003,0.003
2025-12-28T07:00Z,2025-12-28,291.367,0.0,775.09,0.181,0.0,0,0,0,0.003,0.004,0.004,0.001,0.001,0.004,0.001,0.003,0.004
2025-12-28T07:30Z,2025-12-28,,,,0.188,0.0,0,0,0,0.003,0.004,0.005,0.001,0.001,0.005,0.001,0.004,0.004
2025-12-28T08:00Z,2025-12-28,291.153,0.0,775.084,0.188,0.0,0,0,0,0.003,0.007,0.006,0.001,0.002,0.005,0.001,0.004,0.004
2025-12-28T08:30Z,2025-12-28,291.364,0.0,775.128,0.174,0.0,0,0,0,0.003,0.007,0.006,0.001,0.002,0.006,0.001,0.004,0.005
2025-12-28T09:00Z,2025-12-28,291.28,0.0,775.215,0.174,0.0,0,0,0,0.003,0.006,0.005,0.002,0.002,0.005,0.002,0.004,0.004
2025-12-28T09:30Z,2025-12-28,291.269,0.0,775.125,0.174,0.0,0,0,0,0.003,0.005,0.005,0.002,0.001,0.005,0.002,0.003,0.004
2025-12-28T10:00Z,2025-12-28,291.38,0.0,775.082,0.222,0.0,0,0,0,0.003,0.005,0.005,0.001,0.001,0.004,0.001,0.003,0.004
2025-12-28T10:30Z,2025-12-28,291.193,0.0,775.211,0.215,0.0,0,0,0,0.003,0.004,0.005,0.001,0.001,0.003,0.001,0.003,0.003
2025-12-28T11:00Z,2025-12-28,291.242,0.0,775.13,0.229,0.0,0,0,0,0.003,0.004,0.005,0.001,0.001,0.002,0.001,0.002,0.002
2025-12-28T11:30Z,2025-12-28,291.211,0.0,775.132,0.208,0.0,0,0,0,0.002,0.005,0.007,0.001,0.001,0.003,0.001,0.003,0.003
2025-12-28T12:00Z,2025-12-28,,,,0.201,0.0,0,0,0,0.003,0.004,0.005,0.001,0.001,0.002,0.001,0.002,0.002
2025-12-28T12:30Z,2025-12-28,,,,0.201,0.0,0,0,0,0.003,0.005,0.008,0.001,0.001,0.003,0.001,0.002,0.004
2025-12-28T13:00Z,2025-12-28,291.606,0.0,775.088,0.174,0.0,0,0,0,0.002,0.003,0.004,0.001,0.001,0.002,0.001,0.002,0.003
2025-12-28T13:30Z,2025-12-28,291.751,0.0,775.125,0.188,0.0,0,0,0,0.002,0.003,0.004,0.001,0.001,0.002,0.001,0.002,0.003
2025-12-28T14:00Z,2025-12-28,291.435,0.0,775.096,0.139,0.0,0,0,0,0.002,0.003,0.003,0.001,0.001,0.002,0.001,0.001,0.002
2025-12-28T14:30Z,2025-12-28,290.916,0.0,775.082,0.125,0.0,0,0,0,0.002,0.003,0.003,0.001,0.001,0.002,0.001,0.002,0.002
2025-12-28T15:00Z,2025-12-28,289.827,0.0,775.038,0.146,0.0,0,0,0,0.002,0.003,0.003,0.001,0.001,0.003,0.001,0.002,0.003
2025-12-28T15:30Z,2025-12-28,289.224,0.0,775.025,0.16,0.0,0,0,0,0.002,0.003,0.004,0.001,0.001,0.003,0.001,0.002,0.003
2025-12-28T16:00Z,2025-12-28,288.734,0.0,775.014,0.194,0.0,0,0,0,0.003,0.004,0.005,0.001,0.001,0.003,0.001,0.003,0.003
2025-12-28T16:30Z,2025-12-28,288.75,0.0,775.006,0.153,0.0,0,0,0,0.003,0.004,0.005,0.001,0.001,0.003,0.001,0.003,0.003
2025-12-28T17:00Z,2025-12-28,288.822,0.0,775.03,0.146,0.0,0,0,0,0.003,0.004,0.005,0.001,0.001,0.003,0.001,0.003,0.003
2025-12-28T17:30Z,2025-12-28,289.299,0.0,775.034,0.167,10.0,0,0,0,0.002,0.003,0.004,0.001,0.001,0.002,0.001,0.002,0.002
2025-12-28T18:00Z,2025-12-28,289.381,0.0,775.052,0.194,20.0,0,0,0,0.002,0.003,0.003,0.001,0.001,0.001,0.001,0.001,0.001
2025-12-28T18:30Z,2025-12-28,287.968,0.0,775.012,0.174,15.0,0,0,0,0.002,0.003,0.003,0.001,0.001,0.002,0.001,0.001,0.002
2025-12-28T19:00Z,2025-12-28,289.047,0.0,775.028,0.25,10.0,0,0,0,0.002,0.003,0.003,0.0,0.001,0.001,0.0,0.001,0.001
2025-12-28T19:30Z,2025-12-28,289.083,0.0,775.029,0.229,10.0,0,0,0,0.002,0.003,0.005,0.0,0.001,0.002,0.0,0.001,0.002
2025-12-28T20:00Z,2025-12-28,288.751,0.0,775.028,0.271,10.0,0,0,0,0.002,0.003,0.004,0.0,0.001,0.002,0.0,0.001,0.001
2025-12-28T20:30Z,2025-12-28,289.114,0.0,775.044,0.333,5.0,0,0,0,0.002,0.003,0.004,0.001,0.001,0.002,0.0,0.001,0.001
2025-12-28T21:00Z,2025-12-28,288.916,0.0,775.04,0.444,0.0,0,0,0,0.002,0.003,0.004,0.001,0.001,0.002,0.0,0.001,0.001
2025-12-28T21:30Z,2025-12-28,287.09,0.0,774.998,0.479,0.0,0,0,0,0.002,0.003,0.004,0.001,0.001,0.002,0.0,0.001,0.001
2025-12-28T22:00Z,2025-12-28,281.157,0.0,675.0,0.514,0.0,0,0,0,0.002,0.003,0.003,0.001,0.001,0.002,0.0,0.001,0.002
2025-12-28T22:30Z,2025-12-28,280.363,0.0,674.975,0.5,0.0,0,0,0,0.002,0.003,0.004,0.0,0.001,0.002,0.0,0.001,0.001
2025-12-28T23:00Z,2025-12-28,280.231,0.0,674.971,0.5,0.0,0,0,0,0.002,0.003,0.004,0.0,0.001,0.002,0.0,0.001,0.001
2025-12-28T23:30Z,2025-12-28,280.857,0.0,675.0,0.5,5.0,0,0,0,0.002,0.003,0.004,0.0,0.001,0.001,0.0,0.001,0.001
2025-12-30T00:00Z,2025-12-30,286.523,0.0,750.0,0.486,10.0,0,0,0,0.003,0.005,0.007,0.001,0.001,0.003,0.001,0.002,0.003
2025-12-30T00:30Z,2025-12-30,287.858,0.0,775.034,0.465,5.0,0,0,0,0.003,0.004,0.005,0.001,0.001,0.002,0.001,0.001,0.002
2025-12-30T01:00Z,2025-12-30,288.513,0.0,775.045,0.451,0.0,0,0,0,0.002,0.003,0.004,0.001,0.001,0.001,0.0,0.001,0.001
2025-12-30T01:30Z,2025-12-30,288.67,0.0,775.034,0.417,0.0,0,0,0,0.002,0.003,0.004,0.001,0.001,0.002,0.001,0.001,0.001
2025-12-30T02:00Z,2025-12-30,288.915,0.0,775.044,0.431,0.0,0,0,0,0.004,0.004,0.004,0.001,0.001,0.002,0.001,0.001,0.001
2025-12-30T02:30Z,2025-12-30,288.673,0.0,775.037,0.41,0.0,0,0,0,0.002,0.002,0.002,0.0,0.001,0.001,0.0,0.001,0.001
2025-12-30T03:00Z,2025-12-30,288.938,0.0,775.047,0.472,0.0,0,0,0,0.002,0.002,0.003,0.001,0.001,0.002,0.001,0.001,0.002
2025-12-30T03:30Z,2025-12-30,289.384,0.0,775.073,0.444,0.0,0,0,0,0.001,0.002,0.003,0.0,0.0,0.002,0.0,0.001,0.002
2025-12-30T04:00Z,2025-12-30,287.714,0.0,775.046,0.438,0.0,0,0,0,0.001,0.002,0.003,0.0,0.001,0.002,0.001,0.001,0.002
2025-12-30T04:30Z,2025-12-30,286.454,0.0,774.997,0.444,0.0,0,0,0,0.001,0.002,0.003,0.0,0.001,0.002,0.001,0.002,0.003
2025-12-30T05:00Z,2025-12-30,286.166,0.0,774.995,0.41,0.0,0,0,0,0.001,0.003,0.002,0.0,0.001,0.002,0.001,0.002,0.002
2025-12-30T05:30Z,2025-12-30,285.6,0.0,774.979,0.438,10.0,0,0,0,0.002,0.004,0.003,0.001,0.001,0.002,0.001,0.002,0.002
2025-12-30T06:00Z,2025-12-30,287.16,0.0,775.018,0.444,20.0,0,0,0,0.002,0.003,0.002,0.001,0.001,0.001,0.001,0.002,0.002
2025-12-30T06:30Z,2025-12-30,288.22,0.0,775.039,0.431,30.0,0,0,0,0.002,0.003,0.003,0.001,0.001,0.002,0.001,0.002,0.002
2025-12-30T07:00Z,2025-12-30,286.926,0.0,775.005,0.451,40.0,0,0,0,0.002,0.004,0.003,0.001,0.001,0.003,0.001,0.002,0.002
2025-12-30T07:30Z,2025-12-30,288.075,0.0,775.041,0.493,30.0,0,0,0,0.002,0.004,0.005,0.001,0.001,0.004,0.001,0.002,0.003
2025-12-30T08:00Z,2025-12-30,288.546,0.0,775.042,0.5,20.0,0,0,0,0.002,0.005,0.006,0.001,0.001,0.004,0.001,0.002,0.003
2025-12-30T08:30Z,2025-12-30,289.128,0.0,775.064,0.521,15.0,0,0,0,0.002,0.007,0.006,0.001,0.002,0.007,0.001,0.003,0.005
2025-12-30T09:00Z,2025-12-30,289.137,0.0,775.063,0.458,10.0,0,0,0,0.003,0.008,0.007,0.002,0.003,0.007,0.002,0.006,0.006
2025-12-30T09:30Z,2025-12-30,286.579,0.0,775.009,0.458,10.0,0,0,0,0.004,0.009,0.009,0.003,0.003,0.015,0.003,0.007,0.011
2025-12-30T10:00Z,2025-12-30,286.072,0.0,774.995,0.465,10.0,0,0,0,0.005,0.012,0.008,0.004,0.004,0.008,0.004,0.007,0.006
2025-12-30T10:30Z,2025-12-30,285.504,0.0,774.979,0.486,5.0,0,0,0,0.005,0.012,0.008,0.003,0.002,0.007,0.002,0.006,0.006
2025-12-30T11:00Z,2025-12-30,285.947,0.0,774.99,0.493,0.0,0,0,0,0.004,0.007,0.006,0.001,0.001,0.003,0.001,0.004,0.004
2025-12-30T11:30Z,2025-12-30,284.935,0.0,750.0,0.5,0.0,0,0,0,0.003,0.007,0.006,0.001,0.001,0.004,0.001,0.005,0.005
2025-12-30T12:00Z,2025-12-30,284.048,0.0,749.965,0.521,0.0,0,0,0,0.003,0.006,0.006,0.001,0.001,0.004,0.001,0.003,0.005
2025-12-30T12:30Z,2025-12-30,284.119,0.0,749.961,0.542,0.0,0,0,0,0.003,0.006,0.007,0.001,0.001,0.003,0.001,0.003,0.003
2025-12-30T13:00Z,2025-12-30,284.546,0.0,749.974,0.549,0.0,0,0,0,0.003,0.004,0.007,0.001,0.001,0.003,0.001,0.002,0.004
2025-12-30T13:30Z,2025-12-30,284.815,0.0,749.98,0.521,0.0,0,0,0,0.003,0.004,0.006,0.001,0.001,0.003,0.001,0.002,0.004
2025-12-30T14:00Z,2025-12-30,283.976,0.0,725.0,0.535,0.0,0,0,0,0.003,0.004,0.006,0.001,0.001,0.002,0.001,0.002,0.003
2025-12-30T14:30Z,2025-12-30,284.385,0.0,749.972,0.514,0.0,0,0,0,0.002,0.004,0.005,0.001,0.001,0.002,0.001,0.002,0.003
2025-12-30T15:00Z,2025-12-30,284.036,0.0,749.965,0.486,0.0,0,0,0,0.002,0.004,0.005,0.001,0.001,0.003,0.001,0.002,0.003
2025-12-30T15:30Z,2025-12-30,285.433,0.0,774.978,0.458,0.0,0,0,0,0.003,0.004,0.004,0.001,0.001,0.002,0.001,0.003,0.003
2025-12-30T16:00Z,2025-12-30,285.006,0.0,774.965,0.451,0.0,0,0,0,0.003,0.004,0.004,0.002,0.002,0.003,0.003,0.003,0.004
2025-12-30T16:30Z,2025-12-30,284.621,0.0,749.977,0.424,75.0,0,0,0,0.003,0.004,0.004,0.001,0.001,0.002,0.001,0.002,0.003
2025-12-30T17:00Z,2025-12-30,284.106,0.0,749.976,0.438,150.0,0,0,0,0.002,0.004,0.004,0.001,0.001,0.002,0.0,0.001,0.002
2025-12-30T17:30Z,2025-12-30,283.946,0.0,749.972,0.444,75.0,0,0,0,0.003,0.004,0.004,0.002,0.001,0.002,0.001,0.003,0.004
2025-12-30T18:00Z,2025-12-30,283.633,0.0,725.0,0.465,0.0,0,0,0,0.003,0.004,0.004,0.002,0.001,0.002,0.002,0.003,0.003
2025-12-30T18:30Z,2025-12-30,283.374,0.0,725.0,0.458,15.0,0,0,0,0.002,0.003,0.003,0.001,0.001,0.002,0.001,0.002,0.003
2025-12-30T19:00Z,2025-12-30,283.828,0.0,749.968,0.472,30.0,0,0,0,0.002,0.003,0.003,0.001,0.001,0.002,0.001,0.002,0.003
2025-12-30T19:30Z,2025-12-30,282.403,0.0,724.964,0.514,95.0,0,0,0,0.002,0.003,0.003,0.001,0.001,0.002,0.0,0.002,0.002
2025-12-30T20:00Z,2025-12-30,283.032,0.0,725.0,0.521,160.0,0,0,0,0.002,0.004,0.004,0.001,0.001,0.002,0.001,0.002,0.002
2025-12-30T20:30Z,2025-12-30,281.902,0.0,724.964,0.528,175.0,0,0,0,0.002,0.004,0.005,0.001,0.001,0.003,0.001,0.002,0.003
2025-12-30T21:00Z,2025-12-30,282.106,0.0,724.969,0.542,190.0,0,0,0,0.002,0.004,0.005,0.001,0.001,0.002,0.001,0.002,0.003
2025-12-30T21:30Z,2025-12-30,283.165,0.0,749.955,0.528,150.0,0,0,0,0.003,0.005,0.005,0.001,0.001,0.003,0.001,0.002,0.003
2025-12-30T22:00Z,2025-12-30,283.637,0.0,725.0,0.556,110.0,0,0,0,0.003,0.004,0.005,0.001,0.001,0.002,0.001,0.002,0.003
2025-12-30T22:30Z,2025-12-30,283.401,0.0,749.961,0.556,100.0,0,0,0,0.003,0.003,0.005,0.002,0.001,0.003,0.001,0.002,0.003
2025-12-30T23:00Z,2025-12-30,285.298,0.0,774.982,0.562,90.0,0,0,0,0.002,0.003,0.004,0.001,0.001,0.002,0.001,0.001,0.003
2025-12-30T23:30Z,2025-12-30,285.759,0.0,774.998,0.583,230.0,0,0,0,0.002,0.003,0.003,0.0,0.001,0.002,0.0,0.001,0.002
