temperature_2m,relative_humidity_2m,dew_point_2m,surface_pressure,pressure_msl,cloud_cover,cloud_cover_low,cloud_cover_mid,cloud_cover_high,wind_speed_10m,wind_direction_10m,wind_gusts_10m,precipitation,cape,lifted_index,convective_inhibition,temperature_850hPa,temperature_500hPa,wind_speed_850hPa,wind_direction_850hPa,wind_speed_500hPa,wind_direction_500hPa,relative_humidity_700hPa,time
26.3,86,23.7,1007.7,1008.4,9,3,0,6,9.4,215,22.3,0.0,1720.0,-3.9,-110.0,20.5,-6.8,16.5,242,46.3,253,7,2025-04-01 00:00:00+00:00
27.8,80,24.1,1008.3,1009.0,8,8,0,0,11.8,219,25.9,0.0,1480.0,-4.5,-105.0,20.5,-7.0,17.4,237,47.2,255,7,2025-04-01 01:00:00+00:00
29.1,74,23.9,1009.1,1009.8,10,10,0,0,10.7,221,28.8,0.0,1430.0,-3.9,-109.0,20.8,-7.0,18.5,237,46.0,255,8,2025-04-01 02:00:00+00:00
30.7,64,23.2,1009.7,1010.4,11,11,0,0,10.2,222,28.1,0.0,1530.0,-2.9,-91.0,21.2,-7.0,20.0,235,48.3,256,9,2025-04-01 03:00:00+00:00
32.7,53,22.0,1009.6,1010.3,3,3,0,0,9.6,220,28.8,0.0,1820.0,-2.5,-54.0,21.5,-7.0,21.4,236,49.5,256,12,2025-04-01 04:00:00+00:00
34.5,46,21.2,1009.2,1009.9,1,1,0,0,8.3,224,28.4,0.0,1850.0,-2.1,-30.0,21.7,-7.0,22.5,238,50.6,256,16,2025-04-01 05:00:00+00:00
36.2,40,20.4,1008.3,1009.0,18,0,18,0,7.9,227,27.0,0.0,2060.0,-1.2,-41.0,21.4,-7.2,18.8,238,50.4,258,17,2025-04-01 06:00:00+00:00
37.2,35,19.4,1007.4,1008.1,33,0,33,0,7.6,236,26.6,0.0,2100.0,0.0,-13.0,21.2,-7.2,17.9,232,52.7,258,16,2025-04-01 07:00:00+00:00
37.7,33,18.6,1006.3,1007.0,41,0,41,0,8.3,246,26.6,0.0,1940.0,0.2,-4.0,20.9,-7.0,15.9,233,55.8,261,13,2025-04-01 08:00:00+00:00
37.6,32,18.3,1005.3,1006.0,31,0,30,0,9.5,249,28.1,0.0,1900.0,0.0,-13.0,20.6,-6.8,13.5,237,55.5,264,17,2025-04-01 09:00:00+00:00
37.0,34,18.5,1004.9,1005.6,32,0,28,6,10.1,239,28.1,0.0,1720.0,-0.6,-35.0,20.4,-6.5,10.0,240,54.1,266,50,2025-04-01 10:00:00+00:00
35.7,38,19.3,1005.1,1005.8,46,0,44,3,10.9,225,27.7,0.0,1510.0,-1.5,-45.0,20.4,-6.5,9.8,257,56.5,266,47,2025-04-01 11:00:00+00:00
33.2,52,22.2,1005.4,1006.1,7,1,4,2,13.0,205,30.6,0.0,1800.0,-1.5,-84.0,21.2,-6.8,13.5,282,59.1,264,20,2025-04-01 12:00:00+00:00
31.0,61,22.5,1007.0,1007.7,21,1,5,17,13.8,196,31.7,0.0,2020.0,-0.6,-159.0,21.8,-6.5,16.0,290,57.8,265,10,2025-04-01 13:00:00+00:00
29.8,68,23.2,1007.8,1008.5,1,0,0,1,13.4,195,31.7,0.0,1660.0,-1.7,-174.0,22.1,-6.5,17.4,284,57.9,264,9,2025-04-01 14:00:00+00:00
28.9,71,23.1,1008.6,1009.3,59,0,0,59,13.0,190,30.2,0.0,1250.0,-2.2,-176.0,22.3,-6.5,16.0,275,56.7,264,13,2025-04-01 15:00:00+00:00
28.0,76,23.3,1008.9,1009.6,13,0,0,13,13.2,190,29.5,0.0,1180.0,-2.6,-182.0,22.3,-6.8,14.6,265,54.6,261,18,2025-04-01 16:00:00+00:00
27.4,80,23.6,1008.9,1009.6,0,0,0,0,12.3,192,29.2,0.0,1230.0,-2.8,-172.0,22.3,-7.0,14.6,266,52.5,259,14,2025-04-01 17:00:00+00:00
27.0,82,23.7,1008.8,1009.5,67,0,0,67,11.7,195,26.6,0.0,1560.0,-3.2,-170.0,22.1,-7.0,13.5,282,47.2,263,10,2025-04-01 18:00:00+00:00
26.8,83,23.7,1008.5,1009.2,69,0,2,69,11.0,194,25.2,0.0,1620.0,-3.5,-167.0,21.8,-7.2,12.4,287,46.4,260,12,2025-04-01 19:00:00+00:00
26.6,85,23.8,1008.0,1008.7,83,0,2,83,11.0,199,25.2,0.0,1650.0,-3.5,-163.0,21.7,-7.5,10.4,285,45.2,259,26,2025-04-01 20:00:00+00:00
26.4,86,24.0,1007.8,1008.5,18,6,1,12,10.4,206,24.1,0.0,1620.0,-3.1,-167.0,21.6,-7.7,7.9,280,42.8,259,32,2025-04-01 21:00:00+00:00
26.3,88,24.1,1007.5,1008.2,7,3,0,4,10.5,207,22.7,0.0,1560.0,-3.1,-165.0,21.6,-7.7,5.5,270,40.7,256,36,2025-04-01 22:00:00+00:00
26.2,89,24.1,1007.8,1008.5,4,4,0,0,10.3,211,22.3,0.0,1530.0,-3.3,-159.0,21.5,-7.7,5.3,250,41.4,253,39,2025-04-01 23:00:00+00:00
26.1,88,24.0,1008.5,1009.2,2,2,0,0,8.5,215,21.6,0.0,1640.0,-3.9,-146.0,21.6,-7.5,4.2,283,41.9,257,34,2025-04-02 00:00:00+00:00
27.3,85,24.6,1009.2,1009.9,8,8,0,0,9.0,217,20.9,0.0,1580.0,-4.8,-148.0,21.4,-7.5,4.3,252,42.9,252,38,2025-04-02 01:00:00+00:00
28.8,76,24.1,1010.2,1010.9,5,5,0,0,8.0,220,23.8,0.0,1800.0,-3.9,-137.0,21.2,-7.5,5.3,239,44.8,250,42,2025-04-02 02:00:00+00:00
30.9,62,22.8,1010.7,1011.4,0,0,0,0,7.2,219,22.7,0.0,1960.0,-2.5,-98.0,21.0,-7.5,7.0,238,47.1,251,48,2025-04-02 03:00:00+00:00
33.1,49,21.1,1010.7,1011.4,0,0,0,0,6.4,216,23.4,0.0,1950.0,-1.8,-71.0,20.9,-7.5,8.0,239,48.2,251,50,2025-04-02 04:00:00+00:00
35.1,40,19.6,1010.4,1011.1,0,0,0,0,5.1,216,23.0,0.0,1710.0,-1.3,-43.0,20.6,-7.2,9.0,246,49.8,255,49,2025-04-02 05:00:00+00:00
36.7,35,18.6,1009.5,1010.2,0,0,0,0,4.1,225,21.6,0.0,1760.0,-0.3,-53.0,20.3,-6.8,7.3,263,50.9,251,46,2025-04-02 06:00:00+00:00
37.9,31,18.0,1008.3,1009.0,11,0,11,0,3.7,241,20.5,0.0,1870.0,0.8,-11.0,20.3,-6.8,6.9,274,50.9,251,42,2025-04-02 07:00:00+00:00
38.5,28,16.8,1007.3,1008.0,25,0,20,6,4.5,236,20.5,0.0,1880.0,0.7,0.0,20.5,-6.8,7.4,281,50.5,252,46,2025-04-02 08:00:00+00:00
38.5,27,16.4,1006.5,1007.2,42,0,33,13,6.0,226,22.0,0.0,1820.0,0.6,0.0,20.6,-6.5,8.0,294,49.8,255,48,2025-04-02 09:00:00+00:00
37.7,29,16.9,1006.1,1006.8,44,0,38,10,7.3,242,23.4,0.0,1810.0,0.7,0.0,20.6,-6.5,7.4,292,48.0,257,44,2025-04-02 10:00:00+00:00
36.0,35,18.1,1006.5,1007.2,64,0,30,48,9.3,233,24.1,0.0,1960.0,0.8,0.0,20.5,-6.3,7.5,295,45.4,258,42,2025-04-02 11:00:00+00:00
34.3,43,20.1,1007.2,1007.9,45,1,27,24,10.5,231,26.3,0.0,2090.0,0.0,-17.0,20.0,-6.5,6.2,287,47.8,258,38,2025-04-02 12:00:00+00:00
31.2,60,22.6,1008.9,1009.6,69,15,25,60,16.6,227,36.4,0.0,2370.0,-2.4,-56.0,20.2,-6.5,9.4,321,45.7,256,43,2025-04-02 13:00:00+00:00
29.6,65,22.4,1009.4,1010.1,70,0,2,70,11.5,214,38.9,0.1,2030.0,-3.3,-100.0,20.6,-6.5,15.2,327,44.0,253,46,2025-04-02 14:00:00+00:00
29.3,69,23.0,1010.0,1010.7,74,0,0,74,12.5,198,27.7,0.0,1700.0,-2.9,-136.0,20.6,-6.8,18.1,326,42.1,250,47,2025-04-02 15:00:00+00:00
28.6,75,23.7,1010.6,1011.3,81,0,0,81,10.5,215,27.7,0.0,1360.0,-2.8,-176.0,20.9,-6.5,16.8,327,43.7,249,50,2025-04-02 16:00:00+00:00
28.1,78,23.9,1010.8,1011.5,26,0,0,26,9.7,231,23.4,0.0,1020.0,-2.8,-212.0,21.6,-6.5,19.2,335,44.8,254,49,2025-04-02 17:00:00+00:00
27.5,81,23.9,1010.7,1011.4,33,0,7,32,8.9,236,21.2,0.0,1280.0,-3.0,-199.0,21.6,-7.2,15.4,348,42.6,260,50,2025-04-02 18:00:00+00:00
27.1,82,23.9,1010.2,1010.9,34,0,16,28,7.9,227,19.4,0.0,1260.0,-3.3,-215.0,21.6,-7.2,15.7,352,42.4,262,50,2025-04-02 19:00:00+00:00
26.7,85,24.0,1009.8,1010.5,61,0,59,33,5.9,232,16.9,0.0,1270.0,-4.8,-227.0,21.6,-7.5,14.2,356,43.5,264,51,2025-04-02 20:00:00+00:00
26.4,87,24.1,1009.5,1010.2,74,0,72,35,5.3,260,12.6,0.0,1270.0,-5.7,-222.0,21.7,-7.7,13.2,360,44.5,267,52,2025-04-02 21:00:00+00:00
26.1,89,24.1,1009.2,1009.9,89,0,79,57,6.4,245,14.0,0.0,1200.0,-5.7,-228.0,21.8,-7.9,11.9,4,43.2,270,53,2025-04-02 22:00:00+00:00
26.1,89,24.2,1009.3,1010.0,84,2,78,81,5.3,208,15.1,0.0,1130.0,-5.4,-199.0,21.8,-8.6,10.1,8,42.2,265,56,2025-04-02 23:00:00+00:00
25.8,91,24.2,1010.1,1010.8,33,13,11,20,5.5,243,12.6,0.0,1110.0,-4.9,-176.0,21.5,-8.9,7.4,11,45.7,256,54,2025-04-03 00:00:00+00:00
27.0,85,24.3,1011.1,1011.8,35,21,17,8,5.5,232,15.8,0.0,1100.0,-4.9,-161.0,21.4,-8.6,5.5,24,44.8,250,53,2025-04-03 01:00:00+00:00
28.4,77,24.0,1012.1,1012.8,30,6,8,19,4.6,231,16.6,0.0,1150.0,-4.6,-112.0,21.4,-8.4,3.9,36,45.7,247,51,2025-04-03 02:00:00+00:00
30.2,68,23.7,1012.4,1013.1,64,12,11,55,3.2,243,16.2,0.0,1370.0,-4.4,-79.0,21.1,-7.7,2.7,59,43.3,251,54,2025-04-03 03:00:00+00:00
32.4,58,23.0,1012.3,1013.0,26,0,0,26,3.1,234,17.3,0.0,1780.0,-2.9,-63.0,20.9,-7.5,2.3,79,43.1,257,59,2025-04-03 04:00:00+00:00
34.6,48,22.0,1011.9,1012.6,100,0,1,100,2.6,245,17.6,0.0,1430.0,-0.5,-51.0,20.5,-7.5,1.4,90,41.0,255,61,2025-04-03 05:00:00+00:00
36.0,40,20.4,1011.0,1011.7,78,0,20,72,2.7,266,18.0,0.0,1480.0,1.3,0.0,20.5,-7.9,1.9,225,39.9,249,58,2025-04-03 06:00:00+00:00
37.0,34,18.5,1010.0,1010.7,20,0,15,5,2.2,235,18.0,0.0,1410.0,0.7,0.0,20.4,-7.9,2.9,231,39.5,250,59,2025-04-03 07:00:00+00:00
37.8,30,17.4,1008.8,1009.5,15,0,5,10,2.7,238,18.0,0.0,1290.0,1.1,0.0,19.8,-7.9,5.3,211,39.9,249,60,2025-04-03 08:00:00+00:00
38.2,29,16.8,1007.4,1008.1,52,0,15,44,3.1,190,18.7,0.0,1300.0,1.1,0.0,19.4,-7.9,8.1,196,39.9,249,61,2025-04-03 09:00:00+00:00
35.3,34,17.2,1007.9,1008.6,88,0,21,85,8.8,206,28.1,0.0,1340.0,1.4,0.0,19.2,-7.9,9.7,199,41.0,249,61,2025-04-03 10:00:00+00:00
35.9,33,16.9,1007.4,1008.1,100,0,0,100,6.4,207,25.2,0.0,1300.0,1.2,0.0,19.2,-7.9,10.2,212,40.3,247,57,2025-04-03 11:00:00+00:00
34.9,37,18.0,1007.7,1008.4,69,0,2,68,9.5,234,22.7,0.0,1560.0,1.0,0.0,19.8,-8.2,7.2,252,43.3,251,48,2025-04-03 12:00:00+00:00
31.4,65,24.1,1008.8,1009.5,6,0,2,5,2.4,126,11.5,0.0,2210.0,-2.4,-61.0,20.4,-8.2,6.9,278,43.7,249,51,2025-04-03 13:00:00+00:00
31.9,62,23.8,1009.5,1010.2,9,0,1,8,5.3,188,10.4,0.0,2320.0,-1.5,-118.0,21.2,-8.2,12.4,287,43.7,249,52,2025-04-03 14:00:00+00:00
31.8,58,22.6,1010.5,1011.2,8,0,1,7,9.5,199,19.8,0.0,2210.0,-1.8,-162.0,21.4,-8.2,16.9,267,46.4,249,50,2025-04-03 15:00:00+00:00
30.5,63,22.6,1010.7,1011.4,8,0,0,8,10.3,195,22.7,0.0,1780.0,-3.1,-184.0,21.5,-8.2,17.5,263,45.9,250,56,2025-04-03 16:00:00+00:00
29.2,70,23.0,1010.7,1011.4,66,0,0,66,10.3,202,22.3,0.0,1160.0,-3.5,-217.0,21.6,-7.9,17.8,266,45.2,253,57,2025-04-03 17:00:00+00:00
28.2,76,23.6,1010.4,1011.1,100,0,0,100,10.2,216,22.3,0.0,1060.0,-2.7,-223.0,21.6,-8.9,11.4,270,45.4,258,50,2025-04-03 18:00:00+00:00
27.5,83,24.3,1010.0,1010.7,100,0,0,100,9.1,221,22.0,0.0,1230.0,-2.5,-210.0,21.4,-9.1,11.0,265,45.7,256,47,2025-04-03 19:00:00+00:00
27.0,85,24.3,1009.5,1010.2,98,0,0,98,9.2,242,20.2,0.0,1230.0,-2.5,-238.0,21.2,-9.3,10.1,265,46.3,253,47,2025-04-03 20:00:00+00:00
26.5,86,24.0,1009.4,1010.1,100,0,52,100,7.2,248,20.2,0.0,1240.0,-2.0,-277.0,21.1,-8.6,9.6,270,46.7,252,48,2025-04-03 21:00:00+00:00
26.3,86,23.7,1008.8,1009.5,99,0,2,99,6.1,220,15.8,0.0,1140.0,-1.8,-275.0,21.2,-8.9,9.7,281,45.7,256,50,2025-04-03 22:00:00+00:00
26.1,86,23.6,1009.0,1009.7,100,0,17,100,6.4,216,15.1,0.0,1090.0,-1.9,-285.0,21.5,-9.1,9.4,293,43.7,254,53,2025-04-03 23:00:00+00:00
26.1,85,23.4,1009.6,1010.3,99,0,72,99,6.4,227,13.7,0.0,1090.0,-1.8,-225.0,20.9,-8.9,12.6,296,50.5,245,58,2025-04-04 00:00:00+00:00
27.5,81,24.0,1010.7,1011.4,98,0,80,98,6.4,232,15.8,0.0,1110.0,-2.0,-194.0,20.8,-8.6,11.8,298,51.5,245,57,2025-04-04 01:00:00+00:00
28.3,77,23.9,1011.5,1012.2,87,0,86,77,5.3,232,15.8,0.0,1200.0,-1.7,-122.0,20.5,-8.9,11.0,294,55.3,246,62,2025-04-04 02:00:00+00:00
30.1,66,23.0,1011.4,1012.1,100,0,100,100,3.6,243,16.2,0.0,1440.0,-1.8,-76.0,20.4,-8.9,10.8,292,57.5,247,64,2025-04-04 03:00:00+00:00
30.9,59,21.9,1011.1,1011.8,100,0,100,100,1.5,111,14.4,0.0,1840.0,-0.8,-54.0,20.4,-8.6,11.1,289,61.5,249,64,2025-04-04 04:00:00+00:00
31.8,53,21.1,1010.7,1011.4,100,0,100,86,4.0,120,15.1,0.0,2320.0,0.7,-52.0,20.5,-8.2,12.7,291,64.9,251,68,2025-04-04 05:00:00+00:00
32.3,49,20.3,1010.2,1010.9,100,0,100,29,2.7,138,15.5,0.0,2080.0,0.8,-52.0,20.2,-8.4,12.3,301,71.1,248,67,2025-04-04 06:00:00+00:00
33.0,45,19.6,1009.3,1010.0,100,0,100,87,1.5,166,13.0,0.0,1680.0,0.5,-22.0,20.0,-8.2,11.9,302,71.4,250,69,2025-04-04 07:00:00+00:00
33.6,43,19.5,1008.5,1009.2,92,0,92,1,2.8,252,13.7,0.0,1350.0,1.2,-16.0,19.2,-7.9,6.9,278,70.6,252,68,2025-04-04 08:00:00+00:00
34.2,42,19.5,1007.5,1008.2,94,0,93,10,3.1,260,15.8,0.0,1250.0,0.7,-7.0,19.1,-8.2,5.3,250,65.8,255,67,2025-04-04 09:00:00+00:00
34.3,42,19.6,1006.8,1007.5,66,0,66,2,5.2,274,18.4,0.0,1330.0,0.5,-2.0,19.3,-7.9,8.8,249,65.8,255,68,2025-04-04 10:00:00+00:00
33.0,47,20.4,1006.7,1007.4,98,0,98,3,9.5,289,24.5,0.0,1240.0,0.5,-2.0,19.3,-7.5,13.1,250,59.7,255,61,2025-04-04 11:00:00+00:00
31.9,47,19.1,1006.8,1007.5,100,0,70,100,9.7,280,24.8,0.0,1840.0,-0.3,-8.0,19.7,-7.5,10.5,268,62.6,258,60,2025-04-04 12:00:00+00:00
32.8,42,18.4,1007.1,1007.8,97,0,97,19,1.8,169,5.8,0.0,1960.0,-2.8,-26.0,20.0,-7.7,11.4,265,61.6,263,62,2025-04-04 13:00:00+00:00
32.2,47,19.3,1008.0,1008.7,89,0,79,87,2.3,129,6.5,0.0,2190.0,-3.1,-51.0,20.2,-7.7,12.8,270,63.8,266,61,2025-04-04 14:00:00+00:00
31.6,50,20.0,1008.9,1009.6,11,0,11,0,4.0,153,8.6,0.0,2190.0,-2.6,-73.0,20.0,-7.5,12.8,264,66.0,271,58,2025-04-04 15:00:00+00:00
30.8,57,21.3,1009.2,1009.9,16,0,16,0,6.7,183,13.3,0.0,2430.0,-1.8,-101.0,19.9,-7.0,15.4,258,68.4,269,61,2025-04-04 16:00:00+00:00
29.5,73,24.1,1009.5,1010.2,1,0,0,0,10.6,201,23.0,0.0,2450.0,-0.8,-125.0,19.7,-6.8,18.9,255,70.0,264,60,2025-04-04 17:00:00+00:00
28.4,80,24.6,1009.1,1009.8,4,0,0,4,9.3,212,23.4,0.0,1970.0,-1.8,-136.0,19.3,-7.5,16.6,254,69.7,259,61,2025-04-04 18:00:00+00:00
28.0,82,24.5,1008.3,1009.0,0,0,0,0,8.3,229,19.1,0.0,1440.0,-1.9,-145.0,19.2,-7.5,18.3,256,70.2,253,64,2025-04-04 19:00:00+00:00
27.5,82,24.1,1007.7,1008.4,0,0,0,0,8.1,231,17.3,0.0,1410.0,-2.6,-154.0,19.2,-7.7,20.4,260,71.0,251,69,2025-04-04 20:00:00+00:00
27.2,82,23.9,1007.5,1008.2,0,0,0,0,6.8,233,16.6,0.0,1430.0,-2.4,-155.0,19.3,-7.7,22.1,262,72.9,250,71,2025-04-04 21:00:00+00:00
26.8,85,24.0,1007.2,1007.9,0,0,0,0,6.7,232,14.0,0.0,1360.0,-2.8,-161.0,19.6,-7.9,23.8,265,72.5,251,67,2025-04-04 22:00:00+00:00
26.5,87,24.2,1007.4,1008.1,0,0,0,0,5.9,232,13.7,0.0,1280.0,-3.0,-165.0,19.6,-8.4,24.6,269,70.6,252,64,2025-04-04 23:00:00+00:00
26.2,90,24.4,1008.0,1008.7,0,0,0,0,5.2,236,12.2,0.0,1380.0,-3.4,-172.0,19.9,-8.9,22.5,277,65.6,252,70,2025-04-05 00:00:00+00:00
27.7,81,24.2,1008.6,1009.3,0,0,0,0,5.4,188,13.7,0.0,1500.0,-3.9,-154.0,19.8,-8.9,21.5,282,63.0,252,70,2025-04-05 01:00:00+00:00
29.6,73,24.2,1009.3,1010.0,0,0,0,0,5.5,189,17.3,0.0,1840.0,-4.7,-77.0,19.9,-9.1,19.6,288,61.1,250,60,2025-04-05 02:00:00+00:00
32.0,60,23.3,1009.8,1010.5,0,0,0,0,6.0,207,20.2,0.0,2430.0,-4.4,-41.0,20.2,-9.1,17.8,293,63.8,250,43,2025-04-05 03:00:00+00:00
34.3,46,21.0,1009.7,1010.4,0,0,0,0,6.8,230,25.9,0.0,2720.0,-3.8,-17.0,20.3,-8.9,16.1,295,66.4,253,32,2025-04-05 04:00:00+00:00
36.0,37,19.1,1009.0,1009.7,16,0,16,0,6.7,246,26.3,0.0,2550.0,-2.5,-2.0,20.3,-9.1,14.6,290,66.4,257,31,2025-04-05 05:00:00+00:00
37.1,28,15.7,1008.1,1008.8,30,0,30,0,6.6,261,24.1,0.0,1750.0,-0.5,-9.0,20.5,-8.9,7.5,308,65.0,258,38,2025-04-05 06:00:00+00:00
38.1,23,13.2,1006.8,1007.5,28,0,28,0,7.7,270,25.6,0.0,1210.0,0.5,-2.0,19.8,-8.9,6.5,245,64.2,262,44,2025-04-05 07:00:00+00:00
38.5,19,11.1,1005.7,1006.4,13,0,13,0,11.0,291,31.7,0.0,930.0,1.8,0.0,20.2,-8.9,7.7,242,63.7,267,54,2025-04-05 08:00:00+00:00
37.8,20,10.8,1004.8,1005.5,15,0,15,0,14.3,298,36.4,0.0,910.0,2.8,0.0,20.6,-8.9,9.6,245,61.2,270,51,2025-04-05 09:00:00+00:00
37.0,21,11.2,1004.4,1005.1,8,0,8,0,14.3,298,38.9,0.0,860.0,3.6,0.0,21.0,-8.6,10.2,243,58.9,274,50,2025-04-05 10:00:00+00:00
37.0,17,8.0,1004.2,1004.9,1,0,1,0,7.8,274,35.6,0.0,830.0,4.2,0.0,21.1,-8.4,12.1,250,53.5,279,22,2025-04-05 11:00:00+00:00
35.7,20,8.9,1004.1,1004.8,1,0,1,0,4.2,220,20.9,0.0,700.0,3.3,-8.0,21.6,-8.2,6.4,274,49.3,274,86,2025-04-05 12:00:00+00:00
34.0,25,11.4,1004.8,1005.5,1,0,1,0,4.4,153,8.3,0.0,1770.0,-1.2,-55.0,21.5,-7.7,9.2,279,45.9,276,87,2025-04-05 13:00:00+00:00
32.4,33,14.0,1005.5,1006.2,0,0,0,0,12.8,178,24.8,0.0,3600.0,-4.3,-80.0,21.5,-7.5,13.3,301,43.3,275,50,2025-04-05 14:00:00+00:00
30.0,61,21.7,1006.3,1007.0,0,0,0,0,13.7,178,29.9,0.0,3470.0,-4.1,-112.0,21.8,-7.5,7.1,320,41.2,278,59,2025-04-05 15:00:00+00:00
28.5,72,23.0,1006.9,1007.6,0,0,0,0,13.9,179,30.6,0.0,2880.0,-3.8,-151.0,22.0,-7.7,2.7,360,40.1,279,64,2025-04-05 16:00:00+00:00
27.7,81,24.1,1007.0,1007.7,0,0,0,0,12.1,185,28.8,0.0,2690.0,-4.2,-166.0,22.0,-7.9,3.8,166,38.5,274,53,2025-04-05 17:00:00+00:00
27.2,85,24.5,1006.9,1007.6,0,0,0,0,11.3,190,25.2,0.0,2920.0,-4.1,-162.0,22.0,-7.9,1.4,162,38.5,266,57,2025-04-05 18:00:00+00:00
27.0,87,24.6,1006.7,1007.4,0,0,0,0,10.4,194,23.4,0.0,3510.0,-4.8,-147.0,21.8,-7.9,5.9,184,37.4,264,62,2025-04-05 19:00:00+00:00
26.7,89,24.8,1006.6,1007.3,5,5,0,0,10.1,200,21.6,0.0,3590.0,-5.3,-131.0,21.6,-8.2,4.6,186,37.7,261,64,2025-04-05 20:00:00+00:00
26.7,89,24.8,1006.4,1007.1,6,6,0,0,9.2,200,20.9,0.0,3410.0,-6.1,-122.0,21.6,-8.4,9.2,147,38.7,263,52,2025-04-05 21:00:00+00:00
26.5,91,25.0,1006.6,1007.3,26,9,15,4,8.0,198,18.7,0.0,3240.0,-6.8,-117.0,21.2,-8.4,8.8,189,37.3,266,67,2025-04-05 22:00:00+00:00
26.4,92,25.0,1007.0,1007.7,26,1,8,18,6.9,187,15.8,0.0,3240.0,-7.0,-116.0,21.5,-8.6,6.8,200,36.2,264,76,2025-04-05 23:00:00+00:00
26.3,91,24.8,1007.4,1008.1,51,0,0,51,7.4,186,14.4,0.0,2950.0,-7.7,-129.0,21.7,-8.9,11.3,212,37.0,257,61,2025-04-06 00:00:00+00:00
28.0,88,25.8,1007.7,1008.4,1,0,1,0,7.5,153,17.3,0.0,2990.0,-8.8,-124.0,21.7,-8.9,12.0,198,39.1,252,60,2025-04-06 01:00:00+00:00
29.8,77,25.3,1008.4,1009.1,6,0,3,3,9.4,169,24.5,0.0,3220.0,-7.7,-68.0,21.6,-8.9,12.5,199,39.3,258,62,2025-04-06 02:00:00+00:00
32.0,64,24.3,1008.7,1009.4,10,0,1,8,11.3,179,30.2,0.0,3360.0,-6.9,-27.0,21.7,-8.9,16.6,201,41.1,263,58,2025-04-06 03:00:00+00:00
34.3,52,23.0,1008.7,1009.4,19,0,0,19,8.6,192,30.6,0.0,3290.0,-6.3,-8.0,21.8,-9.1,20.1,201,42.2,265,51,2025-04-06 04:00:00+00:00
34.6,45,20.9,1008.6,1009.3,22,17,20,2,6.5,219,28.8,0.9,3370.0,-5.4,-2.0,21.6,-9.1,23.7,196,45.6,270,57,2025-04-06 05:00:00+00:00
36.4,39,20.1,1007.0,1007.7,20,0,10,11,11.4,161,33.5,0.0,3370.0,-1.3,0.0,21.7,-9.6,18.4,187,42.8,281,66,2025-04-06 06:00:00+00:00
37.8,33,18.9,1005.7,1006.4,31,0,5,27,11.9,162,35.3,0.0,1890.0,-0.2,-6.0,20.0,-9.6,19.0,190,41.7,288,73,2025-04-06 07:00:00+00:00
35.9,32,16.6,1005.3,1006.0,42,1,19,32,17.9,214,46.8,0.1,1220.0,-0.5,-5.0,19.9,-9.1,15.7,197,43.3,289,76,2025-04-06 08:00:00+00:00
36.1,30,15.9,1004.9,1005.6,46,0,12,41,11.6,208,43.2,0.0,880.0,-0.3,-2.0,19.9,-9.1,17.7,209,42.5,286,60,2025-04-06 09:00:00+00:00
35.9,30,15.8,1004.0,1004.7,8,0,0,8,8.5,205,32.0,0.0,1220.0,-1.1,-11.0,20.0,-8.6,17.1,205,48.9,295,56,2025-04-06 10:00:00+00:00
35.7,31,15.9,1003.7,1004.4,9,0,3,6,13.3,178,31.3,0.0,1670.0,-3.7,-16.0,21.0,-8.9,24.2,212,49.0,301,47,2025-04-06 11:00:00+00:00
34.1,37,17.6,1004.2,1004.9,9,0,1,8,15.4,164,34.2,0.0,3750.0,-4.9,-50.0,22.0,-8.9,24.9,211,50.3,303,61,2025-04-06 12:00:00+00:00
31.7,63,23.7,1005.8,1006.5,2,0,1,1,17.4,169,39.6,0.0,4960.0,-6.5,-110.0,22.8,-9.1,23.6,208,48.3,305,57,2025-04-06 13:00:00+00:00
30.2,71,24.3,1006.5,1007.2,1,0,0,0,17.5,168,39.2,0.0,4110.0,-7.8,-147.0,22.9,-8.9,23.4,201,47.6,304,60,2025-04-06 14:00:00+00:00
29.0,78,24.8,1007.5,1008.2,0,0,0,0,16.4,172,38.9,0.0,3770.0,-8.7,-161.0,22.9,-8.9,24.5,202,44.1,299,79,2025-04-06 15:00:00+00:00
28.4,83,25.1,1008.1,1008.8,0,0,0,0,13.5,176,35.3,0.0,3450.0,-9.0,-172.0,22.9,-9.1,28.4,204,39.2,293,71,2025-04-06 16:00:00+00:00
28.0,84,25.0,1008.2,1008.9,1,0,1,0,12.3,184,29.2,0.0,3480.0,-9.4,-141.0,22.6,-9.3,29.2,203,34.3,306,86,2025-04-06 17:00:00+00:00
27.8,84,24.7,1008.3,1009.0,22,0,22,0,10.1,175,26.6,0.0,3460.0,-9.8,-96.0,22.2,-10.0,15.7,197,33.6,305,82,2025-04-06 18:00:00+00:00
27.5,84,24.6,1008.4,1009.1,25,0,25,5,7.2,167,20.9,0.0,3220.0,-10.5,-78.0,21.7,-10.5,18.0,189,29.7,313,79,2025-04-06 19:00:00+00:00
27.0,86,24.5,1008.4,1009.1,35,12,26,0,6.7,70,14.4,0.0,3200.0,-10.5,-66.0,21.8,-11.0,15.1,201,27.2,319,78,2025-04-06 20:00:00+00:00
26.4,90,24.7,1008.0,1008.7,39,16,27,0,5.6,121,15.8,0.0,2640.0,-10.3,-48.0,21.6,-10.3,15.0,182,24.7,299,66,2025-04-06 21:00:00+00:00
26.2,92,24.8,1007.8,1008.5,16,4,13,0,6.8,143,13.7,0.0,3410.0,-10.4,-68.0,21.2,-10.0,13.7,180,20.1,287,80,2025-04-06 22:00:00+00:00
26.0,93,24.8,1008.3,1009.0,8,4,5,0,6.5,134,14.0,0.0,3330.0,-10.4,-85.0,20.6,-10.7,15.2,219,26.4,309,78,2025-04-06 23:00:00+00:00
25.7,95,24.7,1008.9,1009.6,21,0,20,0,7.1,137,14.4,0.0,2930.0,-10.2,-44.0,21.6,-9.8,12.0,209,27.4,308,76,2025-04-07 00:00:00+00:00
26.5,91,24.9,1010.9,1011.6,100,100,0,0,12.3,98,27.4,0.0,3180.0,-9.8,-14.0,21.7,-9.6,11.6,222,24.7,299,69,2025-04-07 01:00:00+00:00
28.0,83,24.7,1011.5,1012.2,67,67,0,0,14.2,117,32.8,0.0,3280.0,-9.4,-21.0,22.0,-9.3,13.9,221,24.7,299,82,2025-04-07 02:00:00+00:00
30.0,72,24.4,1011.5,1012.2,7,7,0,0,12.9,123,33.8,0.0,3140.0,-7.6,-47.0,21.8,-9.3,15.5,227,23.1,298,82,2025-04-07 03:00:00+00:00
32.4,60,23.7,1011.0,1011.7,6,6,0,0,11.0,138,33.8,0.0,3060.0,-6.0,-40.0,22.0,-9.3,16.5,228,21.5,297,84,2025-04-07 04:00:00+00:00
34.6,50,22.7,1010.4,1011.1,2,2,0,0,10.2,150,31.0,0.0,3120.0,-4.9,-19.0,22.0,-9.1,16.1,227,24.3,290,76,2025-04-07 05:00:00+00:00
36.6,37,19.6,1009.4,1010.1,12,1,6,7,9.8,157,32.4,0.0,3070.0,-4.6,-16.0,22.0,-9.1,18.8,247,25.7,307,60,2025-04-07 06:00:00+00:00
36.6,30,16.3,1008.5,1009.2,82,0,58,57,15.3,168,40.3,0.3,2990.0,-4.2,-8.0,21.8,-8.9,19.8,247,25.0,305,60,2025-04-07 07:00:00+00:00
36.3,27,14.5,1007.4,1008.1,66,0,16,60,11.5,191,41.4,0.0,2940.0,-3.7,0.0,21.1,-8.9,20.0,240,24.7,309,62,2025-04-07 08:00:00+00:00
36.8,24,12.8,1007.2,1007.9,86,0,45,76,12.3,218,32.0,0.0,3080.0,-2.9,0.0,19.7,-8.6,16.7,209,23.1,309,56,2025-04-07 09:00:00+00:00
33.9,33,15.4,1007.1,1007.8,47,3,6,44,14.3,199,40.7,0.0,2490.0,-2.5,0.0,19.4,-8.9,12.3,195,22.6,302,51,2025-04-07 10:00:00+00:00
34.1,39,18.0,1007.0,1007.7,10,0,2,8,12.2,194,33.8,0.0,2620.0,-3.9,-5.0,19.7,-8.6,12.2,193,23.8,315,52,2025-04-07 11:00:00+00:00
32.6,47,19.7,1008.0,1008.7,7,0,2,4,10.6,199,29.5,0.0,3060.0,-4.0,-44.0,20.5,-8.9,8.0,193,20.1,343,44,2025-04-07 12:00:00+00:00
27.7,64,20.4,1009.3,1010.0,97,6,3,97,13.8,238,43.6,0.0,3020.0,-4.4,-80.0,21.1,-8.9,7.8,177,20.4,357,42,2025-04-07 13:00:00+00:00
28.4,65,21.3,1009.8,1010.5,8,2,0,6,7.4,177,30.2,0.0,2850.0,-5.1,-132.0,21.7,-9.1,7.7,180,16.0,13,42,2025-04-07 14:00:00+00:00
28.1,71,22.3,1010.6,1011.3,0,0,0,0,10.6,152,23.4,0.0,2620.0,-5.9,-140.0,22.0,-9.3,10.3,193,15.6,32,43,2025-04-07 15:00:00+00:00
27.9,76,23.2,1011.5,1012.2,1,1,0,0,9.5,158,24.5,0.0,2850.0,-5.8,-82.0,21.6,-9.8,13.2,184,17.3,34,42,2025-04-07 16:00:00+00:00
27.9,81,24.3,1011.6,1012.3,6,6,0,0,10.1,153,20.2,0.0,2970.0,-6.6,-95.0,21.6,-10.0,15.7,170,18.3,32,34,2025-04-07 17:00:00+00:00
27.5,87,25.0,1011.3,1012.0,9,9,0,1,10.9,168,24.5,0.0,3100.0,-7.0,-73.0,21.5,-10.0,14.6,176,17.3,34,34,2025-04-07 18:00:00+00:00
27.2,88,25.0,1011.0,1011.7,11,11,0,0,9.8,172,22.7,0.0,3220.0,-7.3,-70.0,21.1,-10.0,16.1,164,13.0,34,24,2025-04-07 19:00:00+00:00
26.9,89,24.9,1010.5,1011.2,26,26,1,0,8.8,178,21.2,0.0,3080.0,-7.7,-65.0,20.5,-10.0,15.1,159,12.5,17,28,2025-04-07 20:00:00+00:00
26.7,90,24.8,1010.6,1011.3,23,23,0,0,6.1,180,18.7,0.0,2850.0,-8.1,-67.0,20.5,-10.0,13.7,159,12.2,11,34,2025-04-07 21:00:00+00:00
26.5,90,24.7,1010.9,1011.6,3,3,0,0,5.4,195,12.6,0.0,2820.0,-7.7,-63.0,20.6,-10.0,13.3,158,10.3,21,51,2025-04-07 22:00:00+00:00
26.4,91,24.7,1011.5,1012.2,2,2,0,0,6.9,187,14.4,0.0,2950.0,-7.5,-31.0,20.6,-10.0,13.2,153,11.3,32,60,2025-04-07 23:00:00+00:00
26.0,93,24.7,1012.4,1013.1,11,11,0,0,4.2,144,14.4,0.0,2690.0,-7.8,-9.0,20.5,-10.0,17.0,149,14.4,42,57,2025-04-08 00:00:00+00:00
27.5,87,25.0,1013.7,1014.4,92,86,4,43,8.1,141,19.4,0.1,2770.0,-8.9,-2.0,20.4,-10.0,16.8,147,12.8,41,61,2025-04-08 01:00:00+00:00
29.1,75,24.3,1014.3,1015.0,95,46,2,90,7.2,161,19.4,0.1,2840.0,-8.6,-10.0,20.3,-10.0,18.1,146,12.8,41,58,2025-04-08 02:00:00+00:00
31.0,65,23.5,1014.5,1015.2,24,13,7,9,7.6,152,23.4,0.1,2690.0,-7.9,-13.0,20.2,-10.0,17.2,148,12.8,41,59,2025-04-08 03:00:00+00:00
32.5,54,22.1,1014.5,1015.2,33,16,7,19,7.0,136,23.4,0.0,2420.0,-6.9,-11.0,19.9,-10.0,14.5,148,12.0,37,60,2025-04-08 04:00:00+00:00
34.4,44,20.3,1013.9,1014.6,61,5,2,58,7.3,128,26.6,0.0,1930.0,-6.1,0.0,19.3,-10.0,12.0,140,12.0,37,61,2025-04-08 05:00:00+00:00
35.5,39,19.5,1012.7,1013.4,31,3,23,9,9.3,127,28.8,0.0,1830.0,-5.9,0.0,18.9,-9.8,11.7,141,14.0,59,58,2025-04-08 06:00:00+00:00
35.4,37,18.6,1011.6,1012.3,71,0,68,9,11.2,123,32.0,0.7,1750.0,-5.6,0.0,19.1,-9.8,12.7,150,13.0,56,58,2025-04-08 07:00:00+00:00
34.6,43,20.3,1011.0,1011.7,68,4,29,55,5.8,120,32.0,0.5,1680.0,-4.6,0.0,19.3,-9.6,13.9,157,14.6,55,56,2025-04-08 08:00:00+00:00
27.8,70,21.9,1011.2,1011.9,74,7,31,60,12.5,150,47.9,1.8,1780.0,-3.1,-2.0,19.3,-9.3,14.6,160,14.0,59,53,2025-04-08 09:00:00+00:00
29.7,62,21.6,1009.7,1010.4,32,0,0,32,4.3,180,29.5,0.0,1340.0,-2.9,-14.0,18.5,-9.1,16.0,160,14.6,55,52,2025-04-08 10:00:00+00:00
30.9,58,21.6,1009.7,1010.4,21,0,0,20,1.8,233,16.2,0.0,1460.0,-5.9,-27.0,18.5,-9.1,12.7,159,14.0,59,49,2025-04-08 11:00:00+00:00
30.8,60,22.1,1010.3,1011.0,5,2,0,3,2.4,287,9.7,0.0,1990.0,-5.9,-30.0,18.9,-9.3,13.8,146,13.6,45,44,2025-04-08 12:00:00+00:00
27.4,70,21.4,1011.3,1012.0,42,0,19,28,4.0,190,22.3,0.0,2150.0,-4.2,-78.0,18.9,-9.3,14.6,141,14.6,55,36,2025-04-08 13:00:00+00:00
27.5,68,21.1,1011.7,1012.4,13,0,0,13,7.6,161,19.8,0.0,2030.0,-4.1,-109.0,18.9,-9.3,12.9,135,16.1,48,34,2025-04-08 14:00:00+00:00
27.3,70,21.4,1013.1,1013.8,1,1,0,0,5.5,169,18.0,0.0,1810.0,-5.6,-66.0,19.8,-9.1,12.3,132,17.1,51,34,2025-04-08 15:00:00+00:00
27.2,73,21.9,1013.6,1014.3,0,0,0,0,8.3,169,17.3,0.0,1580.0,-5.4,-70.0,19.9,-9.1,15.2,141,17.3,56,36,2025-04-08 16:00:00+00:00
27.1,77,22.7,1013.3,1014.0,0,0,0,0,9.2,181,19.4,0.0,1800.0,-5.2,-70.0,19.9,-9.3,17.4,135,14.0,59,38,2025-04-08 17:00:00+00:00
26.8,79,23.0,1012.4,1013.1,0,0,0,0,9.5,189,20.2,0.0,1960.0,-5.6,-88.0,19.4,-9.1,15.7,116,18.3,67,39,2025-04-08 18:00:00+00:00
26.5,80,22.8,1011.9,1012.6,0,0,0,0,8.1,193,19.8,0.0,1890.0,-5.5,-106.0,19.4,-9.3,16.6,122,16.3,73,39,2025-04-08 19:00:00+00:00
26.3,81,22.7,1011.1,1011.8,0,0,0,0,8.0,205,17.3,0.0,1840.0,-5.6,-108.0,19.6,-9.6,16.4,124,14.8,76,38,2025-04-08 20:00:00+00:00
25.9,83,22.8,1010.6,1011.3,0,0,0,0,6.7,218,16.6,0.0,1870.0,-5.4,-87.0,19.7,-9.3,17.9,128,13.7,75,36,2025-04-08 21:00:00+00:00
25.4,87,23.0,1010.3,1011.0,0,0,0,0,4.5,247,13.7,0.0,1820.0,-5.1,-88.0,19.7,-9.3,18.1,133,15.2,72,34,2025-04-08 22:00:00+00:00
25.0,89,23.0,1010.5,1011.2,0,0,0,0,1.2,219,9.0,0.0,1740.0,-5.0,-65.0,19.6,-9.1,18.4,136,15.6,67,34,2025-04-08 23:00:00+00:00
24.8,89,22.9,1010.7,1011.4,0,0,0,0,0.2,90,2.5,0.0,1660.0,-4.9,-79.0,19.3,-9.3,16.5,141,12.5,73,30,2025-04-09 00:00:00+00:00
26.9,82,23.6,1011.7,1012.4,0,0,0,0,5.4,132,13.7,0.0,1610.0,-5.5,-67.0,19.1,-9.1,15.5,137,13.3,85,29,2025-04-09 01:00:00+00:00
28.4,74,23.4,1012.5,1013.2,1,1,0,0,3.7,133,14.4,0.0,1650.0,-5.2,-39.0,19.2,-8.9,15.5,137,13.3,85,26,2025-04-09 02:00:00+00:00
30.0,66,23.0,1012.8,1013.5,16,15,2,0,3.2,161,14.8,0.0,1550.0,-4.5,-53.0,18.9,-8.9,16.3,144,13.2,90,30,2025-04-09 03:00:00+00:00
31.5,58,22.2,1012.5,1013.2,13,8,7,0,5.9,168,20.9,0.0,1390.0,-4.3,-33.0,18.1,-8.6,14.7,154,10.8,90,37,2025-04-09 04:00:00+00:00
33.3,49,21.0,1011.5,1012.2,11,2,9,0,8.6,170,26.3,0.0,1210.0,-4.2,-9.0,17.3,-8.4,11.4,164,10.3,69,39,2025-04-09 05:00:00+00:00
34.3,43,19.9,1010.4,1011.1,22,4,18,0,9.6,172,29.2,0.0,1240.0,-4.2,0.0,17.6,-8.9,12.3,176,6.0,90,21,2025-04-09 06:00:00+00:00
35.1,40,19.5,1009.4,1010.1,28,8,22,0,8.1,168,29.2,0.0,1160.0,-3.9,0.0,18.2,-8.6,10.9,182,6.1,101,19,2025-04-09 07:00:00+00:00
35.8,38,19.5,1007.8,1008.5,23,4,21,0,5.6,159,25.9,0.0,1020.0,-3.1,0.0,18.1,-8.6,7.3,176,6.0,127,18,2025-04-09 08:00:00+00:00
35.7,37,18.9,1006.3,1007.0,46,10,41,0,5.5,157,21.2,0.0,960.0,-2.0,0.0,18.0,-8.6,7.1,165,4.3,146,16,2025-04-09 09:00:00+00:00
31.6,53,20.7,1006.4,1007.1,45,19,41,5,13.8,204,35.6,0.8,910.0,-1.5,-1.0,18.1,-8.2,9.1,162,1.7,225,19,2025-04-09 10:00:00+00:00
32.8,47,20.1,1006.1,1006.8,20,2,16,5,7.3,197,34.9,0.0,900.0,-2.1,-5.0,18.3,-7.7,10.3,167,4.3,304,21,2025-04-09 11:00:00+00:00
32.1,49,20.0,1006.6,1007.3,30,13,26,0,8.4,196,19.4,0.0,910.0,-2.9,-11.0,18.3,-7.7,13.3,188,6.5,338,23,2025-04-09 12:00:00+00:00
31.3,49,19.2,1007.4,1008.1,10,4,7,0,11.8,189,25.6,0.0,920.0,-2.7,-29.0,18.6,-7.5,11.4,178,8.0,333,26,2025-04-09 13:00:00+00:00
29.9,58,20.8,1008.4,1009.1,1,0,1,0,13.1,193,30.2,0.0,980.0,-2.9,-69.0,18.8,-7.5,10.1,162,9.7,330,29,2025-04-09 14:00:00+00:00
29.3,61,21.1,1009.2,1009.9,1,0,1,0,10.0,200,29.2,0.0,860.0,-3.3,-86.0,19.4,-7.5,9.2,147,10.3,339,30,2025-04-09 15:00:00+00:00
28.9,64,21.5,1009.8,1010.5,0,0,0,0,10.1,196,22.0,0.0,700.0,-3.3,-100.0,19.8,-7.5,10.8,165,8.7,344,32,2025-04-09 16:00:00+00:00
28.3,68,21.8,1009.7,1010.4,0,0,0,0,10.6,198,24.5,0.0,480.0,-3.1,-104.0,19.6,-7.5,11.9,176,6.5,338,34,2025-04-09 17:00:00+00:00
27.8,70,21.9,1008.9,1009.6,9,0,0,9,10.0,201,23.4,0.0,940.0,-3.1,-100.0,19.2,-7.7,10.5,178,6.1,259,32,2025-04-09 18:00:00+00:00
27.3,72,21.9,1008.1,1008.8,0,0,0,0,9.9,199,22.0,0.0,1070.0,-3.0,-107.0,19.2,-7.7,12.3,180,7.0,239,31,2025-04-09 19:00:00+00:00
26.9,75,22.1,1007.3,1008.0,0,0,0,0,8.4,205,20.5,0.0,1200.0,-3.2,-114.0,19.1,-7.7,12.4,172,9.7,240,32,2025-04-09 20:00:00+00:00
26.6,78,22.4,1006.5,1007.2,0,0,0,0,7.6,207,17.6,0.0,1220.0,-3.3,-90.0,18.9,-7.7,14.5,167,13.0,236,31,2025-04-09 21:00:00+00:00
26.4,80,22.6,1006.0,1006.7,0,0,0,0,7.5,207,16.2,0.0,1230.0,-3.3,-69.0,18.7,-7.7,16.4,167,15.0,241,31,2025-04-09 22:00:00+00:00
26.1,82,22.7,1005.9,1006.6,0,0,0,0,7.8,195,16.6,0.0,1230.0,-3.8,-54.0,18.8,-7.7,19.0,163,18.6,255,29,2025-04-09 23:00:00+00:00
25.9,83,22.8,1006.2,1006.9,0,0,0,0,6.6,196,16.6,0.0,1300.0,-4.0,-58.0,18.1,-7.5,17.5,171,23.1,242,37,2025-04-10 00:00:00+00:00
27.4,76,22.8,1007.2,1007.9,0,0,0,0,4.6,159,12.2,0.0,1250.0,-5.0,-41.0,18.0,-7.5,19.0,170,23.1,242,34,2025-04-10 01:00:00+00:00
29.0,67,22.2,1008.2,1008.9,90,8,0,89,6.0,177,17.6,0.0,1490.0,-5.1,-21.0,17.9,-7.2,19.6,168,24.7,241,36,2025-04-10 02:00:00+00:00
30.7,58,21.5,1008.6,1009.3,31,8,6,21,8.1,180,24.1,0.0,1380.0,-4.7,-7.0,17.6,-7.0,20.1,167,26.3,240,34,2025-04-10 03:00:00+00:00
32.4,50,20.6,1008.4,1009.1,42,10,7,31,8.8,175,26.6,0.0,1150.0,-4.4,0.0,18.0,-7.2,19.7,167,27.0,238,36,2025-04-10 04:00:00+00:00
33.6,45,20.1,1007.7,1008.4,40,11,6,30,9.7,164,29.5,0.0,1150.0,-4.1,0.0,18.0,-7.7,17.4,175,30.3,236,42,2025-04-10 05:00:00+00:00
34.4,43,19.9,1006.6,1007.3,24,7,16,2,11.3,167,32.4,0.0,1380.0,-3.6,0.0,17.7,-8.2,18.7,181,36.3,236,43,2025-04-10 06:00:00+00:00
35.2,40,19.6,1005.2,1005.9,37,6,24,13,11.2,184,32.8,0.0,1430.0,-3.0,0.0,17.6,-7.9,16.4,183,35.6,237,43,2025-04-10 07:00:00+00:00
35.1,40,19.6,1003.8,1004.5,52,21,14,30,13.3,179,36.4,0.0,1350.0,-2.2,0.0,17.6,-7.9,15.0,178,37.1,241,44,2025-04-10 08:00:00+00:00
34.4,42,19.7,1002.4,1003.1,93,85,39,43,9.9,201,36.4,0.0,1240.0,-1.0,-1.0,17.6,-7.9,16.0,182,36.0,244,53,2025-04-10 09:00:00+00:00
31.4,54,20.9,1002.1,1002.8,97,24,40,95,14.4,188,34.6,0.5,900.0,0.0,-6.0,17.9,-7.5,16.4,180,35.0,248,56,2025-04-10 10:00:00+00:00
31.1,54,20.6,1002.2,1002.9,51,0,15,42,10.3,196,36.0,0.1,710.0,-1.4,-4.0,17.7,-7.0,17.3,178,35.7,250,56,2025-04-10 11:00:00+00:00
31.1,52,20.0,1002.6,1003.3,45,26,28,12,12.5,200,28.1,0.0,1380.0,-2.0,-18.0,18.2,-7.0,16.9,185,35.5,246,54,2025-04-10 12:00:00+00:00
29.1,67,22.3,1002.5,1003.2,12,1,2,9,6.8,158,16.2,0.0,1140.0,-1.7,-47.0,17.9,-7.2,19.1,179,35.3,252,57,2025-04-10 13:00:00+00:00
29.0,63,21.4,1004.3,1005.0,10,5,2,5,4.7,88,20.9,0.0,1140.0,-1.7,-90.0,17.6,-7.5,13.7,176,33.8,253,62,2025-04-10 14:00:00+00:00
21.6,97,21.2,1006.6,1007.3,100,100,25,70,13.6,95,46.1,6.3,1180.0,-2.9,-100.0,18.0,-7.5,10.0,164,35.5,258,64,2025-04-10 15:00:00+00:00
23.0,93,21.7,1006.5,1007.2,77,22,8,69,3.1,149,28.1,0.1,1430.0,-3.0,-45.0,18.0,-7.7,6.3,159,36.3,262,70,2025-04-10 16:00:00+00:00
23.1,92,21.8,1008.0,1008.7,69,28,11,53,11.5,4,24.1,0.0,1190.0,-2.7,-64.0,18.7,-9.6,21.0,178,27.4,293,60,2025-04-10 17:00:00+00:00
23.3,90,21.6,1006.3,1007.0,100,1,1,100,7.2,148,26.3,0.0,840.0,-4.4,-113.0,17.7,-8.9,23.8,192,25.3,265,62,2025-04-10 18:00:00+00:00
23.2,93,22.0,1005.4,1006.1,99,0,65,99,6.9,85,16.9,0.0,780.0,-3.9,-140.0,18.2,-7.9,23.9,193,30.4,261,54,2025-04-10 19:00:00+00:00
23.5,94,22.4,1004.7,1005.4,100,0,1,100,3.8,229,14.4,0.0,680.0,-4.3,-128.0,18.6,-8.4,23.2,191,34.8,272,52,2025-04-10 20:00:00+00:00
23.8,94,22.7,1004.4,1005.1,33,19,8,10,1.3,262,7.2,0.0,720.0,-4.4,-103.0,19.1,-8.6,19.9,189,27.6,272,54,2025-04-10 21:00:00+00:00
23.9,93,22.7,1004.1,1004.8,93,12,78,87,0.4,153,2.9,0.0,730.0,-4.5,-86.0,17.9,-8.4,19.9,217,30.6,281,62,2025-04-10 22:00:00+00:00
24.1,91,22.6,1004.1,1004.8,29,0,0,29,4.2,170,8.6,0.0,760.0,-4.3,-86.0,18.1,-7.5,17.4,223,30.7,301,69,2025-04-10 23:00:00+00:00
24.1,92,22.8,1004.8,1005.5,16,13,0,3,2.0,170,9.0,0.0,340.0,-3.9,-78.0,18.6,-7.2,11.9,238,30.8,291,57,2025-04-11 00:00:00+00:00
22.5,92,21.2,1005.4,1006.1,98,3,0,98,5.6,63,13.3,0.0,350.0,-4.7,-52.0,18.3,-7.5,9.0,221,30.1,275,51,2025-04-11 01:00:00+00:00
23.8,85,21.1,1006.4,1007.1,100,6,1,100,6.3,51,17.3,0.0,460.0,-5.3,-5.0,18.3,-7.0,7.0,212,31.2,270,59,2025-04-11 02:00:00+00:00
25.6,77,21.3,1006.8,1007.5,65,3,0,64,4.9,62,18.0,0.0,710.0,-6.1,-2.0,18.3,-6.5,7.0,191,32.5,274,53,2025-04-11 03:00:00+00:00
27.9,70,21.8,1006.9,1007.6,100,0,0,100,3.4,74,16.9,0.0,690.0,-6.5,-1.0,18.5,-6.5,9.1,177,32.4,272,50,2025-04-11 04:00:00+00:00
29.8,63,22.0,1006.4,1007.1,99,53,0,99,3.0,142,15.8,0.0,660.0,-5.8,-5.0,18.0,-6.8,10.1,175,33.5,255,44,2025-04-11 05:00:00+00:00
30.4,59,21.4,1005.5,1006.2,97,95,1,49,5.9,140,19.8,0.0,650.0,-5.7,0.0,17.3,-6.5,10.1,185,41.0,255,50,2025-04-11 06:00:00+00:00
31.4,56,21.7,1004.1,1004.8,51,49,5,0,6.7,144,22.0,0.0,650.0,-5.7,0.0,18.3,-6.5,9.0,204,41.7,252,48,2025-04-11 07:00:00+00:00
32.2,53,21.4,1002.8,1003.5,54,24,14,30,7.5,163,23.8,0.0,660.0,-5.4,-16.0,18.2,-6.8,10.0,219,41.7,252,48,2025-04-11 08:00:00+00:00
32.3,53,21.4,1001.4,1002.1,48,35,2,17,6.1,178,23.4,0.0,610.0,-5.4,-1.0,18.0,-6.8,9.0,225,41.7,252,48,2025-04-11 09:00:00+00:00
32.6,51,21.2,1000.6,1001.3,16,10,0,7,5.8,164,20.2,0.0,630.0,-4.6,-2.0,18.1,-6.5,6.4,225,41.7,252,50,2025-04-11 10:00:00+00:00
32.5,51,21.2,1000.4,1001.1,14,11,1,3,4.4,153,18.4,0.0,660.0,-3.6,-3.0,18.2,-6.3,6.8,250,41.9,257,54,2025-04-11 11:00:00+00:00
31.5,59,22.6,1000.8,1001.5,22,9,1,14,3.0,163,13.3,0.0,1000.0,-5.4,-27.0,18.3,-6.5,6.5,231,43.3,267,51,2025-04-11 12:00:00+00:00
29.7,66,22.6,1002.9,1003.6,60,3,2,58,8.4,164,20.2,0.0,1070.0,-3.1,-171.0,18.2,-6.3,5.8,231,39.8,265,48,2025-04-11 13:00:00+00:00
29.0,69,22.8,1004.0,1004.7,25,0,0,24,6.6,196,17.6,0.0,1360.0,-2.1,-136.0,18.1,-6.5,5.2,218,38.7,263,48,2025-04-11 14:00:00+00:00
28.5,73,23.1,1004.7,1005.4,1,0,1,0,7.0,184,14.4,0.0,1640.0,-3.1,-158.0,18.3,-6.5,3.1,243,38.7,263,44,2025-04-11 15:00:00+00:00
27.7,78,23.4,1005.1,1005.8,1,0,1,1,6.1,175,14.4,0.0,1660.0,-2.7,-275.0,19.7,-6.8,10.7,310,35.0,264,47,2025-04-11 16:00:00+00:00
27.0,82,23.6,1005.3,1006.0,79,0,0,79,7.2,167,14.4,0.0,1640.0,-2.2,-212.0,20.4,-7.0,16.2,302,34.8,272,44,2025-04-11 17:00:00+00:00
26.4,86,23.8,1005.0,1005.7,100,0,0,100,7.7,171,15.8,0.0,2100.0,-2.3,-186.0,20.0,-7.5,15.0,290,32.4,272,50,2025-04-11 18:00:00+00:00
25.9,89,23.9,1004.7,1005.4,53,0,0,53,6.9,171,15.8,0.0,2060.0,-2.6,-120.0,20.0,-7.5,15.6,285,31.2,268,43,2025-04-11 19:00:00+00:00
25.6,91,24.1,1004.7,1005.4,54,0,0,54,5.0,193,14.4,0.0,2100.0,-3.7,-124.0,19.9,-7.5,15.9,283,31.3,266,44,2025-04-11 20:00:00+00:00
25.4,93,24.1,1005.0,1005.7,0,0,0,0,4.0,183,10.1,0.0,2090.0,-4.4,-104.0,20.2,-7.7,16.1,286,35.0,264,48,2025-04-11 21:00:00+00:00
25.2,94,24.2,1004.9,1005.6,0,0,0,0,3.8,169,8.3,0.0,2070.0,-4.2,-97.0,20.4,-8.2,16.1,299,39.6,268,49,2025-04-11 22:00:00+00:00
25.0,95,24.2,1005.3,1006.0,0,0,0,0,4.4,171,9.0,0.0,2100.0,-3.8,-90.0,20.6,-8.6,15.8,311,37.3,266,44,2025-04-11 23:00:00+00:00
24.9,96,24.2,1005.7,1006.4,0,0,0,0,5.1,174,10.4,0.0,1990.0,-4.3,-97.0,20.8,-8.6,17.0,306,36.3,262,38,2025-04-12 00:00:00+00:00
27.2,89,25.1,1005.7,1006.4,22,14,0,10,7.4,179,18.0,0.0,2000.0,-5.5,-81.0,20.9,-8.4,14.3,307,37.7,261,34,2025-04-12 01:00:00+00:00
29.0,79,24.9,1006.6,1007.3,22,21,0,1,7.7,189,22.0,0.0,2180.0,-5.8,-70.0,20.9,-8.4,12.5,303,35.8,256,33,2025-04-12 02:00:00+00:00
30.7,68,24.2,1007.1,1007.8,27,3,0,25,5.1,184,21.2,0.0,2480.0,-5.9,-71.0,20.8,-8.2,10.2,297,37.6,253,37,2025-04-12 03:00:00+00:00
32.5,58,23.2,1007.3,1008.0,49,6,2,45,5.8,180,20.9,0.0,2360.0,-5.5,-56.0,20.8,-8.2,8.0,283,40.2,253,41,2025-04-12 04:00:00+00:00
33.8,52,22.6,1007.0,1007.7,75,2,11,72,5.8,173,22.3,0.0,2210.0,-5.2,-28.0,20.0,-7.9,6.1,243,42.5,254,44,2025-04-12 05:00:00+00:00
35.0,47,22.0,1006.1,1006.8,99,8,8,99,6.0,155,23.8,0.0,1860.0,-4.9,-7.0,19.9,-8.2,7.1,230,46.0,255,43,2025-04-12 06:00:00+00:00
36.0,43,21.5,1005.0,1005.7,100,7,8,100,6.6,147,25.6,0.0,1840.0,-4.6,-3.0,19.7,-7.7,7.0,238,46.9,257,46,2025-04-12 07:00:00+00:00
37.1,39,20.9,1003.5,1004.2,100,3,9,100,4.8,146,24.1,0.0,2130.0,-4.3,-2.0,18.9,-7.5,5.6,235,45.4,258,47,2025-04-12 08:00:00+00:00
37.2,37,20.2,1002.3,1003.0,44,6,21,25,5.0,131,22.0,0.0,2310.0,-3.9,-2.0,18.8,-7.2,3.3,214,44.7,264,47,2025-04-12 09:00:00+00:00
35.9,41,20.5,1002.4,1003.1,97,8,74,88,3.4,162,25.2,0.0,1890.0,-3.4,-3.0,18.8,-7.5,2.0,207,42.4,262,51,2025-04-12 10:00:00+00:00
26.7,80,22.9,1004.4,1005.1,100,1,0,100,15.3,197,42.8,3.5,1790.0,-6.1,-34.0,19.9,-7.0,5.3,160,46.2,261,52,2025-04-12 11:00:00+00:00
27.3,79,23.3,1004.9,1005.6,100,0,4,100,6.3,156,31.7,0.0,3270.0,-5.9,-92.0,19.7,-7.5,6.1,117,44.8,262,46,2025-04-12 12:00:00+00:00
25.9,82,22.7,1005.4,1006.1,100,0,11,100,7.0,103,33.5,1.2,3200.0,-5.7,-77.0,19.9,-7.9,5.2,128,45.2,259,49,2025-04-12 13:00:00+00:00
25.2,89,23.2,1006.3,1007.0,100,0,0,100,8.2,165,18.4,0.1,3380.0,-5.7,-75.0,20.9,-8.6,2.3,143,37.0,257,47,2025-04-12 14:00:00+00:00
25.3,91,23.8,1007.1,1007.8,97,0,0,97,10.9,146,20.9,0.0,3310.0,-6.7,-155.0,22.4,-9.3,5.5,204,30.8,249,41,2025-04-12 15:00:00+00:00
25.4,89,23.4,1007.8,1008.5,100,0,0,100,11.0,174,23.0,0.0,2550.0,-6.6,-162.0,22.6,-8.9,10.7,200,33.0,260,39,2025-04-12 16:00:00+00:00
25.2,86,22.6,1007.7,1008.4,99,0,0,99,10.4,190,22.7,0.0,2230.0,-6.6,-153.0,21.2,-8.6,15.7,202,33.2,257,42,2025-04-12 17:00:00+00:00
25.0,86,22.6,1007.4,1008.1,94,0,0,94,8.7,204,21.2,0.0,2200.0,-8.3,-124.0,21.0,-9.3,19.4,210,22.8,273,40,2025-04-12 18:00:00+00:00
25.1,88,23.1,1006.9,1007.6,95,0,0,95,8.1,215,17.6,0.0,2320.0,-8.5,-86.0,20.8,-10.0,24.1,202,20.4,267,37,2025-04-12 19:00:00+00:00
25.4,90,23.7,1006.3,1007.0,100,0,0,100,7.8,230,17.3,0.0,2330.0,-7.5,-105.0,20.8,-10.5,23.0,205,20.1,253,38,2025-04-12 20:00:00+00:00
25.4,93,24.2,1006.1,1006.8,100,0,0,100,3.9,233,15.5,0.0,2230.0,-8.3,-141.0,21.5,-10.0,21.8,209,22.9,276,38,2025-04-12 21:00:00+00:00
25.7,94,24.6,1006.2,1006.9,86,0,3,86,3.3,167,7.2,0.0,2150.0,-8.6,-139.0,22.1,-10.0,21.3,222,14.0,301,39,2025-04-12 22:00:00+00:00
25.5,96,24.7,1006.7,1007.4,67,15,0,61,5.8,124,11.5,0.0,2150.0,-8.0,-115.0,22.1,-9.8,19.2,234,6.8,315,44,2025-04-12 23:00:00+00:00
25.3,97,24.7,1007.3,1008.0,100,96,0,94,5.9,110,12.2,0.0,1280.0,-6.6,-175.0,22.9,-8.4,24.4,262,10.9,264,47,2025-04-13 00:00:00+00:00
25.4,91,23.8,1008.3,1009.0,0,0,0,0,5.2,104,12.6,0.0,1460.0,-7.2,-167.0,22.9,-8.6,20.5,269,14.8,256,48,2025-04-13 01:00:00+00:00
27.3,79,23.3,1009.2,1009.9,14,0,0,14,4.0,69,13.3,0.0,1610.0,-7.9,-84.0,22.3,-8.9,17.4,284,21.0,239,60,2025-04-13 02:00:00+00:00
29.1,69,23.0,1009.6,1010.3,46,0,6,45,4.6,79,15.8,0.0,1810.0,-8.2,-58.0,21.1,-8.9,13.7,300,27.4,241,61,2025-04-13 03:00:00+00:00
30.5,66,23.5,1010.0,1010.7,19,0,18,1,4.8,105,17.3,0.0,2060.0,-8.5,-31.0,21.0,-8.9,11.3,302,25.0,235,63,2025-04-13 04:00:00+00:00
31.7,61,23.2,1010.1,1010.8,15,0,14,5,4.1,88,17.6,0.0,2210.0,-8.3,-2.0,20.2,-8.9,8.5,324,27.2,221,70,2025-04-13 05:00:00+00:00
32.7,54,22.1,1009.2,1009.9,5,0,2,3,4.7,74,18.0,0.0,1380.0,-6.8,-4.0,19.2,-8.9,5.5,99,33.2,221,69,2025-04-13 06:00:00+00:00
33.5,47,20.7,1007.9,1008.6,7,0,3,6,5.7,77,19.4,0.0,1310.0,-6.2,0.0,18.3,-9.1,5.0,95,32.2,225,67,2025-04-13 07:00:00+00:00
34.0,43,19.7,1006.4,1007.1,6,0,1,6,6.5,82,20.2,0.0,1330.0,-4.4,-13.0,18.5,-9.3,9.2,110,34.0,222,69,2025-04-13 08:00:00+00:00
33.6,43,19.4,1005.3,1006.0,39,0,1,38,8.9,103,23.8,0.0,1090.0,-2.7,-225.0,18.8,-8.9,11.2,117,37.3,225,70,2025-04-13 09:00:00+00:00
33.1,46,19.9,1005.0,1005.7,41,0,4,39,8.0,124,24.1,0.0,810.0,1.2,-200.0,19.1,-8.4,12.5,123,39.9,224,67,2025-04-13 10:00:00+00:00
32.3,51,20.9,1005.0,1005.7,40,0,10,34,6.7,177,19.8,0.0,860.0,-0.8,-389.0,19.4,-8.2,14.9,142,44.2,223,54,2025-04-13 11:00:00+00:00
30.8,63,23.0,1005.3,1006.0,16,0,2,14,3.9,196,15.1,0.0,730.0,-0.7,-215.0,19.6,-7.9,8.6,148,48.3,235,57,2025-04-13 12:00:00+00:00
28.5,75,23.6,1006.7,1007.4,10,0,0,10,5.9,252,10.8,0.0,790.0,-2.6,-251.0,19.6,-8.2,8.4,167,45.7,240,57,2025-04-13 13:00:00+00:00
27.5,78,23.4,1007.7,1008.4,4,0,2,2,6.0,267,14.0,0.0,880.0,-2.7,-263.0,19.2,-7.7,2.8,189,44.1,241,71,2025-04-13 14:00:00+00:00
26.8,85,24.0,1008.3,1009.0,3,0,3,0,2.8,220,11.9,0.0,850.0,-3.0,-231.0,19.3,-9.3,6.2,107,40.3,247,53,2025-04-13 15:00:00+00:00
26.5,86,23.9,1008.7,1009.4,1,0,1,0,2.9,270,5.8,0.0,860.0,-2.5,-234.0,20.6,-9.6,3.3,56,37.6,243,50,2025-04-13 16:00:00+00:00
26.4,85,23.7,1008.6,1009.3,0,0,0,0,3.6,252,7.2,0.0,840.0,-1.8,-173.0,21.4,-9.8,1.4,198,39.2,247,47,2025-04-13 17:00:00+00:00
25.8,88,23.7,1008.3,1009.0,0,0,0,0,2.9,277,8.3,0.0,1740.0,-3.6,-225.0,21.0,-9.6,4.6,233,39.2,243,49,2025-04-13 18:00:00+00:00
25.5,89,23.5,1007.7,1008.4,1,0,1,0,2.7,274,5.0,0.0,1880.0,-4.9,-253.0,20.8,-10.0,5.8,225,39.7,241,53,2025-04-13 19:00:00+00:00
25.3,89,23.4,1007.5,1008.2,0,0,0,0,3.2,270,7.2,0.0,1800.0,-5.0,-236.0,20.3,-10.0,6.1,222,40.8,242,57,2025-04-13 20:00:00+00:00
25.1,90,23.3,1007.2,1007.9,0,0,0,0,1.3,270,6.8,0.0,1810.0,-4.8,-204.0,19.8,-10.3,5.9,203,39.9,249,56,2025-04-13 21:00:00+00:00
24.8,91,23.2,1007.4,1008.1,8,7,0,1,1.5,339,3.2,0.0,1830.0,-5.2,-205.0,19.6,-10.3,5.6,194,36.6,247,58,2025-04-13 22:00:00+00:00
24.5,93,23.3,1007.9,1008.6,70,16,17,63,2.3,356,5.4,0.0,1770.0,-5.2,-194.0,19.6,-10.5,5.5,185,36.0,244,63,2025-04-13 23:00:00+00:00
24.5,93,23.4,1008.7,1009.4,90,46,30,81,1.9,338,5.0,0.0,1760.0,-5.6,-177.0,19.9,-10.5,8.8,171,32.3,239,60,2025-04-14 00:00:00+00:00
26.9,91,25.3,1009.5,1010.2,70,26,55,32,0.2,270,6.8,0.0,1680.0,-6.9,-148.0,19.8,-10.5,10.0,164,34.0,238,59,2025-04-14 01:00:00+00:00
28.3,83,25.0,1010.2,1010.9,98,42,68,97,2.1,250,11.2,0.0,1830.0,-7.2,-93.0,19.8,-10.7,11.4,164,32.3,239,58,2025-04-14 02:00:00+00:00
29.8,74,24.7,1010.5,1011.2,85,7,3,83,0.3,225,10.8,0.0,2000.0,-6.7,-59.0,19.6,-10.5,12.7,159,33.0,237,56,2025-04-14 03:00:00+00:00
31.2,65,23.9,1010.4,1011.1,100,12,0,100,1.7,108,13.3,0.0,1720.0,-6.3,-39.0,19.4,-10.3,14.3,158,35.3,235,56,2025-04-14 04:00:00+00:00
32.3,58,22.9,1010.1,1010.8,76,19,4,70,3.3,119,19.4,0.1,1580.0,-6.4,-19.0,19.1,-9.8,12.0,151,38.4,231,57,2025-04-14 05:00:00+00:00
32.9,54,22.3,1009.2,1009.9,54,5,10,48,5.0,105,22.0,0.1,1500.0,-6.8,-1.0,19.2,-10.0,6.3,150,40.9,230,59,2025-04-14 06:00:00+00:00
33.0,54,22.3,1007.9,1008.6,43,10,7,34,5.2,110,22.3,0.0,1600.0,-6.3,0.0,18.6,-9.3,7.1,130,42.7,232,62,2025-04-14 07:00:00+00:00
33.4,52,22.2,1006.5,1007.2,44,10,6,36,4.2,110,22.3,0.0,1670.0,-5.6,0.0,18.3,-9.1,7.4,112,42.7,232,64,2025-04-14 08:00:00+00:00
31.3,59,22.2,1005.8,1006.5,65,16,18,50,6.4,216,22.7,0.0,1690.0,-5.0,-1.0,18.6,-8.9,5.5,114,42.0,233,64,2025-04-14 09:00:00+00:00
31.9,57,22.2,1005.5,1006.2,47,1,2,46,3.2,214,21.6,0.0,1590.0,-3.3,-2.0,18.8,-8.6,5.7,119,42.6,238,63,2025-04-14 10:00:00+00:00
31.6,57,22.0,1005.6,1006.3,53,7,5,48,2.6,164,20.2,0.0,1380.0,-3.6,-2.0,18.7,-7.7,9.7,131,48.0,233,63,2025-04-14 11:00:00+00:00
31.1,58,21.8,1006.2,1006.9,36,1,1,34,4.7,268,14.0,0.0,1610.0,-3.8,-20.0,19.6,-7.5,7.8,126,45.6,235,58,2025-04-14 12:00:00+00:00
28.6,71,22.8,1006.8,1007.5,2,0,2,0,7.7,39,15.5,0.0,1730.0,-4.6,-115.0,19.1,-7.2,12.0,119,45.3,238,56,2025-04-14 13:00:00+00:00
28.1,76,23.5,1007.8,1008.5,1,0,1,0,8.2,38,17.3,0.0,1620.0,-5.2,-79.0,18.7,-7.2,12.0,130,41.8,231,61,2025-04-14 14:00:00+00:00
27.5,78,23.3,1008.8,1009.5,10,0,9,1,4.8,11,18.7,0.0,610.0,-5.1,-98.0,18.6,-7.9,8.5,106,39.9,226,64,2025-04-14 15:00:00+00:00
27.2,78,23.1,1009.4,1010.1,99,0,9,99,8.2,237,12.2,0.0,780.0,-2.8,-105.0,19.2,-9.1,5.1,117,38.2,226,68,2025-04-14 16:00:00+00:00
25.5,80,21.8,1009.8,1010.5,94,1,91,84,8.4,145,34.6,0.2,910.0,-0.3,-371.0,20.2,-10.0,7.3,184,33.2,229,64,2025-04-14 17:00:00+00:00
25.2,82,21.9,1009.1,1009.8,21,0,17,7,3.8,73,18.7,0.4,750.0,-1.3,-335.0,20.0,-10.5,6.8,228,30.5,225,67,2025-04-14 18:00:00+00:00
25.0,85,22.2,1008.8,1009.5,12,0,0,12,4.2,130,9.7,0.0,790.0,-2.2,-334.0,19.8,-10.3,6.9,176,35.0,239,62,2025-04-14 19:00:00+00:00
24.7,88,22.6,1008.5,1009.2,15,0,1,14,4.9,242,10.1,0.0,760.0,-1.1,-352.0,19.7,-10.5,10.2,170,34.4,241,59,2025-04-14 20:00:00+00:00
24.5,91,22.9,1008.1,1008.8,7,0,0,7,0.4,207,10.1,0.0,770.0,-1.4,-370.0,19.6,-10.0,12.4,172,31.7,241,61,2025-04-14 21:00:00+00:00
24.3,92,22.8,1008.4,1009.1,5,0,0,5,1.9,326,4.3,0.0,750.0,-2.0,-341.0,19.4,-9.8,12.6,167,29.5,243,61,2025-04-14 22:00:00+00:00
24.3,90,22.6,1008.5,1009.2,2,0,0,2,2.3,321,5.0,0.0,760.0,-1.8,-312.0,19.4,-9.6,12.8,163,26.0,236,59,2025-04-14 23:00:00+00:00
24.2,91,22.5,1009.0,1009.7,4,0,0,4,2.7,332,5.8,0.0,570.0,-1.7,-299.0,19.1,-9.1,15.6,159,35.8,230,64,2025-04-15 00:00:00+00:00
23.9,87,21.5,1010.7,1011.4,3,0,2,1,3.6,27,11.5,0.0,580.0,-1.6,-247.0,18.8,-8.9,16.5,156,35.7,228,69,2025-04-15 01:00:00+00:00
26.1,74,21.1,1011.5,1012.2,2,0,2,0,2.8,45,13.0,0.0,720.0,-2.3,-165.0,18.9,-8.9,17.8,157,36.5,226,64,2025-04-15 02:00:00+00:00
28.5,62,20.4,1011.6,1012.3,0,0,0,0,3.5,75,15.8,0.0,1010.0,-3.2,-123.0,18.9,-8.9,18.9,160,37.4,228,66,2025-04-15 03:00:00+00:00
30.5,54,20.2,1011.6,1012.3,0,0,0,0,5.1,82,20.2,0.0,1370.0,-4.3,-75.0,19.1,-8.9,19.3,165,38.2,226,68,2025-04-15 04:00:00+00:00
32.0,49,20.0,1010.8,1011.5,1,0,0,1,5.6,86,22.0,0.0,1190.0,-5.4,-36.0,18.5,-8.6,14.3,171,39.9,226,69,2025-04-15 05:00:00+00:00
33.2,45,19.5,1009.8,1010.5,11,0,1,10,5.1,94,25.6,0.0,1190.0,-5.2,-21.0,17.3,-8.9,8.8,168,49.2,223,77,2025-04-15 06:00:00+00:00
33.9,43,19.5,1008.7,1009.4,24,2,4,20,5.6,115,25.9,0.0,1210.0,-4.8,-4.0,17.9,-8.4,9.6,175,47.6,229,78,2025-04-15 07:00:00+00:00
34.9,40,19.4,1007.3,1008.0,39,8,11,26,5.4,124,25.6,0.0,1250.0,-4.5,0.0,17.6,-8.2,9.6,175,45.6,235,74,2025-04-15 08:00:00+00:00
33.2,44,19.5,1006.6,1007.3,63,23,26,46,10.8,180,29.5,0.1,1320.0,-3.5,0.0,17.4,-7.9,6.8,160,42.6,238,70,2025-04-15 09:00:00+00:00
32.4,47,19.6,1006.2,1006.9,70,10,10,64,7.7,139,32.0,0.1,1320.0,-2.9,0.0,17.7,-7.9,6.5,168,42.4,245,63,2025-04-15 10:00:00+00:00
30.4,55,20.5,1006.1,1006.8,94,2,14,93,10.7,153,30.2,0.0,1270.0,-1.8,-2.0,17.7,-7.9,3.7,173,38.3,238,63,2025-04-15 11:00:00+00:00
30.2,56,20.5,1006.4,1007.1,96,0,6,96,6.4,158,26.3,0.0,1820.0,-2.0,-8.0,18.6,-8.2,3.5,113,39.7,245,62,2025-04-15 12:00:00+00:00
28.5,65,21.2,1007.3,1008.0,45,0,1,45,7.0,203,20.2,0.0,1370.0,-3.5,-12.0,18.6,-7.9,1.4,198,38.1,246,56,2025-04-15 13:00:00+00:00
27.8,69,21.5,1008.4,1009.1,31,0,1,31,4.1,209,14.8,0.0,1390.0,-4.3,-67.0,18.5,-7.9,3.2,180,37.9,252,53,2025-04-15 14:00:00+00:00
27.5,72,21.9,1009.1,1009.8,2,0,1,1,3.6,198,9.0,0.0,1490.0,-4.2,-111.0,18.2,-7.9,3.9,159,38.7,254,58,2025-04-15 15:00:00+00:00
27.1,75,22.2,1009.6,1010.3,45,0,1,45,2.4,207,8.3,0.0,1360.0,-5.0,-87.0,18.1,-7.7,4.2,139,38.7,254,60,2025-04-15 16:00:00+00:00
26.8,79,22.8,1009.4,1010.1,100,0,0,100,1.9,197,5.8,0.0,1210.0,-5.2,-67.0,18.7,-8.4,4.6,191,36.1,255,57,2025-04-15 17:00:00+00:00
26.8,77,22.4,1009.3,1010.0,100,0,0,100,3.7,194,8.3,0.0,1150.0,-5.3,-65.0,18.7,-8.9,4.9,146,33.2,257,60,2025-04-15 18:00:00+00:00
26.3,82,23.0,1008.8,1009.5,100,0,0,100,2.8,207,8.6,0.0,1120.0,-4.4,-46.0,18.7,-9.1,6.2,163,30.6,259,60,2025-04-15 19:00:00+00:00
26.2,83,23.0,1008.3,1009.0,100,0,0,100,4.4,187,9.4,0.0,1120.0,-5.0,-29.0,18.8,-9.3,8.8,168,30.6,259,58,2025-04-15 20:00:00+00:00
25.8,87,23.4,1008.1,1008.8,40,0,0,40,3.1,167,9.4,0.0,1240.0,-4.9,-37.0,18.9,-9.1,9.6,185,28.8,253,59,2025-04-15 21:00:00+00:00
25.5,89,23.5,1008.0,1008.7,95,0,0,95,2.3,135,6.1,0.0,1380.0,-4.0,-43.0,19.3,-8.6,8.8,208,28.4,242,59,2025-04-15 22:00:00+00:00
25.3,90,23.5,1008.1,1008.8,48,0,0,48,2.7,127,6.5,0.0,1430.0,-4.2,-43.0,19.4,-8.4,9.0,221,29.3,235,58,2025-04-15 23:00:00+00:00
25.1,91,23.6,1008.7,1009.4,38,2,3,35,0.6,108,6.1,0.0,1680.0,-5.1,-48.0,19.3,-8.4,13.3,188,29.5,243,59,2025-04-16 00:00:00+00:00
27.6,79,23.6,1009.3,1010.0,86,21,29,81,3.3,241,10.8,0.0,1690.0,-6.7,-26.0,19.1,-8.2,14.2,186,27.9,245,61,2025-04-16 01:00:00+00:00
28.2,76,23.6,1010.1,1010.8,77,22,42,65,3.5,215,13.3,0.0,1760.0,-6.0,-10.0,18.2,-7.7,16.9,178,27.4,241,67,2025-04-16 02:00:00+00:00
29.8,69,23.5,1010.3,1011.0,80,15,26,76,4.2,211,19.1,0.1,1500.0,-5.1,-3.0,17.6,-7.5,12.8,180,28.3,234,68,2025-04-16 03:00:00+00:00
31.5,61,23.2,1010.3,1011.0,18,4,5,10,4.5,180,22.3,0.1,1480.0,-4.7,0.0,18.9,-7.7,13.5,192,29.0,232,63,2025-04-16 04:00:00+00:00
33.0,54,22.5,1009.6,1010.3,19,7,2,11,5.4,172,24.8,0.0,1270.0,-4.2,0.0,18.7,-8.2,13.7,195,31.7,241,63,2025-04-16 05:00:00+00:00
34.4,47,21.5,1008.4,1009.1,31,22,2,10,6.1,180,24.8,0.0,1140.0,-4.2,0.0,18.0,-7.9,11.7,201,36.5,243,64,2025-04-16 06:00:00+00:00
35.3,42,20.4,1007.1,1007.8,100,85,100,31,7.2,184,25.9,0.0,1220.0,-3.8,0.0,17.4,-7.7,8.8,192,35.5,246,64,2025-04-16 07:00:00+00:00
29.3,66,22.4,1007.1,1007.8,39,0,8,35,8.3,204,35.6,1.6,1440.0,-3.6,0.0,17.9,-7.7,8.4,202,36.1,249,64,2025-04-16 08:00:00+00:00
32.4,53,21.5,1005.5,1006.2,22,1,11,17,7.7,204,23.4,0.0,2130.0,-4.0,0.0,17.9,-7.5,6.8,222,36.4,253,62,2025-04-16 09:00:00+00:00
33.0,46,19.8,1004.7,1005.4,17,0,10,10,13.2,211,32.8,0.0,1910.0,-1.2,-242.0,18.3,-7.5,7.0,238,38.1,257,63,2025-04-16 10:00:00+00:00
32.1,51,20.6,1004.4,1005.1,49,3,11,42,12.5,205,33.1,0.0,1400.0,-3.2,-188.0,18.5,-7.2,9.4,241,37.5,263,66,2025-04-16 11:00:00+00:00
31.4,52,20.3,1005.0,1005.7,16,0,6,12,10.8,195,29.5,0.0,1850.0,-2.6,-63.0,18.3,-7.0,17.2,238,34.9,266,60,2025-04-16 12:00:00+00:00
29.5,65,22.2,1006.0,1006.7,13,0,7,6,9.3,188,20.2,0.0,1610.0,-3.0,-34.0,18.7,-7.2,19.3,236,34.9,266,59,2025-04-16 13:00:00+00:00
28.6,73,23.3,1007.0,1007.7,1,1,0,0,11.0,194,22.7,0.0,1490.0,-3.6,-57.0,18.7,-7.0,19.5,233,33.7,266,59,2025-04-16 14:00:00+00:00
28.1,79,24.1,1007.8,1008.5,3,1,1,0,10.6,189,23.4,0.0,1540.0,-3.9,-53.0,18.3,-7.0,13.9,229,34.8,268,61,2025-04-16 15:00:00+00:00
27.7,82,24.2,1008.5,1009.2,0,0,0,0,8.3,174,22.3,0.0,1610.0,-4.5,-55.0,18.3,-7.2,12.9,222,36.1,266,69,2025-04-16 16:00:00+00:00
27.2,84,24.3,1008.8,1009.5,7,4,3,0,8.5,159,17.6,0.0,1610.0,-5.6,-57.0,18.8,-8.2,15.2,237,35.1,262,64,2025-04-16 17:00:00+00:00
26.9,87,24.5,1008.5,1009.2,0,0,0,0,9.2,180,19.1,0.0,1520.0,-5.5,-53.0,19.3,-9.6,12.4,242,29.2,279,58,2025-04-16 18:00:00+00:00
26.7,88,24.6,1008.0,1008.7,0,0,0,0,8.7,187,19.1,0.0,1650.0,-6.2,-48.0,19.9,-9.8,13.7,240,30.0,286,58,2025-04-16 19:00:00+00:00
26.6,89,24.6,1007.5,1008.2,0,0,0,0,9.4,187,19.1,0.0,1680.0,-7.0,-52.0,20.0,-9.8,12.5,237,32.8,294,58,2025-04-16 20:00:00+00:00
26.5,90,24.7,1006.8,1007.5,3,3,0,0,10.6,190,22.0,0.0,1660.0,-7.8,-50.0,19.9,-9.3,12.4,234,31.3,302,61,2025-04-16 21:00:00+00:00
26.4,90,24.7,1006.3,1007.0,4,4,0,0,11.4,196,23.8,0.0,1590.0,-7.6,-48.0,19.7,-9.1,12.7,232,30.0,307,62,2025-04-16 22:00:00+00:00
26.4,90,24.5,1005.8,1006.5,3,3,0,0,12.6,204,26.6,0.0,1530.0,-7.7,-46.0,19.9,-8.9,12.3,231,31.7,307,58,2025-04-16 23:00:00+00:00
26.4,89,24.4,1006.3,1007.0,3,2,1,0,10.9,209,26.6,0.0,1490.0,-8.2,-41.0,20.3,-9.3,13.3,232,31.0,306,60,2025-04-17 00:00:00+00:00
27.5,82,24.2,1007.4,1008.1,8,8,0,0,10.5,185,23.0,0.0,1480.0,-9.1,-10.0,20.0,-9.1,12.9,228,29.0,308,63,2025-04-17 01:00:00+00:00
29.1,74,24.0,1008.6,1009.3,37,35,0,4,12.5,198,29.5,0.1,1610.0,-9.3,-8.0,20.0,-9.1,14.8,227,26.4,309,66,2025-04-17 02:00:00+00:00
30.4,67,23.5,1008.8,1009.5,44,32,2,17,11.1,205,29.5,0.2,1650.0,-8.3,-16.0,19.9,-8.9,14.2,230,23.2,291,68,2025-04-17 03:00:00+00:00
31.2,62,23.0,1008.6,1009.3,46,17,4,34,11.4,208,30.2,0.1,1540.0,-8.1,-1.0,19.4,-8.9,13.9,226,25.1,287,68,2025-04-17 04:00:00+00:00
32.4,57,22.8,1007.5,1008.2,23,10,3,13,12.7,218,33.8,0.1,1440.0,-7.9,-1.0,18.9,-8.9,15.2,221,25.4,289,70,2025-04-17 05:00:00+00:00
33.6,52,22.3,1006.6,1007.3,29,1,4,26,11.3,166,33.1,0.0,1660.0,-7.2,0.0,18.9,-8.6,13.5,208,22.1,283,74,2025-04-17 06:00:00+00:00
23.2,93,21.9,1007.5,1008.2,94,57,72,69,10.8,154,56.2,13.7,1520.0,-6.5,0.0,19.1,-8.2,16.5,208,22.8,273,71,2025-04-17 07:00:00+00:00
24.8,86,22.3,1006.1,1006.8,100,1,52,100,5.8,176,25.9,11.2,1780.0,-5.3,0.0,18.2,-7.7,14.1,201,24.1,264,73,2025-04-17 08:00:00+00:00
25.6,86,23.2,1005.6,1006.3,99,0,40,99,2.5,94,16.2,0.1,540.0,-3.4,-145.0,18.3,-8.2,13.4,235,24.1,264,61,2025-04-17 09:00:00+00:00
26.1,87,23.8,1003.5,1004.2,56,0,4,54,11.0,165,25.2,0.8,760.0,-5.5,-59.0,19.4,-8.6,12.0,241,28.9,275,59,2025-04-17 10:00:00+00:00
27.6,84,24.7,1003.3,1004.0,61,1,0,61,7.4,166,25.6,0.8,900.0,-1.3,-359.0,18.9,-7.5,15.6,218,31.2,286,79,2025-04-17 11:00:00+00:00
27.5,82,24.1,1003.8,1004.5,88,0,8,88,9.3,189,18.0,0.2,1130.0,-3.0,-182.0,18.6,-7.5,16.9,199,32.6,276,87,2025-04-17 12:00:00+00:00
24.4,88,22.3,1005.5,1006.2,78,6,46,67,9.7,124,25.6,0.1,990.0,-2.7,-174.0,19.2,-8.6,14.9,211,33.0,289,79,2025-04-17 13:00:00+00:00
24.3,88,22.1,1005.8,1006.5,92,0,2,92,8.3,136,20.9,0.0,920.0,-2.8,-105.0,20.0,-8.6,17.1,226,33.9,293,59,2025-04-17 14:00:00+00:00
24.3,89,22.4,1006.8,1007.5,20,0,3,19,9.7,151,19.4,0.0,1050.0,-4.9,-253.0,20.6,-8.9,16.5,228,25.7,307,53,2025-04-17 15:00:00+00:00
24.1,90,22.4,1007.2,1007.9,63,0,1,62,11.7,162,24.5,0.0,1150.0,-3.3,-281.0,21.1,-7.9,13.8,236,33.3,296,60,2025-04-17 16:00:00+00:00
23.7,89,21.8,1007.1,1007.8,7,0,7,0,8.7,173,24.1,0.0,1230.0,-3.9,-251.0,20.6,-7.9,15.6,218,35.4,298,62,2025-04-17 17:00:00+00:00
23.5,90,21.7,1006.6,1007.3,1,0,1,0,7.9,169,18.4,0.0,750.0,-3.9,-168.0,20.3,-8.2,12.9,228,32.8,294,70,2025-04-17 18:00:00+00:00
23.4,90,21.7,1005.9,1006.6,1,0,1,0,9.1,173,18.7,0.0,820.0,-4.9,-108.0,20.4,-8.4,13.0,234,34.9,297,79,2025-04-17 19:00:00+00:00
23.5,91,22.0,1005.5,1006.2,1,1,0,0,7.9,177,18.4,0.0,890.0,-5.4,-93.0,20.3,-8.4,14.2,237,37.9,305,76,2025-04-17 20:00:00+00:00
23.5,93,22.3,1005.0,1005.7,12,12,0,0,7.1,173,15.8,0.0,980.0,-5.6,-82.0,20.3,-8.2,13.5,237,34.0,302,73,2025-04-17 21:00:00+00:00
23.6,95,22.8,1004.9,1005.6,67,67,0,0,6.7,161,14.4,0.0,1080.0,-6.1,-85.0,20.3,-8.4,13.6,230,34.4,295,68,2025-04-17 22:00:00+00:00
24.1,95,23.3,1005.5,1006.2,17,17,0,0,4.8,143,13.0,0.0,1120.0,-6.1,-67.0,19.6,-7.7,16.4,226,36.1,291,68,2025-04-17 23:00:00+00:00
24.4,95,23.6,1005.8,1006.5,14,14,0,0,6.0,129,11.5,0.0,990.0,-5.2,-70.0,20.2,-7.9,14.3,217,39.7,295,73,2025-04-18 00:00:00+00:00
24.1,94,23.1,1007.4,1008.1,18,18,0,0,5.8,112,13.7,0.0,1130.0,-6.2,-58.0,20.4,-7.2,13.5,213,38.3,290,80,2025-04-18 01:00:00+00:00
26.1,87,23.7,1008.0,1008.7,38,35,4,0,5.9,135,16.6,0.0,1310.0,-7.2,-6.0,20.3,-7.0,18.3,215,37.3,285,81,2025-04-18 02:00:00+00:00
28.1,78,24.0,1008.1,1008.8,96,95,11,0,10.0,189,25.2,0.1,1420.0,-6.7,-15.0,18.3,-6.8,21.1,219,37.5,277,80,2025-04-18 03:00:00+00:00
29.8,70,23.7,1008.1,1008.8,65,62,8,0,8.9,199,25.2,0.1,1310.0,-6.1,-11.0,18.8,-7.0,23.2,216,32.5,274,76,2025-04-18 04:00:00+00:00
30.8,67,23.9,1008.0,1008.7,33,18,10,11,4.9,190,25.2,0.2,1610.0,-5.7,-1.0,19.3,-6.5,22.7,218,34.9,274,77,2025-04-18 05:00:00+00:00
31.4,64,23.9,1007.1,1007.8,98,96,10,44,2.2,180,21.2,0.2,1670.0,-5.2,0.0,18.2,-7.0,16.8,213,27.6,270,76,2025-04-18 06:00:00+00:00
31.4,63,23.6,1005.6,1006.3,97,96,8,17,3.9,146,19.4,0.1,1870.0,-4.7,0.0,18.1,-6.5,15.7,206,28.8,272,74,2025-04-18 07:00:00+00:00
30.2,65,23.0,1004.7,1005.4,90,69,20,65,7.3,101,26.6,1.6,2130.0,-3.2,0.0,18.0,-6.3,13.7,210,31.3,274,69,2025-04-18 08:00:00+00:00
29.4,71,23.7,1003.2,1003.9,23,4,4,18,9.2,106,26.6,0.0,2190.0,-3.7,-1.0,18.1,-6.1,9.4,219,37.3,274,59,2025-04-18 09:00:00+00:00
27.3,78,23.2,1003.5,1004.2,88,39,15,79,13.6,134,40.3,1.4,1170.0,-3.6,-138.0,18.9,-7.5,9.2,237,34.6,284,58,2025-04-18 10:00:00+00:00
26.9,78,22.7,1004.2,1004.9,100,5,43,100,10.0,236,30.2,0.1,990.0,-4.0,-17.0,20.0,-6.5,10.8,248,37.0,283,58,2025-04-18 11:00:00+00:00
26.2,81,22.7,1003.7,1004.4,100,0,2,100,5.2,200,24.1,0.7,820.0,-3.4,-42.0,18.9,-6.8,17.0,264,43.7,291,63,2025-04-18 12:00:00+00:00
26.6,77,22.2,1004.3,1005.0,15,0,3,12,6.6,125,20.5,0.0,760.0,-1.4,-222.0,19.2,-6.8,16.2,260,47.9,292,67,2025-04-18 13:00:00+00:00
26.2,79,22.4,1004.9,1005.6,1,0,0,0,6.0,107,15.5,0.0,740.0,-1.8,-228.0,19.3,-6.8,15.1,254,49.7,290,63,2025-04-18 14:00:00+00:00
26.1,82,22.8,1005.7,1006.4,3,3,0,0,5.0,159,11.9,0.0,840.0,-2.8,-243.0,19.7,-6.8,12.4,242,51.7,292,60,2025-04-18 15:00:00+00:00
25.7,85,23.1,1006.2,1006.9,4,4,0,0,4.3,158,11.2,0.0,980.0,-3.3,-174.0,20.3,-6.8,12.6,244,52.8,291,53,2025-04-18 16:00:00+00:00
25.1,88,23.1,1006.5,1007.2,0,0,0,0,6.3,160,12.6,0.0,1000.0,-4.0,-129.0,20.2,-7.0,14.5,238,58.0,300,63,2025-04-18 17:00:00+00:00
24.5,91,22.8,1006.2,1006.9,8,8,0,0,5.2,149,13.0,0.0,860.0,-4.5,-109.0,19.9,-7.2,11.6,239,60.6,304,62,2025-04-18 18:00:00+00:00
24.1,91,22.6,1005.4,1006.1,4,4,0,0,5.7,148,11.9,0.0,940.0,-4.6,-105.0,20.3,-7.5,11.2,243,57.2,309,64,2025-04-18 19:00:00+00:00
24.0,93,22.7,1005.0,1005.7,41,41,0,0,4.6,159,11.9,0.0,920.0,-5.2,-82.0,20.6,-7.5,11.6,244,54.4,311,62,2025-04-18 20:00:00+00:00
24.1,93,22.9,1004.4,1005.1,100,100,0,0,3.6,143,9.4,0.0,930.0,-5.0,-58.0,20.9,-7.2,13.0,245,53.5,316,62,2025-04-18 21:00:00+00:00
24.4,93,23.2,1004.1,1004.8,100,100,0,0,3.4,87,8.6,0.0,960.0,-5.1,-60.0,20.6,-7.0,16.8,248,55.5,321,69,2025-04-18 22:00:00+00:00
24.4,93,23.2,1004.6,1005.3,100,100,1,1,2.2,24,7.9,0.5,1010.0,-5.3,-47.0,20.3,-6.8,18.5,250,56.6,324,81,2025-04-18 23:00:00+00:00
23.7,94,22.7,1005.1,1005.8,100,100,0,0,4.3,95,11.2,2.0,840.0,-3.6,-106.0,19.7,-6.3,16.4,257,50.6,329,78,2025-04-19 00:00:00+00:00
25.5,90,23.7,1006.5,1007.2,100,100,0,0,4.4,52,10.8,0.0,910.0,-3.9,-88.0,18.7,-6.1,19.6,242,50.6,329,78,2025-04-19 01:00:00+00:00
26.2,87,23.9,1007.5,1008.2,100,100,4,0,5.3,52,13.7,0.1,1020.0,-5.4,-35.0,18.9,-6.3,19.1,237,50.9,326,72,2025-04-19 02:00:00+00:00
26.9,85,24.2,1007.6,1008.3,100,100,13,0,6.6,69,18.0,0.0,940.0,-6.0,-4.0,18.2,-6.1,20.0,235,47.6,326,61,2025-04-19 03:00:00+00:00
28.0,82,24.5,1007.4,1008.1,100,100,0,0,6.2,64,18.7,0.0,900.0,-5.3,0.0,18.7,-6.1,19.8,244,43.0,330,78,2025-04-19 04:00:00+00:00
29.3,76,24.6,1006.8,1007.5,25,24,2,1,6.3,63,21.2,0.1,1070.0,-5.2,0.0,19.9,-5.6,23.2,254,42.9,333,72,2025-04-19 05:00:00+00:00
31.0,70,24.9,1006.1,1006.8,100,100,3,4,5.8,99,23.4,0.2,1170.0,-4.9,0.0,18.8,-5.4,13.3,248,33.3,330,67,2025-04-19 06:00:00+00:00
29.8,70,23.8,1005.3,1006.0,96,95,28,3,8.4,118,25.9,0.5,1460.0,-4.7,0.0,18.8,-4.9,13.3,248,31.3,328,66,2025-04-19 07:00:00+00:00
29.4,74,24.3,1004.0,1004.7,64,50,27,11,6.2,102,25.6,0.0,1560.0,-3.9,0.0,18.6,-4.9,15.9,252,28.9,318,62,2025-04-19 08:00:00+00:00
30.6,70,24.5,1002.8,1003.5,46,12,29,13,5.3,123,20.9,0.1,1670.0,-3.6,0.0,18.9,-4.9,17.1,261,31.0,306,61,2025-04-19 09:00:00+00:00
30.8,69,24.4,1002.1,1002.8,37,16,16,12,3.9,137,20.9,0.1,1350.0,-3.4,-7.0,18.8,-4.9,11.9,272,33.0,303,57,2025-04-19 10:00:00+00:00
30.6,69,24.3,1001.8,1002.5,29,19,12,4,4.2,155,16.6,0.1,950.0,-4.8,-11.0,18.8,-4.7,10.5,272,37.7,301,56,2025-04-19 11:00:00+00:00
29.7,74,24.6,1002.3,1003.0,37,25,17,1,4.5,146,11.9,0.0,1990.0,-3.3,-153.0,19.6,-5.1,14.6,290,45.5,288,50,2025-04-19 12:00:00+00:00
28.4,84,25.3,1003.4,1004.1,19,8,11,2,6.3,114,13.0,0.0,1560.0,-3.1,-142.0,19.3,-4.9,14.6,284,54.3,288,51,2025-04-19 13:00:00+00:00
27.4,87,24.9,1004.1,1004.8,36,18,30,0,5.1,138,16.9,0.0,1570.0,-3.7,-53.0,19.4,-4.9,14.9,282,58.1,288,57,2025-04-19 14:00:00+00:00
26.8,88,24.6,1004.8,1005.5,10,5,5,0,6.2,134,12.2,0.0,1490.0,-5.5,-21.0,19.6,-5.1,14.7,286,56.6,291,46,2025-04-19 15:00:00+00:00
26.4,87,24.1,1005.1,1005.8,1,0,1,0,6.9,137,13.3,0.0,1260.0,-5.9,-12.0,19.8,-4.9,14.1,295,54.2,295,49,2025-04-19 16:00:00+00:00
26.2,89,24.2,1005.2,1005.9,0,0,0,0,6.3,141,14.0,0.0,1500.0,-6.6,0.0,19.8,-4.9,14.1,285,51.7,301,49,2025-04-19 17:00:00+00:00
26.1,91,24.5,1004.9,1005.6,0,0,0,0,6.1,152,12.2,0.0,1970.0,-6.4,-3.0,20.0,-4.4,11.3,291,50.6,301,44,2025-04-19 18:00:00+00:00
26.1,92,24.7,1004.7,1005.4,0,0,0,0,6.3,160,12.2,0.0,2150.0,-6.1,-7.0,19.8,-4.4,11.5,288,51.4,307,39,2025-04-19 19:00:00+00:00
26.0,94,25.0,1004.1,1004.8,6,6,0,0,5.7,171,12.2,0.0,2290.0,-5.8,-10.0,19.9,-4.7,9.7,281,53.5,314,29,2025-04-19 20:00:00+00:00
26.1,95,25.3,1004.1,1004.8,19,19,0,0,5.8,185,10.8,0.0,2350.0,-5.6,-5.0,19.6,-5.1,9.1,273,56.0,317,32,2025-04-19 21:00:00+00:00
26.4,96,25.7,1004.1,1004.8,11,11,0,0,6.6,206,12.2,0.0,2390.0,-5.1,-8.0,19.7,-5.4,9.2,261,57.7,317,32,2025-04-19 22:00:00+00:00
26.5,96,25.8,1004.5,1005.2,12,12,0,0,6.9,213,13.0,0.0,2360.0,-4.9,-18.0,19.7,-5.4,11.4,254,56.9,318,33,2025-04-19 23:00:00+00:00
26.6,97,26.0,1004.8,1005.5,7,7,0,0,7.6,208,14.4,0.0,2570.0,-6.2,-16.0,19.7,-5.1,12.0,279,54.5,320,36,2025-04-20 00:00:00+00:00
27.2,93,25.9,1005.5,1006.2,9,5,4,0,5.7,204,13.7,0.0,2600.0,-6.9,-1.0,19.6,-5.4,12.7,285,51.9,320,36,2025-04-20 01:00:00+00:00
29.0,83,25.9,1006.5,1007.2,52,51,1,0,11.6,215,27.4,0.0,2320.0,-7.1,0.0,19.8,-5.6,13.3,286,50.9,315,36,2025-04-20 02:00:00+00:00
30.6,76,25.8,1006.7,1007.4,18,11,8,0,10.0,213,27.0,0.1,2750.0,-7.0,-1.0,20.0,-5.6,13.9,279,50.9,317,34,2025-04-20 03:00:00+00:00
32.1,69,25.8,1006.6,1007.3,20,8,15,1,9.0,213,25.9,0.1,2700.0,-7.3,0.0,20.4,-5.4,12.8,270,51.8,318,43,2025-04-20 04:00:00+00:00
33.5,64,25.7,1006.5,1007.2,12,8,3,2,8.9,222,25.6,0.0,2540.0,-7.1,-2.0,20.8,-5.4,16.2,280,45.0,316,49,2025-04-20 05:00:00+00:00
34.6,58,25.1,1005.5,1006.2,14,8,6,0,9.6,227,27.4,0.0,3380.0,-7.1,-1.0,20.4,-5.1,10.5,272,48.0,323,52,2025-04-20 06:00:00+00:00
35.8,53,24.6,1004.4,1005.1,10,6,4,0,8.7,230,27.4,0.0,3030.0,-6.6,0.0,20.2,-5.1,9.7,259,47.0,322,51,2025-04-20 07:00:00+00:00
36.4,49,24.0,1003.2,1003.9,18,8,13,0,8.8,237,25.6,0.0,2870.0,-6.0,0.0,20.4,-4.9,9.6,245,44.3,319,53,2025-04-20 08:00:00+00:00
36.7,47,23.7,1002.1,1002.8,8,4,4,0,8.2,238,25.2,0.0,2940.0,-4.8,0.0,20.4,-4.9,9.2,250,45.0,318,46,2025-04-20 09:00:00+00:00
36.3,47,23.1,1001.7,1002.4,34,5,26,7,7.8,230,24.1,0.0,3250.0,-4.1,-1.0,20.6,-4.9,10.0,273,46.9,320,48,2025-04-20 10:00:00+00:00
32.4,63,24.5,1002.4,1003.1,86,29,50,63,5.2,110,21.6,1.3,2850.0,-4.3,-28.0,21.5,-4.7,12.3,270,45.4,323,44,2025-04-20 11:00:00+00:00
28.2,82,24.8,1002.8,1003.5,82,5,37,71,7.8,161,26.3,0.2,3790.0,-5.3,-48.0,21.5,-4.7,10.9,272,40.9,320,42,2025-04-20 12:00:00+00:00
29.0,79,24.9,1003.8,1004.5,69,2,10,66,1.3,180,21.2,0.0,3560.0,-6.4,-38.0,21.7,-4.4,13.7,270,40.0,319,49,2025-04-20 13:00:00+00:00
28.0,82,24.7,1005.3,1006.0,58,27,6,41,12.6,182,28.1,0.1,3990.0,-6.8,-92.0,21.4,-5.1,18.7,271,45.9,319,48,2025-04-20 14:00:00+00:00
27.6,88,25.4,1005.7,1006.4,37,0,0,37,9.7,155,26.6,0.0,3930.0,-6.9,-83.0,22.2,-4.7,17.3,272,46.7,318,37,2025-04-20 15:00:00+00:00
27.5,90,25.7,1006.1,1006.8,46,3,0,44,11.6,161,24.1,0.0,3510.0,-7.3,-73.0,22.3,-4.4,15.4,258,48.6,320,33,2025-04-20 16:00:00+00:00
27.2,92,25.8,1006.2,1006.9,87,80,0,36,12.1,163,24.8,0.0,3340.0,-7.3,-72.0,22.7,-4.7,16.3,252,45.0,314,29,2025-04-20 17:00:00+00:00
27.8,95,26.9,1006.0,1006.7,100,100,0,24,13.2,182,27.0,0.0,3690.0,-8.1,-34.0,23.2,-5.1,12.3,248,39.2,310,39,2025-04-20 18:00:00+00:00
28.6,94,27.5,1005.6,1006.3,100,100,0,0,14.8,193,31.3,0.0,3560.0,-8.5,-12.0,23.3,-5.1,14.3,248,39.6,305,43,2025-04-20 19:00:00+00:00
28.7,92,27.3,1005.2,1005.9,100,100,0,0,15.5,198,32.8,0.0,3550.0,-8.7,-74.0,23.4,-5.1,17.3,243,38.3,302,48,2025-04-20 20:00:00+00:00
28.5,92,27.1,1005.0,1005.7,100,100,0,0,14.9,200,33.1,0.0,3530.0,-8.1,-9.0,23.3,-5.1,17.1,236,38.1,298,52,2025-04-20 21:00:00+00:00
28.4,92,26.9,1005.1,1005.8,100,100,0,0,13.6,203,31.7,0.0,3450.0,-8.0,-6.0,23.1,-5.1,17.8,230,37.6,297,53,2025-04-20 22:00:00+00:00
28.3,91,26.8,1005.5,1006.2,93,93,0,0,12.3,205,28.8,0.0,3330.0,-7.7,-25.0,22.8,-5.4,18.1,227,37.6,297,62,2025-04-20 23:00:00+00:00
28.2,92,26.8,1006.0,1006.7,100,100,0,0,11.1,207,25.6,0.0,3150.0,-7.4,-54.0,23.5,-5.6,17.3,235,34.9,297,68,2025-04-21 00:00:00+00:00
28.9,88,26.8,1006.8,1007.5,6,6,0,0,9.3,193,23.4,0.0,3030.0,-7.5,-61.0,23.4,-5.4,19.8,232,34.4,299,70,2025-04-21 01:00:00+00:00
30.6,78,26.4,1007.7,1008.4,60,54,0,13,17.0,212,38.5,0.0,2980.0,-7.4,-57.0,23.7,-5.1,22.5,238,34.9,297,73,2025-04-21 02:00:00+00:00
32.1,73,26.6,1007.9,1008.6,6,3,2,1,12.2,202,37.8,0.0,2930.0,-7.4,-45.0,23.7,-5.1,24.0,243,37.0,295,80,2025-04-21 03:00:00+00:00
33.6,67,26.7,1007.8,1008.5,2,1,0,1,10.6,190,29.5,0.0,2980.0,-7.1,-29.0,23.5,-4.7,25.9,244,38.8,292,77,2025-04-21 04:00:00+00:00
34.9,63,26.8,1007.4,1008.1,1,1,0,0,10.9,189,29.2,0.0,3130.0,-7.0,-11.0,22.9,-4.9,31.0,250,42.4,295,79,2025-04-21 05:00:00+00:00
35.8,60,26.8,1006.4,1007.1,0,0,0,0,12.1,190,31.7,0.0,3480.0,-7.5,0.0,22.8,-4.7,21.8,259,37.2,291,71,2025-04-21 06:00:00+00:00
36.2,58,26.7,1005.6,1006.3,2,2,0,0,12.4,193,32.8,0.0,3850.0,-7.3,0.0,23.1,-4.4,21.2,255,39.7,295,66,2025-04-21 07:00:00+00:00
36.6,56,26.3,1004.6,1005.3,1,1,0,0,12.7,191,32.8,0.0,3670.0,-6.9,-4.0,22.9,-4.7,15.3,247,39.7,299,56,2025-04-21 08:00:00+00:00
36.1,56,25.9,1003.5,1004.2,5,5,0,0,15.4,197,37.8,0.0,3340.0,-6.4,-2.0,23.1,-4.7,13.1,236,41.0,302,61,2025-04-21 09:00:00+00:00
35.2,59,26.1,1003.3,1004.0,6,5,1,0,16.0,203,38.5,0.0,3410.0,-6.1,-61.0,22.6,-4.7,14.2,213,41.0,308,49,2025-04-21 10:00:00+00:00
33.4,65,25.9,1003.4,1004.1,19,1,18,0,16.7,194,38.9,0.0,3490.0,-5.9,-53.0,22.1,-4.4,13.0,219,39.1,313,40,2025-04-21 11:00:00+00:00
32.3,71,26.4,1004.5,1005.2,3,1,2,0,10.8,176,38.5,0.0,3570.0,-6.2,-84.0,23.5,-4.0,12.7,240,45.9,313,41,2025-04-21 12:00:00+00:00
31.4,76,26.5,1006.2,1006.9,19,1,8,11,13.3,167,28.4,0.0,2890.0,-6.1,-144.0,23.7,-4.0,14.3,233,47.6,319,47,2025-04-21 13:00:00+00:00
30.3,80,26.6,1006.4,1007.1,2,0,2,1,15.8,169,34.9,0.0,2770.0,-6.1,-177.0,23.4,-4.2,16.1,241,46.7,318,53,2025-04-21 14:00:00+00:00
29.5,85,26.7,1007.3,1008.0,9,6,0,2,13.3,171,33.5,0.0,2610.0,-6.0,-184.0,23.7,-4.2,15.4,251,43.3,318,53,2025-04-21 15:00:00+00:00
28.9,89,26.9,1007.7,1008.4,13,13,0,0,12.9,173,28.8,0.0,2530.0,-5.6,-175.0,23.9,-4.4,15.1,254,41.3,324,52,2025-04-21 16:00:00+00:00
28.6,90,26.8,1007.6,1008.3,9,9,0,0,13.2,178,28.4,0.0,2610.0,-5.2,-173.0,24.4,-4.2,13.9,259,37.7,329,54,2025-04-21 17:00:00+00:00
28.4,89,26.4,1007.2,1007.9,2,2,0,0,13.0,185,28.1,0.0,2670.0,-5.3,-116.0,24.4,-4.4,10.1,262,37.7,329,74,2025-04-21 18:00:00+00:00
28.3,89,26.3,1006.5,1007.2,85,85,0,0,12.9,187,27.7,0.0,2840.0,-5.1,-84.0,24.5,-4.4,9.3,259,33.4,322,70,2025-04-21 19:00:00+00:00
28.0,90,26.3,1005.8,1006.5,100,100,0,28,12.2,188,27.7,0.0,2890.0,-4.7,-75.0,24.3,-4.4,11.3,256,35.7,318,72,2025-04-21 20:00:00+00:00
27.8,91,26.2,1005.6,1006.3,100,100,0,5,11.4,185,25.6,0.0,2920.0,-4.3,-87.0,23.8,-4.4,11.8,254,34.9,319,66,2025-04-21 21:00:00+00:00
27.8,91,26.2,1005.7,1006.4,100,100,0,43,10.8,184,24.1,0.0,2850.0,-4.3,-91.0,23.3,-4.7,16.2,260,36.7,322,69,2025-04-21 22:00:00+00:00
27.8,90,26.1,1006.2,1006.9,100,100,0,52,11.7,189,24.5,0.0,2780.0,-4.3,-108.0,24.1,-4.2,16.0,250,34.9,319,61,2025-04-21 23:00:00+00:00
27.8,90,26.1,1006.8,1007.5,100,100,0,53,11.3,193,24.8,0.0,2690.0,-4.7,-148.0,24.4,-4.4,14.8,252,34.1,321,68,2025-04-22 00:00:00+00:00
29.4,85,26.5,1007.6,1008.3,47,47,0,0,13.6,197,29.5,0.0,2650.0,-5.0,-158.0,24.0,-4.4,16.7,244,34.1,321,67,2025-04-22 01:00:00+00:00
31.0,76,26.3,1008.2,1008.9,41,41,0,0,15.5,200,35.6,0.0,2720.0,-5.3,-149.0,24.1,-4.2,22.0,243,34.1,321,67,2025-04-22 02:00:00+00:00
32.9,67,25.9,1008.4,1009.1,9,9,0,0,13.7,198,36.4,0.0,2790.0,-5.6,-128.0,24.5,-4.2,25.7,247,34.0,318,67,2025-04-22 03:00:00+00:00
34.6,61,25.8,1008.2,1008.9,5,5,0,0,13.2,195,34.6,0.0,2940.0,-5.1,-80.0,24.4,-4.2,26.5,259,33.1,316,68,2025-04-22 04:00:00+00:00
35.9,56,25.8,1007.8,1008.5,1,1,0,0,11.9,195,34.6,0.0,3290.0,-5.0,-42.0,24.1,-4.0,26.0,270,33.1,314,66,2025-04-22 05:00:00+00:00
36.8,54,25.9,1006.9,1007.6,1,1,0,0,12.7,192,34.9,0.0,4190.0,-5.4,-26.0,24.0,-4.2,22.3,282,30.3,304,58,2025-04-22 06:00:00+00:00
37.4,51,25.7,1005.8,1006.5,3,3,0,0,14.0,193,37.4,0.0,4330.0,-5.5,-7.0,23.3,-4.2,19.4,279,31.3,302,59,2025-04-22 07:00:00+00:00
37.5,50,25.5,1004.9,1005.6,11,11,0,0,14.8,196,38.9,0.0,4280.0,-5.5,-2.0,22.7,-4.2,13.8,262,32.8,298,54,2025-04-22 08:00:00+00:00
37.0,52,25.4,1004.1,1004.8,14,12,3,0,14.6,196,39.2,0.0,4210.0,-5.6,-5.0,23.2,-4.4,11.7,257,33.3,300,48,2025-04-22 09:00:00+00:00
35.9,55,25.6,1003.5,1004.2,9,5,4,0,15.8,197,39.2,0.0,4300.0,-5.3,-13.0,22.9,-4.0,11.3,256,35.0,301,48,2025-04-22 10:00:00+00:00
34.3,61,25.7,1003.7,1004.4,5,3,2,0,16.7,191,40.0,0.0,4370.0,-5.3,-37.0,23.5,-4.0,12.8,272,35.0,301,41,2025-04-22 11:00:00+00:00
33.1,66,25.9,1003.8,1004.5,0,0,0,0,16.0,183,39.6,0.0,4270.0,-6.3,-68.0,24.6,-4.2,11.2,297,36.6,293,39,2025-04-22 12:00:00+00:00
31.8,73,26.3,1004.6,1005.3,0,0,0,0,13.7,180,31.7,0.0,3760.0,-6.8,-128.0,24.6,-4.2,13.7,291,35.5,294,43,2025-04-22 13:00:00+00:00
30.9,77,26.3,1005.4,1006.1,1,0,1,0,15.3,172,32.4,0.0,3670.0,-6.6,-160.0,24.6,-4.4,13.4,288,36.0,296,42,2025-04-22 14:00:00+00:00
29.7,84,26.7,1006.1,1006.8,2,1,0,0,15.2,174,33.8,0.0,3440.0,-6.4,-162.0,25.3,-4.4,11.4,268,36.0,300,41,2025-04-22 15:00:00+00:00
29.1,88,26.8,1006.1,1006.8,6,6,0,0,15.3,182,33.5,0.0,3230.0,-6.2,-168.0,25.6,-4.2,12.7,255,34.9,297,34,2025-04-22 16:00:00+00:00
28.8,87,26.5,1005.9,1006.6,4,4,0,0,15.9,189,35.3,0.0,3190.0,-5.9,-171.0,26.1,-4.2,14.3,253,35.0,292,44,2025-04-22 17:00:00+00:00
28.7,87,26.4,1005.4,1006.1,2,2,0,0,14.2,188,33.5,0.0,3450.0,-6.1,-172.0,26.2,-4.7,12.0,220,38.3,290,67,2025-04-22 18:00:00+00:00
28.6,88,26.3,1004.6,1005.3,4,4,0,0,13.3,193,29.9,0.0,3170.0,-6.1,-165.0,25.8,-4.7,16.3,210,39.1,288,62,2025-04-22 19:00:00+00:00
28.4,89,26.4,1003.9,1004.6,2,2,0,0,13.5,196,27.7,0.0,3130.0,-5.8,-154.0,25.9,-4.7,20.8,209,39.5,290,62,2025-04-22 20:00:00+00:00
28.2,90,26.4,1003.4,1004.1,1,1,0,0,14.0,196,29.2,0.0,2990.0,-5.8,-147.0,25.5,-4.7,28.6,214,40.6,289,56,2025-04-22 21:00:00+00:00
28.1,89,26.2,1003.5,1004.2,0,0,0,0,13.6,198,29.5,0.0,2940.0,-5.9,-148.0,25.3,-4.9,33.7,230,39.9,286,50,2025-04-22 22:00:00+00:00
28.0,90,26.1,1004.0,1004.7,1,1,0,0,11.4,209,28.4,0.0,2770.0,-6.0,-161.0,24.4,-4.9,38.8,239,40.5,282,51,2025-04-22 23:00:00+00:00
27.9,89,26.0,1004.6,1005.3,0,0,0,0,11.6,210,23.8,0.0,3130.0,-6.6,-159.0,24.7,-4.7,44.7,252,40.2,280,48,2025-04-23 00:00:00+00:00
29.9,83,26.8,1005.5,1006.2,7,7,0,0,13.7,213,29.5,0.0,3070.0,-6.8,-167.0,25.0,-4.7,43.1,254,41.2,278,49,2025-04-23 01:00:00+00:00
31.7,74,26.5,1006.1,1006.8,6,6,0,0,12.1,218,31.7,0.0,3090.0,-6.8,-151.0,24.7,-4.7,39.8,260,41.2,278,47,2025-04-23 02:00:00+00:00
33.8,64,26.1,1006.0,1006.7,0,0,0,0,10.9,211,30.2,0.0,3340.0,-6.0,-92.0,24.4,-4.7,32.8,269,42.3,277,42,2025-04-23 03:00:00+00:00
36.2,52,24.8,1006.0,1006.7,0,0,0,0,9.7,219,29.9,0.0,3670.0,-3.0,-55.0,24.3,-4.7,26.7,284,42.2,275,40,2025-04-23 04:00:00+00:00
38.4,40,22.5,1005.4,1006.1,0,0,0,0,8.5,218,28.8,0.0,4380.0,-0.2,-26.0,24.7,-4.7,23.8,306,43.3,273,31,2025-04-23 05:00:00+00:00
40.4,29,18.9,1004.2,1004.9,0,0,0,0,8.1,233,27.4,0.0,4820.0,0.5,-27.0,24.7,-4.9,17.2,323,46.9,273,38,2025-04-23 06:00:00+00:00
41.9,18,12.7,1003.0,1003.7,0,0,0,0,10.4,261,31.0,0.0,5090.0,0.0,-19.0,25.7,-4.9,16.2,322,49.4,276,41,2025-04-23 07:00:00+00:00
42.5,13,8.2,1001.8,1002.5,0,0,0,0,12.4,272,34.2,0.0,4950.0,-0.7,-35.0,25.6,-4.9,13.9,316,51.9,277,29,2025-04-23 08:00:00+00:00
42.5,11,5.3,1000.7,1001.4,0,0,0,0,12.6,275,34.6,0.0,4750.0,-2.5,-2.0,23.8,-4.9,7.6,287,54.6,279,22,2025-04-23 09:00:00+00:00
41.8,12,6.8,1000.1,1000.8,0,0,0,0,12.1,267,33.8,0.0,4770.0,-3.9,-5.0,23.4,-4.7,9.6,245,54.8,280,27,2025-04-23 10:00:00+00:00
38.5,36,20.8,1000.2,1000.9,0,0,0,0,11.7,221,31.7,0.0,4800.0,-3.8,-19.0,24.9,-4.7,17.3,272,56.2,281,31,2025-04-23 11:00:00+00:00
35.0,58,25.5,1000.5,1001.2,0,0,0,0,16.0,189,36.7,0.0,5310.0,-5.1,-55.0,24.9,-4.2,20.2,276,57.7,282,22,2025-04-23 12:00:00+00:00
32.8,70,26.7,1001.4,1002.1,0,0,0,0,15.7,180,38.9,0.0,4760.0,-5.5,-146.0,25.8,-4.2,27.4,274,56.8,283,16,2025-04-23 13:00:00+00:00
31.5,75,26.6,1002.0,1002.7,0,0,0,0,14.6,175,36.0,0.0,4250.0,-6.0,-204.0,25.8,-4.2,28.3,269,57.0,285,18,2025-04-23 14:00:00+00:00
30.4,80,26.6,1002.6,1003.3,1,1,0,0,15.0,184,33.5,0.0,3960.0,-5.8,-231.0,26.1,-4.0,28.5,262,55.1,286,27,2025-04-23 15:00:00+00:00
29.5,86,26.8,1002.9,1003.6,0,0,0,0,15.7,191,33.8,0.0,3730.0,-6.0,-231.0,26.2,-4.0,30.4,262,52.8,287,34,2025-04-23 16:00:00+00:00
29.1,87,26.7,1003.0,1003.7,0,0,0,0,14.9,195,33.1,0.0,3320.0,-5.9,-189.0,26.6,-3.7,34.4,259,50.9,289,34,2025-04-23 17:00:00+00:00
28.8,89,26.7,1002.5,1003.2,0,0,0,0,12.6,194,33.1,0.0,3190.0,-6.1,-128.0,26.7,-4.2,30.7,258,51.6,288,29,2025-04-23 18:00:00+00:00
28.7,88,26.5,1002.1,1002.8,0,0,0,0,13.3,198,27.7,0.0,3140.0,-6.1,-129.0,26.3,-4.2,32.9,251,51.3,286,31,2025-04-23 19:00:00+00:00
28.6,88,26.4,1001.8,1002.5,13,13,0,0,14.3,198,29.5,0.0,3230.0,-5.9,-131.0,25.7,-4.2,33.1,240,49.2,283,32,2025-04-23 20:00:00+00:00
28.3,91,26.6,1001.6,1002.3,8,8,0,0,14.6,202,31.0,0.0,3270.0,-5.7,-139.0,25.9,-4.4,32.6,243,48.5,279,33,2025-04-23 21:00:00+00:00
28.2,90,26.5,1001.9,1002.6,1,1,0,0,15.2,202,31.7,0.0,3140.0,-5.8,-140.0,25.9,-4.7,30.3,252,48.5,279,43,2025-04-23 22:00:00+00:00
28.2,89,26.2,1002.2,1002.9,0,0,0,0,14.6,204,32.4,0.0,2990.0,-5.7,-153.0,25.2,-4.7,32.9,251,48.5,279,47,2025-04-23 23:00:00+00:00
28.1,89,26.1,1003.3,1004.0,3,3,0,0,11.7,217,30.2,0.0,2800.0,-5.5,-173.0,24.6,-4.7,30.0,261,50.9,285,41,2025-04-24 00:00:00+00:00
30.1,83,26.9,1004.4,1005.1,36,36,0,0,17.8,204,37.1,0.0,2630.0,-5.7,-161.0,24.6,-4.7,28.5,257,49.8,285,42,2025-04-24 01:00:00+00:00
31.9,73,26.4,1005.2,1005.9,35,35,0,0,15.8,210,39.2,0.0,2670.0,-5.4,-164.0,24.7,-4.7,25.4,255,48.6,286,42,2025-04-24 02:00:00+00:00
34.2,61,25.5,1005.6,1006.3,19,19,0,0,14.3,205,37.1,0.0,2940.0,-4.8,-128.0,24.5,-4.7,23.1,255,48.6,286,39,2025-04-24 03:00:00+00:00
36.0,54,25.1,1005.7,1006.4,7,7,0,0,13.3,203,36.0,0.0,3430.0,-4.2,-84.0,24.0,-4.7,20.5,258,47.5,286,40,2025-04-24 04:00:00+00:00
37.5,48,24.8,1005.5,1006.2,2,2,0,0,12.6,197,35.3,0.0,3810.0,-3.6,-43.0,23.9,-4.7,16.6,262,47.2,285,41,2025-04-24 05:00:00+00:00
38.4,45,24.5,1004.6,1005.3,1,1,0,0,12.1,192,34.9,0.0,4040.0,-2.9,-24.0,23.7,-4.7,6.8,312,47.2,285,41,2025-04-24 06:00:00+00:00
38.9,43,24.0,1003.5,1004.2,0,0,0,0,12.3,188,34.9,0.0,4200.0,-1.9,-8.0,23.8,-4.7,1.9,315,48.0,283,39,2025-04-24 07:00:00+00:00
38.7,45,24.5,1002.6,1003.3,2,2,0,0,13.3,190,36.7,0.0,4010.0,-1.7,0.0,23.3,-4.7,2.9,162,48.0,283,34,2025-04-24 08:00:00+00:00
38.1,45,24.2,1001.7,1002.4,4,4,0,0,13.6,191,37.1,0.0,3770.0,-2.2,-2.0,22.7,-4.7,9.6,180,49.0,281,29,2025-04-24 09:00:00+00:00
37.5,47,24.2,1001.0,1001.7,3,3,1,0,13.1,189,36.4,0.0,3700.0,-2.7,-5.0,23.1,-4.4,9.6,185,48.7,280,31,2025-04-24 10:00:00+00:00
36.5,51,24.7,1000.9,1001.6,3,1,3,0,12.2,182,34.2,0.0,3880.0,-3.1,-10.0,23.2,-4.4,8.8,208,49.7,278,34,2025-04-24 11:00:00+00:00
34.7,57,25.1,1001.6,1002.3,1,0,1,0,13.1,180,31.0,0.0,4680.0,-4.5,-26.0,25.7,-4.0,11.0,277,52.5,281,29,2025-04-24 12:00:00+00:00
33.3,65,25.9,1002.7,1003.4,0,0,0,0,15.4,173,34.9,0.0,4420.0,-6.0,-61.0,26.1,-4.2,15.5,268,53.9,282,34,2025-04-24 13:00:00+00:00
31.5,77,27.0,1003.5,1004.2,2,2,0,0,15.6,172,35.3,0.0,3800.0,-7.1,-116.0,26.4,-4.2,19.6,270,52.7,282,40,2025-04-24 14:00:00+00:00
30.4,82,27.1,1004.0,1004.7,0,0,0,0,14.1,166,35.3,0.0,3710.0,-7.1,-140.0,26.1,-4.2,19.6,270,53.9,282,49,2025-04-24 15:00:00+00:00
29.7,85,26.9,1004.4,1005.1,3,3,0,0,14.2,167,31.3,0.0,3680.0,-7.5,-137.0,26.3,-4.2,16.4,257,52.5,281,63,2025-04-24 16:00:00+00:00
29.2,87,26.9,1004.5,1005.2,7,7,0,0,13.6,175,31.3,0.0,3380.0,-7.7,-122.0,26.7,-4.2,16.9,243,51.3,281,42,2025-04-24 17:00:00+00:00
28.8,89,26.8,1004.1,1004.8,5,5,0,0,12.8,179,28.8,0.0,4030.0,-7.8,-91.0,26.2,-4.9,17.8,230,47.0,276,39,2025-04-24 18:00:00+00:00
28.7,89,26.6,1003.6,1004.3,13,13,0,0,12.1,182,27.0,0.0,3600.0,-7.6,-90.0,24.9,-5.1,19.3,225,48.1,274,38,2025-04-24 19:00:00+00:00
28.6,89,26.6,1003.2,1003.9,6,6,0,0,12.6,183,25.9,0.0,3290.0,-7.1,-106.0,24.3,-5.4,20.3,222,48.1,274,41,2025-04-24 20:00:00+00:00
28.5,89,26.6,1003.0,1003.7,7,7,0,0,12.7,188,26.6,0.0,3430.0,-7.2,-96.0,24.5,-5.6,22.9,224,46.9,273,41,2025-04-24 21:00:00+00:00
28.3,91,26.6,1003.2,1003.9,6,6,0,0,13.1,192,27.4,0.0,3490.0,-7.1,-92.0,24.7,-5.6,26.5,229,46.8,270,43,2025-04-24 22:00:00+00:00
28.3,91,26.6,1003.6,1004.3,8,8,0,0,13.2,197,27.7,0.0,3200.0,-6.8,-100.0,24.4,-5.4,30.7,235,49.3,266,46,2025-04-24 23:00:00+00:00
28.4,90,26.6,1004.3,1005.0,4,4,0,0,11.9,202,27.4,0.0,3550.0,-6.2,-140.0,24.3,-4.9,29.0,251,49.4,264,41,2025-04-25 00:00:00+00:00
30.3,83,27.1,1005.1,1005.8,36,36,0,0,17.4,200,37.4,0.0,3470.0,-6.0,-163.0,24.4,-4.9,28.5,250,49.7,262,39,2025-04-25 01:00:00+00:00
32.3,72,26.5,1006.0,1006.7,72,72,0,0,15.6,217,37.8,0.0,3460.0,-6.0,-129.0,24.1,-4.7,28.2,252,49.0,259,38,2025-04-25 02:00:00+00:00
34.4,61,25.7,1006.4,1007.1,33,33,0,0,15.3,217,37.4,0.0,3290.0,-6.2,-104.0,24.0,-4.7,27.9,255,49.5,256,38,2025-04-25 03:00:00+00:00
36.3,53,25.4,1006.4,1007.1,16,16,0,0,13.0,213,37.4,0.0,3510.0,-6.0,-59.0,23.8,-4.4,25.5,260,49.8,255,37,2025-04-25 04:00:00+00:00
37.9,49,25.2,1006.0,1006.7,1,1,0,0,11.8,208,34.6,0.0,3910.0,-5.5,-26.0,23.5,-4.4,21.9,271,50.5,252,34,2025-04-25 05:00:00+00:00
38.9,45,24.9,1005.2,1005.9,2,2,0,0,11.9,202,34.2,0.0,4190.0,-5.1,-4.0,23.1,-4.7,13.7,296,45.2,253,42,2025-04-25 06:00:00+00:00
39.6,43,24.5,1004.0,1004.7,23,6,22,0,12.7,195,35.6,0.0,4260.0,-3.8,0.0,22.9,-4.7,8.0,294,47.2,255,50,2025-04-25 07:00:00+00:00
39.7,42,24.3,1003.1,1003.8,35,22,19,0,12.8,197,36.0,0.0,4020.0,-2.5,0.0,22.9,-4.9,5.1,297,45.2,253,51,2025-04-25 08:00:00+00:00
39.2,43,24.3,1002.2,1002.9,29,23,13,0,12.8,202,35.6,0.0,3130.0,-2.4,-1.0,23.4,-4.7,5.8,315,44.8,254,33,2025-04-25 09:00:00+00:00
38.4,45,24.4,1001.6,1002.3,24,15,15,2,12.5,205,34.9,0.0,4310.0,-2.6,-3.0,23.4,-4.2,7.2,325,46.4,260,30,2025-04-25 10:00:00+00:00
36.4,55,26.0,1001.8,1002.5,26,6,23,0,12.9,193,33.5,0.0,4600.0,-3.1,-4.0,24.1,-4.4,10.2,350,45.7,265,23,2025-04-25 11:00:00+00:00
34.4,62,26.1,1002.3,1003.0,7,1,6,0,14.8,174,34.2,0.0,5470.0,-4.4,-20.0,25.9,-4.2,12.4,354,43.3,267,22,2025-04-25 12:00:00+00:00
33.1,67,26.1,1003.2,1003.9,3,0,3,0,14.7,174,33.5,0.0,4930.0,-6.3,-95.0,26.7,-4.2,12.3,318,43.2,268,28,2025-04-25 13:00:00+00:00
31.8,75,26.8,1003.6,1004.3,2,2,0,0,17.1,172,38.2,0.0,4500.0,-6.3,-175.0,26.8,-4.4,12.3,292,44.4,268,29,2025-04-25 14:00:00+00:00
30.6,81,27.0,1004.1,1004.8,1,1,0,0,15.8,166,38.2,0.0,3930.0,-6.0,-190.0,26.7,-4.4,12.8,264,43.2,272,28,2025-04-25 15:00:00+00:00
29.6,84,26.6,1004.6,1005.3,0,0,0,0,15.5,177,35.3,0.0,3460.0,-5.2,-193.0,26.4,-4.4,14.6,250,44.5,273,32,2025-04-25 16:00:00+00:00
29.1,86,26.6,1004.6,1005.3,5,5,0,0,14.8,177,33.5,0.0,3390.0,-5.4,-191.0,26.3,-4.7,16.9,251,43.3,275,31,2025-04-25 17:00:00+00:00
28.7,87,26.3,1004.3,1005.0,0,0,0,0,14.3,184,32.4,0.0,3890.0,-6.0,-148.0,25.9,-5.1,11.5,263,42.0,270,30,2025-04-25 18:00:00+00:00
28.6,86,26.0,1003.9,1004.6,0,0,0,0,13.7,189,29.9,0.0,3640.0,-6.4,-133.0,26.1,-5.4,12.3,248,43.2,270,31,2025-04-25 19:00:00+00:00
28.3,87,25.9,1003.6,1004.3,4,4,0,0,13.8,194,29.5,0.0,3600.0,-6.6,-136.0,25.9,-5.6,12.9,222,43.2,268,31,2025-04-25 20:00:00+00:00
28.1,88,25.9,1003.3,1004.0,4,4,0,0,13.5,193,29.5,0.0,3350.0,-6.7,-140.0,25.8,-5.8,17.5,205,40.8,268,31,2025-04-25 21:00:00+00:00
28.0,89,26.1,1003.5,1004.2,14,14,0,0,11.9,195,28.4,0.0,3010.0,-6.5,-123.0,25.6,-6.1,21.5,197,38.4,270,30,2025-04-25 22:00:00+00:00
28.0,88,25.9,1004.1,1004.8,3,3,0,0,11.7,194,25.2,0.0,2980.0,-6.5,-118.0,25.3,-6.3,23.1,195,33.6,272,30,2025-04-25 23:00:00+00:00
28.0,87,25.7,1004.7,1005.4,5,5,0,0,11.9,194,24.8,0.0,3310.0,-7.3,-154.0,25.6,-5.8,21.8,196,36.2,264,30,2025-04-26 00:00:00+00:00
29.8,81,26.2,1005.4,1006.1,56,56,0,0,19.7,201,38.2,0.0,3310.0,-7.6,-168.0,25.2,-5.8,23.2,200,33.0,260,29,2025-04-26 01:00:00+00:00
31.8,70,25.6,1006.0,1006.7,12,12,0,0,17.1,205,45.4,0.0,3360.0,-6.8,-161.0,24.7,-5.8,25.1,205,32.6,253,28,2025-04-26 02:00:00+00:00
33.6,62,25.2,1006.5,1007.2,4,4,0,0,15.4,203,40.0,0.0,3160.0,-5.9,-99.0,24.1,-6.1,28.2,211,31.9,250,29,2025-04-26 03:00:00+00:00
35.3,56,25.3,1006.6,1007.3,2,2,0,0,15.2,196,39.2,0.0,3330.0,-5.1,-60.0,23.9,-6.1,30.7,215,32.8,246,30,2025-04-26 04:00:00+00:00
36.6,51,24.9,1006.3,1007.0,0,0,0,0,15.8,192,41.0,0.0,3480.0,-4.5,-39.0,24.0,-6.3,34.0,219,35.4,242,31,2025-04-26 05:00:00+00:00
37.5,47,24.3,1005.6,1006.3,0,0,0,0,16.1,190,42.1,0.0,3530.0,-3.9,-10.0,24.4,-6.8,27.1,228,37.0,245,28,2025-04-26 06:00:00+00:00
38.0,44,23.5,1004.8,1005.5,0,0,0,0,16.4,188,42.5,0.0,3980.0,-3.2,-3.0,24.7,-7.0,28.5,231,39.2,247,27,2025-04-26 07:00:00+00:00
37.7,43,23.2,1004.0,1004.7,31,0,0,31,15.9,189,42.8,0.0,4200.0,-2.8,-3.0,24.7,-7.2,26.9,236,39.5,250,27,2025-04-26 08:00:00+00:00
37.3,45,23.3,1002.8,1003.5,57,0,0,57,15.6,187,41.0,0.0,4470.0,-2.9,-8.0,25.0,-7.2,25.3,240,41.0,249,27,2025-04-26 09:00:00+00:00
36.2,49,23.8,1002.7,1003.4,88,0,0,88,16.0,197,40.7,0.0,4270.0,-2.7,-14.0,25.2,-7.0,22.8,241,43.7,249,27,2025-04-26 10:00:00+00:00
32.1,63,24.1,1004.3,1005.0,100,100,29,88,22.2,255,50.0,1.6,3780.0,-3.3,-33.0,25.7,-6.8,21.5,238,44.8,254,28,2025-04-26 11:00:00+00:00
30.4,72,24.9,1003.5,1004.2,4,0,4,1,8.7,159,49.3,1.2,3780.0,-7.0,-89.0,25.9,-6.1,15.1,249,46.4,260,32,2025-04-26 12:00:00+00:00
31.7,70,25.6,1004.7,1005.4,7,4,1,2,13.7,184,34.2,0.0,3050.0,-7.8,-191.0,25.8,-6.3,16.2,238,45.7,267,33,2025-04-26 13:00:00+00:00
29.9,74,24.8,1005.5,1006.2,7,4,0,3,14.9,167,36.4,0.0,3160.0,-7.8,-231.0,25.9,-6.1,16.2,238,44.7,264,34,2025-04-26 14:00:00+00:00
29.3,77,24.9,1005.9,1006.6,2,0,0,2,12.3,174,33.1,0.0,3010.0,-7.5,-243.0,24.6,-7.0,15.3,233,39.7,267,40,2025-04-26 15:00:00+00:00
28.9,79,25.0,1006.2,1006.9,5,0,0,5,15.4,174,34.9,0.0,2840.0,-7.5,-186.0,23.8,-7.5,23.0,231,33.0,260,44,2025-04-26 16:00:00+00:00
29.1,82,25.7,1006.3,1007.0,48,2,0,47,13.2,184,33.5,0.0,3080.0,-7.5,-179.0,23.8,-7.9,29.6,239,29.2,279,31,2025-04-26 17:00:00+00:00
29.0,84,26.0,1006.2,1006.9,49,6,0,46,13.1,188,28.1,0.0,2990.0,-7.8,-144.0,24.3,-7.7,25.7,237,27.4,299,38,2025-04-26 18:00:00+00:00
28.9,85,26.1,1005.4,1006.1,97,4,0,96,11.7,184,28.4,0.0,3060.0,-8.0,-146.0,24.5,-7.2,27.2,239,23.9,288,49,2025-04-26 19:00:00+00:00
28.8,85,26.1,1005.1,1005.8,100,8,0,100,10.6,176,25.2,0.0,3010.0,-8.8,-138.0,23.9,-7.5,27.8,247,26.6,278,56,2025-04-26 20:00:00+00:00
28.6,86,26.0,1005.3,1006.0,99,19,1,98,12.0,192,25.6,0.0,2820.0,-9.1,-142.0,24.5,-7.9,26.1,251,30.2,277,64,2025-04-26 21:00:00+00:00
28.6,86,26.0,1005.4,1006.1,80,5,0,79,12.9,196,27.7,0.0,2700.0,-9.0,-152.0,24.5,-8.2,24.1,255,28.5,285,63,2025-04-26 22:00:00+00:00
28.5,86,26.0,1005.6,1006.3,90,0,9,89,13.7,201,28.8,0.0,2790.0,-9.5,-131.0,24.1,-8.6,22.8,254,27.4,285,59,2025-04-26 23:00:00+00:00
28.5,86,26.0,1006.1,1006.8,100,1,8,100,13.4,206,29.2,0.0,1630.0,-9.7,-146.0,23.5,-9.3,28.9,249,20.5,291,44,2025-04-27 00:00:00+00:00
28.8,76,24.1,1008.1,1008.8,44,0,0,44,7.5,191,17.6,0.0,1900.0,-10.1,-132.0,23.3,-9.3,25.6,248,17.2,282,46,2025-04-27 01:00:00+00:00
30.3,68,23.8,1008.7,1009.4,100,1,0,100,10.8,195,27.4,0.0,2080.0,-9.3,-99.0,23.1,-9.3,24.5,248,18.0,266,46,2025-04-27 02:00:00+00:00
31.9,61,23.3,1009.2,1009.9,93,0,0,93,9.6,193,28.1,0.0,2330.0,-8.2,-72.0,22.9,-8.9,23.2,250,21.3,254,52,2025-04-27 03:00:00+00:00
33.9,52,22.6,1009.0,1009.7,53,0,0,53,7.4,193,26.6,0.0,2600.0,-7.2,-39.0,22.6,-8.9,22.7,260,26.3,246,58,2025-04-27 04:00:00+00:00
35.9,43,21.4,1008.5,1009.2,45,0,5,44,5.2,205,24.1,0.0,2940.0,-6.4,-22.0,22.2,-9.1,22.3,270,28.0,239,60,2025-04-27 05:00:00+00:00
37.4,35,19.5,1007.8,1008.5,98,0,59,98,4.9,231,27.0,0.0,2590.0,-6.2,-6.0,21.0,-9.3,17.3,288,28.1,220,61,2025-04-27 06:00:00+00:00
38.0,30,17.7,1006.8,1007.5,80,0,50,79,5.5,261,24.8,0.0,2830.0,-6.0,-14.0,20.5,-8.6,12.2,283,32.2,225,60,2025-04-27 07:00:00+00:00
38.5,28,16.8,1005.6,1006.3,100,0,95,100,8.0,260,25.6,0.0,2960.0,-4.6,-31.0,20.6,-8.6,8.3,276,34.1,219,58,2025-04-27 08:00:00+00:00
36.5,32,17.3,1005.1,1005.8,95,0,93,39,13.4,241,33.1,0.0,3260.0,-2.8,-50.0,21.0,-8.4,6.1,283,34.9,221,59,2025-04-27 09:00:00+00:00
36.2,32,16.8,1004.5,1005.2,96,0,83,81,11.8,261,33.8,0.0,3020.0,-1.0,-50.0,20.9,-8.6,6.1,283,38.3,221,59,2025-04-27 10:00:00+00:00
35.0,35,17.4,1004.3,1005.0,100,0,100,100,11.0,273,29.9,0.0,2890.0,0.8,-50.0,21.0,-8.6,5.3,290,44.3,221,58,2025-04-27 11:00:00+00:00
34.3,36,17.3,1004.6,1005.3,100,0,100,100,6.8,267,26.6,0.0,2960.0,0.6,-34.0,21.6,-9.1,10.4,299,50.2,220,59,2025-04-27 12:00:00+00:00
32.2,56,22.2,1005.6,1006.3,37,0,12,36,3.2,317,15.1,0.0,2890.0,0.9,0.0,21.6,-8.4,5.1,280,53.6,230,57,2025-04-27 13:00:00+00:00
31.7,59,22.7,1005.8,1006.5,25,0,7,24,2.2,189,7.6,0.0,3020.0,-0.1,0.0,21.6,-8.2,4.2,257,56.6,238,54,2025-04-27 14:00:00+00:00
31.3,61,22.9,1006.5,1007.2,100,0,85,100,7.7,180,14.4,0.0,3190.0,0.6,-78.0,21.5,-8.4,3.2,270,52.6,243,54,2025-04-27 15:00:00+00:00
30.1,74,25.0,1007.0,1007.7,100,0,100,90,10.3,187,22.7,0.0,3330.0,0.3,-176.0,22.1,-8.6,2.3,217,52.1,244,53,2025-04-27 16:00:00+00:00
29.8,75,25.0,1007.2,1007.9,99,0,99,9,9.0,190,22.0,0.0,3100.0,-2.6,-334.0,22.1,-8.9,8.0,211,49.4,244,54,2025-04-27 17:00:00+00:00
29.3,77,24.9,1007.2,1007.9,98,0,97,56,9.2,215,21.2,0.0,2970.0,-7.2,-160.0,22.0,-8.6,10.2,201,55.8,245,52,2025-04-27 18:00:00+00:00
28.9,83,25.7,1006.8,1007.5,100,0,99,100,7.5,220,19.8,0.0,3110.0,-7.4,-140.0,21.4,-8.4,10.7,220,54.2,245,59,2025-04-27 19:00:00+00:00
28.6,87,26.3,1006.4,1007.1,84,3,80,32,6.5,226,15.8,0.0,3400.0,-6.9,-104.0,21.0,-8.2,10.3,229,59.1,246,64,2025-04-27 20:00:00+00:00
28.5,89,26.5,1006.1,1006.8,51,0,40,19,4.8,195,14.0,0.0,3490.0,-6.9,-69.0,20.6,-8.6,10.8,234,51.7,248,69,2025-04-27 21:00:00+00:00
28.2,89,26.3,1006.0,1006.7,31,0,30,1,3.2,223,10.8,0.0,3540.0,-6.7,-70.0,20.3,-8.9,13.1,236,56.2,250,71,2025-04-27 22:00:00+00:00
27.9,90,26.1,1006.1,1006.8,22,0,21,2,2.6,295,6.8,0.0,3360.0,-5.3,-99.0,20.3,-9.1,16.4,236,57.5,247,71,2025-04-27 23:00:00+00:00
27.5,92,26.0,1006.7,1007.4,48,17,35,6,9.1,319,18.4,0.0,3170.0,-5.7,-104.0,20.4,-9.1,14.7,240,65.0,240,66,2025-04-28 00:00:00+00:00
28.3,87,25.9,1007.0,1007.7,33,33,0,0,4.6,306,14.8,0.0,2790.0,-5.5,-96.0,19.3,-7.9,17.5,242,68.6,237,69,2025-04-28 01:00:00+00:00
30.1,76,25.3,1007.7,1008.4,21,17,5,0,4.1,15,15.1,0.0,2050.0,-4.1,-130.0,18.8,-7.7,23.3,247,64.3,233,80,2025-04-28 02:00:00+00:00
28.4,79,24.3,1008.8,1009.5,78,62,31,21,10.0,72,31.7,1.6,1390.0,-2.8,-115.0,19.3,-8.2,21.6,252,58.7,221,69,2025-04-28 03:00:00+00:00
30.1,72,24.5,1008.6,1009.3,87,27,75,70,4.5,92,27.7,0.1,2140.0,-2.5,-62.0,20.0,-8.2,20.0,243,63.4,217,73,2025-04-28 04:00:00+00:00
29.8,73,24.4,1008.4,1009.1,99,7,99,53,2.6,106,19.1,0.8,2800.0,-2.2,-46.0,20.6,-8.4,20.4,243,64.6,228,53,2025-04-28 05:00:00+00:00
30.6,69,24.2,1007.7,1008.4,100,1,100,23,3.3,338,15.1,0.4,2390.0,-1.2,-92.0,19.4,-8.4,17.4,227,65.4,227,59,2025-04-28 06:00:00+00:00
30.3,68,23.8,1007.6,1008.3,98,19,89,75,6.8,358,20.9,0.1,2070.0,-1.6,-46.0,18.5,-8.2,19.9,217,66.2,226,68,2025-04-28 07:00:00+00:00
29.2,70,23.0,1006.5,1007.2,52,3,24,36,2.7,262,26.6,1.2,1630.0,-1.1,-25.0,19.4,-8.9,14.7,216,63.7,227,69,2025-04-28 08:00:00+00:00
30.1,67,23.3,1005.5,1006.2,40,0,12,33,2.7,118,13.0,0.1,1680.0,-1.4,-7.0,19.6,-9.3,18.1,219,62.9,228,63,2025-04-28 09:00:00+00:00
29.3,68,22.9,1005.2,1005.9,66,38,11,41,11.7,89,29.9,0.4,1700.0,0.6,-8.0,19.9,-8.9,18.2,202,61.5,231,59,2025-04-28 10:00:00+00:00
28.3,74,23.3,1005.3,1006.0,34,19,18,6,6.9,104,30.6,0.0,1930.0,1.0,-4.0,18.7,-9.3,16.9,178,64.1,232,67,2025-04-28 11:00:00+00:00
27.9,76,23.4,1005.7,1006.4,55,12,8,45,4.9,118,18.0,0.0,1030.0,-2.3,-17.0,18.7,-7.9,15.9,233,66.6,242,74,2025-04-28 12:00:00+00:00
28.5,79,24.5,1005.3,1006.0,56,0,1,55,3.2,124,7.2,0.0,940.0,-4.5,-49.0,18.2,-8.6,12.1,281,59.0,243,81,2025-04-28 13:00:00+00:00
28.0,84,25.0,1006.1,1006.8,95,0,3,95,5.8,124,11.5,0.0,1000.0,-4.8,-76.0,19.6,-9.3,11.3,291,54.3,239,67,2025-04-28 14:00:00+00:00
27.6,86,24.9,1006.9,1007.6,76,0,7,76,5.6,111,15.1,0.0,1040.0,-4.7,-117.0,19.7,-10.3,11.2,282,49.9,235,70,2025-04-28 15:00:00+00:00
27.0,89,25.0,1008.1,1008.8,28,0,27,3,6.1,30,12.2,0.0,1030.0,-5.2,-130.0,19.3,-10.3,14.1,270,61.7,233,69,2025-04-28 16:00:00+00:00
26.5,91,24.9,1008.2,1008.9,0,0,0,0,6.1,92,13.7,0.0,860.0,-3.7,-213.0,20.2,-9.8,11.6,228,56.2,254,60,2025-04-28 17:00:00+00:00
26.0,93,24.7,1008.5,1009.2,0,0,0,0,5.0,60,13.0,0.0,610.0,-2.2,-337.0,19.6,-9.8,13.7,266,59.0,243,71,2025-04-28 18:00:00+00:00
25.3,95,24.4,1007.9,1008.6,6,5,0,1,8.6,59,18.4,0.0,670.0,-2.4,-331.0,19.4,-9.8,10.2,260,61.7,243,57,2025-04-28 19:00:00+00:00
24.8,96,24.2,1007.0,1007.7,21,21,0,1,6.5,82,18.4,0.0,650.0,-1.0,-267.0,19.9,-10.3,13.1,241,59.6,245,53,2025-04-28 20:00:00+00:00
24.4,98,24.0,1006.4,1007.1,23,16,1,9,6.7,81,14.0,0.0,780.0,-1.6,-246.0,20.2,-11.0,15.1,249,57.4,244,51,2025-04-28 21:00:00+00:00
24.5,97,24.0,1006.2,1006.9,19,19,0,0,5.3,72,14.4,0.0,850.0,-2.8,-207.0,20.0,-11.0,14.7,263,59.1,246,53,2025-04-28 22:00:00+00:00
24.4,98,24.0,1006.3,1007.0,21,21,0,0,4.4,27,11.2,0.0,910.0,-3.0,-180.0,19.8,-10.7,13.2,272,61.1,250,58,2025-04-28 23:00:00+00:00
24.3,97,23.8,1006.8,1007.5,26,26,0,0,3.9,56,10.4,0.0,540.0,-3.0,-198.0,19.4,-10.7,16.6,254,51.8,257,57,2025-04-29 00:00:00+00:00
23.6,88,21.5,1007.7,1008.4,53,52,0,0,7.8,113,18.7,0.0,610.0,-4.0,-166.0,19.3,-10.7,15.5,246,51.3,254,56,2025-04-29 01:00:00+00:00
25.2,82,21.9,1008.6,1009.3,47,47,0,0,5.4,105,19.8,0.0,760.0,-4.0,-129.0,19.1,-10.3,16.3,240,48.6,250,58,2025-04-29 02:00:00+00:00
26.7,78,22.4,1009.2,1009.9,35,35,0,0,3.8,79,16.2,0.0,1100.0,-4.4,-93.0,18.9,-10.3,16.6,238,45.9,250,59,2025-04-29 03:00:00+00:00
28.2,72,22.6,1009.3,1010.0,4,4,0,0,4.0,82,16.9,0.0,1230.0,-4.7,-61.0,16.9,-10.3,10.6,227,42.9,252,60,2025-04-29 04:00:00+00:00
29.6,66,22.5,1008.7,1009.4,6,2,0,4,3.8,87,16.9,0.0,1410.0,-5.1,-30.0,16.8,-10.0,10.4,218,44.0,253,63,2025-04-29 05:00:00+00:00
30.7,61,22.4,1008.0,1008.7,14,4,1,10,4.2,100,18.0,0.0,1200.0,-5.4,-25.0,17.1,-10.3,6.8,222,45.7,247,59,2025-04-29 06:00:00+00:00
31.3,58,22.1,1006.8,1007.5,60,5,4,57,4.0,87,19.4,0.0,1420.0,-5.5,-7.0,17.4,-10.3,10.0,219,46.4,249,51,2025-04-29 07:00:00+00:00
27.9,67,21.2,1006.6,1007.3,88,77,48,38,14.3,174,36.0,1.5,1540.0,-5.6,-1.0,17.7,-10.0,10.0,223,48.6,250,50,2025-04-29 08:00:00+00:00
27.1,74,22.1,1005.2,1005.9,54,0,5,53,1.7,77,34.6,0.5,1590.0,-5.5,-1.0,17.5,-9.6,7.8,220,50.4,258,58,2025-04-29 09:00:00+00:00
28.3,71,22.5,1005.0,1005.7,44,13,10,30,1.9,49,15.8,0.0,1490.0,-3.2,-3.0,17.6,-9.3,6.5,231,48.5,261,56,2025-04-29 10:00:00+00:00
27.8,73,22.5,1004.8,1005.5,65,7,7,60,6.7,214,16.9,0.0,860.0,-3.8,-5.0,17.4,-8.6,5.6,235,48.2,264,57,2025-04-29 11:00:00+00:00
27.0,75,22.3,1006.2,1006.9,86,14,2,83,7.6,275,18.4,0.0,960.0,-2.6,-16.0,17.9,-9.1,2.3,307,49.2,271,60,2025-04-29 12:00:00+00:00
23.6,86,21.2,1008.3,1009.0,100,22,94,99,18.0,311,34.2,4.2,860.0,-0.3,-165.0,17.6,-8.9,1.9,256,46.9,273,58,2025-04-29 13:00:00+00:00
23.5,87,21.2,1006.8,1007.5,34,0,1,34,8.7,153,36.0,1.3,780.0,-1.6,-297.0,17.6,-8.4,1.9,225,46.0,277,61,2025-04-29 14:00:00+00:00
23.5,91,21.9,1008.2,1008.9,0,0,0,0,4.0,275,14.4,0.0,920.0,-2.2,-353.0,17.7,-8.6,4.1,180,49.7,278,69,2025-04-29 15:00:00+00:00
23.4,92,22.0,1008.6,1009.3,2,0,0,2,0.9,53,8.3,0.0,980.0,-2.3,-259.0,18.5,-9.1,4.3,198,49.0,281,69,2025-04-29 16:00:00+00:00
23.7,92,22.3,1008.4,1009.1,1,0,0,1,2.2,81,6.5,0.0,1090.0,-2.7,-179.0,19.1,-9.1,5.1,207,50.6,284,69,2025-04-29 17:00:00+00:00
23.7,92,22.3,1008.2,1008.9,0,0,0,0,2.7,160,5.4,0.0,1520.0,-3.0,-165.0,19.3,-8.9,9.4,219,44.5,297,71,2025-04-29 18:00:00+00:00
23.7,93,22.4,1007.8,1008.5,0,0,0,0,1.2,129,6.1,0.0,1710.0,-2.6,-162.0,19.2,-9.1,12.2,225,40.6,304,71,2025-04-29 19:00:00+00:00
23.6,92,22.1,1007.6,1008.3,0,0,0,0,1.4,50,4.3,0.0,1870.0,-2.9,-127.0,18.7,-8.6,13.6,230,38.6,306,71,2025-04-29 20:00:00+00:00
23.5,92,22.1,1007.4,1008.1,0,0,0,0,2.1,38,5.0,0.0,1960.0,-2.5,-167.0,18.7,-8.9,12.4,234,33.3,296,71,2025-04-29 21:00:00+00:00
23.4,92,22.1,1007.4,1008.1,2,2,0,0,4.9,17,9.7,0.0,1920.0,-1.4,-235.0,18.8,-8.6,11.9,238,31.1,298,72,2025-04-29 22:00:00+00:00
23.0,92,21.7,1007.5,1008.2,3,3,0,0,6.0,27,12.2,0.0,1890.0,-1.0,-273.0,18.6,-8.9,13.1,236,29.5,297,72,2025-04-29 23:00:00+00:00
22.8,92,21.5,1007.9,1008.6,10,10,0,0,6.4,36,13.0,0.0,1660.0,-2.9,-174.0,17.9,-8.9,13.7,217,18.0,307,73,2025-04-30 00:00:00+00:00
23.5,85,20.9,1008.6,1009.3,84,1,1,84,6.1,88,15.5,0.1,1600.0,-3.9,-122.0,17.5,-8.9,12.3,219,15.6,293,74,2025-04-30 01:00:00+00:00
24.5,83,21.5,1009.5,1010.2,3,0,0,3,3.4,74,15.8,0.0,1450.0,-5.0,-72.0,17.4,-8.4,7.8,230,14.4,275,74,2025-04-30 02:00:00+00:00
26.4,76,21.9,1009.9,1010.6,2,1,0,2,6.9,105,20.2,0.0,1250.0,-5.4,-23.0,17.5,-8.9,7.5,245,18.2,262,71,2025-04-30 03:00:00+00:00
28.0,75,23.1,1009.9,1010.6,12,7,1,5,5.7,103,20.2,0.0,1190.0,-5.8,-12.0,17.1,-8.9,4.9,248,20.5,249,70,2025-04-30 04:00:00+00:00
29.3,70,23.3,1009.7,1010.4,23,13,13,3,4.9,100,19.1,0.0,1330.0,-6.2,-1.0,17.0,-8.9,1.6,236,23.2,249,74,2025-04-30 05:00:00+00:00
30.0,68,23.5,1009.2,1009.9,21,7,5,13,4.2,100,18.0,0.0,1300.0,-6.0,0.0,17.1,-8.9,9.2,264,28.4,242,72,2025-04-30 06:00:00+00:00
30.5,66,23.5,1008.3,1009.0,27,13,4,15,4.8,105,17.3,0.1,1520.0,-6.0,0.0,17.1,-8.9,6.5,258,31.7,245,72,2025-04-30 07:00:00+00:00
31.0,62,22.8,1006.7,1007.4,57,16,4,48,6.3,87,20.5,0.1,1510.0,-5.8,0.0,16.9,-8.9,5.1,260,35.4,242,68,2025-04-30 08:00:00+00:00
27.9,73,22.6,1006.0,1006.7,91,13,23,88,7.7,239,20.5,0.4,1560.0,-5.7,0.0,16.8,-8.9,3.3,286,37.1,241,71,2025-04-30 09:00:00+00:00
28.2,74,23.0,1005.5,1006.2,98,3,14,97,5.6,277,20.2,0.0,1550.0,-5.1,-3.0,17.0,-8.9,2.7,301,38.8,248,68,2025-04-30 10:00:00+00:00
27.8,74,22.8,1005.3,1006.0,20,0,0,19,3.9,283,15.8,0.0,1050.0,-5.2,-5.0,17.3,-9.6,2.9,219,31.9,250,57,2025-04-30 11:00:00+00:00
27.5,77,23.1,1006.2,1006.9,9,8,0,1,3.2,16,11.9,0.0,1670.0,-4.9,-24.0,18.8,-8.9,3.3,326,25.4,251,59,2025-04-30 12:00:00+00:00
26.1,90,24.4,1007.0,1007.7,4,0,0,4,2.6,39,8.3,0.0,1690.0,-5.0,-79.0,18.8,-9.1,4.3,302,26.8,260,60,2025-04-30 13:00:00+00:00
25.8,91,24.2,1007.7,1008.4,0,0,0,0,1.7,41,5.0,0.0,1790.0,-4.9,-80.0,18.9,-9.3,4.2,283,26.5,275,59,2025-04-30 14:00:00+00:00
25.5,92,24.1,1009.0,1009.7,0,0,0,0,3.3,45,6.5,0.0,1790.0,-4.9,-112.0,18.9,-9.6,3.2,270,25.7,281,59,2025-04-30 15:00:00+00:00
25.4,93,24.1,1009.4,1010.1,0,0,0,0,6.5,109,12.2,0.0,1770.0,-4.6,-129.0,18.7,-9.6,1.9,284,22.9,276,61,2025-04-30 16:00:00+00:00
24.9,94,24.0,1009.7,1010.4,0,0,0,0,5.9,128,14.0,0.0,1750.0,-4.3,-123.0,18.6,-9.8,1.0,297,19.2,274,61,2025-04-30 17:00:00+00:00
24.3,96,23.6,1009.6,1010.3,0,0,0,0,2.7,143,11.5,0.0,1530.0,-4.4,-88.0,18.2,-10.5,2.5,292,22.1,283,66,2025-04-30 18:00:00+00:00
24.3,95,23.4,1009.2,1009.9,0,0,0,0,4.6,159,9.4,0.0,1550.0,-4.2,-79.0,18.0,-10.5,1.0,243,19.8,284,63,2025-04-30 19:00:00+00:00
23.9,94,22.9,1008.6,1009.3,0,0,0,0,3.3,171,9.4,0.0,1540.0,-3.9,-107.0,18.0,-10.5,1.4,180,17.5,286,60,2025-04-30 20:00:00+00:00
23.5,95,22.6,1008.5,1009.2,0,0,0,0,2.4,163,6.5,0.0,1520.0,-3.6,-108.0,17.9,-10.5,1.9,166,17.2,282,58,2025-04-30 21:00:00+00:00
23.5,94,22.5,1008.9,1009.6,0,0,0,0,1.5,36,4.3,0.0,1500.0,-3.5,-101.0,17.9,-10.7,1.8,180,17.0,278,54,2025-04-30 22:00:00+00:00
23.5,96,22.8,1009.3,1010.0,0,0,0,0,3.5,51,7.2,0.0,1490.0,-3.9,-92.0,17.7,-10.7,1.4,180,16.8,274,54,2025-04-30 23:00:00+00:00
23.3,98,23.0,1009.8,1010.5,39,39,0,0,5.3,45,10.4,0.0,1360.0,-4.1,-86.0,17.7,-11.0,3.2,180,18.4,281,58,2025-05-01 00:00:00+00:00
24.6,97,24.1,1010.3,1011.0,44,42,0,3,4.2,85,11.5,0.0,1440.0,-4.5,-75.0,17.6,-11.0,1.9,166,18.0,266,59,2025-05-01 01:00:00+00:00
26.4,90,24.5,1010.7,1011.4,5,5,0,0,3.8,73,13.0,0.0,1450.0,-4.8,-52.0,17.7,-10.7,2.9,129,18.6,255,61,2025-05-01 02:00:00+00:00
28.1,80,24.3,1011.2,1011.9,14,10,3,1,3.4,84,15.1,0.0,1500.0,-5.2,-27.0,17.7,-10.5,4.1,117,21.3,254,61,2025-05-01 03:00:00+00:00
29.3,71,23.5,1011.1,1011.8,17,8,6,7,2.2,55,15.1,0.0,1330.0,-5.5,-10.0,17.3,-10.3,4.9,124,23.2,249,59,2025-05-01 04:00:00+00:00
30.2,64,22.7,1010.7,1011.4,12,4,1,7,2.9,60,14.8,0.0,1180.0,-5.6,-1.0,16.9,-10.0,2.7,149,25.4,251,60,2025-05-01 05:00:00+00:00
30.9,61,22.5,1010.0,1010.7,18,5,4,11,4.4,63,16.9,0.0,1550.0,-5.4,0.0,17.1,-10.3,3.6,140,28.0,239,52,2025-05-01 06:00:00+00:00
31.3,59,22.5,1009.1,1009.8,20,2,3,17,4.4,55,16.9,0.0,1480.0,-5.3,0.0,17.1,-10.0,1.4,180,31.3,238,54,2025-05-01 07:00:00+00:00
31.5,58,22.3,1007.7,1008.4,27,5,5,20,3.2,47,16.6,0.0,1430.0,-4.9,0.0,17.3,-10.0,1.4,288,31.3,238,52,2025-05-01 08:00:00+00:00
31.4,59,22.5,1006.7,1007.4,35,12,10,20,4.2,31,15.1,0.0,1390.0,-4.5,0.0,17.5,-10.3,2.7,270,32.3,239,51,2025-05-01 09:00:00+00:00
29.8,68,23.1,1006.5,1007.2,58,11,54,6,6.7,88,18.7,0.8,1350.0,-3.7,-1.0,17.7,-10.0,2.6,225,32.8,242,49,2025-05-01 10:00:00+00:00
29.1,71,23.4,1006.5,1007.2,64,5,29,48,4.8,217,18.0,1.3,1220.0,-3.2,-27.0,18.2,-10.0,5.1,190,32.6,253,48,2025-05-01 11:00:00+00:00
28.0,76,23.4,1006.9,1007.6,85,0,18,81,3.9,233,14.0,0.0,1190.0,-2.7,-238.0,18.3,-10.0,2.3,169,28.1,250,57,2025-05-01 12:00:00+00:00
24.8,81,21.3,1009.6,1010.3,98,63,72,79,21.8,318,42.1,0.6,1580.0,-3.0,-145.0,18.3,-10.3,1.0,333,27.1,257,56,2025-05-01 13:00:00+00:00
23.3,86,20.9,1010.2,1010.9,36,0,32,8,9.0,360,49.3,0.2,1820.0,-1.9,-116.0,18.2,-9.8,2.6,45,25.3,265,54,2025-05-01 14:00:00+00:00
23.4,87,21.1,1010.8,1011.5,4,0,0,3,3.6,70,17.3,0.0,1660.0,-1.5,-104.0,18.0,-9.1,3.1,27,20.4,270,57,2025-05-01 15:00:00+00:00
23.2,89,21.3,1011.0,1011.7,100,0,0,100,5.5,36,13.0,0.0,1140.0,-2.5,-201.0,17.5,-9.1,3.1,243,17.2,295,50,2025-05-01 16:00:00+00:00
22.9,89,21.0,1010.3,1011.0,94,0,0,94,6.5,82,14.0,0.0,910.0,-2.8,-175.0,18.0,-9.8,5.8,231,16.1,297,51,2025-05-01 17:00:00+00:00
22.9,90,21.1,1010.0,1010.7,95,0,0,95,2.7,86,13.7,0.0,1020.0,-3.1,-185.0,17.1,-9.8,5.6,166,14.4,275,54,2025-05-01 18:00:00+00:00
22.8,92,21.4,1009.3,1010.0,2,0,2,0,3.2,43,7.6,0.0,1070.0,-3.5,-165.0,17.3,-9.8,6.0,171,15.2,288,53,2025-05-01 19:00:00+00:00
22.6,94,21.5,1008.7,1009.4,0,0,0,0,1.5,346,6.5,0.0,930.0,-3.5,-124.0,17.4,-9.6,6.0,171,13.4,297,51,2025-05-01 20:00:00+00:00
22.6,94,21.6,1008.4,1009.1,2,0,2,0,4.8,307,10.4,0.0,820.0,-3.5,-139.0,17.5,-9.3,5.0,175,12.4,299,49,2025-05-01 21:00:00+00:00
22.3,95,21.5,1008.3,1009.0,0,0,0,0,2.4,318,10.1,0.0,720.0,-3.8,-153.0,17.4,-9.1,3.6,180,13.0,304,53,2025-05-01 22:00:00+00:00
22.1,96,21.5,1008.6,1009.3,19,0,10,10,2.4,347,5.8,0.0,670.0,-4.4,-149.0,17.1,-9.3,3.3,164,14.0,301,54,2025-05-01 23:00:00+00:00
22.4,96,21.8,1009.0,1009.7,87,0,87,0,2.0,27,4.7,0.0,410.0,-2.7,-147.0,17.5,-8.4,8.2,207,18.0,266,54,2025-05-02 00:00:00+00:00
23.4,93,22.2,1009.8,1010.5,74,44,0,53,3.9,118,10.8,0.0,420.0,-2.6,-118.0,17.3,-8.6,7.3,187,19.2,266,54,2025-05-02 01:00:00+00:00
25.0,84,22.2,1010.4,1011.1,93,93,0,0,2.6,124,12.6,0.0,570.0,-3.1,-83.0,17.0,-8.6,7.4,191,20.7,260,59,2025-05-02 02:00:00+00:00
26.6,77,22.2,1010.8,1011.5,10,10,0,0,1.1,99,10.8,0.0,810.0,-3.1,-60.0,16.9,-8.9,6.5,192,24.1,264,63,2025-05-02 03:00:00+00:00
27.8,73,22.5,1010.9,1011.6,3,3,0,0,0.9,307,10.8,0.0,900.0,-3.4,-27.0,16.8,-8.9,4.3,212,26.4,270,68,2025-05-02 04:00:00+00:00
28.8,69,22.6,1010.3,1011.0,1,0,0,0,1.3,278,13.7,0.0,1150.0,-3.5,-10.0,16.9,-8.6,3.3,236,28.8,270,69,2025-05-02 05:00:00+00:00
29.6,67,22.7,1009.4,1010.1,6,5,1,0,0.5,225,14.0,0.0,1220.0,-3.9,0.0,17.0,-8.4,5.9,293,24.0,273,70,2025-05-02 06:00:00+00:00
30.2,63,22.5,1008.2,1008.9,3,3,1,0,1.5,166,15.8,0.0,1220.0,-3.4,0.0,16.9,-8.2,5.9,274,28.8,270,72,2025-05-02 07:00:00+00:00
30.6,60,22.0,1007.1,1007.8,2,0,2,0,2.8,198,17.3,0.0,1200.0,-2.7,0.0,16.7,-8.2,5.0,270,30.0,270,68,2025-05-02 08:00:00+00:00
30.7,59,21.9,1005.9,1006.6,10,4,5,1,3.7,231,17.6,0.0,1150.0,-2.4,0.0,17.0,-8.2,5.2,255,30.0,272,61,2025-05-02 09:00:00+00:00
30.8,59,21.7,1005.3,1006.0,19,7,12,3,4.4,251,17.6,0.0,1080.0,-2.0,0.0,17.1,-7.9,5.7,241,32.6,276,52,2025-05-02 10:00:00+00:00
30.2,62,22.1,1005.0,1005.7,8,4,3,2,4.3,255,13.3,0.0,1000.0,-2.0,-2.0,17.3,-7.7,6.7,242,33.2,283,50,2025-05-02 11:00:00+00:00
29.2,73,23.9,1005.1,1005.8,2,0,1,0,1.5,324,10.4,0.0,870.0,-1.2,-16.0,17.9,-7.9,4.8,253,34.4,295,49,2025-05-02 12:00:00+00:00
29.2,70,23.1,1006.1,1006.8,4,2,2,0,0.2,270,5.4,0.0,910.0,-0.6,-29.0,18.0,-7.9,6.1,257,33.8,297,49,2025-05-02 13:00:00+00:00
27.6,76,22.9,1006.9,1007.6,9,7,2,0,7.0,134,13.3,0.0,1120.0,-0.2,-40.0,17.7,-7.7,6.4,266,32.8,298,49,2025-05-02 14:00:00+00:00
26.4,80,22.6,1007.2,1007.9,0,0,0,0,7.0,181,14.8,0.0,1380.0,0.1,-54.0,17.5,-7.7,5.0,275,34.4,299,39,2025-05-02 15:00:00+00:00
25.7,84,22.8,1007.5,1008.2,0,0,0,0,5.7,171,14.4,0.0,1410.0,-0.4,-53.0,17.6,-7.9,4.7,299,33.8,297,38,2025-05-02 16:00:00+00:00
25.5,84,22.7,1007.4,1008.1,0,0,0,0,6.7,178,13.0,0.0,1370.0,-1.5,-36.0,17.9,-7.9,4.5,315,32.8,298,39,2025-05-02 17:00:00+00:00
25.3,85,22.6,1007.1,1007.8,0,0,0,0,7.6,179,15.1,0.0,1290.0,-2.3,-46.0,17.0,-8.4,3.2,278,29.6,302,40,2025-05-02 18:00:00+00:00
25.1,86,22.5,1006.7,1007.4,0,0,0,0,6.5,186,15.1,0.0,1460.0,-3.0,-50.0,16.9,-8.4,3.2,278,28.3,306,43,2025-05-02 19:00:00+00:00
25.0,88,22.8,1006.5,1007.2,0,0,0,0,5.1,198,13.0,0.0,1550.0,-3.0,-49.0,16.9,-8.4,4.6,259,26.6,306,48,2025-05-02 20:00:00+00:00
24.8,90,23.0,1006.3,1007.0,0,0,0,0,4.1,203,10.1,0.0,1550.0,-3.1,-45.0,17.0,-8.4,5.2,255,24.0,307,46,2025-05-02 21:00:00+00:00
24.6,91,23.1,1006.6,1007.3,0,0,0,0,3.6,198,8.3,0.0,1470.0,-3.2,-47.0,17.1,-8.4,4.9,248,20.6,306,47,2025-05-02 22:00:00+00:00
24.4,93,23.2,1007.1,1007.8,0,0,0,0,3.2,183,6.8,0.0,1520.0,-3.8,-59.0,17.3,-8.4,6.3,249,17.3,304,43,2025-05-02 23:00:00+00:00
24.6,93,23.5,1007.5,1008.2,0,0,0,0,1.9,163,6.1,0.0,1670.0,-4.0,-62.0,17.1,-8.2,7.8,249,13.4,297,41,2025-05-03 00:00:00+00:00
26.8,88,24.7,1008.1,1008.8,0,0,0,0,2.2,175,7.6,0.0,1750.0,-3.8,-47.0,17.0,-7.9,7.4,259,11.8,294,39,2025-05-03 01:00:00+00:00
28.1,85,25.3,1008.6,1009.3,0,0,0,0,2.9,210,11.2,0.0,1990.0,-3.2,-22.0,17.1,-7.7,8.3,264,12.5,287,39,2025-05-03 02:00:00+00:00
29.3,76,24.7,1009.0,1009.7,4,2,1,2,4.1,229,14.8,0.1,1400.0,-3.0,-6.0,17.6,-7.5,10.0,273,13.7,285,41,2025-05-03 03:00:00+00:00
30.4,69,24.1,1008.9,1009.6,6,2,1,3,3.2,232,14.8,0.0,1330.0,-3.0,0.0,18.2,-7.2,9.4,284,16.3,287,41,2025-05-03 04:00:00+00:00
31.3,64,23.6,1008.4,1009.1,5,2,2,2,1.1,189,14.4,0.0,1170.0,-2.7,0.0,18.3,-7.0,8.0,283,20.1,287,50,2025-05-03 05:00:00+00:00
32.2,59,23.1,1007.4,1008.1,8,1,5,2,0.0,270,13.7,0.0,1240.0,-2.0,0.0,18.2,-7.0,8.0,283,24.3,290,51,2025-05-03 06:00:00+00:00
32.4,57,22.8,1006.4,1007.1,17,1,11,6,1.2,141,13.7,0.0,1240.0,-1.2,0.0,17.9,-6.8,5.0,275,26.6,288,51,2025-05-03 07:00:00+00:00
32.5,55,22.3,1005.0,1005.7,28,1,18,13,1.3,164,14.0,0.0,1100.0,-0.6,0.0,18.1,-6.8,1.9,256,28.5,292,49,2025-05-03 08:00:00+00:00
32.6,53,21.8,1003.5,1004.2,32,1,13,21,1.8,169,12.6,0.0,990.0,-0.3,-3.0,18.5,-6.3,2.9,252,30.1,293,51,2025-05-03 09:00:00+00:00
29.4,67,22.6,1003.8,1004.5,67,20,41,30,16.2,166,34.9,0.2,980.0,0.2,-64.0,18.6,-6.3,4.5,246,29.0,294,54,2025-05-03 10:00:00+00:00
27.9,75,23.1,1003.7,1004.4,19,2,15,4,6.0,175,39.6,0.0,980.0,0.1,-65.0,18.5,-6.1,3.2,270,29.6,291,57,2025-05-03 11:00:00+00:00
28.1,76,23.4,1003.9,1004.6,18,3,14,2,4.7,187,14.0,0.0,1000.0,-2.1,-37.0,19.1,-5.8,4.1,96,31.6,279,70,2025-05-03 12:00:00+00:00
24.3,96,23.5,1004.3,1005.0,47,9,15,35,10.3,119,22.3,0.3,950.0,-3.9,-50.0,18.7,-5.8,5.6,145,33.5,285,52,2025-05-03 13:00:00+00:00
24.8,87,22.4,1005.0,1005.7,96,4,3,95,11.0,166,21.2,0.0,1240.0,-4.2,-67.0,18.8,-5.8,5.9,184,32.3,285,46,2025-05-03 14:00:00+00:00
25.2,87,22.8,1005.6,1006.3,16,0,3,14,7.5,156,22.0,0.0,2080.0,-3.9,-46.0,19.2,-5.8,7.6,237,28.2,282,46,2025-05-03 15:00:00+00:00
25.3,87,22.9,1006.3,1007.0,5,0,1,5,6.8,177,15.1,0.0,1610.0,-4.0,-51.0,18.1,-6.3,15.0,235,32.6,276,68,2025-05-03 16:00:00+00:00
25.3,87,22.9,1006.7,1007.4,79,0,0,79,7.9,204,15.8,0.0,1580.0,-4.8,-60.0,18.8,-7.2,14.9,220,26.5,275,61,2025-05-03 17:00:00+00:00
25.2,87,22.9,1006.3,1007.0,12,1,2,11,6.8,197,15.5,0.0,1500.0,-4.7,-52.0,18.6,-7.2,14.8,214,22.4,286,66,2025-05-03 18:00:00+00:00
25.0,89,23.1,1005.5,1006.2,36,0,0,36,5.6,173,13.0,0.0,1790.0,-4.4,-59.0,18.6,-7.7,14.1,205,21.9,279,63,2025-05-03 19:00:00+00:00
24.8,91,23.2,1005.0,1005.7,97,0,0,97,7.7,181,15.1,0.0,1680.0,-4.7,-55.0,18.8,-7.9,13.7,206,20.7,280,61,2025-05-03 20:00:00+00:00
24.7,92,23.4,1004.7,1005.4,70,0,0,70,6.9,173,16.2,0.0,1760.0,-3.8,-55.0,18.7,-7.7,14.7,202,23.9,288,57,2025-05-03 21:00:00+00:00
24.6,94,23.6,1004.6,1005.3,0,0,0,0,6.5,167,13.7,0.0,1790.0,-2.9,-82.0,18.9,-7.0,16.1,209,26.0,304,53,2025-05-03 22:00:00+00:00
24.5,96,23.7,1005.2,1005.9,0,0,0,0,6.4,162,13.0,0.0,1840.0,-1.5,-108.0,19.2,-7.0,15.5,204,25.3,301,61,2025-05-03 23:00:00+00:00
24.5,96,23.8,1005.8,1006.5,9,4,9,0,6.9,166,13.7,0.0,1420.0,-1.0,-107.0,18.8,-5.8,14.7,216,26.8,297,87,2025-05-04 00:00:00+00:00
25.7,90,23.8,1006.0,1006.7,11,0,1,10,3.6,160,11.5,0.0,1500.0,-0.6,-89.0,18.9,-5.6,14.0,216,24.3,290,92,2025-05-04 01:00:00+00:00
27.1,85,24.3,1007.0,1007.7,70,0,0,70,3.8,169,13.3,0.0,1260.0,0.3,-76.0,19.1,-5.4,12.6,224,21.0,283,81,2025-05-04 02:00:00+00:00
28.4,79,24.4,1007.5,1008.2,7,3,0,4,5.0,167,16.9,0.1,1210.0,0.3,-46.0,18.7,-5.4,11.0,225,19.2,270,66,2025-05-04 03:00:00+00:00
29.6,75,24.6,1007.5,1008.2,55,3,4,52,4.5,157,16.9,0.1,1270.0,-0.2,-38.0,18.7,-5.4,9.9,236,23.3,258,67,2025-05-04 04:00:00+00:00
30.6,70,24.6,1007.1,1007.8,16,10,2,5,4.0,170,16.9,0.2,1230.0,-1.0,-16.0,18.3,-5.4,11.0,246,25.9,257,68,2025-05-04 05:00:00+00:00
31.2,66,24.1,1006.3,1007.0,61,58,3,6,3.8,161,17.3,0.2,1210.0,-1.0,-9.0,18.3,-5.1,9.1,233,25.2,245,70,2025-05-04 06:00:00+00:00
31.7,61,23.4,1005.1,1005.8,100,100,41,40,5.8,144,18.4,0.2,1000.0,-0.9,-2.0,17.6,-5.1,6.3,210,29.5,243,64,2025-05-04 07:00:00+00:00
26.9,83,23.7,1004.8,1005.5,28,0,26,9,12.1,230,36.7,1.8,910.0,-1.1,-8.0,18.2,-5.1,5.3,200,33.3,240,64,2025-05-04 08:00:00+00:00
29.6,72,23.9,1003.8,1004.5,55,14,40,19,3.1,140,27.7,0.1,970.0,-1.3,-7.0,18.3,-4.7,5.5,189,38.7,240,64,2025-05-04 09:00:00+00:00
30.1,69,23.9,1002.9,1003.6,8,1,8,0,4.1,203,15.8,0.0,1010.0,-1.0,-7.0,18.6,-4.7,5.8,231,40.8,246,60,2025-05-04 10:00:00+00:00
29.7,72,24.0,1002.8,1003.5,32,14,24,0,2.9,187,15.8,0.0,850.0,-0.8,-8.0,18.6,-4.7,7.1,255,42.6,248,67,2025-05-04 11:00:00+00:00
29.5,74,24.4,1003.0,1003.7,19,17,3,0,2.7,176,10.8,0.0,1300.0,-1.9,-8.0,19.1,-4.4,7.3,263,38.3,238,56,2025-05-04 12:00:00+00:00
26.1,84,23.1,1004.6,1005.3,100,1,13,100,6.1,118,20.9,0.5,1400.0,-1.8,-39.0,18.9,-4.4,7.7,270,40.3,240,60,2025-05-04 13:00:00+00:00
25.8,86,23.4,1005.0,1005.7,100,0,14,100,5.1,117,13.0,0.1,1480.0,-1.1,-31.0,18.9,-4.2,6.9,274,38.1,242,49,2025-05-04 14:00:00+00:00
25.8,87,23.6,1005.6,1006.3,100,0,3,100,3.3,119,10.1,0.0,1480.0,-1.2,-33.0,19.1,-4.2,8.8,279,38.1,242,50,2025-05-04 15:00:00+00:00
25.9,87,23.5,1006.1,1006.8,93,1,6,93,5.0,145,9.4,0.0,1530.0,-1.9,-37.0,19.4,-4.2,10.5,288,38.7,240,53,2025-05-04 16:00:00+00:00
25.8,86,23.3,1006.1,1006.8,18,0,7,11,5.4,154,11.5,0.0,1540.0,-2.4,-44.0,19.6,-4.2,9.7,281,40.3,240,54,2025-05-04 17:00:00+00:00
25.6,87,23.2,1005.8,1006.5,84,0,3,83,5.2,151,10.1,0.0,1160.0,-2.7,-57.0,19.2,-4.7,10.3,283,42.9,243,59,2025-05-04 18:00:00+00:00
25.4,88,23.2,1005.1,1005.8,48,0,0,48,6.9,157,13.3,0.0,1220.0,-2.6,-63.0,19.1,-4.9,8.8,282,47.2,243,57,2025-05-04 19:00:00+00:00
25.1,90,23.3,1004.7,1005.4,14,0,0,14,5.4,160,13.3,0.0,1170.0,-2.4,-88.0,18.9,-5.4,7.1,285,52.6,243,57,2025-05-04 20:00:00+00:00
24.8,92,23.4,1004.8,1005.5,46,0,0,46,4.3,152,10.1,0.0,1160.0,-2.7,-69.0,19.1,-5.8,5.1,297,55.3,243,57,2025-05-04 21:00:00+00:00
24.7,93,23.5,1005.0,1005.7,3,0,0,3,4.7,171,9.7,0.0,1120.0,-2.6,-86.0,19.3,-6.1,4.6,307,54.2,242,57,2025-05-04 22:00:00+00:00
24.3,94,23.4,1005.5,1006.2,0,0,0,0,3.2,177,9.4,0.0,1120.0,-2.1,-87.0,19.3,-6.1,5.2,308,52.7,240,58,2025-05-04 23:00:00+00:00
24.8,94,23.7,1006.2,1006.9,0,0,0,0,3.0,155,5.4,0.0,960.0,-2.7,-90.0,19.3,-5.8,5.8,315,55.4,240,58,2025-05-05 00:00:00+00:00
26.8,90,25.0,1006.7,1007.4,0,0,0,0,2.4,132,8.6,0.0,1110.0,-3.1,-65.0,19.1,-6.3,6.8,323,50.0,240,58,2025-05-05 01:00:00+00:00
28.4,84,25.4,1007.4,1008.1,0,0,0,0,3.1,144,12.2,0.0,1390.0,-3.2,-32.0,18.9,-6.3,6.6,326,46.3,239,54,2025-05-05 02:00:00+00:00
29.9,76,25.2,1007.7,1008.4,7,3,0,4,2.3,184,13.0,0.0,1570.0,-3.2,-15.0,18.9,-6.5,6.6,326,43.6,238,49,2025-05-05 03:00:00+00:00
31.2,66,24.2,1007.6,1008.3,7,2,1,4,2.0,190,13.0,0.0,1340.0,-3.2,-5.0,18.9,-6.5,5.5,318,44.7,239,48,2025-05-05 04:00:00+00:00
32.4,61,24.0,1007.1,1007.8,8,2,4,4,2.1,142,13.3,0.0,1230.0,-2.6,0.0,19.2,-6.8,6.6,304,45.1,241,52,2025-05-05 05:00:00+00:00
33.0,58,23.6,1006.3,1007.0,11,3,9,2,3.6,117,15.8,0.0,1300.0,-2.8,-1.0,18.9,-6.5,4.5,225,42.4,245,53,2025-05-05 06:00:00+00:00
33.6,54,23.1,1005.2,1005.9,9,2,7,1,3.8,121,16.2,0.0,1310.0,-2.6,-4.0,18.7,-6.5,4.2,193,43.0,247,61,2025-05-05 07:00:00+00:00
33.8,53,22.8,1004.2,1004.9,12,1,11,1,3.6,117,16.9,0.0,1400.0,-2.3,-9.0,19.1,-6.5,4.5,204,43.7,249,52,2025-05-05 08:00:00+00:00
34.1,51,22.4,1003.0,1003.7,10,1,8,1,1.9,151,16.2,0.0,1400.0,-2.2,0.0,19.6,-6.5,4.9,202,44.4,251,57,2025-05-05 09:00:00+00:00
33.7,52,22.3,1002.3,1003.0,27,10,20,0,3.4,162,14.8,0.0,1290.0,-2.4,0.0,19.9,-6.5,5.3,211,44.4,251,52,2025-05-05 10:00:00+00:00
31.1,63,23.1,1002.8,1003.5,63,4,60,8,9.7,161,22.3,0.4,1160.0,-2.7,-3.0,19.8,-6.1,3.3,236,43.7,249,48,2025-05-05 11:00:00+00:00
28.9,73,23.6,1003.8,1004.5,48,10,27,21,9.2,35,22.7,0.0,1730.0,-3.1,-12.0,19.9,-6.1,5.2,225,49.0,253,44,2025-05-05 12:00:00+00:00
29.0,76,24.4,1004.3,1005.0,85,4,8,83,7.8,167,15.5,0.0,1400.0,-4.1,-27.0,19.6,-6.1,7.1,225,43.7,254,51,2025-05-05 13:00:00+00:00
28.2,75,23.3,1004.8,1005.5,12,0,2,10,4.4,153,19.1,0.0,1550.0,-4.7,-26.0,19.3,-5.6,9.1,233,44.0,253,58,2025-05-05 14:00:00+00:00
27.7,78,23.5,1005.9,1006.6,22,0,1,21,6.5,152,13.0,0.0,1650.0,-4.9,-38.0,19.4,-5.6,9.7,251,43.3,251,70,2025-05-05 15:00:00+00:00
27.4,81,23.9,1006.6,1007.3,36,0,0,36,6.5,157,13.3,0.0,1680.0,-5.1,-51.0,19.3,-5.6,8.3,279,41.0,249,71,2025-05-05 16:00:00+00:00
27.4,84,24.4,1006.7,1007.4,0,0,0,0,6.6,169,13.3,0.0,1970.0,-4.6,-62.0,19.7,-6.1,10.8,285,37.2,249,66,2025-05-05 17:00:00+00:00
27.2,88,25.0,1006.2,1006.9,4,0,0,4,7.4,177,14.8,0.0,1990.0,-4.9,-70.0,19.8,-6.3,7.1,255,38.8,248,59,2025-05-05 18:00:00+00:00
27.0,90,25.2,1005.6,1006.3,13,0,0,13,8.1,184,15.8,0.0,2090.0,-4.8,-69.0,19.9,-6.5,8.0,257,38.3,250,57,2025-05-05 19:00:00+00:00
26.9,91,25.3,1005.3,1006.0,9,0,0,8,8.7,198,17.6,0.0,2270.0,-4.9,-69.0,19.8,-6.8,7.3,263,37.2,249,60,2025-05-05 20:00:00+00:00
26.7,93,25.4,1005.1,1005.8,0,0,0,0,8.1,201,17.6,0.0,2370.0,-4.5,-68.0,19.7,-6.8,6.4,270,39.9,249,61,2025-05-05 21:00:00+00:00
26.5,94,25.5,1005.3,1006.0,0,0,0,0,7.5,191,16.2,0.0,2400.0,-5.0,-58.0,19.7,-6.5,5.0,275,39.5,250,56,2025-05-05 22:00:00+00:00
26.4,95,25.5,1005.9,1006.6,38,0,0,38,6.4,188,15.1,0.0,2440.0,-4.9,-59.0,19.7,-6.5,4.1,276,39.9,249,52,2025-05-05 23:00:00+00:00
26.5,95,25.6,1006.6,1007.3,77,0,3,76,6.3,193,12.6,0.0,2290.0,-5.0,-64.0,19.6,-6.3,1.9,256,43.3,251,54,2025-05-06 00:00:00+00:00
28.1,90,26.3,1007.3,1008.0,7,6,0,0,3.8,185,11.2,0.0,2330.0,-5.9,-47.0,19.7,-6.5,1.9,225,41.4,253,52,2025-05-06 01:00:00+00:00
29.7,82,26.2,1007.9,1008.6,20,16,2,2,6.2,213,18.4,0.1,2470.0,-5.5,-29.0,19.6,-6.5,2.3,217,39.9,254,53,2025-05-06 02:00:00+00:00
30.9,72,25.4,1008.3,1009.0,22,10,1,13,5.7,226,17.6,0.2,2390.0,-4.7,-13.0,19.3,-6.3,1.9,194,38.1,257,58,2025-05-06 03:00:00+00:00
31.8,67,24.9,1008.4,1009.1,22,7,2,16,6.8,228,20.9,0.2,2000.0,-4.0,-8.0,18.7,-6.3,3.2,188,33.8,264,62,2025-05-06 04:00:00+00:00
33.0,62,24.8,1007.8,1008.5,22,5,2,17,6.2,229,21.2,0.1,1900.0,-2.9,-7.0,19.2,-6.5,6.7,208,29.7,256,62,2025-05-06 05:00:00+00:00
33.6,59,24.5,1006.8,1007.5,23,4,3,18,6.9,239,23.4,0.1,1550.0,-2.7,-1.0,19.3,-6.1,8.4,225,36.0,244,56,2025-05-06 06:00:00+00:00
34.5,55,24.1,1005.3,1006.0,44,20,5,27,8.4,261,25.6,0.1,1710.0,-2.3,0.0,18.7,-5.8,6.7,208,36.5,243,58,2025-05-06 07:00:00+00:00
27.6,83,24.5,1005.8,1006.5,82,27,10,74,8.1,162,25.6,12.5,1740.0,-1.8,-2.0,18.9,-5.4,5.5,204,37.0,245,58,2025-05-06 08:00:00+00:00
28.9,78,24.7,1004.3,1005.0,64,0,7,62,1.9,326,20.9,0.2,1900.0,-3.1,-23.0,19.3,-5.4,5.5,222,37.7,248,61,2025-05-06 09:00:00+00:00
29.4,77,25.1,1003.7,1004.4,73,0,4,72,4.1,41,14.4,0.0,2290.0,-2.2,-108.0,19.4,-5.1,7.6,213,39.9,249,60,2025-05-06 10:00:00+00:00
29.7,77,25.2,1003.6,1004.3,24,0,5,19,3.4,106,14.0,0.0,2190.0,-1.9,-111.0,19.3,-5.1,8.0,204,39.5,250,59,2025-05-06 11:00:00+00:00
29.3,79,25.3,1003.9,1004.6,17,1,14,3,3.5,118,10.8,0.0,1900.0,-0.9,-98.0,19.7,-5.6,9.1,273,40.2,253,56,2025-05-06 12:00:00+00:00
27.0,82,23.6,1005.3,1006.0,9,0,3,7,4.6,45,13.0,0.0,2050.0,-0.1,-101.0,19.3,-5.1,5.5,246,44.8,254,59,2025-05-06 13:00:00+00:00
26.4,86,23.8,1005.9,1006.6,56,0,17,54,7.0,48,17.6,0.0,2330.0,-1.0,-159.0,19.2,-5.1,5.2,232,47.2,255,64,2025-05-06 14:00:00+00:00
26.0,88,24.0,1006.2,1006.9,58,0,2,58,4.5,104,15.5,0.0,2330.0,-1.4,-134.0,19.1,-5.1,5.3,239,48.0,257,62,2025-05-06 15:00:00+00:00
25.8,90,23.9,1006.7,1007.4,54,0,14,46,3.6,160,9.4,0.0,2200.0,-1.6,-109.0,19.9,-5.4,10.0,254,47.4,261,56,2025-05-06 16:00:00+00:00
25.9,89,23.9,1006.6,1007.3,42,0,2,41,2.9,180,7.6,0.0,2260.0,-2.1,-72.0,20.5,-4.9,13.0,258,49.2,257,53,2025-05-06 17:00:00+00:00
25.9,89,23.9,1006.1,1006.8,17,0,3,14,2.7,160,5.8,0.0,1800.0,-3.4,-70.0,20.3,-5.6,11.4,265,44.0,259,54,2025-05-06 18:00:00+00:00
25.9,88,23.8,1005.4,1006.1,11,0,2,8,4.3,204,8.6,0.0,1840.0,-3.8,-70.0,20.2,-5.6,12.8,264,46.4,260,56,2025-05-06 19:00:00+00:00
25.8,89,23.9,1004.9,1005.6,8,0,1,7,4.3,222,9.4,0.0,1780.0,-4.7,-54.0,20.0,-5.6,14.2,266,47.4,261,60,2025-05-06 20:00:00+00:00
25.5,91,24.0,1004.9,1005.6,2,0,0,2,3.3,216,8.6,0.0,1840.0,-5.7,-46.0,19.9,-5.6,14.6,272,47.4,261,61,2025-05-06 21:00:00+00:00
25.2,92,23.8,1005.1,1005.8,4,0,0,4,2.5,240,6.8,0.0,1950.0,-5.3,-38.0,19.9,-5.8,14.5,283,46.0,263,62,2025-05-06 22:00:00+00:00
25.0,92,23.6,1005.5,1006.2,1,0,0,1,1.9,311,4.7,0.0,1970.0,-6.0,-41.0,20.0,-5.8,14.5,294,42.4,262,63,2025-05-06 23:00:00+00:00
25.2,93,23.9,1006.1,1006.8,0,0,0,0,1.5,7,4.3,0.0,1660.0,-6.2,-44.0,20.5,-6.1,15.3,297,43.7,254,50,2025-05-07 00:00:00+00:00
27.0,87,24.6,1006.7,1007.4,12,12,0,0,2.7,48,9.4,0.0,1710.0,-6.3,-33.0,20.4,-5.8,15.0,305,43.3,251,41,2025-05-07 01:00:00+00:00
28.5,83,25.4,1007.2,1007.9,14,14,0,0,1.7,72,10.8,0.0,1940.0,-5.3,-31.0,20.3,-5.6,14.7,306,43.0,247,36,2025-05-07 02:00:00+00:00
30.3,76,25.6,1007.1,1007.8,26,25,0,1,1.9,214,11.9,0.0,1810.0,-4.4,-21.0,20.3,-5.4,13.4,305,44.1,248,36,2025-05-07 03:00:00+00:00
31.6,69,25.3,1006.6,1007.3,19,7,0,12,2.4,171,13.7,0.0,1460.0,-3.7,-46.0,20.2,-5.1,12.7,300,45.2,248,40,2025-05-07 04:00:00+00:00
33.1,61,24.7,1006.3,1007.0,55,4,0,53,2.7,172,18.4,0.0,1420.0,-2.1,-1.0,20.0,-4.9,11.0,300,47.5,249,40,2025-05-07 05:00:00+00:00
34.4,54,23.8,1005.5,1006.2,98,1,4,98,2.8,169,18.7,0.0,1410.0,-1.5,0.0,20.3,-4.7,9.6,301,46.7,252,40,2025-05-07 06:00:00+00:00
35.1,51,23.5,1004.3,1005.0,99,7,5,99,2.0,175,17.3,0.0,1220.0,-0.9,0.0,20.2,-4.7,10.0,294,51.3,254,51,2025-05-07 07:00:00+00:00
35.3,49,23.0,1003.0,1003.7,96,4,9,96,1.7,193,15.8,0.0,1080.0,-0.3,-3.0,19.9,-4.9,7.2,288,53.7,260,51,2025-05-07 08:00:00+00:00
35.8,46,22.3,1001.7,1002.4,99,17,17,99,0.9,217,14.0,0.0,1020.0,0.4,-7.0,20.0,-4.9,6.1,283,54.6,261,53,2025-05-07 09:00:00+00:00
34.6,47,21.7,1001.2,1001.9,99,10,34,99,9.0,181,23.0,0.0,990.0,0.8,-1.0,20.3,-4.9,5.2,285,57.2,260,46,2025-05-07 10:00:00+00:00
33.9,51,22.4,1001.2,1001.9,100,2,17,100,8.6,188,25.6,0.0,890.0,1.9,-3.0,20.3,-4.7,5.2,285,58.0,263,49,2025-05-07 11:00:00+00:00
33.1,55,22.8,1001.7,1002.4,100,0,8,100,6.5,208,20.5,0.0,2090.0,1.3,-14.0,21.0,-4.9,4.9,248,55.1,259,40,2025-05-07 12:00:00+00:00
31.8,61,23.4,1002.7,1003.4,99,4,41,99,10.1,226,25.9,0.0,2840.0,-0.9,-39.0,21.0,-4.7,3.1,243,55.3,257,39,2025-05-07 13:00:00+00:00
29.3,75,24.4,1003.9,1004.6,95,0,7,95,6.5,42,20.5,0.0,3260.0,-3.8,-47.0,20.9,-4.7,3.3,254,55.3,257,39,2025-05-07 14:00:00+00:00
28.3,79,24.4,1004.7,1005.4,82,3,0,82,6.4,108,16.9,0.0,3460.0,-3.8,-65.0,20.9,-4.4,3.5,293,55.1,259,39,2025-05-07 15:00:00+00:00
28.9,77,24.5,1005.2,1005.9,28,0,0,28,7.1,170,13.3,0.0,3150.0,-3.7,-68.0,21.2,-4.4,6.9,293,53.5,261,43,2025-05-07 16:00:00+00:00
29.0,83,25.9,1005.4,1006.1,100,0,0,100,7.4,186,15.5,0.0,2520.0,-3.6,-73.0,21.7,-4.7,7.7,270,50.4,258,44,2025-05-07 17:00:00+00:00
28.5,89,26.5,1005.3,1006.0,98,0,0,98,8.2,190,16.6,0.0,1880.0,-4.5,-85.0,21.5,-5.4,6.4,270,44.0,259,57,2025-05-07 18:00:00+00:00
28.2,91,26.5,1004.9,1005.6,93,0,0,93,8.7,197,17.6,0.0,2280.0,-5.2,-92.0,21.6,-5.8,7.5,256,41.4,260,58,2025-05-07 19:00:00+00:00
28.0,92,26.6,1004.7,1005.4,33,7,0,27,8.7,204,18.0,0.0,2420.0,-5.8,-86.0,21.7,-6.1,8.0,257,39.1,259,56,2025-05-07 20:00:00+00:00
27.9,93,26.7,1004.6,1005.3,3,3,0,0,8.0,207,17.6,0.0,2470.0,-6.0,-84.0,21.8,-6.3,8.8,258,37.7,261,60,2025-05-07 21:00:00+00:00
27.8,94,26.7,1004.4,1005.1,0,0,0,0,8.0,208,16.2,0.0,2400.0,-5.7,-86.0,21.8,-6.3,10.1,262,35.3,260,62,2025-05-07 22:00:00+00:00
27.7,94,26.6,1004.7,1005.4,4,3,1,0,8.4,211,16.9,0.0,2390.0,-5.6,-90.0,22.0,-6.1,10.0,267,36.3,262,66,2025-05-07 23:00:00+00:00
27.7,94,26.6,1005.0,1005.7,4,4,0,0,8.2,213,16.9,0.0,2400.0,-4.8,-112.0,22.1,-6.3,19.2,267,37.4,264,64,2025-05-08 00:00:00+00:00
29.2,83,26.0,1005.6,1006.3,95,0,0,95,8.4,227,23.4,0.0,2670.0,-4.7,-88.0,22.3,-6.1,18.7,270,36.2,264,64,2025-05-08 01:00:00+00:00
30.3,77,25.9,1006.0,1006.7,85,0,0,85,7.1,227,19.4,0.0,3150.0,-4.2,-46.0,22.2,-5.8,21.0,275,35.0,264,64,2025-05-08 02:00:00+00:00
32.6,64,24.8,1006.2,1006.9,1,0,0,1,6.9,239,21.2,0.0,3690.0,-3.4,-24.0,21.8,-5.8,21.3,280,33.7,266,61,2025-05-08 03:00:00+00:00
34.5,53,23.5,1006.2,1006.9,12,0,0,12,8.3,257,24.8,0.0,3770.0,-2.3,-16.0,21.6,-5.6,21.6,283,31.2,268,60,2025-05-08 04:00:00+00:00
36.1,44,21.9,1005.7,1006.4,51,0,0,51,8.1,275,25.6,0.0,3320.0,-0.8,-2.0,21.4,-5.6,19.9,286,30.1,265,59,2025-05-08 05:00:00+00:00
37.5,35,19.3,1005.1,1005.8,70,0,0,70,8.1,283,28.4,0.0,2620.0,-0.3,-11.0,21.0,-5.6,13.7,296,28.0,260,61,2025-05-08 06:00:00+00:00
38.4,30,17.6,1004.1,1004.8,98,0,8,97,8.0,290,28.4,0.0,2840.0,-0.1,-16.0,20.6,-5.4,6.3,291,28.0,260,60,2025-05-08 07:00:00+00:00
38.6,29,17.2,1003.4,1004.1,34,0,13,24,8.5,294,26.3,0.0,2930.0,0.3,-23.0,21.0,-4.9,5.6,284,29.7,256,60,2025-05-08 08:00:00+00:00
38.8,27,16.6,1002.8,1003.5,24,0,8,18,9.0,301,27.0,0.0,3100.0,0.5,-1.0,21.0,-4.7,5.8,288,33.2,257,58,2025-05-08 09:00:00+00:00
38.2,29,17.0,1002.4,1003.1,46,0,18,35,9.2,301,26.6,0.0,2210.0,0.6,-1.0,21.0,-4.9,7.1,297,33.2,257,59,2025-05-08 10:00:00+00:00
37.0,34,18.4,1002.5,1003.2,24,0,6,19,10.4,309,26.3,0.0,2210.0,0.9,-4.0,21.4,-4.9,7.7,315,33.7,266,54,2025-05-08 11:00:00+00:00
36.3,38,19.5,1002.8,1003.5,95,0,10,94,3.9,307,25.9,0.0,2720.0,-1.6,-19.0,22.2,-4.4,7.3,300,36.7,259,54,2025-05-08 12:00:00+00:00
32.7,50,20.8,1004.1,1004.8,7,0,2,5,7.7,181,20.5,0.0,2750.0,-1.8,-38.0,22.1,-4.4,5.5,312,35.1,262,51,2025-05-08 13:00:00+00:00
31.6,54,21.3,1004.9,1005.6,27,0,1,26,9.4,184,23.8,0.0,2840.0,-2.0,-56.0,22.2,-4.4,6.8,312,36.2,264,53,2025-05-08 14:00:00+00:00
31.3,58,22.2,1005.9,1006.6,93,0,4,92,9.3,195,19.1,0.0,3110.0,-2.4,-77.0,22.2,-4.7,9.1,307,34.9,266,54,2025-05-08 15:00:00+00:00
30.6,67,23.9,1006.6,1007.3,0,0,0,0,10.2,203,21.2,0.0,3390.0,-3.1,-103.0,22.3,-5.1,11.5,288,30.0,268,53,2025-05-08 16:00:00+00:00
29.6,78,25.4,1006.4,1007.1,26,0,0,26,10.4,200,21.2,0.0,2230.0,-3.0,-116.0,22.2,-5.1,11.9,272,28.9,265,54,2025-05-08 17:00:00+00:00
29.1,85,26.4,1006.1,1006.8,18,0,0,18,10.1,204,21.2,0.0,1760.0,-3.0,-118.0,22.0,-5.1,8.4,299,27.6,268,59,2025-05-08 18:00:00+00:00
28.7,89,26.6,1005.6,1006.3,0,0,0,0,9.4,204,20.5,0.0,2190.0,-3.2,-115.0,22.0,-5.4,7.5,284,25.3,265,61,2025-05-08 19:00:00+00:00
28.5,89,26.5,1005.2,1005.9,30,0,1,29,8.8,211,18.7,0.0,2200.0,-4.1,-112.0,22.0,-5.4,7.5,284,25.3,265,61,2025-05-08 20:00:00+00:00
28.2,91,26.5,1005.0,1005.7,25,0,2,24,8.5,218,17.6,0.0,2160.0,-4.3,-113.0,22.0,-5.4,7.4,281,25.2,267,58,2025-05-08 21:00:00+00:00
28.1,91,26.5,1005.1,1005.8,22,0,3,20,7.6,223,16.9,0.0,2020.0,-4.2,-114.0,22.1,-5.4,8.0,283,24.0,267,60,2025-05-08 22:00:00+00:00
27.9,92,26.4,1005.4,1006.1,59,0,2,59,7.0,224,14.8,0.0,2110.0,-4.1,-122.0,22.2,-5.4,9.7,289,22.9,264,66,2025-05-08 23:00:00+00:00
27.9,91,26.4,1005.8,1006.5,47,0,0,47,7.0,230,14.0,0.0,2360.0,-4.6,-139.0,22.6,-5.8,12.2,297,25.2,267,63,2025-05-09 00:00:00+00:00
29.4,88,27.2,1006.7,1007.4,8,0,0,8,4.8,228,13.7,0.0,2570.0,-4.7,-98.0,22.6,-5.6,13.1,304,26.4,267,63,2025-05-09 01:00:00+00:00
31.3,78,26.9,1007.3,1008.0,1,0,0,1,5.3,242,16.9,0.0,2880.0,-4.0,-58.0,22.7,-5.4,13.7,307,26.5,265,62,2025-05-09 02:00:00+00:00
33.4,65,25.9,1007.5,1008.2,2,0,1,1,4.8,255,18.7,0.0,3290.0,-2.2,-31.0,22.6,-5.1,13.9,308,25.5,262,61,2025-05-09 03:00:00+00:00
35.7,51,24.0,1007.3,1008.0,0,0,0,0,4.9,272,19.4,0.0,3470.0,-0.3,-17.0,22.6,-4.9,14.0,306,24.3,261,62,2025-05-09 04:00:00+00:00
37.7,39,21.2,1006.6,1007.3,0,0,0,0,5.9,297,24.1,0.0,2490.0,0.7,-34.0,22.3,-4.7,13.9,308,25.5,262,63,2025-05-09 05:00:00+00:00
39.0,31,18.6,1005.6,1006.3,5,0,4,1,6.6,315,24.8,0.0,2650.0,1.4,-30.0,21.6,-4.4,5.6,305,26.2,254,62,2025-05-09 06:00:00+00:00
39.5,29,18.0,1004.9,1005.6,14,0,6,8,7.5,312,25.6,0.0,2410.0,1.9,-19.0,21.6,-4.4,3.2,270,25.1,253,64,2025-05-09 07:00:00+00:00
39.6,29,18.2,1003.8,1004.5,17,0,14,4,9.3,302,28.4,0.0,2500.0,1.6,0.0,22.2,-4.2,3.5,293,23.9,252,64,2025-05-09 08:00:00+00:00
39.2,30,18.4,1003.0,1003.7,21,0,18,3,8.6,307,28.4,0.0,2500.0,1.6,0.0,22.3,-4.2,5.1,280,22.8,252,63,2025-05-09 09:00:00+00:00
38.7,31,18.7,1002.4,1003.1,37,0,13,28,8.3,304,26.3,0.0,2220.0,2.0,0.0,22.1,-4.0,5.9,274,21.9,261,66,2025-05-09 10:00:00+00:00
37.9,33,19.0,1002.2,1002.9,54,0,25,39,8.6,300,24.5,0.0,1880.0,2.8,-1.0,22.6,-5.1,5.5,294,20.5,263,51,2025-05-09 11:00:00+00:00
36.8,37,19.7,1003.0,1003.7,21,0,8,14,8.2,284,23.4,0.0,1700.0,2.9,-1.0,23.2,-4.7,5.2,308,25.5,262,54,2025-05-09 12:00:00+00:00
34.8,42,20.0,1003.7,1004.4,13,0,7,7,3.3,171,7.2,0.0,1880.0,3.7,-3.0,22.8,-4.4,5.5,275,25.7,259,57,2025-05-09 13:00:00+00:00
34.0,47,21.0,1004.6,1005.3,4,0,4,0,7.8,187,15.1,0.0,2020.0,3.4,-7.0,22.7,-4.2,9.1,270,26.2,254,57,2025-05-09 14:00:00+00:00
32.6,58,23.2,1005.3,1006.0,1,0,0,0,9.0,218,18.4,0.0,2230.0,1.9,-24.0,22.7,-4.0,11.6,281,24.3,250,59,2025-05-09 15:00:00+00:00
31.7,63,23.8,1005.9,1006.6,0,0,0,0,9.4,225,19.1,0.0,2620.0,-0.3,-85.0,22.7,-4.0,12.1,290,26.3,246,56,2025-05-09 16:00:00+00:00
31.0,66,23.8,1006.0,1006.7,1,0,1,0,9.8,218,20.2,0.0,3330.0,-1.1,-78.0,22.8,-4.4,11.3,291,26.3,246,56,2025-05-09 17:00:00+00:00
30.6,67,23.8,1005.6,1006.3,0,0,0,0,11.1,224,22.0,0.0,3240.0,-0.8,-95.0,22.3,-4.9,8.3,279,25.4,251,58,2025-05-09 18:00:00+00:00
30.0,70,24.0,1005.1,1005.8,3,0,1,3,10.3,223,22.7,0.0,3850.0,-1.1,-105.0,22.4,-5.1,9.6,275,26.2,254,57,2025-05-09 19:00:00+00:00
29.7,72,24.1,1004.8,1005.5,14,0,0,14,8.7,223,20.9,0.0,4030.0,-2.0,-114.0,22.3,-5.1,10.5,272,27.1,257,57,2025-05-09 20:00:00+00:00
29.4,73,24.2,1004.8,1005.5,13,0,0,13,6.9,231,17.3,0.0,3880.0,-2.3,-118.0,22.2,-5.4,10.9,272,29.4,258,57,2025-05-09 21:00:00+00:00
29.1,74,24.1,1004.7,1005.4,10,0,3,8,6.2,229,13.7,0.0,3450.0,-2.2,-120.0,22.1,-5.4,11.4,275,29.2,261,56,2025-05-09 22:00:00+00:00
28.9,76,24.1,1005.0,1005.7,1,0,1,0,6.9,225,13.7,0.0,2920.0,-1.6,-136.0,22.1,-5.6,11.5,277,29.0,263,58,2025-05-09 23:00:00+00:00
28.7,78,24.4,1006.0,1006.7,4,0,3,1,6.5,257,14.0,0.0,2340.0,-2.1,-147.0,22.3,-5.4,12.8,287,38.7,263,64,2025-05-10 00:00:00+00:00
30.3,74,25.1,1006.5,1007.2,5,0,1,4,6.5,226,15.8,0.0,2000.0,-2.8,-112.0,22.3,-5.1,13.5,290,37.4,264,63,2025-05-10 01:00:00+00:00
31.9,70,25.7,1007.1,1007.8,0,0,0,0,7.0,228,19.8,0.0,1860.0,-2.4,-56.0,22.3,-5.1,14.7,292,38.6,265,63,2025-05-10 02:00:00+00:00
34.3,59,25.1,1007.2,1007.9,1,0,1,0,7.8,236,22.7,0.0,2220.0,-1.3,-21.0,22.4,-4.9,14.4,288,41.0,265,66,2025-05-10 03:00:00+00:00
36.6,45,22.7,1007.1,1007.8,1,0,1,0,9.3,245,27.0,0.0,2550.0,-0.4,-23.0,22.6,-4.7,14.0,283,39.9,263,68,2025-05-10 04:00:00+00:00
38.2,36,20.7,1006.6,1007.3,5,0,1,4,10.2,252,29.5,0.0,2330.0,0.4,-33.0,22.2,-4.4,14.6,284,37.7,261,67,2025-05-10 05:00:00+00:00
39.1,32,19.4,1005.8,1006.5,4,0,1,3,10.7,261,31.0,0.0,2230.0,0.6,-30.0,21.4,-4.4,5.9,270,35.8,256,66,2025-05-10 06:00:00+00:00
39.6,30,18.9,1004.6,1005.3,5,0,1,4,10.3,270,31.3,0.0,2170.0,0.2,-21.0,21.6,-4.4,6.9,247,36.1,255,64,2025-05-10 07:00:00+00:00
38.5,32,19.1,1004.0,1004.7,32,0,24,11,12.2,269,35.3,0.0,2300.0,0.2,-28.0,22.0,-4.2,7.6,237,37.6,253,64,2025-05-10 08:00:00+00:00
38.0,34,19.3,1003.0,1003.7,62,0,14,56,9.4,296,33.5,0.0,2350.0,0.1,-38.0,22.4,-4.2,8.0,246,37.6,253,60,2025-05-10 09:00:00+00:00
37.5,37,20.2,1002.4,1003.1,17,0,7,10,10.1,301,27.7,0.0,2310.0,0.2,-58.0,22.3,-4.2,9.2,261,38.4,256,54,2025-05-10 10:00:00+00:00
37.0,38,20.2,1002.1,1002.8,8,0,3,5,9.3,306,28.1,0.0,2240.0,0.4,-79.0,22.2,-4.4,10.8,255,36.1,255,53,2025-05-10 11:00:00+00:00
36.3,40,20.5,1002.5,1003.2,4,0,3,1,7.4,292,24.5,0.0,2310.0,0.5,-66.0,23.4,-4.0,11.8,234,39.9,249,51,2025-05-10 12:00:00+00:00
35.0,47,22.1,1002.7,1003.4,15,0,0,15,5.1,129,15.1,0.0,2470.0,-0.4,-40.0,23.2,-4.2,10.1,262,39.9,249,52,2025-05-10 13:00:00+00:00
34.8,48,22.3,1003.7,1004.4,9,0,0,8,3.4,183,10.8,0.0,2350.0,-2.6,-46.0,23.3,-4.2,10.2,280,42.5,254,56,2025-05-10 14:00:00+00:00
34.3,47,21.3,1004.3,1005.0,1,0,0,1,7.6,184,14.8,0.0,3240.0,-3.1,-76.0,23.4,-4.2,11.2,297,43.4,256,54,2025-05-10 15:00:00+00:00
33.3,51,21.9,1005.2,1005.9,0,0,0,0,7.8,185,15.5,0.0,4060.0,-3.2,-100.0,23.5,-4.2,13.1,299,43.7,254,58,2025-05-10 16:00:00+00:00
32.1,62,23.9,1005.4,1006.1,0,0,0,0,8.0,186,15.8,0.0,3190.0,-3.4,-114.0,23.4,-4.4,12.7,291,42.2,255,59,2025-05-10 17:00:00+00:00
31.1,70,25.0,1005.0,1005.7,0,0,0,0,8.9,198,17.6,0.0,2910.0,-3.2,-99.0,23.2,-5.6,10.4,293,39.7,267,58,2025-05-10 18:00:00+00:00
30.7,71,24.9,1004.5,1005.2,2,0,2,0,8.9,205,18.7,0.0,2830.0,-2.9,-107.0,23.1,-5.6,9.8,283,40.8,268,62,2025-05-10 19:00:00+00:00
30.4,72,24.7,1004.2,1004.9,0,0,0,0,9.7,207,19.4,0.0,2840.0,-3.1,-107.0,22.8,-5.8,9.1,273,40.8,270,64,2025-05-10 20:00:00+00:00
30.1,72,24.5,1003.8,1004.5,2,0,2,0,9.2,203,20.2,0.0,2850.0,-4.0,-119.0,22.8,-6.1,8.7,264,42.0,272,67,2025-05-10 21:00:00+00:00
29.8,73,24.5,1003.9,1004.6,1,0,1,0,7.9,201,18.7,0.0,2670.0,-4.7,-125.0,22.9,-6.3,8.8,261,42.2,275,63,2025-05-10 22:00:00+00:00
29.5,75,24.6,1004.2,1004.9,3,0,3,0,7.3,205,15.8,0.0,2390.0,-4.9,-141.0,22.9,-6.1,9.7,259,42.4,278,60,2025-05-10 23:00:00+00:00
29.5,74,24.5,1004.7,1005.4,0,0,0,0,7.3,205,14.8,0.0,2120.0,-4.8,-169.0,23.3,-6.1,11.9,266,43.2,272,62,2025-05-11 00:00:00+00:00
31.5,62,23.4,1005.5,1006.2,36,0,8,31,9.5,255,22.7,0.0,2110.0,-4.4,-119.0,23.3,-5.8,11.9,268,43.2,270,63,2025-05-11 01:00:00+00:00
32.9,56,22.9,1005.9,1006.6,100,0,3,100,9.2,254,24.8,0.0,1870.0,-3.4,-62.0,23.2,-5.6,13.7,274,44.4,270,64,2025-05-11 02:00:00+00:00
34.9,48,22.1,1005.8,1006.5,100,0,2,100,6.9,263,24.5,0.0,1850.0,-2.3,-44.0,23.1,-5.6,16.1,278,43.2,270,68,2025-05-11 03:00:00+00:00
36.5,40,20.9,1005.7,1006.4,100,0,4,100,7.1,289,23.4,0.0,1290.0,-1.1,-46.0,22.8,-5.4,20.3,279,42.2,275,72,2025-05-11 04:00:00+00:00
37.7,36,20.0,1005.1,1005.8,100,0,0,100,7.5,290,25.2,0.0,1030.0,-0.2,-34.0,22.0,-5.4,21.0,268,41.1,277,62,2025-05-11 05:00:00+00:00
38.3,33,19.3,1004.1,1004.8,2,0,0,2,8.1,299,26.3,0.0,1360.0,-0.1,-65.0,21.7,-4.9,10.0,267,37.9,281,58,2025-05-11 06:00:00+00:00
39.7,29,18.5,1002.5,1003.2,2,0,2,0,7.4,284,28.1,0.0,1600.0,-0.1,-54.0,22.3,-4.7,7.9,260,36.7,281,58,2025-05-11 07:00:00+00:00
40.2,27,17.8,1001.1,1001.8,7,0,7,0,9.3,279,29.2,0.0,1740.0,-0.1,-70.0,22.8,-4.4,6.9,247,35.5,282,59,2025-05-11 08:00:00+00:00
40.1,27,17.7,1000.0,1000.7,15,0,14,1,11.7,285,32.0,0.0,1750.0,-0.2,-87.0,23.2,-4.2,7.5,245,34.4,282,56,2025-05-11 09:00:00+00:00
39.4,29,18.2,999.3,1000.0,20,0,10,11,12.7,288,33.5,0.0,1810.0,-0.3,-82.0,23.2,-4.0,9.0,240,33.0,280,62,2025-05-11 10:00:00+00:00
38.4,32,19.0,999.1,999.8,23,0,12,13,11.0,291,32.8,0.0,1800.0,0.0,-27.0,23.1,-3.7,11.2,243,32.0,283,56,2025-05-11 11:00:00+00:00
37.7,34,19.2,999.5,1000.2,17,0,9,9,6.0,303,27.7,0.0,1530.0,0.9,-32.0,24.6,-3.7,11.4,247,38.1,283,77,2025-05-11 12:00:00+00:00
35.5,45,21.7,1000.0,1000.7,16,0,16,1,2.5,86,9.0,0.0,1350.0,0.1,-93.0,23.7,-3.7,7.3,270,36.4,287,64,2025-05-11 13:00:00+00:00
35.0,47,21.9,1001.3,1002.0,10,0,10,0,4.8,149,9.4,0.0,1800.0,-0.9,-94.0,24.0,-3.3,8.4,283,36.4,287,61,2025-05-11 14:00:00+00:00
34.7,48,22.0,1002.0,1002.7,1,0,1,0,9.1,170,17.3,0.0,2660.0,-1.7,-113.0,23.4,-3.5,9.2,279,39.9,286,74,2025-05-11 15:00:00+00:00
33.3,55,23.1,1002.8,1003.5,2,0,2,0,12.0,192,26.6,0.0,1900.0,-1.2,-144.0,23.2,-4.2,12.3,255,36.1,291,69,2025-05-11 16:00:00+00:00
32.3,60,23.6,1003.1,1003.8,3,0,3,0,11.3,193,26.3,0.0,1450.0,-0.9,-148.0,22.6,-4.4,14.0,234,33.9,293,66,2025-05-11 17:00:00+00:00
31.6,64,23.8,1002.8,1003.5,7,0,7,0,11.7,195,24.8,0.0,1470.0,-1.9,-137.0,22.8,-4.4,16.9,246,35.0,292,70,2025-05-11 18:00:00+00:00
31.2,65,23.7,1002.4,1003.1,10,0,10,0,12.5,198,25.6,0.0,2210.0,-3.7,-138.0,22.7,-4.2,18.9,233,35.7,290,80,2025-05-11 19:00:00+00:00
31.0,65,23.5,1001.9,1002.6,34,0,34,0,12.2,200,25.9,0.0,2880.0,-5.5,-133.0,22.1,-4.2,14.9,232,36.6,293,86,2025-05-11 20:00:00+00:00
30.9,63,23.1,1001.8,1002.5,26,0,26,0,11.8,204,25.6,0.0,2360.0,-5.8,-133.0,21.8,-5.1,16.9,207,33.3,296,74,2025-05-11 21:00:00+00:00
31.0,58,21.8,1002.2,1002.9,20,0,20,2,14.0,229,28.8,0.0,1830.0,-6.0,-136.0,21.5,-5.4,19.4,221,31.5,288,80,2025-05-11 22:00:00+00:00
30.2,59,21.4,1001.8,1002.5,5,0,5,0,17.2,226,40.3,0.0,440.0,-5.7,-146.0,22.0,-5.6,25.1,225,35.7,290,71,2025-05-11 23:00:00+00:00
30.8,54,20.3,1001.8,1002.5,3,0,3,0,13.5,227,35.6,0.0,600.0,-4.7,-176.0,22.7,-5.8,23.3,235,35.5,294,68,2025-05-12 00:00:00+00:00
31.4,58,22.2,1002.9,1003.6,15,0,15,0,7.0,209,19.1,0.0,960.0,-3.7,-135.0,22.8,-5.6,28.7,243,33.0,289,72,2025-05-12 01:00:00+00:00
32.9,52,21.8,1003.4,1004.1,6,0,6,0,7.2,217,20.5,0.0,1240.0,-2.4,-108.0,20.6,-4.4,34.8,238,31.5,288,86,2025-05-12 02:00:00+00:00
35.1,45,21.5,1003.7,1004.4,2,0,2,0,6.7,216,22.0,0.0,730.0,-2.0,-66.0,21.8,-5.1,38.9,243,36.8,289,83,2025-05-12 03:00:00+00:00
37.5,38,20.6,1003.6,1004.3,15,0,15,0,6.5,236,22.7,0.0,780.0,-1.8,-17.0,22.0,-5.4,35.3,245,36.1,285,80,2025-05-12 04:00:00+00:00
39.1,33,19.7,1003.1,1003.8,11,0,10,1,8.0,262,29.5,0.0,1300.0,-1.7,-6.0,21.4,-4.9,26.3,244,34.1,280,81,2025-05-12 05:00:00+00:00
40.0,30,19.0,1001.9,1002.6,6,0,1,5,9.2,276,29.5,0.0,2680.0,-1.4,-4.0,21.4,-4.4,12.4,262,35.8,284,86,2025-05-12 06:00:00+00:00
39.4,31,19.4,1001.3,1002.0,54,0,9,49,14.6,271,36.7,0.1,2910.0,-1.4,-1.0,21.0,-4.2,7.3,266,33.8,287,74,2025-05-12 07:00:00+00:00
38.9,31,18.9,1000.7,1001.4,76,0,25,68,10.2,256,42.5,0.2,4020.0,-1.2,-4.0,21.4,-4.2,10.7,258,34.9,286,69,2025-05-12 08:00:00+00:00
35.5,48,22.9,1000.0,1000.7,49,0,2,48,7.3,293,39.2,0.2,4510.0,-0.8,-2.0,21.7,-4.0,13.2,268,34.6,290,73,2025-05-12 09:00:00+00:00
36.5,45,22.7,999.0,999.7,46,0,3,44,5.4,264,22.3,0.0,4150.0,-0.1,-17.0,21.7,-3.5,11.6,259,33.9,293,72,2025-05-12 10:00:00+00:00
36.9,42,21.9,998.7,999.4,33,2,2,31,6.5,257,19.1,0.0,3470.0,0.3,-4.0,21.8,-3.7,9.7,251,35.0,292,63,2025-05-12 11:00:00+00:00
36.4,41,21.2,999.0,999.7,26,0,1,25,4.7,270,20.9,0.0,2610.0,0.1,-7.0,22.3,-3.5,8.0,211,41.3,296,67,2025-05-12 12:00:00+00:00
34.0,50,22.2,1000.2,1000.9,46,0,34,30,11.4,175,23.4,0.0,2570.0,-2.2,-50.0,21.6,-2.8,11.3,194,36.1,291,73,2025-05-12 13:00:00+00:00
32.3,64,24.7,1001.3,1002.0,4,0,1,3,13.0,178,28.4,0.0,1260.0,-2.8,-74.0,21.7,-3.3,10.7,200,29.0,294,77,2025-05-12 14:00:00+00:00
31.2,72,25.6,1002.1,1002.8,5,0,5,0,13.4,172,29.5,0.0,1110.0,-4.5,-106.0,22.7,-4.0,15.1,224,27.6,304,69,2025-05-12 15:00:00+00:00
30.4,80,26.5,1002.7,1003.4,7,0,7,0,11.9,176,29.5,0.0,1500.0,-5.6,-92.0,23.3,-4.0,17.1,224,21.5,297,58,2025-05-12 16:00:00+00:00
30.2,82,26.8,1002.9,1003.6,6,0,6,0,10.9,174,25.6,0.0,2090.0,-6.2,-97.0,22.4,-3.3,23.2,216,26.3,300,62,2025-05-12 17:00:00+00:00
30.0,83,26.7,1002.6,1003.3,3,0,3,0,11.2,178,23.4,0.0,2710.0,-6.8,-76.0,22.0,-3.7,22.9,224,30.1,299,68,2025-05-12 18:00:00+00:00
30.0,82,26.5,1002.1,1002.8,2,0,2,0,12.3,183,26.3,0.0,2890.0,-7.2,-66.0,22.1,-4.0,20.9,224,27.4,299,77,2025-05-12 19:00:00+00:00
29.8,82,26.5,1001.8,1002.5,5,5,0,0,12.0,189,27.0,0.0,2140.0,-7.2,-55.0,20.8,-4.2,21.9,222,30.1,293,86,2025-05-12 20:00:00+00:00
29.7,85,26.8,1001.6,1002.3,5,5,0,0,12.3,194,26.3,0.0,1950.0,-7.3,-55.0,21.1,-4.2,26.3,217,28.1,290,86,2025-05-12 21:00:00+00:00
29.5,86,27.0,1001.6,1002.3,3,3,0,0,11.2,199,26.3,0.0,1950.0,-7.7,-65.0,21.7,-4.2,29.0,233,25.2,295,78,2025-05-12 22:00:00+00:00
29.4,87,27.0,1001.8,1002.5,1,1,0,0,10.5,200,23.4,0.0,1560.0,-7.2,-79.0,21.7,-3.7,32.9,246,26.6,306,80,2025-05-12 23:00:00+00:00
29.5,87,27.0,1002.4,1003.1,0,0,0,0,10.4,198,22.3,0.0,1760.0,-6.4,-93.0,22.1,-4.2,36.4,255,29.0,300,86,2025-05-13 00:00:00+00:00
29.6,81,25.9,1003.9,1004.6,36,20,20,0,9.7,223,20.9,0.0,1620.0,-5.1,-95.0,22.2,-4.4,36.6,259,26.3,294,79,2025-05-13 01:00:00+00:00
31.1,73,25.7,1004.7,1005.4,3,3,0,0,10.0,216,26.6,0.0,1550.0,-4.2,-66.0,22.1,-4.0,34.2,260,27.0,291,71,2025-05-13 02:00:00+00:00
33.2,64,25.3,1004.8,1005.5,0,0,0,0,9.6,213,27.0,0.0,1720.0,-3.3,-40.0,22.6,-3.7,34.2,260,26.3,294,73,2025-05-13 03:00:00+00:00
35.0,55,24.7,1004.8,1005.5,0,0,0,0,9.5,209,27.7,0.0,2340.0,-3.0,-25.0,22.1,-4.0,34.8,265,25.8,292,78,2025-05-13 04:00:00+00:00
36.7,49,24.2,1004.2,1004.9,1,0,0,0,9.8,204,29.5,0.0,2200.0,-3.3,-7.0,21.8,-4.2,30.1,273,26.2,286,83,2025-05-13 05:00:00+00:00
37.4,45,23.6,1003.4,1004.1,31,7,14,16,9.9,209,32.0,0.7,3450.0,-2.5,0.0,22.0,-4.0,18.7,267,24.7,284,77,2025-05-13 06:00:00+00:00
37.6,45,23.7,1002.4,1003.1,31,16,13,17,9.4,211,30.2,0.2,3340.0,-2.5,0.0,21.8,-3.7,16.1,278,24.7,284,72,2025-05-13 07:00:00+00:00
37.3,45,23.4,1001.6,1002.3,35,11,21,17,12.0,206,33.1,0.0,3240.0,-2.6,-1.0,22.0,-3.7,13.7,285,24.7,284,67,2025-05-13 08:00:00+00:00
36.8,47,23.5,1000.3,1001.0,59,25,31,37,12.5,217,33.8,0.0,3340.0,-2.5,-20.0,22.3,-3.7,11.9,274,25.1,287,60,2025-05-13 09:00:00+00:00
35.3,53,24.2,999.7,1000.4,52,3,9,46,12.2,206,33.1,0.6,2910.0,-2.5,-19.0,22.4,-3.5,10.1,265,23.1,279,51,2025-05-13 10:00:00+00:00
33.3,62,25.0,1000.3,1001.0,88,13,5,86,8.6,258,30.2,0.4,2430.0,-3.1,-8.0,22.3,-3.3,13.3,239,24.3,279,50,2025-05-13 11:00:00+00:00
32.6,67,25.6,1000.2,1000.9,17,0,1,16,8.3,196,21.6,0.0,2270.0,-5.2,-71.0,22.9,-3.3,9.4,247,29.4,282,48,2025-05-13 12:00:00+00:00
32.1,67,25.1,1001.3,1002.0,81,0,5,80,11.9,203,26.3,0.0,1700.0,-4.3,-186.0,23.4,-3.3,10.1,252,29.0,277,49,2025-05-13 13:00:00+00:00
31.5,72,25.8,1001.8,1002.5,16,0,6,11,12.3,194,26.3,0.0,2030.0,-2.3,-200.0,23.7,-3.3,10.6,239,29.4,282,50,2025-05-13 14:00:00+00:00
30.9,77,26.5,1002.7,1003.4,10,0,9,2,11.7,184,26.6,0.0,2180.0,-2.2,-209.0,23.8,-3.3,10.6,227,29.2,279,56,2025-05-13 15:00:00+00:00
30.5,79,26.5,1003.3,1004.0,9,0,5,4,12.4,180,26.6,0.0,2110.0,-4.8,-164.0,23.9,-3.5,11.3,220,28.0,280,63,2025-05-13 16:00:00+00:00
30.1,82,26.7,1003.3,1004.0,6,0,1,6,12.5,173,27.0,0.0,2320.0,-5.1,-177.0,23.8,-3.5,12.1,214,27.1,283,66,2025-05-13 17:00:00+00:00
29.8,84,26.8,1002.8,1003.5,0,0,0,0,12.1,175,27.0,0.0,2730.0,-5.6,-129.0,23.7,-4.0,15.7,197,22.1,283,73,2025-05-13 18:00:00+00:00
29.5,85,26.8,1002.6,1003.3,5,1,4,0,10.6,183,25.9,0.0,2870.0,-6.3,-101.0,23.4,-4.2,18.2,202,23.1,279,77,2025-05-13 19:00:00+00:00
29.4,87,26.9,1002.8,1003.5,19,13,7,0,9.6,194,22.0,0.0,3000.0,-6.7,-46.0,23.7,-4.4,19.8,206,22.8,273,82,2025-05-13 20:00:00+00:00
29.2,88,27.0,1003.0,1003.7,6,6,0,0,9.6,194,20.5,0.0,3000.0,-7.0,-71.0,23.5,-4.4,22.0,210,24.0,273,78,2025-05-13 21:00:00+00:00
29.1,89,27.1,1003.1,1003.8,4,2,2,0,10.1,192,21.6,0.0,2950.0,-7.0,-65.0,23.3,-4.7,22.4,218,25.2,273,74,2025-05-13 22:00:00+00:00
28.9,91,27.2,1003.4,1004.1,6,4,2,0,10.4,191,22.0,0.0,2840.0,-7.2,-49.0,23.4,-4.9,20.0,225,26.5,275,68,2025-05-13 23:00:00+00:00
29.0,90,27.3,1004.0,1004.7,8,8,0,0,11.1,187,23.8,0.0,2770.0,-7.1,-78.0,23.8,-5.1,17.4,237,30.9,283,53,2025-05-14 00:00:00+00:00
30.3,85,27.4,1004.6,1005.3,12,12,0,0,12.7,198,27.0,0.0,2780.0,-6.2,-116.0,23.8,-4.9,16.5,242,32.0,283,54,2025-05-14 01:00:00+00:00
31.7,77,27.1,1005.4,1006.1,15,15,0,0,12.8,208,30.2,0.0,2770.0,-3.2,-160.0,23.8,-4.7,16.3,247,32.0,283,49,2025-05-14 02:00:00+00:00
33.4,67,26.5,1005.7,1006.4,24,24,0,0,13.1,210,32.0,0.0,2730.0,-2.1,-120.0,23.7,-4.4,16.4,251,31.2,286,44,2025-05-14 03:00:00+00:00
35.0,59,25.8,1005.6,1006.3,15,15,0,0,12.4,206,32.4,0.0,2740.0,-2.7,-61.0,22.8,-4.2,14.9,243,30.0,286,32,2025-05-14 04:00:00+00:00
36.7,51,25.0,1005.3,1006.0,6,6,0,0,11.3,205,32.0,0.0,2750.0,-3.2,-21.0,22.8,-4.0,11.4,241,28.8,287,43,2025-05-14 05:00:00+00:00
37.8,46,24.2,1004.6,1005.3,15,14,8,0,11.0,199,30.6,0.0,3150.0,-3.4,-6.0,22.3,-4.0,5.8,231,28.8,287,48,2025-05-14 06:00:00+00:00
37.7,45,23.8,1003.6,1004.3,48,44,44,0,11.4,196,31.3,0.0,3350.0,-2.7,0.0,22.3,-3.7,5.3,239,30.8,291,47,2025-05-14 07:00:00+00:00
38.0,44,23.6,1002.4,1003.1,61,23,59,0,13.1,201,34.6,0.0,3420.0,-2.4,-1.0,22.1,-3.7,5.8,219,31.2,293,48,2025-05-14 08:00:00+00:00
37.8,44,23.5,1001.4,1002.1,49,22,48,0,12.3,212,34.2,0.0,3270.0,-2.4,-1.0,21.6,-3.7,8.1,223,32.8,294,51,2025-05-14 09:00:00+00:00
36.6,50,24.4,1001.0,1001.7,52,32,49,0,12.6,206,32.0,0.3,3080.0,-2.4,-1.0,21.7,-3.5,5.8,231,33.9,293,50,2025-05-14 10:00:00+00:00
35.4,56,25.3,1000.9,1001.6,55,25,47,3,12.8,197,31.0,0.0,3100.0,-2.4,-10.0,22.9,-3.0,4.9,248,33.9,293,46,2025-05-14 11:00:00+00:00
34.2,61,25.6,1001.1,1001.8,6,0,4,2,12.8,191,31.0,0.0,3730.0,-3.9,-17.0,22.9,-2.8,6.9,278,32.6,287,46,2025-05-14 12:00:00+00:00
33.2,65,25.7,1002.1,1002.8,26,1,5,23,11.5,182,27.0,0.0,3300.0,-5.1,-65.0,22.9,-2.8,7.1,285,32.0,283,52,2025-05-14 13:00:00+00:00
32.5,67,25.7,1003.3,1004.0,38,6,1,33,13.9,170,29.2,0.0,3880.0,-5.1,-110.0,23.2,-3.0,6.9,274,31.5,288,53,2025-05-14 14:00:00+00:00
31.3,73,25.9,1004.5,1005.2,45,0,2,45,15.2,173,38.2,0.0,3490.0,-6.9,-100.0,23.3,-3.5,5.6,215,29.0,294,54,2025-05-14 15:00:00+00:00
30.8,77,26.2,1004.7,1005.4,73,0,0,73,13.9,175,33.1,0.0,2770.0,-6.8,-118.0,23.2,-3.5,8.3,189,26.8,297,52,2025-05-14 16:00:00+00:00
30.4,79,26.2,1004.6,1005.3,35,0,0,35,14.9,180,32.0,0.0,2560.0,-7.0,-109.0,23.2,-3.3,12.0,189,26.3,294,52,2025-05-14 17:00:00+00:00
30.1,81,26.4,1004.2,1004.9,38,1,0,38,13.6,187,33.5,0.0,2230.0,-6.4,-101.0,23.1,-4.0,10.7,192,28.5,292,52,2025-05-14 18:00:00+00:00
29.7,83,26.5,1003.9,1004.6,48,4,1,45,11.2,184,29.5,0.0,2450.0,-6.1,-85.0,23.3,-4.2,12.3,202,28.5,285,53,2025-05-14 19:00:00+00:00
29.6,83,26.5,1003.8,1004.5,51,7,11,41,11.6,186,24.8,0.0,2520.0,-6.8,-79.0,23.3,-4.2,13.5,204,29.7,284,53,2025-05-14 20:00:00+00:00
29.5,85,26.6,1003.5,1004.2,9,7,3,0,12.6,193,27.0,0.0,2640.0,-7.3,-81.0,23.4,-4.4,13.9,207,29.7,284,57,2025-05-14 21:00:00+00:00
29.4,85,26.6,1003.6,1004.3,7,4,3,0,12.0,199,27.0,0.0,2760.0,-7.2,-82.0,23.5,-4.4,14.3,207,28.8,287,62,2025-05-14 22:00:00+00:00
29.3,85,26.6,1003.8,1004.5,1,1,0,0,12.2,204,25.9,0.0,2880.0,-7.1,-79.0,23.5,-4.9,13.0,205,27.7,288,67,2025-05-14 23:00:00+00:00
29.4,84,26.5,1004.2,1004.9,0,0,0,0,12.0,208,26.3,0.0,2920.0,-7.5,-82.0,23.8,-5.4,10.1,234,26.6,278,68,2025-05-15 00:00:00+00:00
30.9,78,26.7,1004.9,1005.6,14,13,1,0,12.4,206,27.7,0.0,2940.0,-7.4,-70.0,23.9,-5.1,9.1,233,25.3,275,69,2025-05-15 01:00:00+00:00
32.5,70,26.3,1005.4,1006.1,10,10,0,0,12.5,198,30.6,0.0,3010.0,-7.2,-60.0,23.9,-4.9,8.8,242,24.0,270,68,2025-05-15 02:00:00+00:00
34.3,61,25.6,1005.6,1006.3,16,15,2,0,12.4,193,32.4,0.0,3070.0,-7.5,-41.0,23.9,-4.4,8.8,249,22.8,267,66,2025-05-15 03:00:00+00:00
35.9,54,25.0,1005.7,1006.4,17,16,1,0,12.3,192,33.1,0.0,2780.0,-7.1,-21.0,23.2,-4.2,8.2,243,21.7,264,68,2025-05-15 04:00:00+00:00
37.1,49,24.6,1005.1,1005.8,21,20,6,0,12.3,192,33.8,0.0,2660.0,-6.4,-10.0,22.7,-4.0,7.1,230,22.1,257,72,2025-05-15 05:00:00+00:00
37.8,46,24.2,1004.3,1005.0,20,13,12,0,12.3,187,34.9,0.0,3530.0,-5.5,0.0,21.7,-3.7,8.8,208,23.6,255,77,2025-05-15 06:00:00+00:00
32.7,70,26.4,1004.2,1004.9,87,16,7,84,6.5,183,34.2,4.5,3600.0,-5.1,0.0,21.1,-3.5,11.4,196,23.3,258,77,2025-05-15 07:00:00+00:00
33.9,65,26.4,1002.8,1003.5,74,1,6,73,5.9,140,21.2,1.1,3650.0,-4.5,0.0,21.5,-3.3,9.7,188,25.3,265,72,2025-05-15 08:00:00+00:00
33.8,60,24.9,1001.2,1001.9,55,9,4,49,16.4,177,38.5,0.0,3690.0,-2.4,-6.0,22.3,-3.3,11.4,182,26.4,270,73,2025-05-15 09:00:00+00:00
34.4,59,25.1,1000.8,1001.5,57,1,3,56,14.9,179,38.5,0.0,3250.0,-4.0,-238.0,22.3,-3.0,14.7,187,26.6,278,71,2025-05-15 10:00:00+00:00
33.8,60,25.1,1001.7,1002.4,100,4,20,100,12.4,188,34.2,0.0,2830.0,-3.5,-248.0,22.1,-3.3,16.2,190,27.1,283,71,2025-05-15 11:00:00+00:00
32.9,64,25.1,1002.3,1003.0,100,1,3,100,13.8,197,29.5,0.0,2450.0,-4.2,-114.0,22.9,-3.3,14.5,193,28.1,290,69,2025-05-15 12:00:00+00:00
29.7,77,25.3,1003.5,1004.2,100,0,1,100,0.9,79,13.3,0.0,1980.0,-3.6,-105.0,22.7,-3.3,14.4,191,26.6,288,71,2025-05-15 13:00:00+00:00
29.6,80,25.7,1004.2,1004.9,100,0,6,100,4.8,127,11.9,0.0,1740.0,-3.4,-138.0,23.1,-3.5,15.6,195,26.3,294,69,2025-05-15 14:00:00+00:00
29.2,83,26.0,1004.7,1005.4,100,1,0,100,7.1,120,14.0,0.0,2080.0,-4.2,-164.0,23.1,-4.0,18.9,195,25.3,301,64,2025-05-15 15:00:00+00:00
29.4,83,26.3,1005.2,1005.9,93,0,1,93,9.5,144,18.4,0.0,2740.0,-5.1,-178.0,23.3,-4.2,17.9,195,24.7,299,61,2025-05-15 16:00:00+00:00
29.8,83,26.6,1005.2,1005.9,97,0,0,97,13.1,167,27.0,0.0,2980.0,-5.5,-153.0,23.5,-4.7,21.0,198,24.7,299,60,2025-05-15 17:00:00+00:00
29.6,84,26.5,1004.9,1005.6,99,0,15,99,13.6,175,28.8,0.0,2680.0,-5.5,-139.0,23.7,-4.9,18.2,198,26.3,300,61,2025-05-15 18:00:00+00:00
29.5,84,26.6,1004.6,1005.3,100,0,45,100,13.1,181,28.8,0.0,2880.0,-5.5,-138.0,23.8,-4.9,19.6,205,25.2,295,60,2025-05-15 19:00:00+00:00
29.2,85,26.4,1003.9,1004.6,99,0,13,98,13.5,183,29.2,0.0,2860.0,-5.5,-120.0,23.8,-4.9,18.7,214,24.3,290,61,2025-05-15 20:00:00+00:00
29.3,86,26.6,1003.5,1004.2,90,6,33,83,10.3,195,28.8,0.0,2800.0,-5.4,-133.0,23.8,-4.7,18.0,225,26.2,286,62,2025-05-15 21:00:00+00:00
29.1,87,26.8,1003.7,1004.4,34,24,0,13,6.4,202,21.2,0.0,2850.0,-5.7,-140.0,23.5,-4.7,17.4,237,25.7,281,62,2025-05-15 22:00:00+00:00
29.0,88,26.8,1004.0,1004.7,17,16,0,0,8.9,194,18.4,0.0,2790.0,-5.4,-114.0,23.3,-4.0,15.9,243,25.7,281,62,2025-05-15 23:00:00+00:00
29.1,88,26.9,1004.2,1004.9,8,7,0,0,9.5,194,19.4,0.0,2570.0,-5.7,-102.0,22.9,-4.0,15.7,253,29.2,289,66,2025-05-16 00:00:00+00:00
29.8,85,27.0,1004.7,1005.4,33,33,0,0,7.4,180,18.7,0.0,2520.0,-5.9,-87.0,22.6,-4.0,14.3,253,28.1,290,70,2025-05-16 01:00:00+00:00
31.2,78,26.8,1005.4,1006.1,23,21,1,3,11.2,210,26.6,0.2,2430.0,-5.8,-92.0,22.4,-3.7,13.8,253,28.5,292,74,2025-05-16 02:00:00+00:00
32.7,70,26.6,1005.5,1006.2,13,11,0,2,11.1,207,28.1,0.0,2320.0,-5.9,-58.0,22.2,-3.7,13.7,244,29.0,294,78,2025-05-16 03:00:00+00:00
34.1,63,26.1,1005.5,1006.2,16,15,0,1,11.2,196,29.5,0.0,2290.0,-5.5,-36.0,21.0,-3.5,13.6,220,26.6,288,83,2025-05-16 04:00:00+00:00
35.4,57,25.7,1005.1,1005.8,17,16,0,1,11.6,186,30.6,0.0,2400.0,-5.4,-5.0,21.0,-3.3,15.9,211,27.4,285,66,2025-05-16 05:00:00+00:00
36.4,53,25.2,1004.4,1005.1,20,17,6,0,11.3,187,31.3,0.1,2830.0,-4.9,0.0,21.4,-3.3,17.6,201,26.8,280,61,2025-05-16 06:00:00+00:00
33.8,61,25.3,1004.2,1004.9,76,34,40,44,9.6,189,31.0,1.5,2970.0,-4.5,0.0,20.9,-3.3,19.2,198,28.2,282,62,2025-05-16 07:00:00+00:00
33.7,63,25.7,1003.1,1003.8,51,6,44,7,8.1,181,27.4,0.5,3310.0,-3.4,-2.0,20.5,-3.3,15.9,204,28.2,282,51,2025-05-16 08:00:00+00:00
35.1,58,25.5,1001.6,1002.3,17,6,6,5,11.2,190,27.7,0.0,2470.0,-3.9,-19.0,21.4,-2.8,15.7,210,28.5,285,59,2025-05-16 09:00:00+00:00
35.1,57,25.2,1000.6,1001.3,9,1,4,5,14.5,199,33.8,0.0,2780.0,-3.6,-142.0,21.8,-2.6,15.9,219,28.1,290,53,2025-05-16 10:00:00+00:00
34.2,59,25.0,1000.9,1001.6,6,6,0,0,12.1,192,34.6,0.0,2430.0,-4.4,-31.0,21.8,-2.8,16.2,212,30.8,291,53,2025-05-16 11:00:00+00:00
33.3,60,24.5,1002.0,1002.7,39,19,31,1,9.5,182,29.9,0.4,2370.0,-4.8,-63.0,22.1,-3.0,12.6,206,33.4,291,49,2025-05-16 12:00:00+00:00
31.6,69,25.3,1002.7,1003.4,37,0,14,27,11.3,172,25.6,0.0,2370.0,-3.5,-85.0,22.2,-3.3,15.5,208,33.5,285,51,2025-05-16 13:00:00+00:00
31.2,69,24.9,1003.8,1004.5,27,0,3,25,12.4,180,27.4,0.0,2430.0,-4.9,-119.0,22.4,-3.3,16.2,218,36.1,285,53,2025-05-16 14:00:00+00:00
30.7,74,25.5,1004.3,1005.0,32,0,2,30,13.7,183,28.4,0.0,2510.0,-4.8,-143.0,22.7,-3.3,17.4,213,34.6,284,50,2025-05-16 15:00:00+00:00
30.3,79,26.2,1004.9,1005.6,29,1,0,28,13.0,180,29.2,0.0,2600.0,-4.6,-153.0,23.1,-4.2,17.7,206,32.6,287,49,2025-05-16 16:00:00+00:00
29.9,82,26.5,1005.3,1006.0,35,0,1,35,12.2,179,27.4,0.0,2770.0,-5.3,-129.0,23.1,-4.7,19.6,205,32.0,283,48,2025-05-16 17:00:00+00:00
29.5,85,26.7,1004.7,1005.4,41,0,0,41,12.1,179,25.6,0.0,2460.0,-5.8,-104.0,23.2,-4.9,15.9,204,33.9,293,61,2025-05-16 18:00:00+00:00
29.2,86,26.6,1004.3,1005.0,18,0,0,18,12.1,183,25.6,0.0,2610.0,-5.9,-74.0,23.2,-4.9,15.9,207,34.6,290,64,2025-05-16 19:00:00+00:00
28.9,87,26.6,1004.0,1004.7,0,0,0,0,11.3,187,25.6,0.0,2470.0,-6.1,-62.0,22.9,-5.1,15.9,204,35.8,284,70,2025-05-16 20:00:00+00:00
28.7,88,26.5,1003.3,1004.0,0,0,0,0,10.6,189,23.4,0.0,2450.0,-7.1,-41.0,22.9,-4.9,18.0,196,35.1,278,68,2025-05-16 21:00:00+00:00
28.5,89,26.4,1003.3,1004.0,0,0,0,0,10.8,190,23.0,0.0,2520.0,-7.6,-56.0,22.4,-5.1,19.5,201,34.8,272,67,2025-05-16 22:00:00+00:00
28.3,89,26.4,1003.8,1004.5,0,0,0,0,10.9,186,22.7,0.0,2440.0,-8.0,-71.0,22.1,-4.9,20.2,208,34.8,268,69,2025-05-16 23:00:00+00:00
28.4,89,26.5,1004.2,1004.9,12,12,0,0,11.2,185,23.8,0.0,1700.0,-7.5,-59.0,22.4,-5.4,17.4,210,36.7,259,67,2025-05-17 00:00:00+00:00
29.2,90,27.4,1005.3,1006.0,49,16,34,12,9.4,169,19.8,0.2,1770.0,-6.3,-86.0,22.1,-5.4,18.4,210,37.3,255,63,2025-05-17 01:00:00+00:00
30.4,83,27.3,1005.8,1006.5,60,5,35,40,11.4,169,26.3,0.0,1840.0,-5.6,-88.0,21.7,-5.4,17.7,215,40.7,256,64,2025-05-17 02:00:00+00:00
32.0,73,26.6,1005.9,1006.6,94,5,48,90,12.6,175,30.2,0.0,1710.0,-5.6,-64.0,21.6,-5.4,19.1,213,39.9,254,63,2025-05-17 03:00:00+00:00
32.6,68,26.0,1005.9,1006.6,90,7,59,81,14.1,174,33.1,0.0,1580.0,-5.7,-54.0,21.6,-5.4,19.7,214,39.5,250,59,2025-05-17 04:00:00+00:00
33.8,63,25.6,1005.5,1006.2,84,9,22,82,14.2,180,35.3,0.0,1390.0,-5.6,-37.0,21.8,-5.1,21.1,213,39.9,249,58,2025-05-17 05:00:00+00:00
34.5,59,25.3,1004.8,1005.5,14,13,1,1,14.1,187,35.6,0.0,1810.0,-5.8,-17.0,21.7,-4.9,18.8,203,38.3,250,58,2025-05-17 06:00:00+00:00
35.3,57,25.5,1003.7,1004.4,11,10,1,1,13.2,194,36.0,0.0,1560.0,-5.9,0.0,21.8,-4.2,19.9,196,38.1,257,57,2025-05-17 07:00:00+00:00
35.8,54,25.1,1002.4,1003.1,15,15,0,0,11.3,193,32.4,0.0,1600.0,-5.7,0.0,21.2,-4.2,19.9,189,38.9,261,59,2025-05-17 08:00:00+00:00
36.0,52,24.6,1001.4,1002.1,21,21,0,0,13.6,191,32.0,0.0,1430.0,-5.5,0.0,21.0,-3.7,20.6,186,37.5,263,51,2025-05-17 09:00:00+00:00
35.8,51,24.1,1001.3,1002.0,27,27,5,0,15.7,185,37.1,0.0,1360.0,-5.2,-1.0,20.9,-3.7,22.8,183,38.6,265,46,2025-05-17 10:00:00+00:00
33.9,58,24.5,1000.8,1001.5,42,40,16,0,19.8,182,43.6,0.0,1520.0,-5.0,-8.0,20.9,-3.7,22.9,185,42.0,270,47,2025-05-17 11:00:00+00:00
32.1,65,24.8,1001.4,1002.1,2,2,1,0,19.5,176,44.3,0.0,1850.0,-4.8,-44.0,22.1,-3.7,23.5,195,44.5,275,37,2025-05-17 12:00:00+00:00
30.5,74,25.4,1003.7,1004.4,100,5,3,100,12.3,198,33.1,0.0,1710.0,-3.1,-105.0,21.8,-3.7,20.5,197,42.3,277,42,2025-05-17 13:00:00+00:00
28.7,79,24.8,1005.6,1006.3,100,29,49,100,7.4,347,25.2,7.3,1970.0,-4.7,-118.0,22.0,-3.7,18.8,209,40.9,273,56,2025-05-17 14:00:00+00:00
26.7,94,25.7,1006.7,1007.4,100,25,100,100,9.3,54,21.6,1.0,1920.0,-6.0,-83.0,22.0,-4.2,18.6,211,42.6,280,56,2025-05-17 15:00:00+00:00
26.4,94,25.4,1006.7,1007.4,100,4,96,100,2.9,86,18.7,0.0,2030.0,-6.0,-84.0,23.1,-5.4,21.2,215,38.5,266,49,2025-05-17 16:00:00+00:00
26.8,93,25.6,1006.4,1007.1,100,0,100,100,8.8,118,17.3,0.0,1870.0,-6.6,-66.0,23.5,-4.7,21.1,217,35.1,262,50,2025-05-17 17:00:00+00:00
27.7,91,26.1,1005.9,1006.6,100,0,100,100,10.0,142,19.1,0.1,1820.0,-6.3,-8.0,22.8,-5.6,24.5,239,34.8,272,63,2025-05-17 18:00:00+00:00
28.0,90,26.1,1005.0,1005.7,98,0,23,97,12.5,159,25.9,0.0,1990.0,-7.1,-15.0,23.2,-6.1,23.5,241,30.1,265,64,2025-05-17 19:00:00+00:00
27.9,90,26.2,1004.5,1005.2,49,1,0,48,11.4,175,25.2,0.0,2030.0,-7.5,-1.0,23.7,-5.8,21.0,240,28.9,275,58,2025-05-17 20:00:00+00:00
27.9,90,26.2,1003.9,1004.6,1,1,0,0,12.1,183,24.1,0.0,2000.0,-7.9,-7.0,23.9,-5.8,19.9,238,26.2,286,52,2025-05-17 21:00:00+00:00
27.9,90,26.2,1003.9,1004.6,12,6,6,0,11.4,187,25.2,0.0,1950.0,-7.6,-12.0,23.2,-5.4,19.2,239,23.2,291,40,2025-05-17 22:00:00+00:00
27.8,91,26.2,1004.1,1004.8,22,21,1,0,10.7,188,23.4,0.0,1940.0,-7.9,-36.0,23.1,-5.4,16.6,233,23.6,294,33,2025-05-17 23:00:00+00:00
28.0,91,26.4,1004.5,1005.2,21,18,4,0,10.8,191,23.0,0.0,1250.0,-7.1,-36.0,23.1,-5.6,18.1,231,29.7,284,44,2025-05-18 00:00:00+00:00
27.8,92,26.3,1006.0,1006.7,73,13,60,29,6.8,117,14.8,0.0,1390.0,-6.9,-35.0,22.2,-5.8,17.2,220,33.5,285,44,2025-05-18 01:00:00+00:00
28.8,87,26.5,1006.9,1007.6,100,42,100,17,9.5,123,20.9,0.0,1410.0,-6.7,-35.0,21.5,-5.6,17.6,211,35.5,282,49,2025-05-18 02:00:00+00:00
29.5,83,26.4,1007.3,1008.0,100,28,100,88,9.5,136,25.9,0.1,1560.0,-6.2,-11.0,19.4,-5.4,17.1,189,35.5,282,54,2025-05-18 03:00:00+00:00
30.2,81,26.6,1007.5,1008.2,99,54,97,2,10.1,134,24.8,0.2,1390.0,-6.0,-5.0,19.8,-4.9,17.4,185,35.1,278,56,2025-05-18 04:00:00+00:00
31.6,73,26.2,1007.2,1007.9,100,100,38,46,6.4,170,25.6,0.3,1560.0,-5.8,0.0,20.2,-4.4,16.9,183,33.9,278,57,2025-05-18 05:00:00+00:00
30.3,73,25.0,1006.7,1007.4,38,10,11,22,11.1,122,28.8,0.8,1440.0,-6.1,0.0,20.0,-4.7,16.0,182,31.4,277,58,2025-05-18 06:00:00+00:00
31.6,70,25.5,1006.0,1006.7,27,16,10,9,8.9,137,27.0,0.1,2110.0,-5.6,0.0,19.9,-4.4,18.3,184,31.2,272,58,2025-05-18 07:00:00+00:00
32.6,66,25.5,1004.9,1005.6,48,39,21,5,7.9,139,27.0,0.4,2550.0,-5.0,0.0,19.6,-4.0,18.2,181,33.6,268,58,2025-05-18 08:00:00+00:00
28.9,75,24.1,1005.1,1005.8,89,78,50,25,18.6,166,44.3,0.6,2650.0,-3.9,-1.0,20.2,-4.4,12.1,200,32.4,270,56,2025-05-18 09:00:00+00:00
29.0,75,24.2,1003.7,1004.4,55,0,12,50,4.3,175,43.2,0.2,2560.0,-4.1,0.0,20.5,-4.2,12.3,184,33.6,268,53,2025-05-18 10:00:00+00:00
30.0,74,24.8,1003.7,1004.4,47,3,20,38,4.8,155,17.6,0.0,2410.0,-3.6,-11.0,20.3,-4.2,13.7,180,31.2,270,50,2025-05-18 11:00:00+00:00
30.0,76,25.2,1003.6,1004.3,47,31,5,20,5.8,178,13.0,0.0,2090.0,-3.1,-77.0,21.4,-4.0,15.9,204,36.0,270,50,2025-05-18 12:00:00+00:00
29.8,72,24.1,1004.0,1004.7,13,0,11,3,8.7,162,21.2,0.0,1980.0,-5.2,-108.0,21.6,-4.0,17.5,208,36.0,270,48,2025-05-18 13:00:00+00:00
29.4,75,24.5,1004.7,1005.4,74,0,29,73,8.5,182,17.6,0.0,1880.0,-4.0,-111.0,21.8,-4.0,17.4,213,34.8,270,48,2025-05-18 14:00:00+00:00
29.1,77,24.7,1005.1,1005.8,99,0,96,99,8.4,187,17.6,0.0,1750.0,-3.7,-146.0,22.0,-4.0,16.7,215,34.8,270,47,2025-05-18 15:00:00+00:00
28.7,81,25.2,1005.7,1006.4,100,0,46,100,6.0,163,16.9,0.0,1590.0,-4.6,-143.0,21.8,-4.2,15.4,214,33.6,270,49,2025-05-18 16:00:00+00:00
28.3,85,25.5,1006.2,1006.9,100,0,35,100,6.0,143,12.2,0.0,1470.0,-4.8,-104.0,21.7,-4.4,15.5,208,33.6,270,49,2025-05-18 17:00:00+00:00
27.9,87,25.6,1005.7,1006.4,100,0,99,76,9.9,159,19.8,0.0,1170.0,-5.2,-52.0,21.0,-4.7,15.8,213,28.8,272,52,2025-05-18 18:00:00+00:00
27.7,89,25.7,1005.0,1005.7,86,3,81,24,11.5,158,24.5,0.0,1240.0,-6.1,-38.0,20.6,-4.7,17.1,209,25.2,270,52,2025-05-18 19:00:00+00:00
27.6,89,25.7,1004.5,1005.2,21,10,3,10,9.6,159,24.8,0.0,1310.0,-6.2,-42.0,20.3,-4.4,17.9,207,25.2,267,51,2025-05-18 20:00:00+00:00
27.5,90,25.7,1004.4,1005.1,99,17,49,99,7.7,162,20.5,0.0,1370.0,-6.0,-14.0,20.2,-4.7,17.7,206,24.0,270,50,2025-05-18 21:00:00+00:00
27.5,90,25.7,1004.4,1005.1,35,2,5,31,7.0,170,15.8,0.0,1460.0,-6.3,-4.0,20.3,-4.7,16.6,201,20.4,270,50,2025-05-18 22:00:00+00:00
27.4,90,25.6,1004.6,1005.3,32,10,3,22,5.6,165,14.4,0.0,1510.0,-6.4,-12.0,20.0,-4.0,16.9,194,20.5,277,50,2025-05-18 23:00:00+00:00
27.5,90,25.7,1004.5,1005.2,7,6,1,0,5.7,143,11.2,0.0,1790.0,-6.0,-12.0,20.3,-4.4,22.0,204,23.9,288,52,2025-05-19 00:00:00+00:00
29.2,80,25.4,1006.0,1006.7,45,1,1,44,9.1,162,25.2,0.0,1700.0,-6.1,-14.0,20.0,-4.0,22.0,204,26.2,286,52,2025-05-19 01:00:00+00:00
30.5,72,24.9,1006.5,1007.2,22,2,17,4,10.2,171,24.1,0.0,1650.0,-5.5,-5.0,19.9,-4.0,23.6,205,27.1,283,53,2025-05-19 02:00:00+00:00
31.9,64,24.4,1006.5,1007.2,8,4,3,3,9.6,176,28.1,0.0,1670.0,-5.3,-6.0,20.3,-4.2,23.0,207,25.5,278,56,2025-05-19 03:00:00+00:00
33.4,58,24.0,1006.5,1007.2,11,6,4,3,9.4,175,28.1,0.0,1640.0,-4.9,0.0,20.2,-4.4,22.9,203,26.4,273,57,2025-05-19 04:00:00+00:00
34.7,53,23.8,1006.3,1007.0,24,11,12,4,9.4,175,29.2,0.0,1900.0,-5.5,0.0,20.0,-4.2,24.5,207,27.6,268,58,2025-05-19 05:00:00+00:00
35.6,50,23.4,1005.6,1006.3,100,100,17,4,11.4,165,30.2,0.0,2430.0,-5.4,-3.0,19.6,-4.2,24.1,199,26.8,260,54,2025-05-19 06:00:00+00:00
32.6,55,22.5,1005.1,1005.8,87,50,66,34,11.0,186,36.4,0.5,2580.0,-5.2,-1.0,19.9,-4.2,22.1,202,29.7,256,52,2025-05-19 07:00:00+00:00
34.0,54,23.4,1003.9,1004.6,41,2,9,34,8.5,167,29.2,0.2,2300.0,-4.5,0.0,19.9,-3.7,16.9,207,31.4,263,53,2025-05-19 08:00:00+00:00
34.5,53,23.6,1002.9,1003.6,92,85,25,37,9.6,168,28.1,0.0,1850.0,-4.0,-1.0,20.0,-3.5,16.4,214,32.5,266,49,2025-05-19 09:00:00+00:00
31.9,61,23.4,1003.1,1003.8,88,32,23,80,3.9,112,25.9,0.2,1700.0,-4.4,-6.0,20.5,-3.5,16.6,212,33.6,272,54,2025-05-19 10:00:00+00:00
32.0,63,23.9,1002.0,1002.7,85,8,13,82,7.6,153,18.4,0.1,1390.0,-4.0,0.0,21.0,-3.5,16.2,218,32.5,274,52,2025-05-19 11:00:00+00:00
31.4,65,24.1,1002.3,1003.0,62,8,6,56,8.1,155,25.9,0.0,1850.0,-4.0,-2.0,20.6,-3.5,15.8,213,34.6,284,50,2025-05-19 12:00:00+00:00
30.4,75,25.4,1002.9,1003.6,21,10,5,9,6.3,110,18.4,0.0,1990.0,-2.9,-9.0,20.5,-3.3,13.5,208,34.2,288,57,2025-05-19 13:00:00+00:00
29.8,78,25.5,1004.3,1005.0,13,3,2,8,6.6,112,16.6,0.0,1810.0,-3.8,-67.0,20.4,-3.3,12.3,202,31.9,290,60,2025-05-19 14:00:00+00:00
29.0,83,25.8,1005.4,1006.1,99,14,30,99,3.3,189,18.4,0.0,2170.0,-4.3,-76.0,20.8,-3.5,16.4,199,30.6,281,57,2025-05-19 15:00:00+00:00
26.8,87,24.4,1006.2,1006.9,100,13,66,100,8.9,251,20.2,0.4,2110.0,-4.5,-57.0,21.0,-3.5,19.4,207,30.0,272,53,2025-05-19 16:00:00+00:00
26.9,90,25.0,1005.6,1006.3,97,1,80,87,3.7,247,18.4,0.4,2000.0,-5.4,-41.0,21.4,-3.3,21.4,209,30.0,270,51,2025-05-19 17:00:00+00:00
27.5,89,25.6,1004.8,1005.5,89,6,0,89,4.5,164,7.2,0.0,2220.0,-5.2,-31.0,21.5,-4.0,18.8,219,30.0,272,53,2025-05-19 18:00:00+00:00
28.0,88,25.8,1003.8,1004.5,100,0,100,68,8.1,152,14.8,0.0,2230.0,-4.9,-58.0,21.6,-3.7,20.3,214,30.1,275,53,2025-05-19 19:00:00+00:00
28.1,87,25.7,1003.0,1003.7,62,2,12,57,10.1,169,20.5,0.0,2260.0,-5.9,-120.0,21.6,-3.7,21.1,213,30.4,279,51,2025-05-19 20:00:00+00:00
27.9,88,25.8,1002.7,1003.4,100,1,5,100,8.9,174,20.5,0.0,2190.0,-5.3,-126.0,21.5,-4.0,21.3,211,30.6,281,52,2025-05-19 21:00:00+00:00
27.8,90,25.9,1002.9,1003.6,95,12,1,94,8.3,179,17.6,0.0,2180.0,-5.8,-91.0,21.1,-4.0,19.8,209,27.1,283,54,2025-05-19 22:00:00+00:00
27.7,91,26.1,1003.0,1003.7,54,23,0,40,8.1,175,17.3,0.0,2090.0,-5.8,-18.0,21.0,-3.7,19.8,206,25.7,281,58,2025-05-19 23:00:00+00:00
27.9,91,26.2,1003.4,1004.1,28,11,0,20,8.5,173,17.3,0.0,2340.0,-5.3,-15.0,21.7,-4.2,22.9,215,28.0,280,59,2025-05-20 00:00:00+00:00
29.3,85,26.5,1003.3,1004.0,81,12,0,79,9.6,189,21.6,0.0,2280.0,-5.1,-1.0,21.6,-3.7,23.5,209,26.6,278,60,2025-05-20 01:00:00+00:00
30.7,77,26.2,1003.7,1004.4,21,20,0,0,13.8,194,31.7,0.0,2360.0,-5.3,-1.0,21.8,-3.5,23.8,206,26.6,278,61,2025-05-20 02:00:00+00:00
32.2,68,25.6,1004.2,1004.9,20,20,0,0,13.0,199,32.0,0.0,2190.0,-5.2,-6.0,20.6,-3.5,23.4,201,27.8,277,62,2025-05-20 03:00:00+00:00
33.3,62,25.1,1004.2,1004.9,15,14,1,1,12.6,197,31.3,0.0,1940.0,-5.2,-3.0,20.8,-3.5,21.9,201,27.8,277,67,2025-05-20 04:00:00+00:00
34.2,59,25.1,1004.2,1004.9,38,12,6,26,12.6,207,32.8,0.0,1870.0,-4.6,0.0,21.4,-3.7,21.9,197,27.8,277,70,2025-05-20 05:00:00+00:00
35.1,55,24.8,1003.7,1004.4,91,18,3,89,13.0,208,34.2,0.0,2360.0,-5.4,0.0,21.4,-3.7,25.5,204,24.0,270,70,2025-05-20 06:00:00+00:00
33.8,55,23.7,1003.3,1004.0,94,29,41,89,17.0,212,42.8,0.3,2570.0,-5.0,0.0,20.6,-3.5,22.2,215,21.9,261,67,2025-05-20 07:00:00+00:00
33.8,56,23.9,1001.8,1002.5,100,5,3,100,16.1,193,40.3,0.1,2680.0,-4.4,0.0,20.6,-3.5,22.9,224,21.6,267,56,2025-05-20 08:00:00+00:00
35.1,53,24.1,1000.3,1001.0,100,3,1,100,15.1,188,37.8,0.0,2340.0,-4.3,-5.0,21.1,-3.5,25.2,228,22.8,267,46,2025-05-20 09:00:00+00:00
34.9,52,23.6,1000.5,1001.2,100,4,3,100,13.9,184,37.4,0.0,2200.0,-3.5,-5.0,20.8,-3.5,21.7,219,22.8,270,51,2025-05-20 10:00:00+00:00
33.1,59,24.0,1001.3,1002.0,64,15,28,43,0.7,14,32.0,0.0,2150.0,-4.9,-7.0,21.2,-3.3,21.3,225,25.2,273,51,2025-05-20 11:00:00+00:00
26.1,92,24.7,1002.6,1003.3,100,14,99,97,5.1,225,37.1,6.2,2290.0,-6.9,-2.0,22.1,-3.3,18.8,231,25.2,270,52,2025-05-20 12:00:00+00:00
28.1,80,24.2,1003.3,1004.0,100,15,34,100,10.6,314,30.2,2.4,2210.0,-3.9,-50.0,21.5,-3.3,13.9,229,27.6,268,56,2025-05-20 13:00:00+00:00
27.6,88,25.3,1003.4,1004.1,100,1,1,100,2.5,45,18.7,0.3,2360.0,-3.9,-79.0,21.7,-3.5,10.6,239,27.6,270,57,2025-05-20 14:00:00+00:00
27.8,90,25.9,1004.0,1004.7,100,1,2,100,2.8,45,7.6,0.0,2380.0,-5.4,-73.0,22.2,-3.7,9.7,225,27.6,268,54,2025-05-20 15:00:00+00:00
28.5,87,26.0,1003.8,1004.5,100,0,1,100,8.2,139,14.4,0.0,2280.0,-6.3,-42.0,22.6,-4.0,10.4,203,27.6,268,52,2025-05-20 16:00:00+00:00
28.8,83,25.6,1003.7,1004.4,100,0,9,100,11.6,167,23.4,0.0,2400.0,-6.2,-8.0,23.1,-4.0,13.2,194,27.8,263,50,2025-05-20 17:00:00+00:00
28.6,84,25.6,1003.2,1003.9,100,1,47,100,12.3,177,25.6,0.0,1920.0,-6.1,-59.0,23.3,-4.2,16.5,204,30.4,261,51,2025-05-20 18:00:00+00:00
28.5,87,26.1,1003.1,1003.8,100,10,100,100,11.9,184,25.6,0.0,2000.0,-7.1,-49.0,23.3,-4.0,18.4,203,30.2,263,49,2025-05-20 19:00:00+00:00
28.6,88,26.4,1002.4,1003.1,100,4,100,100,14.2,177,29.5,0.1,1880.0,-7.7,-49.0,23.3,-4.2,20.0,204,30.2,263,52,2025-05-20 20:00:00+00:00
28.6,88,26.4,1002.0,1002.7,16,5,0,12,10.5,183,31.0,0.0,1910.0,-7.7,-52.0,23.1,-4.0,21.7,202,31.3,266,60,2025-05-20 21:00:00+00:00
28.4,89,26.3,1002.5,1003.2,8,8,0,0,10.5,185,22.3,0.0,1940.0,-7.5,-29.0,22.4,-3.7,23.4,201,31.2,270,68,2025-05-20 22:00:00+00:00
28.3,89,26.3,1003.0,1003.7,24,24,0,0,9.4,184,21.6,0.0,1990.0,-7.3,-31.0,21.8,-3.7,25.9,198,31.2,270,71,2025-05-20 23:00:00+00:00
28.5,88,26.3,1004.1,1004.8,28,23,6,0,9.2,179,19.1,0.0,1770.0,-7.7,-8.0,22.0,-4.4,22.0,207,35.0,264,63,2025-05-21 00:00:00+00:00
29.6,85,26.8,1004.9,1005.6,31,23,12,0,7.8,189,17.3,0.2,1910.0,-7.1,-9.0,21.6,-4.4,23.9,204,33.9,262,72,2025-05-21 01:00:00+00:00
30.9,77,26.5,1005.5,1006.2,13,11,3,0,10.5,199,24.8,0.2,2040.0,-6.7,-1.0,20.6,-4.4,23.7,203,32.0,257,74,2025-05-21 02:00:00+00:00
32.6,67,25.8,1005.8,1006.5,19,9,11,0,11.9,202,29.5,0.0,2140.0,-6.5,-3.0,20.2,-4.2,22.3,200,31.5,252,63,2025-05-21 03:00:00+00:00
34.0,61,25.3,1006.0,1006.7,50,18,30,26,11.4,201,30.2,0.0,1950.0,-6.1,-3.0,20.9,-4.0,21.2,199,30.8,249,48,2025-05-21 04:00:00+00:00
34.8,58,25.4,1005.9,1006.6,98,16,18,97,8.6,195,29.5,0.0,1940.0,-5.8,0.0,21.2,-3.7,17.2,202,32.3,248,54,2025-05-21 05:00:00+00:00
35.5,55,25.1,1004.9,1005.6,98,22,21,97,7.7,164,24.8,0.0,2440.0,-5.7,-6.0,20.2,-3.5,11.8,208,29.2,251,54,2025-05-21 06:00:00+00:00
35.3,54,24.6,1003.5,1004.2,49,13,33,13,12.3,168,33.1,0.2,2590.0,-5.4,-6.0,20.6,-3.5,8.6,205,31.5,252,42,2025-05-21 07:00:00+00:00
35.0,54,24.4,1002.4,1003.1,36,4,34,0,11.5,172,32.4,0.1,2510.0,-4.5,0.0,20.6,-3.5,5.8,198,31.2,254,42,2025-05-21 08:00:00+00:00
36.1,50,24.1,1001.5,1002.2,89,9,9,86,8.2,166,28.8,0.0,2690.0,-4.1,-1.0,21.0,-3.3,2.6,225,32.6,253,47,2025-05-21 09:00:00+00:00
34.7,52,23.5,1001.5,1002.2,96,35,47,92,8.3,175,25.6,0.4,2530.0,-4.7,-7.0,20.6,-3.0,4.6,174,32.3,255,48,2025-05-21 10:00:00+00:00
34.2,57,24.5,1001.0,1001.7,85,22,18,79,11.3,160,25.9,0.1,2220.0,-5.8,-5.0,21.5,-2.8,5.7,151,33.0,260,58,2025-05-21 11:00:00+00:00
32.7,64,25.0,1001.3,1002.0,59,31,24,37,11.5,158,27.7,0.6,2820.0,-4.8,-51.0,21.0,-2.6,11.4,157,36.7,259,46,2025-05-21 12:00:00+00:00
31.0,73,25.7,1002.4,1003.1,100,17,40,99,9.4,162,25.9,0.0,2490.0,-5.4,-34.0,20.9,-3.0,11.8,152,34.9,266,51,2025-05-21 13:00:00+00:00
25.6,98,25.2,1004.2,1004.9,99,49,45,98,9.7,22,31.0,5.6,2310.0,-6.7,-7.0,20.9,-3.0,14.5,152,32.6,264,58,2025-05-21 14:00:00+00:00
26.3,93,25.2,1005.2,1005.9,87,8,43,76,5.7,49,19.4,0.3,2030.0,-6.3,-8.0,20.9,-2.8,16.4,161,32.8,262,71,2025-05-21 15:00:00+00:00
26.0,97,25.5,1005.9,1006.6,100,28,51,100,6.3,63,20.9,1.8,2370.0,-6.2,-7.0,20.8,-3.3,14.7,158,33.6,272,72,2025-05-21 16:00:00+00:00
26.3,95,25.4,1006.3,1007.0,100,30,6,100,5.1,63,13.3,0.1,2290.0,-6.5,-8.0,21.2,-3.7,15.6,159,33.9,278,57,2025-05-21 17:00:00+00:00
26.6,96,25.9,1005.7,1006.4,100,6,100,100,6.8,143,13.0,1.2,1620.0,-4.9,-31.0,20.6,-4.2,15.8,168,31.6,279,53,2025-05-21 18:00:00+00:00
27.2,96,26.5,1004.2,1004.9,100,0,15,100,9.4,168,17.3,2.1,1560.0,-4.3,-28.0,21.1,-3.7,18.2,180,30.2,277,50,2025-05-21 19:00:00+00:00
27.4,97,26.8,1003.1,1003.8,100,11,0,100,8.7,193,17.6,2.0,1390.0,-3.6,-78.0,21.1,-3.7,18.7,184,31.4,277,48,2025-05-21 20:00:00+00:00
27.3,97,26.7,1001.9,1002.6,100,25,0,100,11.2,199,20.9,0.6,1340.0,-3.0,-97.0,20.9,-3.5,17.9,186,31.4,277,48,2025-05-21 21:00:00+00:00
27.0,96,26.2,1002.9,1003.6,100,11,48,100,8.7,204,22.3,0.0,1350.0,-3.3,-99.0,20.8,-3.7,16.6,188,30.1,275,51,2025-05-21 22:00:00+00:00
26.5,94,25.5,1003.3,1004.0,100,5,2,100,10.1,184,20.5,0.0,1340.0,-4.5,-95.0,20.6,-3.5,13.9,189,27.6,268,53,2025-05-21 23:00:00+00:00
26.4,94,25.4,1004.1,1004.8,100,17,0,100,4.9,188,19.4,0.0,860.0,-4.1,-127.0,20.4,-3.7,12.3,202,26.5,275,52,2025-05-22 00:00:00+00:00
26.7,92,25.3,1004.0,1004.7,100,0,99,100,6.7,5,15.5,0.0,860.0,-3.4,-115.0,20.2,-3.7,10.8,195,25.3,265,52,2025-05-22 01:00:00+00:00
27.0,90,25.2,1005.5,1006.2,100,11,81,100,9.4,40,21.6,0.0,870.0,-2.5,-85.0,19.9,-3.7,11.5,189,25.5,262,51,2025-05-22 02:00:00+00:00
28.5,82,25.0,1006.1,1006.8,100,45,0,100,8.8,55,25.2,0.1,890.0,-1.3,-61.0,19.2,-3.5,8.3,189,24.7,256,50,2025-05-22 03:00:00+00:00
29.8,75,24.9,1006.1,1006.8,100,45,1,100,6.8,102,22.7,0.1,860.0,-1.3,-13.0,19.8,-3.3,7.4,191,25.4,251,49,2025-05-22 04:00:00+00:00
31.1,69,24.7,1005.7,1006.4,97,31,1,95,4.4,122,19.8,0.0,970.0,0.1,-2.0,20.2,-3.3,6.1,193,25.8,248,51,2025-05-22 05:00:00+00:00
32.0,64,24.4,1004.7,1005.4,100,20,0,100,2.2,76,15.5,0.0,1520.0,-0.5,-5.0,19.7,-3.5,1.9,194,24.7,247,57,2025-05-22 06:00:00+00:00
32.6,61,24.2,1003.6,1004.3,75,4,6,73,1.1,90,13.7,0.0,1520.0,-0.8,-3.0,19.3,-3.3,2.0,117,26.8,243,64,2025-05-22 07:00:00+00:00
32.9,60,24.1,1002.7,1003.4,99,3,18,99,2.4,9,15.1,0.0,1520.0,-1.0,-2.0,19.7,-3.5,0.6,135,26.3,246,66,2025-05-22 08:00:00+00:00
32.6,61,24.1,1001.7,1002.4,95,16,18,93,4.9,4,16.2,0.0,1350.0,-1.2,-1.0,19.9,-3.3,1.9,76,31.2,247,61,2025-05-22 09:00:00+00:00
32.1,63,24.3,1000.9,1001.6,99,10,68,97,5.5,9,16.2,0.0,1320.0,-2.4,-7.0,20.0,-3.3,4.9,56,32.3,248,52,2025-05-22 10:00:00+00:00
31.6,66,24.4,1000.4,1001.1,99,5,12,98,5.7,46,15.5,0.0,1280.0,-2.0,-35.0,19.8,-3.5,6.1,42,32.3,255,60,2025-05-22 11:00:00+00:00
31.0,70,24.9,1000.8,1001.5,91,2,12,89,3.5,69,14.4,0.0,1440.0,-1.1,-38.0,20.2,-3.3,6.2,54,27.4,255,58,2025-05-22 12:00:00+00:00
29.7,78,25.3,1002.0,1002.7,100,2,20,100,5.2,94,11.2,0.0,1660.0,-1.5,-30.0,20.5,-3.0,7.5,52,30.0,254,59,2025-05-22 13:00:00+00:00
29.5,78,25.3,1002.6,1003.3,100,2,73,100,3.8,82,10.4,0.0,1730.0,-0.2,0.0,20.8,-3.0,8.0,59,31.5,252,57,2025-05-22 14:00:00+00:00
29.3,77,25.0,1003.1,1003.8,100,16,99,100,6.9,123,13.0,0.0,1690.0,1.1,-80.0,21.2,-3.0,6.4,82,33.2,257,56,2025-05-22 15:00:00+00:00
28.7,81,25.1,1003.2,1003.9,100,0,90,100,6.6,147,15.8,0.0,2050.0,0.7,-153.0,21.2,-3.3,5.8,72,35.0,264,54,2025-05-22 16:00:00+00:00
28.2,84,25.1,1003.4,1004.1,100,0,94,100,7.2,143,14.8,0.0,2120.0,0.0,-132.0,21.2,-3.0,5.6,76,36.3,262,54,2025-05-22 17:00:00+00:00
27.8,85,25.1,1003.3,1004.0,100,1,33,100,7.1,156,14.8,0.0,1830.0,-0.8,-73.0,20.6,-3.3,6.4,94,33.9,262,58,2025-05-22 18:00:00+00:00
27.5,88,25.2,1002.8,1003.5,100,2,51,100,6.2,165,14.8,0.0,1470.0,-0.9,-45.0,20.4,-3.0,6.9,113,32.3,255,57,2025-05-22 19:00:00+00:00
27.4,89,25.5,1002.5,1003.2,100,1,34,100,6.6,167,14.4,0.0,1350.0,-0.8,-53.0,20.2,-3.0,8.8,129,29.6,249,67,2025-05-22 20:00:00+00:00
27.2,91,25.5,1002.1,1002.8,100,1,95,100,7.1,161,15.1,0.0,1300.0,-0.7,-58.0,19.9,-3.0,10.0,141,26.8,243,63,2025-05-22 21:00:00+00:00
27.1,91,25.5,1001.7,1002.4,72,2,4,70,6.3,153,14.8,0.0,1170.0,-1.5,-69.0,19.8,-3.3,9.8,143,26.0,236,61,2025-05-22 22:00:00+00:00
26.8,93,25.5,1001.9,1002.6,67,7,13,59,4.3,163,13.0,0.0,1010.0,-1.3,-70.0,19.8,-3.3,11.3,140,26.3,227,60,2025-05-22 23:00:00+00:00
26.9,93,25.6,1002.3,1003.0,100,4,1,100,3.6,135,9.0,0.0,1070.0,-1.1,-80.0,19.7,-3.5,9.7,139,23.8,225,61,2025-05-23 00:00:00+00:00
27.7,86,25.0,1002.9,1003.6,91,30,49,80,6.5,214,15.1,1.1,1050.0,-1.6,-64.0,19.6,-3.5,10.0,133,24.6,227,59,2025-05-23 01:00:00+00:00
28.0,87,25.7,1003.4,1004.1,52,31,25,13,5.3,156,15.8,0.2,890.0,-2.7,-37.0,19.7,-3.3,10.1,126,23.8,229,57,2025-05-23 02:00:00+00:00
29.2,82,25.8,1003.7,1004.4,68,14,39,47,3.1,114,14.4,0.1,780.0,-2.5,-9.0,19.7,-3.0,10.5,124,24.6,227,57,2025-05-23 03:00:00+00:00
30.4,76,25.6,1003.6,1004.3,100,4,100,90,3.5,111,16.6,0.0,790.0,-3.2,0.0,19.7,-3.0,10.4,119,25.5,221,57,2025-05-23 04:00:00+00:00
30.4,74,25.3,1003.3,1004.0,100,11,100,71,3.6,84,15.1,0.0,800.0,-3.4,0.0,20.2,-3.3,10.2,117,25.7,217,56,2025-05-23 05:00:00+00:00
30.7,73,25.4,1002.6,1003.3,62,7,56,9,3.0,73,15.1,0.0,1060.0,-3.5,0.0,20.2,-3.0,7.5,115,24.0,217,66,2025-05-23 06:00:00+00:00
31.9,70,25.8,1001.3,1002.0,18,5,3,12,4.2,31,17.6,0.0,1260.0,-2.8,0.0,20.0,-3.3,7.6,107,24.0,217,67,2025-05-23 07:00:00+00:00
30.9,71,25.1,1000.5,1001.2,100,97,67,99,8.4,165,22.3,0.8,1250.0,-2.9,-2.0,20.0,-3.0,5.9,90,25.7,217,67,2025-05-23 08:00:00+00:00
27.2,90,25.4,1000.0,1000.7,75,1,60,56,5.1,148,26.6,1.6,1280.0,-3.0,-3.0,19.9,-3.0,7.1,75,28.0,223,71,2025-05-23 09:00:00+00:00
27.7,88,25.6,999.3,1000.0,35,0,30,25,3.6,120,16.9,0.6,1180.0,-3.1,-9.0,19.8,-3.0,9.4,76,27.2,225,69,2025-05-23 10:00:00+00:00
28.6,85,25.8,998.8,999.5,22,0,19,4,3.2,133,11.9,0.0,840.0,-3.3,-12.0,19.6,-2.6,13.2,88,28.1,230,70,2025-05-23 11:00:00+00:00
28.6,85,25.7,999.4,1000.1,29,0,23,12,4.8,117,11.9,0.0,870.0,-3.2,-22.0,19.7,-2.3,11.5,99,25.0,235,70,2025-05-23 12:00:00+00:00
26.4,93,25.1,1000.4,1001.1,100,10,98,91,3.2,87,10.8,0.6,1200.0,-2.9,-31.0,19.7,-2.6,12.3,112,25.8,242,68,2025-05-23 13:00:00+00:00
26.4,93,25.1,1001.1,1001.8,100,0,100,99,4.5,56,9.7,0.0,1270.0,-3.3,-34.0,19.7,-2.6,11.8,118,23.2,249,66,2025-05-23 14:00:00+00:00
26.3,94,25.2,1001.7,1002.4,100,0,100,100,6.1,90,12.6,0.0,1250.0,-3.2,-26.0,19.7,-2.3,12.0,127,21.3,254,66,2025-05-23 15:00:00+00:00
26.4,94,25.3,1002.2,1002.9,100,1,1,100,6.8,107,13.3,0.0,1050.0,-2.2,-28.0,19.7,-1.9,13.6,140,22.4,254,64,2025-05-23 16:00:00+00:00
26.5,93,25.3,1002.6,1003.3,100,5,5,100,5.2,90,12.6,0.0,710.0,-2.1,-36.0,19.7,-1.9,14.5,148,21.0,257,69,2025-05-23 17:00:00+00:00
26.5,94,25.5,1002.4,1003.1,100,34,6,100,3.9,66,10.1,0.0,560.0,-2.3,-27.0,19.3,-2.3,14.8,162,18.3,247,78,2025-05-23 18:00:00+00:00
26.5,95,25.6,1001.6,1002.3,100,5,9,100,5.0,77,10.4,0.3,280.0,-2.3,-29.0,19.6,-2.6,15.9,167,19.4,248,79,2025-05-23 19:00:00+00:00
26.2,97,25.6,1001.1,1001.8,100,8,14,100,2.7,82,9.7,0.0,230.0,-2.3,-26.0,19.7,-2.6,14.0,167,18.3,247,80,2025-05-23 20:00:00+00:00
26.1,97,25.5,1000.8,1001.5,100,34,22,100,1.8,37,5.4,0.3,260.0,-2.9,-28.0,19.7,-2.6,11.4,164,20.1,253,80,2025-05-23 21:00:00+00:00
25.9,98,25.5,1000.8,1001.5,100,46,29,100,3.8,357,8.6,0.2,350.0,-3.1,-25.0,19.7,-2.6,10.0,156,21.6,251,77,2025-05-23 22:00:00+00:00
25.3,97,24.7,1001.3,1002.0,98,17,33,96,4.7,43,11.9,2.9,460.0,-3.2,-24.0,19.7,-2.6,8.6,148,22.4,254,74,2025-05-23 23:00:00+00:00
25.5,98,25.1,1001.7,1002.4,92,4,27,89,4.1,23,9.4,0.1,680.0,-3.6,-19.0,19.7,-2.6,7.5,128,17.5,254,76,2025-05-24 00:00:00+00:00
27.2,94,26.2,1002.6,1003.3,90,2,9,89,5.6,29,13.3,0.0,870.0,-3.9,-20.0,19.7,-2.6,7.8,126,17.2,258,76,2025-05-24 01:00:00+00:00
28.4,89,26.4,1003.1,1003.8,99,3,5,98,6.7,38,19.4,0.1,940.0,-3.9,-29.0,19.7,-2.8,9.2,117,14.8,256,80,2025-05-24 02:00:00+00:00
29.6,82,26.3,1003.4,1004.1,99,10,14,98,6.0,46,19.4,0.1,1060.0,-2.9,-10.0,19.7,-2.8,9.2,110,12.9,248,79,2025-05-24 03:00:00+00:00
30.7,77,26.1,1003.3,1004.0,100,4,18,100,7.4,43,22.7,0.1,1280.0,-2.1,0.0,19.7,-2.8,8.6,108,12.4,241,79,2025-05-24 04:00:00+00:00
31.5,72,25.8,1003.2,1003.9,100,9,9,100,7.0,72,22.7,0.1,1410.0,-2.2,0.0,19.6,-2.8,8.2,117,12.0,233,80,2025-05-24 05:00:00+00:00
32.4,67,25.5,1002.6,1003.3,100,25,9,100,8.0,84,24.1,0.0,1300.0,-2.4,0.0,18.8,-2.6,8.2,90,15.4,219,79,2025-05-24 06:00:00+00:00
32.6,65,25.1,1001.4,1002.1,98,34,8,97,7.6,95,24.5,0.0,1420.0,-2.1,-7.0,18.9,-2.3,8.8,81,15.3,225,77,2025-05-24 07:00:00+00:00
32.3,67,25.4,1000.2,1000.9,100,12,27,100,6.8,101,22.7,0.1,1290.0,-2.6,-3.0,19.4,-2.3,11.1,81,17.0,225,77,2025-05-24 08:00:00+00:00
30.9,73,25.6,999.2,999.9,100,24,18,100,6.5,85,21.6,0.1,1220.0,-2.9,0.0,19.6,-2.1,11.9,83,14.4,228,71,2025-05-24 09:00:00+00:00
30.0,74,24.8,999.3,1000.0,100,32,60,100,5.2,112,18.7,0.8,1430.0,-2.8,-1.0,19.4,-1.9,11.2,102,13.6,225,68,2025-05-24 10:00:00+00:00
30.0,75,25.0,999.3,1000.0,100,19,30,100,3.7,137,14.4,0.2,1190.0,-2.3,-4.0,19.8,-1.6,12.7,120,12.8,221,76,2025-05-24 11:00:00+00:00
29.9,76,25.2,999.9,1000.6,100,8,13,99,3.3,81,10.8,0.0,1210.0,-3.1,0.0,20.3,-1.6,11.9,137,10.2,225,70,2025-05-24 12:00:00+00:00
28.2,90,26.4,1000.9,1001.6,100,0,8,100,1.0,59,5.8,0.0,1090.0,-3.6,-6.0,20.5,-1.6,10.0,150,9.4,220,71,2025-05-24 13:00:00+00:00
28.0,92,26.5,1001.8,1002.5,100,14,3,100,2.8,72,5.8,0.0,1010.0,-3.8,-11.0,20.3,-1.6,9.2,147,7.7,219,69,2025-05-24 14:00:00+00:00
27.7,93,26.6,1002.6,1003.3,100,0,17,100,4.7,108,9.0,0.0,1090.0,-3.3,-11.0,20.2,-1.6,10.6,137,10.3,216,67,2025-05-24 15:00:00+00:00
27.6,93,26.4,1003.1,1003.8,100,0,2,100,5.4,92,10.4,0.0,1140.0,-3.0,-7.0,20.0,-1.4,12.3,132,11.3,212,67,2025-05-24 16:00:00+00:00
27.5,93,26.4,1003.4,1004.1,100,15,3,100,4.9,126,10.8,0.0,1170.0,-3.1,-5.0,20.0,-1.6,12.9,132,11.3,212,69,2025-05-24 17:00:00+00:00
27.5,93,26.3,1003.0,1003.7,100,15,11,100,3.9,118,9.4,0.0,1150.0,-2.7,-11.0,19.8,-2.3,13.2,153,14.6,215,73,2025-05-24 18:00:00+00:00
27.3,94,26.2,1002.5,1003.2,100,19,18,100,3.9,114,7.9,0.0,1040.0,-2.1,-16.0,20.0,-2.3,13.0,155,14.4,222,78,2025-05-24 19:00:00+00:00
27.1,94,26.0,1001.8,1002.5,99,13,14,99,3.9,118,7.9,0.0,950.0,-1.8,-14.0,19.9,-2.6,12.1,160,13.6,225,80,2025-05-24 20:00:00+00:00
26.8,94,25.7,1001.5,1002.2,100,26,18,100,4.7,148,9.7,0.1,910.0,-2.2,-14.0,19.9,-2.8,10.4,151,12.8,229,80,2025-05-24 21:00:00+00:00
26.8,93,25.6,1001.1,1001.8,100,10,8,100,1.1,108,9.0,0.0,880.0,-2.6,-12.0,19.7,-2.8,8.8,141,11.1,229,80,2025-05-24 22:00:00+00:00
26.4,95,25.6,1001.6,1002.3,100,91,23,100,1.4,113,5.0,0.0,790.0,-2.7,-14.0,19.7,-2.6,8.7,133,10.3,234,80,2025-05-24 23:00:00+00:00
26.3,90,24.6,1002.5,1003.2,100,100,48,100,3.0,346,7.2,1.2,930.0,-2.7,-15.0,19.9,-2.1,6.8,138,17.1,219,77,2025-05-25 00:00:00+00:00
26.9,93,25.6,1003.0,1003.7,100,1,16,100,7.0,72,18.7,0.1,810.0,-2.9,-8.0,19.8,-2.1,8.4,119,16.1,222,74,2025-05-25 01:00:00+00:00
28.0,87,25.6,1003.6,1004.3,100,5,5,100,6.2,75,17.6,0.0,890.0,-2.7,-5.0,19.9,-2.1,9.4,119,13.6,225,79,2025-05-25 02:00:00+00:00
29.2,82,25.9,1004.0,1004.7,100,25,9,99,7.4,89,21.2,0.0,1210.0,-2.6,0.0,19.7,-2.3,12.5,123,10.2,225,80,2025-05-25 03:00:00+00:00
30.3,80,26.4,1004.2,1004.9,97,47,8,94,7.7,93,22.0,0.1,1230.0,-2.8,0.0,19.7,-2.3,14.0,126,9.4,220,79,2025-05-25 04:00:00+00:00
30.9,76,26.2,1004.1,1004.8,100,100,17,93,8.0,104,24.1,0.3,1450.0,-3.7,0.0,19.7,-2.3,15.0,125,8.7,214,80,2025-05-25 05:00:00+00:00
29.3,79,25.3,1003.5,1004.2,100,49,20,100,10.3,128,27.4,7.3,1600.0,-3.9,0.0,19.1,-1.9,12.6,134,7.3,189,81,2025-05-25 06:00:00+00:00
29.5,80,25.7,1002.3,1003.0,100,22,24,100,7.0,125,25.9,0.4,1670.0,-3.8,0.0,19.2,-1.9,14.2,138,7.2,180,80,2025-05-25 07:00:00+00:00
29.4,79,25.4,1001.5,1002.2,100,25,43,100,9.4,120,23.8,0.5,1800.0,-3.6,0.0,19.3,-1.6,15.6,142,9.7,173,77,2025-05-25 08:00:00+00:00
30.3,76,25.6,1000.3,1001.0,100,30,2,100,7.7,129,22.7,0.1,1430.0,-3.2,0.0,19.8,-1.6,16.7,145,11.1,167,70,2025-05-25 09:00:00+00:00
30.4,76,25.6,999.9,1000.6,100,33,1,100,9.3,143,23.4,0.1,1260.0,-3.1,-5.0,19.9,-1.4,15.0,145,11.1,167,69,2025-05-25 10:00:00+00:00
29.8,78,25.6,1000.0,1000.7,100,18,4,100,9.3,146,22.3,0.2,970.0,-2.8,-12.0,20.3,-1.4,15.2,147,9.9,166,73,2025-05-25 11:00:00+00:00
29.5,82,26.1,1000.8,1001.5,100,12,9,100,4.4,145,21.2,0.0,1200.0,-2.4,-39.0,20.8,-1.4,16.6,172,8.7,164,68,2025-05-25 12:00:00+00:00
28.6,87,26.2,1001.4,1002.1,100,1,3,100,5.6,119,13.3,0.0,1190.0,-3.2,-20.0,20.8,-1.4,15.4,168,8.7,164,77,2025-05-25 13:00:00+00:00
28.4,88,26.3,1002.7,1003.4,100,12,18,100,3.6,117,11.2,0.0,1400.0,-3.2,-10.0,20.6,-1.6,16.1,164,9.7,173,77,2025-05-25 14:00:00+00:00
28.1,89,26.2,1003.4,1004.1,100,13,7,100,4.7,118,9.4,0.0,1330.0,-3.0,-11.0,20.6,-1.9,16.3,157,9.7,173,78,2025-05-25 15:00:00+00:00
27.5,92,26.2,1004.4,1005.1,100,6,40,100,4.6,42,9.4,0.0,1150.0,-3.0,-13.0,20.5,-2.1,16.3,150,8.7,164,79,2025-05-25 16:00:00+00:00
27.2,94,26.1,1004.3,1005.0,100,6,57,100,4.6,72,10.8,0.1,1150.0,-2.9,-20.0,20.4,-1.9,17.6,149,8.7,164,77,2025-05-25 17:00:00+00:00
26.9,95,25.9,1004.0,1004.7,100,1,66,99,2.6,106,9.0,1.7,1210.0,-3.0,-18.0,20.4,-1.9,14.8,162,7.0,149,80,2025-05-25 18:00:00+00:00
26.8,96,26.0,1002.7,1003.4,100,12,50,100,4.6,99,7.9,1.3,1170.0,-3.1,-16.0,20.4,-1.9,14.1,155,7.0,149,79,2025-05-25 19:00:00+00:00
26.7,95,25.9,1002.2,1002.9,100,19,30,100,3.4,155,10.1,0.1,1030.0,-3.3,-12.0,20.4,-1.6,12.8,145,8.0,153,80,2025-05-25 20:00:00+00:00
26.7,96,26.0,1001.7,1002.4,100,16,25,100,3.8,161,7.6,0.0,1020.0,-3.4,-12.0,20.3,-1.6,12.9,135,8.0,153,81,2025-05-25 21:00:00+00:00
26.5,97,26.0,1001.3,1002.0,100,2,63,100,2.7,143,6.5,0.0,870.0,-3.5,-12.0,20.2,-1.9,13.8,124,6.5,158,82,2025-05-25 22:00:00+00:00
26.1,97,25.6,1001.9,1002.6,98,13,20,97,2.2,76,5.4,0.1,760.0,-3.4,-10.0,20.2,-1.9,16.3,120,5.4,153,80,2025-05-25 23:00:00+00:00
26.1,96,25.4,1002.5,1003.2,100,85,59,100,5.4,30,12.2,2.3,1110.0,-3.5,-8.0,20.2,-2.1,15.2,141,2.4,270,79,2025-05-26 00:00:00+00:00
27.1,92,25.7,1002.8,1003.5,100,43,33,100,2.5,360,7.9,1.3,1020.0,-3.3,-5.0,20.0,-2.1,18.0,135,1.2,180,80,2025-05-26 01:00:00+00:00
27.8,90,26.0,1002.5,1003.2,100,0,0,100,3.2,43,9.7,0.1,1400.0,-3.5,-1.0,19.9,-2.1,20.4,140,2.4,90,82,2025-05-26 02:00:00+00:00
28.9,87,26.6,1003.5,1004.2,100,9,30,100,3.9,74,16.6,0.2,1590.0,-3.7,-1.0,19.8,-2.6,22.8,143,6.0,90,83,2025-05-26 03:00:00+00:00
28.4,86,25.9,1003.4,1004.1,100,27,57,100,10.7,98,28.1,1.0,1740.0,-3.9,0.0,19.8,-2.6,23.0,146,7.2,90,82,2025-05-26 04:00:00+00:00
29.5,79,25.5,1002.8,1003.5,100,44,28,100,8.1,125,28.4,0.2,1480.0,-3.7,0.0,19.9,-2.3,22.4,147,8.7,106,80,2025-05-26 05:00:00+00:00
30.2,76,25.6,1002.2,1002.9,100,14,6,100,7.9,137,27.0,0.1,1900.0,-3.9,0.0,19.7,-1.6,23.2,154,10.3,126,76,2025-05-26 06:00:00+00:00
30.7,74,25.5,1000.9,1001.6,100,18,6,100,7.8,127,23.4,0.1,2080.0,-4.1,0.0,19.3,-1.6,19.2,144,9.4,130,76,2025-05-26 07:00:00+00:00
31.3,72,25.7,1000.0,1000.7,100,2,8,100,6.9,113,25.6,0.1,2070.0,-4.2,0.0,19.4,-1.6,20.3,138,10.2,135,73,2025-05-26 08:00:00+00:00
30.7,75,25.6,999.2,999.9,100,5,9,100,9.9,134,27.7,1.8,1940.0,-4.0,0.0,19.9,-1.4,23.3,125,8.5,135,72,2025-05-26 09:00:00+00:00
27.8,87,25.3,999.4,1000.1,100,19,5,100,12.6,123,31.0,1.6,1740.0,-3.9,0.0,20.4,-1.2,19.3,124,6.8,135,71,2025-05-26 10:00:00+00:00
27.8,86,25.2,998.9,999.6,100,18,3,100,6.4,133,28.1,0.0,1600.0,-3.6,0.0,20.6,-1.2,21.4,119,7.7,129,96,2025-05-26 11:00:00+00:00
27.8,86,25.3,999.2,999.9,100,2,2,100,4.8,121,15.8,0.0,1250.0,-3.8,-3.0,21.0,-1.4,22.5,122,6.1,79,62,2025-05-26 12:00:00+00:00
27.0,96,26.2,999.5,1000.2,100,9,2,100,4.5,61,10.8,0.0,1390.0,-3.7,-13.0,20.8,-1.6,27.7,117,7.3,81,70,2025-05-26 13:00:00+00:00
26.9,96,26.2,1000.5,1001.2,100,6,6,100,5.8,60,11.9,0.0,1430.0,-4.3,-8.0,21.0,-1.9,29.8,115,9.9,76,72,2025-05-26 14:00:00+00:00
26.8,96,26.2,1001.0,1001.7,100,7,1,100,8.0,52,15.5,0.1,1450.0,-4.6,-7.0,20.6,-1.6,31.4,116,11.4,72,73,2025-05-26 15:00:00+00:00
26.8,96,26.1,1001.5,1002.2,100,14,1,100,10.4,67,20.9,0.1,1420.0,-4.3,-6.0,20.9,-1.6,32.8,119,13.3,85,69,2025-05-26 16:00:00+00:00
26.7,95,25.8,1001.5,1002.2,100,27,13,100,10.9,83,22.3,0.1,1420.0,-4.3,-6.0,20.9,-1.4,35.1,124,17.0,98,69,2025-05-26 17:00:00+00:00
26.5,95,25.5,1000.5,1001.2,100,4,8,100,8.0,80,22.0,0.0,1100.0,-3.8,-5.0,20.6,-1.6,32.5,127,18.6,105,74,2025-05-26 18:00:00+00:00
26.2,95,25.3,999.7,1000.4,100,17,4,100,7.5,75,16.2,0.0,990.0,-3.6,-6.0,20.5,-1.6,32.2,128,20.5,111,74,2025-05-26 19:00:00+00:00
25.9,96,25.2,999.6,1000.3,100,100,16,95,8.8,73,17.6,0.0,820.0,-3.1,-3.0,20.3,-1.6,30.0,126,20.4,118,74,2025-05-26 20:00:00+00:00
26.0,95,25.2,998.9,999.6,100,95,4,98,8.3,63,19.1,0.0,730.0,-3.0,-4.0,20.3,-1.6,29.1,125,20.0,123,72,2025-05-26 21:00:00+00:00
25.9,96,25.1,999.0,999.7,100,100,17,98,9.2,64,19.1,0.0,510.0,-3.5,-12.0,19.9,-1.6,27.1,117,19.0,125,77,2025-05-26 22:00:00+00:00
25.9,96,25.2,999.2,999.9,100,100,14,92,8.9,63,19.1,0.0,430.0,-3.3,-18.0,19.8,-1.6,30.0,120,18.3,122,80,2025-05-26 23:00:00+00:00
26.0,96,25.3,999.6,1000.3,100,50,14,100,9.8,62,19.4,0.0,510.0,-3.2,-24.0,20.4,-1.9,21.2,118,16.3,107,84,2025-05-27 00:00:00+00:00
26.3,94,25.2,999.8,1000.5,100,37,100,99,11.8,51,24.5,0.2,540.0,-3.3,-11.0,19.8,-1.6,25.7,123,16.3,107,86,2025-05-27 01:00:00+00:00
26.8,94,25.7,1000.2,1000.9,100,96,96,100,13.3,60,31.0,0.2,610.0,-3.2,-6.0,20.0,-1.6,27.9,124,17.5,106,84,2025-05-27 02:00:00+00:00
27.7,90,25.9,1000.1,1000.8,100,20,53,99,14.2,77,34.9,0.1,750.0,-3.2,-1.0,20.2,-1.6,31.1,122,18.4,101,86,2025-05-27 03:00:00+00:00
28.9,85,26.2,999.9,1000.6,99,27,14,98,13.2,86,34.9,0.1,1070.0,-3.3,0.0,20.3,-1.6,34.9,119,20.7,100,83,2025-05-27 04:00:00+00:00
30.4,78,26.2,999.6,1000.3,100,80,10,100,14.8,100,38.9,0.3,1320.0,-3.4,0.0,20.2,-1.6,39.2,121,21.9,99,81,2025-05-27 05:00:00+00:00
30.4,77,25.9,998.8,999.5,100,100,10,98,13.5,103,40.7,2.2,2080.0,-3.8,0.0,20.2,-1.6,33.0,125,23.6,105,82,2025-05-27 06:00:00+00:00
30.8,75,25.9,998.2,998.9,100,100,6,100,12.4,107,39.6,0.1,1690.0,-3.8,0.0,19.9,-1.4,33.0,123,22.1,103,82,2025-05-27 07:00:00+00:00
30.5,75,25.6,997.4,998.1,100,100,4,100,11.0,113,36.4,0.2,1690.0,-4.2,0.0,20.4,-1.4,36.1,119,22.4,106,82,2025-05-27 08:00:00+00:00
30.7,72,25.0,996.4,997.1,100,41,48,100,9.7,108,31.3,0.8,1830.0,-4.2,0.0,20.5,-1.2,38.9,117,21.3,106,80,2025-05-27 09:00:00+00:00
29.5,81,25.9,996.2,996.9,100,2,13,100,8.8,105,25.6,0.6,1950.0,-3.8,0.0,20.3,-0.9,40.8,115,21.0,103,78,2025-05-27 10:00:00+00:00
29.6,80,25.9,996.2,996.9,100,13,14,100,8.3,114,19.8,0.1,1680.0,-3.8,0.0,20.6,-1.2,41.2,110,20.5,97,73,2025-05-27 11:00:00+00:00
29.3,83,26.2,996.3,997.0,100,3,5,100,3.5,69,19.1,0.0,2730.0,-4.0,-1.0,21.1,-0.9,41.3,104,19.3,83,73,2025-05-27 12:00:00+00:00
28.2,89,26.3,996.4,997.1,100,1,7,100,4.8,61,10.8,0.0,2290.0,-3.7,-4.0,20.6,-0.9,42.7,106,19.3,83,73,2025-05-27 13:00:00+00:00
28.0,91,26.3,997.0,997.7,100,5,8,100,4.7,58,9.4,0.0,1620.0,-3.4,-14.0,20.5,-0.7,39.7,105,21.9,81,72,2025-05-27 14:00:00+00:00
27.8,92,26.3,997.5,998.2,100,0,2,100,5.4,53,10.4,0.0,980.0,-2.0,-39.0,20.4,-0.7,38.8,106,22.1,77,80,2025-05-27 15:00:00+00:00
27.6,92,26.3,997.9,998.6,51,0,2,50,5.4,53,10.4,0.0,640.0,-1.2,-69.0,20.4,-0.9,39.2,103,22.1,77,84,2025-05-27 16:00:00+00:00
27.4,93,26.2,998.0,998.7,98,0,3,98,7.8,46,15.1,0.0,570.0,-1.2,-56.0,20.4,-0.9,38.5,97,22.9,84,80,2025-05-27 17:00:00+00:00
27.3,93,26.0,997.5,998.2,99,17,2,98,6.9,53,15.5,0.0,590.0,-2.0,-31.0,20.4,-0.9,32.4,88,20.1,73,79,2025-05-27 18:00:00+00:00
27.1,94,26.0,997.1,997.8,93,9,32,89,6.1,62,13.3,0.0,740.0,-2.2,-24.0,20.4,-0.9,34.4,79,21.3,74,74,2025-05-27 19:00:00+00:00
27.0,95,26.0,996.9,997.6,98,4,38,96,7.1,49,14.0,0.1,650.0,-2.3,-33.0,20.4,-1.2,35.6,69,22.1,68,82,2025-05-27 20:00:00+00:00
26.8,95,25.9,996.4,997.1,100,7,26,100,7.1,16,14.8,0.1,620.0,-2.3,-40.0,20.4,-0.9,39.8,62,21.6,71,91,2025-05-27 21:00:00+00:00
26.7,94,25.6,996.0,996.7,100,3,5,100,11.2,30,21.6,0.0,630.0,-2.6,-38.0,20.3,-0.9,40.2,67,24.3,70,100,2025-05-27 22:00:00+00:00
26.4,91,24.9,995.8,996.5,100,14,3,100,11.9,31,25.9,0.0,600.0,-2.6,-37.0,20.0,-1.2,41.0,78,26.3,66,87,2025-05-27 23:00:00+00:00
26.4,91,24.9,996.0,996.7,100,1,11,100,9.0,20,24.1,0.0,640.0,-2.6,-45.0,20.3,-1.4,42.5,73,24.3,70,76,2025-05-28 00:00:00+00:00
27.9,92,26.5,996.0,996.7,100,0,4,100,8.5,36,19.8,0.0,480.0,-2.6,-23.0,20.3,-1.2,43.4,73,27.0,69,86,2025-05-28 01:00:00+00:00
29.0,84,26.0,996.2,996.9,100,44,0,100,17.7,63,37.1,0.0,390.0,-3.2,0.0,20.5,-1.2,45.8,80,29.2,71,83,2025-05-28 02:00:00+00:00
29.9,79,25.9,996.7,997.4,100,22,5,100,14.6,71,45.0,0.1,470.0,-3.7,0.0,20.0,-0.9,42.7,83,33.0,71,84,2025-05-28 03:00:00+00:00
30.7,77,26.1,996.6,997.3,100,26,11,100,15.5,64,43.6,0.1,810.0,-3.6,0.0,20.5,-0.9,43.1,83,33.8,73,83,2025-05-28 04:00:00+00:00
30.5,76,25.8,996.3,997.0,100,61,28,100,18.6,86,47.5,5.9,760.0,-3.0,0.0,20.6,-0.9,42.3,83,33.5,75,82,2025-05-28 05:00:00+00:00
28.3,85,25.6,995.9,996.6,100,8,31,100,14.4,67,42.5,11.3,910.0,-2.9,0.0,20.4,-1.2,34.7,88,32.8,82,89,2025-05-28 06:00:00+00:00
28.5,87,26.1,995.2,995.9,100,23,18,100,11.9,65,30.6,0.2,1450.0,-2.9,0.0,20.5,-1.2,35.5,89,33.8,73,99,2025-05-28 07:00:00+00:00
29.3,81,25.7,994.1,994.8,100,33,33,100,14.6,85,36.0,0.9,980.0,-3.0,0.0,20.5,-0.9,31.4,89,36.7,79,84,2025-05-28 08:00:00+00:00
28.6,86,26.1,993.4,994.1,100,3,10,100,10.9,84,32.8,0.5,630.0,-3.3,0.0,20.5,-0.9,34.7,100,36.5,81,96,2025-05-28 09:00:00+00:00
29.1,82,25.8,992.9,993.6,100,17,34,100,14.1,85,32.0,0.1,570.0,-3.9,0.0,20.8,-0.9,36.3,105,35.0,84,83,2025-05-28 10:00:00+00:00
28.7,85,25.9,993.1,993.8,100,19,100,100,13.4,70,31.0,0.1,510.0,-3.3,0.0,20.4,-0.9,41.1,99,33.8,84,84,2025-05-28 11:00:00+00:00
28.2,87,25.9,993.3,994.0,100,18,100,100,11.3,63,29.5,0.0,720.0,-2.8,-2.0,20.9,-0.5,42.4,91,33.8,84,80,2025-05-28 12:00:00+00:00
27.9,88,25.8,993.6,994.3,100,0,12,100,12.8,68,28.1,0.0,660.0,-2.5,-11.0,20.9,-0.7,41.5,90,31.2,88,81,2025-05-28 13:00:00+00:00
27.5,89,25.6,994.0,994.7,100,7,57,100,11.3,57,26.3,0.0,760.0,-2.4,-1.0,20.6,-0.7,40.6,92,32.8,82,81,2025-05-28 14:00:00+00:00
27.2,90,25.3,994.5,995.2,100,27,16,100,12.9,58,27.4,0.0,580.0,-1.2,-3.0,21.1,-0.7,42.9,92,34.9,74,90,2025-05-28 15:00:00+00:00
27.0,90,25.2,994.8,995.5,100,83,11,100,13.4,59,27.7,0.1,460.0,-0.9,-28.0,20.8,-0.7,39.3,93,35.0,68,77,2025-05-28 16:00:00+00:00
26.8,91,25.2,994.3,995.0,100,78,1,100,14.2,63,29.9,0.1,420.0,-1.3,-22.0,20.6,-0.5,38.9,95,38.8,68,74,2025-05-28 17:00:00+00:00
26.4,92,25.1,993.7,994.4,100,100,5,100,14.4,61,30.6,0.0,300.0,-2.8,-9.0,20.9,-0.5,38.3,91,36.6,67,94,2025-05-28 18:00:00+00:00
26.3,92,24.9,992.8,993.5,100,100,3,100,13.9,48,31.0,0.0,290.0,-2.4,0.0,20.6,-0.2,37.4,91,35.0,68,83,2025-05-28 19:00:00+00:00
26.3,92,24.9,992.2,992.9,100,100,19,100,13.6,37,29.5,0.0,270.0,-2.5,-2.0,20.3,-0.5,33.8,85,35.3,72,91,2025-05-28 20:00:00+00:00
26.3,91,24.8,991.6,992.3,100,100,68,100,15.4,45,31.7,0.1,260.0,-2.2,-27.0,20.4,-0.5,35.1,87,32.3,75,80,2025-05-28 21:00:00+00:00
26.1,93,24.9,991.2,991.9,100,100,76,100,14.7,39,32.4,0.5,180.0,-2.4,-4.0,19.9,-0.5,36.0,90,31.2,74,84,2025-05-28 22:00:00+00:00
25.4,95,24.5,991.3,992.0,100,100,100,100,16.4,21,34.6,1.9,150.0,-2.5,-1.0,20.2,-0.7,34.2,89,30.4,72,86,2025-05-28 23:00:00+00:00
25.5,95,24.7,991.4,992.1,100,100,75,98,17.6,15,34.2,0.4,140.0,-2.5,-51.0,20.4,-0.5,39.1,75,32.3,59,100,2025-05-29 00:00:00+00:00
26.8,92,25.3,992.2,992.9,100,8,100,100,16.3,28,39.2,0.2,140.0,-1.1,-57.0,20.5,-0.5,38.9,85,33.6,55,80,2025-05-29 01:00:00+00:00
26.9,90,25.2,992.6,993.3,100,12,94,100,14.0,20,33.5,0.0,180.0,-3.1,-4.0,20.2,-0.5,34.6,81,37.7,53,79,2025-05-29 02:00:00+00:00
27.7,87,25.3,992.5,993.2,100,30,99,100,15.7,13,36.4,0.2,50.0,-3.4,-852.0,20.3,-0.5,29.7,87,44.9,56,100,2025-05-29 03:00:00+00:00
28.5,82,25.1,992.4,993.1,100,22,89,100,16.8,15,38.5,0.0,80.0,-2.5,-40.0,20.4,-0.2,34.6,111,22.9,47,91,2025-05-29 04:00:00+00:00
28.7,80,24.9,991.8,992.5,99,63,49,93,16.7,18,40.3,0.3,60.0,-0.6,-95.0,20.2,-0.7,27.4,126,36.0,53,92,2025-05-29 05:00:00+00:00
29.3,80,25.5,991.0,991.7,100,76,100,95,12.8,11,36.4,0.8,80.0,-0.6,-41.0,20.3,-0.2,26.5,51,30.6,42,100,2025-05-29 06:00:00+00:00
28.3,85,25.6,990.0,990.7,100,60,96,100,9.6,16,30.2,9.2,170.0,0.2,-11.0,20.4,-0.7,18.3,71,25.8,22,97,2025-05-29 07:00:00+00:00
28.4,86,25.7,989.2,989.9,100,46,95,100,3.1,97,23.0,0.1,220.0,-1.1,-71.0,20.5,-0.7,17.5,75,32.0,13,78,2025-05-29 08:00:00+00:00
28.4,83,25.3,988.0,988.7,100,36,94,100,8.2,157,18.7,1.0,230.0,-0.8,-23.0,20.6,0.0,16.2,68,34.1,10,86,2025-05-29 09:00:00+00:00
27.4,92,26.0,988.1,988.8,100,40,100,100,7.8,124,19.8,13.0,240.0,-0.6,-90.0,20.5,0.5,15.6,58,34.8,360,99,2025-05-29 10:00:00+00:00
26.7,96,26.1,988.0,988.7,100,97,100,100,8.2,75,15.8,5.2,140.0,-1.6,-55.0,20.6,0.7,14.8,47,33.9,8,94,2025-05-29 11:00:00+00:00
26.5,96,25.8,988.4,989.1,100,100,100,100,10.1,50,19.1,3.2,290.0,-1.6,-9.0,20.9,0.0,11.6,45,25.9,347,96,2025-05-29 12:00:00+00:00
26.2,95,25.3,988.7,989.4,100,2,100,100,15.0,354,31.7,3.0,280.0,-1.3,-23.0,20.8,-0.2,11.1,35,28.2,348,81,2025-05-29 13:00:00+00:00
26.1,95,25.2,989.9,990.6,100,100,89,100,14.1,317,29.2,2.0,240.0,-0.6,-14.0,20.5,0.0,9.7,19,31.2,344,82,2025-05-29 14:00:00+00:00
26.1,94,25.0,990.3,991.0,100,84,5,100,15.2,309,30.2,0.0,210.0,-1.4,-7.0,20.6,-0.2,6.9,337,33.0,350,87,2025-05-29 15:00:00+00:00
26.3,92,24.9,991.1,991.8,100,100,29,100,14.0,290,29.5,0.0,210.0,-2.0,-12.0,20.6,-0.2,10.8,292,22.8,357,99,2025-05-29 16:00:00+00:00
26.3,92,24.9,991.7,992.4,100,100,31,100,15.4,275,31.7,0.0,250.0,-2.8,-35.0,20.8,-0.5,17.4,284,29.0,336,97,2025-05-29 17:00:00+00:00
26.4,90,24.7,991.4,992.1,100,67,100,100,17.2,275,36.0,0.1,60.0,-2.4,-34.0,20.4,0.2,30.6,290,27.4,299,100,2025-05-29 18:00:00+00:00
26.5,88,24.3,991.0,991.7,100,88,100,100,18.1,275,38.2,0.0,310.0,-2.4,-16.0,20.2,-0.9,31.0,306,35.7,318,84,2025-05-29 19:00:00+00:00
26.2,88,24.1,991.0,991.7,100,100,100,100,18.5,277,44.3,0.4,220.0,-3.1,-7.0,20.2,-0.7,36.0,305,40.0,311,91,2025-05-29 20:00:00+00:00
25.8,88,23.7,990.9,991.6,100,100,79,100,17.8,281,43.6,0.8,240.0,-2.3,-398.0,20.0,-0.5,40.4,300,43.5,298,92,2025-05-29 21:00:00+00:00
25.5,89,23.6,990.9,991.6,100,100,13,100,15.8,285,35.6,0.1,220.0,-1.8,0.0,20.2,-0.7,43.4,294,46.7,299,100,2025-05-29 22:00:00+00:00
25.8,87,23.4,991.8,992.5,100,11,95,100,14.0,263,32.0,0.0,220.0,-2.2,-1.0,20.2,-0.9,44.5,290,48.0,302,91,2025-05-29 23:00:00+00:00
26.0,87,23.6,992.6,993.3,100,21,5,100,11.8,258,28.4,0.0,260.0,-3.0,-2.0,20.3,-0.2,50.0,289,50.5,295,93,2025-05-30 00:00:00+00:00
27.6,84,24.6,993.0,993.7,100,8,22,100,15.1,270,33.5,0.0,280.0,-2.9,-12.0,20.4,-0.2,50.4,283,49.4,296,91,2025-05-30 01:00:00+00:00
28.4,81,24.8,994.1,994.8,100,0,7,100,16.5,264,35.6,0.0,250.0,-3.4,0.0,20.3,0.0,52.7,279,47.9,292,84,2025-05-30 02:00:00+00:00
29.6,75,24.7,994.9,995.6,100,25,22,100,18.6,268,41.4,0.0,290.0,-3.4,0.0,20.3,0.0,53.8,277,48.0,283,81,2025-05-30 03:00:00+00:00
30.4,73,25.0,995.2,995.9,100,22,1,100,18.2,268,41.8,0.0,620.0,-4.1,0.0,20.4,0.0,53.0,274,48.5,279,87,2025-05-30 04:00:00+00:00
31.0,69,24.7,996.0,996.7,100,58,11,100,17.6,256,43.9,0.0,700.0,-4.3,0.0,20.8,0.0,53.8,272,47.0,276,84,2025-05-30 05:00:00+00:00
31.5,67,24.7,995.2,995.9,100,18,0,100,16.9,253,38.9,0.0,1170.0,-3.8,-6.0,21.2,-0.5,43.7,270,44.0,259,84,2025-05-30 06:00:00+00:00
32.2,65,24.7,994.4,995.1,100,2,0,100,17.1,250,40.7,0.0,1540.0,-2.8,-3.0,21.2,-0.5,40.6,268,42.8,259,87,2025-05-30 07:00:00+00:00
33.4,61,24.7,993.8,994.5,100,0,6,100,15.7,261,38.9,0.0,1910.0,-2.5,-2.0,21.2,-0.5,35.2,265,43.1,257,81,2025-05-30 08:00:00+00:00
33.3,64,25.5,993.6,994.3,100,9,7,100,11.0,249,34.6,0.0,1920.0,-2.4,-4.0,21.2,-0.5,30.5,261,41.9,257,82,2025-05-30 09:00:00+00:00
32.8,70,26.5,993.5,994.2,99,22,12,99,10.9,224,24.5,0.0,2020.0,-3.0,-15.0,20.9,-0.5,25.4,252,40.5,258,83,2025-05-30 10:00:00+00:00
32.0,76,27.1,993.8,994.5,98,14,25,97,9.8,211,24.8,0.0,1250.0,-2.9,-20.0,20.9,-0.5,19.2,248,35.0,264,80,2025-05-30 11:00:00+00:00
31.5,79,27.4,994.5,995.2,100,10,11,100,5.8,210,20.9,0.0,1840.0,-3.6,-26.0,21.0,-0.5,18.7,252,38.7,263,81,2025-05-30 12:00:00+00:00
29.8,84,26.8,996.0,996.7,100,32,14,100,3.9,124,13.3,0.0,810.0,-3.5,-37.0,21.2,-0.9,21.2,235,30.2,263,76,2025-05-30 13:00:00+00:00
29.4,85,26.7,997.2,997.9,100,19,19,100,6.9,123,13.3,0.0,620.0,-3.2,-30.0,21.5,-0.9,22.6,230,28.2,258,71,2025-05-30 14:00:00+00:00
28.7,88,26.5,998.2,998.9,100,7,9,100,4.4,148,13.7,0.0,900.0,-3.7,-36.0,22.1,-0.9,25.1,226,27.7,252,66,2025-05-30 15:00:00+00:00
28.0,90,26.3,998.9,999.6,100,22,4,100,8.6,144,16.9,0.0,1370.0,-3.6,-33.0,22.3,-1.2,25.6,219,27.9,245,68,2025-05-30 16:00:00+00:00
26.2,97,25.7,999.8,1000.5,100,84,14,100,10.0,98,23.4,3.2,2200.0,-4.2,-47.0,22.3,-1.4,30.0,210,27.4,241,68,2025-05-30 17:00:00+00:00
26.2,97,25.7,998.4,999.1,100,15,7,100,7.7,179,20.9,2.0,2350.0,-4.9,-52.0,22.1,-1.6,28.3,217,29.6,238,70,2025-05-30 18:00:00+00:00
26.5,97,25.9,999.0,999.7,100,94,78,100,8.3,167,19.4,7.2,2400.0,-5.2,-60.0,22.1,-2.1,30.8,214,32.6,234,71,2025-05-30 19:00:00+00:00
26.2,98,25.8,999.2,999.9,100,99,40,100,9.2,192,20.9,10.4,2230.0,-6.0,-62.0,22.1,-2.3,33.4,215,33.6,235,72,2025-05-30 20:00:00+00:00
25.8,97,25.4,998.3,999.0,100,61,36,100,8.6,241,18.0,4.9,2130.0,-6.2,-48.0,22.2,-2.1,34.9,216,31.3,238,74,2025-05-30 21:00:00+00:00
26.0,97,25.6,997.7,998.4,100,5,1,100,10.7,221,21.6,1.4,2130.0,-6.3,-674.0,22.3,-2.1,34.2,217,30.7,239,70,2025-05-30 22:00:00+00:00
26.4,98,26.0,998.2,998.9,100,20,6,100,2.1,128,20.5,1.8,2130.0,-6.4,-133.0,22.3,-2.1,32.5,218,29.5,243,67,2025-05-30 23:00:00+00:00
26.7,97,26.2,998.7,999.4,100,18,2,100,7.3,173,11.5,1.0,2370.0,-6.1,-25.0,22.2,-2.6,35.2,222,37.5,230,71,2025-05-31 00:00:00+00:00
27.2,93,26.1,999.1,999.8,100,0,2,100,12.1,195,23.0,0.1,2270.0,-6.9,-310.0,22.0,-2.3,35.5,226,36.7,232,70,2025-05-31 01:00:00+00:00
28.7,89,26.8,999.2,999.9,100,2,3,100,12.2,193,31.0,0.0,2250.0,-6.3,-8.0,21.8,-2.1,36.6,231,37.5,230,68,2025-05-31 02:00:00+00:00
30.0,84,26.9,999.9,1000.6,100,36,17,100,14.7,202,36.0,0.1,1920.0,-6.2,-7.0,21.6,-1.9,35.5,233,38.3,229,73,2025-05-31 03:00:00+00:00
30.8,81,27.2,999.3,1000.0,100,22,6,100,14.5,210,33.1,0.2,1920.0,-5.4,-7.0,21.6,-1.9,33.6,234,40.8,227,70,2025-05-31 04:00:00+00:00
31.9,75,27.0,999.0,999.7,100,22,22,100,13.5,216,33.8,0.5,1740.0,-4.7,-470.0,21.6,-1.9,32.6,234,44.2,227,69,2025-05-31 05:00:00+00:00
29.9,79,25.9,999.5,1000.2,100,96,48,100,15.1,181,38.5,9.4,2280.0,-4.7,-515.0,21.5,-1.4,25.0,232,49.3,229,67,2025-05-31 06:00:00+00:00
29.0,88,26.7,998.8,999.5,100,18,76,100,1.6,207,36.0,4.0,1910.0,-4.7,-8.0,21.2,-1.2,23.2,225,49.3,236,69,2025-05-31 07:00:00+00:00
29.9,86,27.3,997.6,998.3,100,14,20,100,6.8,153,15.5,0.0,1910.0,-5.5,-3.0,20.9,-0.9,21.1,217,48.6,237,70,2025-05-31 08:00:00+00:00
31.6,76,26.9,996.8,997.5,100,5,80,100,11.3,188,25.6,0.1,2110.0,-5.6,0.0,20.9,-0.7,19.2,211,47.3,240,68,2025-05-31 09:00:00+00:00
31.0,78,26.8,996.3,997.0,100,9,6,100,11.7,194,26.6,0.1,2110.0,-5.2,-1.0,21.2,-1.2,21.3,223,45.1,241,71,2025-05-31 10:00:00+00:00
30.4,81,26.8,996.4,997.1,100,41,22,100,10.6,189,26.6,0.7,1830.0,-5.4,-3.0,21.2,-0.9,24.2,224,43.5,246,76,2025-05-31 11:00:00+00:00
30.2,82,26.7,996.9,997.6,100,16,50,100,10.7,192,24.1,0.0,2490.0,-6.4,-18.0,21.8,-1.2,21.2,247,46.0,255,64,2025-05-31 12:00:00+00:00
28.9,91,27.3,997.9,998.6,100,1,100,100,8.4,155,16.2,0.0,1950.0,-6.7,-57.0,21.8,-1.4,23.5,246,41.7,258,71,2025-05-31 13:00:00+00:00
29.4,88,27.2,998.2,998.9,100,1,16,100,12.5,188,24.5,0.0,2180.0,-5.7,-63.0,22.1,-1.4,22.4,246,38.7,263,80,2025-05-31 14:00:00+00:00
28.8,89,26.8,999.9,1000.6,100,6,100,100,11.4,206,25.6,0.0,2360.0,-5.9,-64.0,22.2,-1.6,23.5,248,37.4,264,74,2025-05-31 15:00:00+00:00
28.6,92,27.1,1000.1,1000.8,100,9,2,100,11.5,202,25.9,0.1,2500.0,-6.2,-58.0,22.2,-1.6,24.7,247,37.4,264,73,2025-05-31 16:00:00+00:00
28.5,94,27.3,999.9,1000.6,100,1,0,100,11.3,200,23.4,0.5,2520.0,-5.5,-74.0,22.1,-1.9,26.4,249,36.5,261,71,2025-05-31 17:00:00+00:00
28.2,95,27.3,999.4,1000.1,100,16,9,100,10.5,196,22.3,0.2,2890.0,-6.0,-50.0,22.0,-1.6,26.8,249,33.0,251,72,2025-05-31 18:00:00+00:00
28.1,95,27.3,998.7,999.4,100,17,2,100,9.1,202,20.5,0.0,2360.0,-5.6,-40.0,21.7,-1.9,26.2,250,35.7,250,76,2025-05-31 19:00:00+00:00
27.9,96,27.2,998.6,999.3,100,15,25,100,9.3,189,18.0,0.0,2250.0,-5.6,-57.0,21.6,-1.9,27.0,254,36.1,249,78,2025-05-31 20:00:00+00:00
27.4,96,26.7,998.3,999.0,100,100,26,100,8.1,183,19.1,0.0,2240.0,-5.5,-67.0,21.5,-1.9,27.9,259,37.2,249,76,2025-05-31 21:00:00+00:00
27.3,97,26.7,998.5,999.2,100,85,98,100,8.9,174,17.3,0.0,2310.0,-4.8,-99.0,21.2,-1.9,27.2,261,37.6,253,76,2025-05-31 22:00:00+00:00
27.0,97,26.4,997.8,998.5,100,28,5,100,7.8,187,19.8,0.1,2430.0,-4.3,-129.0,21.4,-1.6,25.2,265,36.1,255,76,2025-05-31 23:00:00+00:00
27.1,97,26.6,998.0,998.7,100,0,100,100,6.4,209,15.5,0.0,2680.0,-5.1,-84.0,21.6,-1.9,24.2,250,36.4,253,72,2025-06-01 00:00:00+00:00
27.2,97,26.6,998.9,999.6,100,61,55,100,10.0,163,23.4,0.0,2590.0,-4.8,-78.0,21.5,-2.1,21.5,253,35.1,262,77,2025-06-01 01:00:00+00:00
27.7,95,26.8,999.3,1000.0,100,16,15,100,9.8,174,21.6,0.0,2440.0,-4.1,-67.0,21.5,-2.1,20.3,250,34.8,268,72,2025-06-01 02:00:00+00:00
28.8,92,27.4,999.1,999.8,100,14,4,100,5.6,176,22.3,0.0,2240.0,-5.1,-59.0,21.5,-1.9,18.9,255,31.2,272,71,2025-06-01 03:00:00+00:00
30.8,85,27.9,999.8,1000.5,100,24,17,100,8.3,193,20.9,0.0,2040.0,-4.9,-58.0,21.5,-1.6,16.6,261,30.0,270,74,2025-06-01 04:00:00+00:00
30.5,83,27.4,999.5,1000.2,100,100,21,100,6.2,277,22.7,5.2,2390.0,-5.1,-42.0,21.6,-1.4,16.4,267,31.3,266,79,2025-06-01 05:00:00+00:00
28.8,90,27.0,998.6,999.3,100,10,5,100,4.3,197,21.6,4.0,2190.0,-4.0,-24.0,22.0,-1.6,12.8,268,39.1,259,82,2025-06-01 06:00:00+00:00
29.5,87,27.1,997.9,998.6,100,1,1,100,6.8,168,16.9,0.0,2120.0,-4.5,-11.0,22.3,-1.4,12.0,279,39.3,258,83,2025-06-01 07:00:00+00:00
30.6,84,27.6,997.2,997.9,100,0,3,100,6.6,164,20.2,0.0,1590.0,-4.0,-29.0,22.3,-1.2,11.6,281,41.7,258,82,2025-06-01 08:00:00+00:00
30.9,83,27.6,997.1,997.8,100,3,13,100,7.9,145,20.2,0.0,1520.0,-3.8,-11.0,22.0,-1.2,12.9,278,41.4,260,78,2025-06-01 09:00:00+00:00
30.5,83,27.2,997.1,997.8,100,16,29,100,10.5,160,24.8,0.4,1830.0,-3.5,-18.0,21.6,-0.9,11.4,247,39.8,265,77,2025-06-01 10:00:00+00:00
29.0,89,27.0,997.4,998.1,100,13,15,100,11.6,222,24.8,0.4,2280.0,-2.6,-23.0,21.6,-1.2,13.5,250,40.8,272,72,2025-06-01 11:00:00+00:00
28.2,92,26.7,997.8,998.5,100,6,15,100,6.4,223,26.3,0.3,2170.0,-3.9,-16.0,22.2,-1.6,10.0,246,42.3,263,76,2025-06-01 12:00:00+00:00
30.4,88,28.1,997.0,997.7,100,3,0,100,7.7,169,16.2,0.0,2100.0,-1.9,-82.0,22.1,-1.6,10.8,234,42.6,260,78,2025-06-01 13:00:00+00:00
29.8,83,26.5,998.2,998.9,100,16,17,100,8.8,139,20.9,0.2,2690.0,-2.3,-211.0,22.4,-1.6,11.4,233,43.4,256,76,2025-06-01 14:00:00+00:00
26.7,93,25.5,1000.0,1000.7,100,21,9,100,8.2,82,30.6,6.0,2860.0,-4.8,-173.0,23.1,-1.9,17.1,241,42.9,252,71,2025-06-01 15:00:00+00:00
27.2,93,26.1,999.7,1000.4,100,0,24,100,8.1,167,17.6,0.2,2720.0,-4.7,-209.0,22.9,-1.9,25.5,243,42.6,248,72,2025-06-01 16:00:00+00:00
27.2,96,26.5,999.7,1000.4,100,1,11,100,7.4,112,15.5,0.1,3070.0,-4.1,-264.0,22.6,-2.1,28.0,248,42.1,250,73,2025-06-01 17:00:00+00:00
27.4,96,26.7,998.8,999.5,100,0,1,100,3.9,152,13.7,0.0,3030.0,-3.7,-302.0,22.4,-2.1,27.9,255,42.5,254,77,2025-06-01 18:00:00+00:00
27.5,96,26.8,998.3,999.0,100,0,0,100,6.6,158,11.9,0.0,3060.0,-4.3,-215.0,22.3,-2.1,31.1,256,42.5,254,88,2025-06-01 19:00:00+00:00
27.7,95,26.8,997.6,998.3,100,0,6,100,8.5,186,15.8,0.0,3000.0,-3.8,-224.0,21.8,-2.3,32.6,258,41.0,249,82,2025-06-01 20:00:00+00:00
28.0,94,26.9,997.7,998.4,100,0,21,100,9.0,192,16.6,0.0,2520.0,-4.6,-146.0,21.7,-2.8,32.4,268,38.8,248,79,2025-06-01 21:00:00+00:00
28.2,93,27.0,997.7,998.4,100,0,26,100,7.4,193,16.6,0.0,2460.0,-5.1,-138.0,22.4,-2.1,40.6,279,39.2,247,86,2025-06-01 22:00:00+00:00
28.0,92,26.6,997.7,998.4,100,0,0,100,5.0,221,13.3,0.0,2500.0,-4.7,-157.0,22.2,-2.6,40.1,282,39.7,241,83,2025-06-01 23:00:00+00:00
28.4,88,26.3,998.2,998.9,100,0,1,100,8.1,225,14.4,0.0,2240.0,-4.9,-177.0,22.9,-2.3,46.5,288,42.4,245,83,2025-06-02 00:00:00+00:00
30.2,86,27.7,998.2,998.9,79,0,0,79,7.8,244,18.0,0.0,2120.0,-5.1,-125.0,22.8,-2.3,41.8,290,44.5,243,79,2025-06-02 01:00:00+00:00
31.5,80,27.6,998.8,999.5,100,0,0,100,7.2,248,18.7,0.0,2270.0,-3.8,-94.0,23.2,-2.3,37.7,298,45.6,243,73,2025-06-02 02:00:00+00:00
32.7,74,27.4,999.3,1000.0,100,0,9,100,7.2,252,19.1,0.0,2340.0,-1.8,-52.0,23.3,-1.9,36.3,300,46.2,242,73,2025-06-02 03:00:00+00:00
33.9,67,26.9,999.8,1000.5,100,0,36,100,7.8,265,20.5,0.0,1460.0,-0.8,-30.0,23.3,-1.6,33.9,299,48.3,243,77,2025-06-02 04:00:00+00:00
34.8,61,26.2,999.5,1000.2,100,0,1,100,10.2,296,25.2,0.0,1220.0,-0.7,-17.0,23.3,-1.6,28.3,298,50.0,246,76,2025-06-02 05:00:00+00:00
35.1,56,24.9,998.7,999.4,100,0,15,100,9.1,308,26.6,0.0,1290.0,-0.6,-11.0,22.8,-1.6,18.6,292,58.5,244,69,2025-06-02 06:00:00+00:00
36.0,48,23.3,998.0,998.7,100,0,23,100,6.1,310,22.3,0.0,1260.0,-0.6,-1.0,22.6,-1.6,13.0,280,59.1,246,67,2025-06-02 07:00:00+00:00
36.2,45,22.2,997.3,998.0,100,0,48,100,7.9,271,19.4,0.0,1160.0,-0.9,0.0,22.4,-1.9,6.5,245,58.5,255,68,2025-06-02 08:00:00+00:00
33.9,57,24.2,997.6,998.3,100,2,70,100,13.9,272,30.2,0.1,1170.0,-1.8,-1.0,22.7,-2.8,8.4,241,49.6,263,69,2025-06-02 09:00:00+00:00
30.1,76,25.3,997.3,998.0,100,0,87,100,11.0,221,33.1,0.2,1280.0,-2.1,-35.0,22.7,-2.8,9.2,237,50.5,267,84,2025-06-02 10:00:00+00:00
30.4,79,26.3,996.7,997.4,100,0,4,100,7.6,202,23.8,0.0,1270.0,-2.0,-82.0,22.4,-2.8,17.3,235,48.1,274,62,2025-06-02 11:00:00+00:00
30.5,84,27.5,997.1,997.8,100,0,3,100,6.6,191,13.7,0.0,1580.0,-2.7,-56.0,22.9,-2.8,17.4,237,52.9,266,86,2025-06-02 12:00:00+00:00
30.5,74,25.4,998.0,998.7,100,0,13,100,7.5,170,15.1,0.0,1390.0,-2.9,-95.0,22.0,-2.8,21.4,236,43.2,272,66,2025-06-02 13:00:00+00:00
29.7,80,25.9,999.0,999.7,100,0,2,100,10.1,200,19.4,0.0,1200.0,-3.4,-92.0,22.2,-2.8,22.4,243,42.0,268,71,2025-06-02 14:00:00+00:00
29.4,76,24.7,999.8,1000.5,100,0,16,100,6.3,211,21.6,0.0,1010.0,-3.3,-106.0,22.3,-3.0,24.1,251,38.4,272,77,2025-06-02 15:00:00+00:00
28.9,77,24.5,1000.5,1001.2,100,0,28,100,4.5,180,12.2,0.0,1090.0,-4.1,-116.0,22.0,-3.5,23.6,245,28.8,270,79,2025-06-02 16:00:00+00:00
28.4,78,24.3,1000.4,1001.1,100,0,11,100,5.7,171,11.2,0.0,1590.0,-5.5,-125.0,22.0,-4.2,23.2,234,18.6,255,87,2025-06-02 17:00:00+00:00
27.9,80,24.1,1000.1,1000.8,100,0,22,100,4.5,178,10.8,0.0,1300.0,-5.6,-119.0,22.6,-4.9,29.4,242,14.4,265,77,2025-06-02 18:00:00+00:00
27.8,77,23.3,999.6,1000.3,100,0,0,100,7.4,184,15.1,0.0,1830.0,-6.0,-140.0,22.8,-5.4,29.8,243,17.2,245,70,2025-06-02 19:00:00+00:00
27.5,77,23.2,999.5,1000.2,100,0,1,100,7.5,197,15.1,0.0,2160.0,-5.0,-135.0,22.3,-5.4,30.2,243,22.5,245,83,2025-06-02 20:00:00+00:00
27.6,81,24.0,999.3,1000.0,100,0,7,100,8.6,206,16.6,0.0,1970.0,-6.5,-122.0,22.6,-5.4,31.4,261,28.0,260,77,2025-06-02 21:00:00+00:00
27.9,82,24.5,999.3,1000.0,100,0,5,100,10.2,216,19.4,0.0,1680.0,-7.0,-117.0,23.4,-5.8,34.4,263,32.8,262,68,2025-06-02 22:00:00+00:00
28.0,82,24.6,999.6,1000.3,100,0,3,100,10.8,216,22.3,0.0,2040.0,-7.7,-119.0,23.7,-6.8,34.3,266,33.9,262,63,2025-06-02 23:00:00+00:00
28.0,82,24.6,1000.0,1000.7,100,0,8,100,9.6,221,21.2,0.0,1330.0,-8.3,-112.0,23.3,-6.3,38.8,272,53.9,282,67,2025-06-03 00:00:00+00:00
29.1,83,26.0,1000.8,1001.5,79,0,0,79,4.7,162,11.9,0.0,1380.0,-8.7,-72.0,22.9,-6.1,36.5,270,53.1,288,57,2025-06-03 01:00:00+00:00
30.8,77,26.3,1001.4,1002.1,89,0,17,87,5.9,169,15.5,0.0,1410.0,-6.4,-56.0,22.9,-5.6,32.0,265,48.3,284,54,2025-06-03 02:00:00+00:00
32.2,71,26.3,1001.8,1002.5,63,0,60,8,7.7,204,19.4,0.0,1330.0,-5.8,-66.0,23.2,-5.4,29.1,256,49.4,276,50,2025-06-03 03:00:00+00:00
32.8,68,26.0,1001.9,1002.6,99,0,99,10,8.3,210,21.2,0.0,1270.0,-5.6,-95.0,23.2,-5.1,26.8,249,53.3,278,47,2025-06-03 04:00:00+00:00
33.2,66,26.0,1001.7,1002.4,52,0,52,0,9.4,223,23.0,0.0,1280.0,-4.9,-8.0,23.1,-5.4,26.5,246,49.0,281,47,2025-06-03 05:00:00+00:00
33.9,62,25.7,1000.8,1001.5,8,0,8,0,6.9,237,23.8,0.0,1480.0,-4.6,-3.0,22.3,-5.4,17.4,240,46.9,266,44,2025-06-03 06:00:00+00:00
35.4,59,26.0,999.7,1000.4,11,0,6,7,8.4,228,21.2,0.0,1370.0,-5.0,-14.0,21.6,-4.9,11.7,231,44.5,265,62,2025-06-03 07:00:00+00:00
34.9,52,23.5,999.5,1000.2,48,2,17,38,5.2,254,27.7,0.0,1480.0,-4.5,-19.0,21.6,-5.1,10.6,223,41.0,265,64,2025-06-03 08:00:00+00:00
34.7,50,22.8,998.6,999.3,63,0,8,62,11.1,247,24.8,0.0,1440.0,-4.5,-44.0,21.6,-4.0,11.3,223,39.7,267,69,2025-06-03 09:00:00+00:00
34.0,56,23.9,998.4,999.1,38,0,6,35,9.0,232,27.0,0.0,1400.0,-4.4,-45.0,21.5,-3.3,15.3,203,40.8,268,71,2025-06-03 10:00:00+00:00
33.5,61,25.0,998.2,998.9,59,0,2,58,6.0,209,19.1,0.0,1920.0,-5.3,-68.0,21.1,-3.0,15.0,200,39.6,268,68,2025-06-03 11:00:00+00:00
32.4,69,26.0,998.7,999.4,99,0,1,99,5.9,180,13.0,0.0,1570.0,-6.2,-41.0,21.8,-3.3,15.8,213,39.6,268,69,2025-06-03 12:00:00+00:00
29.3,80,25.4,999.9,1000.6,26,1,22,11,3.4,205,9.0,0.6,2090.0,-6.7,-42.0,21.2,-3.3,20.0,210,40.8,268,72,2025-06-03 13:00:00+00:00
29.4,78,25.2,1000.6,1001.3,36,3,31,7,6.9,166,15.5,0.1,1790.0,-7.6,-63.0,20.6,-2.8,21.0,207,38.6,265,79,2025-06-03 14:00:00+00:00
28.8,83,25.6,1001.7,1002.4,87,0,6,86,7.3,126,14.8,0.0,1350.0,-5.7,-68.0,21.0,-3.3,24.1,209,36.1,266,77,2025-06-03 15:00:00+00:00
28.4,84,25.3,1002.1,1002.8,97,0,6,97,8.0,118,15.5,0.0,1180.0,-4.8,-78.0,21.1,-3.7,29.2,211,38.7,263,71,2025-06-03 16:00:00+00:00
28.3,84,25.3,1002.2,1002.9,22,2,3,18,8.9,146,18.0,0.0,1280.0,-5.1,-50.0,21.2,-4.0,33.0,208,40.1,261,77,2025-06-03 17:00:00+00:00
28.3,91,26.7,1001.9,1002.6,44,2,0,43,9.5,159,19.1,0.0,1550.0,-5.8,-39.0,21.5,-4.2,33.9,229,41.9,257,79,2025-06-03 18:00:00+00:00
28.4,95,27.6,1001.4,1002.1,59,0,1,58,7.6,165,20.2,0.0,2010.0,-6.2,-73.0,20.9,-4.2,33.9,229,44.3,257,68,2025-06-03 19:00:00+00:00
28.6,95,27.8,1001.2,1001.9,24,0,19,6,7.2,192,14.4,0.0,1700.0,-6.4,-31.0,20.3,-4.0,33.2,241,35.5,258,86,2025-06-03 20:00:00+00:00
28.3,95,27.4,1001.1,1001.8,14,0,13,1,1.7,229,14.0,0.0,1670.0,-5.6,-33.0,21.1,-4.7,33.4,250,35.4,242,81,2025-06-03 21:00:00+00:00
28.4,91,26.8,1001.0,1001.7,0,0,0,0,6.3,198,11.9,0.0,1710.0,-5.3,-37.0,21.5,-5.1,34.5,258,35.4,242,89,2025-06-03 22:00:00+00:00
27.9,89,25.9,1001.1,1001.8,2,0,0,2,7.3,211,14.8,0.0,1800.0,-5.3,-51.0,21.6,-4.9,32.1,264,37.1,241,79,2025-06-03 23:00:00+00:00
27.8,89,25.8,1001.9,1002.6,7,0,2,5,6.0,213,14.4,0.0,1360.0,-5.9,-88.0,21.5,-4.4,31.0,272,34.4,241,70,2025-06-04 00:00:00+00:00
27.2,93,26.0,1002.9,1003.6,17,0,0,16,5.9,168,17.3,0.0,1640.0,-6.4,-58.0,21.5,-4.2,31.0,272,36.6,229,66,2025-06-04 01:00:00+00:00
29.2,89,27.2,1003.2,1003.9,44,21,1,27,7.9,191,19.1,0.0,1920.0,-5.8,-24.0,21.5,-3.7,30.1,272,37.4,222,69,2025-06-04 02:00:00+00:00
30.8,81,27.2,1003.2,1003.9,43,2,0,42,7.2,217,20.9,0.0,2130.0,-4.0,-10.0,21.4,-3.3,26.9,268,43.5,219,66,2025-06-04 03:00:00+00:00
32.2,75,27.1,1003.6,1004.3,89,0,0,89,5.8,236,20.2,0.0,2350.0,-2.6,-17.0,21.0,-2.8,24.0,261,43.5,219,54,2025-06-04 04:00:00+00:00
33.1,69,26.5,1003.8,1004.5,100,9,0,100,4.6,257,23.0,0.0,2370.0,-1.8,-6.0,20.9,-2.8,22.1,256,42.0,217,62,2025-06-04 05:00:00+00:00
34.1,62,25.7,1003.3,1004.0,100,2,7,100,4.3,248,22.3,0.0,2360.0,-2.0,-18.0,19.9,-2.6,13.7,272,35.4,208,70,2025-06-04 06:00:00+00:00
34.5,58,25.0,1002.2,1002.9,100,2,19,100,9.4,294,27.4,0.0,2710.0,-1.6,-18.0,19.9,-2.3,11.8,270,32.0,214,63,2025-06-04 07:00:00+00:00
30.4,70,24.4,1002.7,1003.4,99,25,55,97,12.6,126,34.6,2.1,2920.0,-1.2,-37.0,20.2,-2.8,10.5,270,32.4,219,60,2025-06-04 08:00:00+00:00
30.1,74,24.9,1001.6,1002.3,100,1,2,100,6.1,161,31.7,0.3,2680.0,-2.2,-17.0,20.0,-2.8,4.9,248,33.9,225,60,2025-06-04 09:00:00+00:00
30.7,75,25.7,1001.1,1001.8,100,1,11,100,10.1,176,26.6,0.0,1660.0,-3.5,-156.0,20.2,-2.8,3.5,247,30.3,236,57,2025-06-04 10:00:00+00:00
29.9,77,25.5,1001.4,1002.1,100,0,3,100,5.3,145,24.1,0.0,1450.0,-2.8,-96.0,19.9,-3.0,4.2,193,27.4,247,53,2025-06-04 11:00:00+00:00
29.5,79,25.5,1001.6,1002.3,88,0,0,88,4.3,156,13.0,0.0,2910.0,-2.5,-123.0,20.3,-3.3,1.9,166,30.6,259,64,2025-06-04 12:00:00+00:00
28.8,86,26.1,1002.8,1003.5,98,0,3,98,3.3,135,17.6,0.0,2210.0,-3.4,-70.0,20.3,-3.5,2.3,217,28.5,255,66,2025-06-04 13:00:00+00:00
28.6,87,26.2,1003.6,1004.3,98,0,10,98,5.6,132,10.8,0.0,1700.0,-3.9,-84.0,21.4,-3.7,5.5,222,28.2,258,68,2025-06-04 14:00:00+00:00
28.3,89,26.3,1004.6,1005.3,71,0,16,65,3.6,127,11.5,0.0,1660.0,-3.6,-110.0,21.1,-3.7,5.7,209,28.5,255,66,2025-06-04 15:00:00+00:00
28.1,89,26.2,1005.0,1005.7,19,0,17,3,5.6,138,11.2,0.0,1810.0,-3.8,-114.0,20.6,-3.7,5.9,180,31.2,254,71,2025-06-04 16:00:00+00:00
27.9,91,26.2,1005.4,1006.1,72,0,71,6,5.7,156,11.9,0.0,1730.0,-4.0,-98.0,20.9,-4.2,7.8,187,28.5,255,73,2025-06-04 17:00:00+00:00
27.7,93,26.4,1004.9,1005.6,73,0,67,17,4.5,173,11.2,0.0,1710.0,-4.7,-52.0,20.6,-4.0,9.0,225,31.9,250,72,2025-06-04 18:00:00+00:00
27.4,94,26.4,1004.3,1005.0,89,0,87,10,4.4,159,11.2,0.0,1850.0,-5.1,-36.0,20.6,-3.5,9.4,227,31.7,245,76,2025-06-04 19:00:00+00:00
27.1,96,26.5,1003.8,1004.5,100,0,100,8,2.5,159,8.6,0.0,1910.0,-5.0,-36.0,20.5,-3.7,9.4,231,32.3,248,74,2025-06-04 20:00:00+00:00
27.2,96,26.5,1003.4,1004.1,66,1,57,19,2.7,110,5.4,0.0,1560.0,-4.5,-41.0,19.7,-4.0,10.1,216,28.5,248,74,2025-06-04 21:00:00+00:00
27.0,97,26.6,1003.4,1004.1,99,1,97,66,3.2,124,7.9,0.0,1230.0,-4.6,-40.0,19.7,-4.0,12.3,231,25.2,245,80,2025-06-04 22:00:00+00:00
27.1,97,26.6,1003.9,1004.6,64,5,4,60,4.2,108,9.4,0.0,1010.0,-4.9,-31.0,19.8,-3.7,14.5,238,25.8,242,73,2025-06-04 23:00:00+00:00
27.1,98,26.7,1004.5,1005.2,98,49,7,96,4.9,114,9.7,0.0,1740.0,-4.5,-50.0,20.3,-4.4,13.9,232,20.5,249,77,2025-06-05 00:00:00+00:00
27.8,93,26.6,1005.7,1006.4,100,38,7,99,6.0,119,14.4,0.0,1390.0,-4.8,-31.0,20.2,-4.2,14.3,248,19.3,240,76,2025-06-05 01:00:00+00:00
29.0,87,26.7,1006.1,1006.8,99,20,8,99,4.6,132,15.5,0.0,1520.0,-4.6,-23.0,20.2,-4.0,16.8,257,19.0,235,72,2025-06-05 02:00:00+00:00
30.3,81,26.7,1006.3,1007.0,95,3,2,95,1.9,146,16.9,0.1,1830.0,-3.7,-23.0,20.0,-4.0,18.3,266,18.7,225,72,2025-06-05 03:00:00+00:00
29.4,81,25.7,1006.6,1007.3,43,20,9,25,5.2,168,20.9,5.5,1900.0,-3.2,-53.0,20.0,-4.0,17.8,274,22.3,216,73,2025-06-05 04:00:00+00:00
30.6,77,26.2,1006.1,1006.8,44,4,5,39,4.5,130,21.2,0.1,2100.0,-3.1,-62.0,19.7,-4.0,15.7,280,25.0,215,70,2025-06-05 05:00:00+00:00
31.6,73,26.2,1005.6,1006.3,76,3,3,75,3.1,135,20.5,0.1,1870.0,-3.2,-38.0,19.2,-3.7,4.3,252,24.3,213,73,2025-06-05 06:00:00+00:00
32.1,71,26.1,1004.8,1005.5,80,8,3,78,2.8,130,16.9,0.1,1980.0,-2.2,-17.0,19.4,-3.7,6.9,262,28.0,211,72,2025-06-05 07:00:00+00:00
31.9,71,26.0,1003.7,1004.4,99,1,5,99,1.2,117,16.2,0.1,2060.0,-2.5,-18.0,19.7,-3.5,6.9,266,32.0,214,69,2025-06-05 08:00:00+00:00
30.2,76,25.5,1003.5,1004.2,100,14,25,100,8.8,171,21.6,0.1,2120.0,-2.5,-3.0,19.9,-2.8,6.9,274,34.0,222,69,2025-06-05 09:00:00+00:00
28.9,86,26.3,1002.8,1003.5,64,2,11,62,5.8,178,22.7,0.0,1760.0,-1.6,-12.0,19.8,-3.0,5.5,275,33.1,226,68,2025-06-05 10:00:00+00:00
29.4,81,25.8,1002.8,1003.5,14,3,10,3,3.4,238,15.1,0.0,1680.0,-1.9,-6.0,19.9,-2.8,7.3,270,34.8,226,63,2025-06-05 11:00:00+00:00
29.3,82,25.9,1003.1,1003.8,57,13,26,41,2.7,247,10.4,0.0,2120.0,-3.6,-10.0,20.2,-2.8,6.9,293,30.6,228,62,2025-06-05 12:00:00+00:00
29.1,84,26.1,1004.1,1004.8,96,2,5,95,5.1,176,10.1,0.0,1520.0,-4.4,-27.0,20.2,-2.6,5.9,270,33.2,229,66,2025-06-05 13:00:00+00:00
28.6,88,26.4,1005.1,1005.8,70,1,8,68,5.2,176,11.9,0.0,1300.0,-5.7,-17.0,19.9,-3.0,5.9,274,34.3,234,64,2025-06-05 14:00:00+00:00
28.3,89,26.3,1005.6,1006.3,19,0,2,18,5.4,150,10.4,0.0,930.0,-4.8,-17.0,19.8,-3.3,5.3,290,35.3,235,63,2025-06-05 15:00:00+00:00
28.1,89,26.2,1006.1,1006.8,4,0,4,0,4.8,158,10.8,0.0,770.0,-4.8,-17.0,19.7,-3.3,4.5,315,36.0,233,67,2025-06-05 16:00:00+00:00
27.9,90,26.2,1006.3,1007.0,1,0,1,0,4.3,175,9.4,0.0,800.0,-4.6,-27.0,19.8,-3.3,4.5,315,35.3,235,69,2025-06-05 17:00:00+00:00
27.6,93,26.3,1006.2,1006.9,2,0,2,0,2.9,191,8.3,0.0,660.0,-4.8,-20.0,19.8,-3.5,3.3,304,31.7,245,70,2025-06-05 18:00:00+00:00
27.5,93,26.2,1005.6,1006.3,2,0,2,0,3.0,163,5.8,0.0,660.0,-4.1,-21.0,19.9,-3.5,4.2,311,29.5,243,71,2025-06-05 19:00:00+00:00
27.2,93,26.1,1005.3,1006.0,1,0,1,0,3.9,146,7.9,0.0,660.0,-4.5,-22.0,20.0,-3.7,5.8,309,29.0,246,72,2025-06-05 20:00:00+00:00
27.0,95,26.1,1005.2,1005.9,8,2,2,5,4.1,146,8.3,0.0,570.0,-4.8,-18.0,19.9,-4.0,8.4,311,29.0,246,70,2025-06-05 21:00:00+00:00
26.8,96,26.1,1004.9,1005.6,6,0,0,5,3.7,157,8.3,0.0,560.0,-5.2,-17.0,19.6,-4.0,10.0,321,30.1,247,68,2025-06-05 22:00:00+00:00
26.7,96,26.1,1004.9,1005.6,33,0,0,33,3.8,175,7.6,0.0,620.0,-5.2,-22.0,19.3,-4.0,11.6,334,28.1,250,66,2025-06-05 23:00:00+00:00
26.9,96,26.2,1005.2,1005.9,10,0,0,10,2.9,133,7.6,0.0,1440.0,-5.2,-36.0,19.4,-4.4,10.0,309,33.4,249,61,2025-06-06 00:00:00+00:00
28.9,88,26.7,1006.0,1006.7,6,0,0,6,2.5,188,10.1,0.0,1440.0,-5.3,-41.0,19.4,-4.2,10.6,313,32.8,246,62,2025-06-06 01:00:00+00:00
30.0,84,26.9,1006.6,1007.3,7,4,1,2,3.8,245,12.6,0.0,1560.0,-5.1,-35.0,19.4,-4.0,9.8,307,32.0,236,60,2025-06-06 02:00:00+00:00
31.0,78,26.8,1006.6,1007.3,7,1,1,6,3.2,243,13.7,0.1,1360.0,-5.0,-36.0,19.6,-4.0,9.1,307,33.6,235,61,2025-06-06 03:00:00+00:00
32.0,73,26.5,1006.7,1007.4,9,1,1,8,2.2,261,13.7,0.1,1270.0,-4.8,-29.0,19.7,-4.2,10.2,302,35.3,235,60,2025-06-06 04:00:00+00:00
32.6,70,26.5,1006.2,1006.9,17,7,4,7,1.8,6,13.7,0.0,1490.0,-4.6,-32.0,19.6,-4.0,11.9,313,36.0,233,63,2025-06-06 05:00:00+00:00
33.0,70,26.8,1005.3,1006.0,11,3,6,2,2.5,69,15.1,0.0,1370.0,-4.4,-5.0,18.9,-3.7,5.5,275,36.7,232,59,2025-06-06 06:00:00+00:00
33.1,69,26.8,1004.4,1005.1,32,22,6,7,2.2,90,16.2,0.0,1190.0,-4.0,-20.0,19.4,-3.5,4.2,283,37.7,233,67,2025-06-06 07:00:00+00:00
33.1,69,26.8,1003.3,1004.0,100,100,11,6,1.3,98,15.1,0.1,1260.0,-3.2,-26.0,19.7,-3.3,4.6,276,41.0,232,63,2025-06-06 08:00:00+00:00
33.0,70,26.7,1003.0,1003.7,83,73,11,33,1.8,360,15.1,0.4,1450.0,-4.6,-6.0,19.7,-3.0,4.1,297,42.3,235,60,2025-06-06 09:00:00+00:00
30.8,73,25.5,1002.9,1003.6,97,85,29,77,2.9,173,14.4,1.7,1050.0,-5.2,-13.0,19.9,-3.0,5.5,312,42.6,238,68,2025-06-06 10:00:00+00:00
28.3,81,24.8,1002.7,1003.4,12,2,5,7,0.9,323,20.2,1.4,1270.0,-5.3,-11.0,19.9,-3.3,6.8,318,41.0,238,64,2025-06-06 11:00:00+00:00
28.4,84,25.4,1003.4,1004.1,13,0,5,11,2.4,167,8.3,0.1,1520.0,-5.6,-6.0,20.5,-3.3,7.3,330,37.3,237,56,2025-06-06 12:00:00+00:00
28.6,87,26.2,1003.9,1004.6,81,0,23,76,4.5,127,9.7,0.0,1420.0,-5.9,-16.0,20.4,-3.5,5.5,336,33.3,240,59,2025-06-06 13:00:00+00:00
28.5,88,26.3,1004.6,1005.3,77,1,31,68,4.7,90,9.7,0.0,1420.0,-6.0,-21.0,20.3,-3.7,5.3,340,32.8,242,67,2025-06-06 14:00:00+00:00
28.1,89,26.1,1005.3,1006.0,64,3,8,62,7.8,116,16.9,0.0,1430.0,-6.0,-27.0,20.2,-3.7,4.6,307,30.1,241,72,2025-06-06 15:00:00+00:00
26.5,90,24.7,1006.9,1007.6,100,55,85,99,16.1,275,34.9,0.1,1300.0,-5.8,-38.0,19.8,-3.3,4.3,288,29.5,243,71,2025-06-06 16:00:00+00:00
26.0,90,24.3,1006.1,1006.8,53,0,28,35,3.3,167,34.2,0.9,910.0,-5.9,-49.0,19.7,-3.3,6.1,283,32.3,248,77,2025-06-06 17:00:00+00:00
25.9,95,24.9,1005.4,1006.1,25,0,9,18,1.5,76,6.5,0.2,780.0,-5.6,-39.0,20.0,-3.7,3.7,300,27.4,241,72,2025-06-06 18:00:00+00:00
25.9,95,24.9,1004.7,1005.4,7,0,4,3,1.9,56,6.1,0.0,760.0,-5.3,-36.0,20.3,-4.0,3.9,315,30.0,233,70,2025-06-06 19:00:00+00:00
25.9,95,25.1,1004.0,1004.7,27,0,25,2,3.6,153,6.8,0.0,770.0,-5.5,-32.0,20.4,-4.4,3.6,320,31.0,234,70,2025-06-06 20:00:00+00:00
26.1,95,25.3,1004.1,1004.8,13,0,13,0,4.7,187,9.7,0.0,780.0,-5.3,-41.0,20.4,-4.2,3.6,320,32.0,236,71,2025-06-06 21:00:00+00:00
26.1,96,25.4,1004.2,1004.9,46,0,46,0,3.8,191,9.4,0.0,840.0,-5.3,-37.0,20.3,-4.2,4.9,326,34.3,234,72,2025-06-06 22:00:00+00:00
26.0,96,25.3,1004.3,1005.0,16,0,16,0,2.5,180,7.9,0.0,880.0,-5.3,-36.0,20.2,-4.2,5.7,331,37.0,234,71,2025-06-06 23:00:00+00:00
26.6,95,25.8,1004.7,1005.4,63,0,63,0,0.8,297,4.7,0.0,760.0,-5.2,-46.0,20.3,-4.2,4.8,319,40.1,231,70,2025-06-07 00:00:00+00:00
27.5,89,25.6,1005.8,1006.5,18,0,18,0,3.1,336,10.1,0.0,830.0,-5.3,-32.0,20.2,-4.2,4.9,326,43.0,234,66,2025-06-07 01:00:00+00:00
28.4,86,25.9,1006.4,1007.1,0,0,0,0,2.9,353,11.9,0.0,970.0,-5.2,-19.0,20.2,-4.0,4.8,319,44.9,236,63,2025-06-07 02:00:00+00:00
29.7,82,26.2,1006.5,1007.2,2,0,2,0,1.3,16,11.9,0.0,1140.0,-4.7,-11.0,20.2,-3.7,5.8,315,44.9,236,60,2025-06-07 03:00:00+00:00
31.3,75,26.4,1006.5,1007.2,0,0,0,0,0.7,14,11.2,0.0,1130.0,-4.4,-6.0,20.4,-3.7,5.8,309,43.9,235,58,2025-06-07 04:00:00+00:00
32.6,68,25.9,1005.9,1006.6,2,0,1,0,1.1,261,13.7,0.0,1480.0,-3.8,-41.0,20.3,-3.5,6.2,306,42.7,232,58,2025-06-07 05:00:00+00:00
33.4,63,25.5,1004.9,1005.6,2,0,2,0,1.4,230,15.1,0.0,1500.0,-3.4,-81.0,19.7,-3.0,4.8,253,46.1,231,53,2025-06-07 06:00:00+00:00
33.9,60,25.0,1003.9,1004.6,15,6,10,0,2.0,270,15.1,0.0,1510.0,-2.5,-6.0,19.8,-2.8,4.1,264,45.0,228,53,2025-06-07 07:00:00+00:00
34.2,58,24.6,1002.7,1003.4,13,9,6,0,2.3,293,15.8,0.0,1550.0,-1.8,0.0,20.0,-2.3,5.0,265,45.0,228,56,2025-06-07 08:00:00+00:00
34.4,53,23.4,1001.7,1002.4,12,4,11,0,5.6,310,17.3,0.0,1640.0,-0.9,-1.0,20.3,-2.3,8.1,286,46.9,230,49,2025-06-07 09:00:00+00:00
34.3,53,23.3,1001.2,1001.9,13,2,13,0,5.6,320,19.4,0.0,1910.0,-1.2,-11.0,20.4,-2.1,8.2,289,46.1,231,42,2025-06-07 10:00:00+00:00
33.8,55,23.5,1001.1,1001.8,10,4,8,0,4.7,332,15.5,0.0,1250.0,-1.1,-12.0,20.0,-3.0,7.4,292,46.6,235,54,2025-06-07 11:00:00+00:00
32.8,67,25.8,1001.5,1002.2,17,2,10,8,1.9,343,11.9,0.0,2490.0,-1.2,-57.0,21.1,-2.1,7.1,285,45.7,240,46,2025-06-07 12:00:00+00:00
31.3,72,25.7,1002.1,1002.8,17,6,12,4,6.4,137,11.9,0.0,1620.0,-0.4,-84.0,20.9,-2.3,4.9,304,45.1,241,53,2025-06-07 13:00:00+00:00
30.4,75,25.6,1003.0,1003.7,46,2,5,43,7.7,162,16.2,0.0,1700.0,-0.7,-76.0,20.9,-2.1,4.8,319,41.3,244,66,2025-06-07 14:00:00+00:00
30.0,78,25.7,1003.6,1004.3,11,0,7,4,8.7,172,16.9,0.0,1820.0,-1.0,-108.0,20.8,-2.6,8.1,344,39.7,245,53,2025-06-07 15:00:00+00:00
29.5,81,25.9,1004.2,1004.9,7,0,7,0,8.8,169,19.1,0.0,1930.0,-1.7,-64.0,20.5,-2.8,9.2,351,38.3,250,52,2025-06-07 16:00:00+00:00
28.9,85,26.1,1004.6,1005.3,18,0,4,15,7.5,170,17.6,0.0,1620.0,-2.8,-53.0,20.4,-3.7,2.7,360,27.9,245,62,2025-06-07 17:00:00+00:00
28.5,88,26.3,1004.1,1004.8,1,0,1,0,6.3,177,15.1,0.0,1480.0,-3.6,-53.0,20.8,-3.7,2.0,333,25.4,251,70,2025-06-07 18:00:00+00:00
28.2,90,26.5,1003.4,1004.1,0,0,0,0,5.6,180,12.6,0.0,1460.0,-3.7,-54.0,20.6,-3.7,4.3,288,27.9,245,72,2025-06-07 19:00:00+00:00
28.0,93,26.7,1003.1,1003.8,0,0,0,0,5.6,186,11.5,0.0,1690.0,-4.5,-49.0,20.8,-3.7,7.1,297,31.7,241,67,2025-06-07 20:00:00+00:00
27.8,94,26.8,1002.9,1003.6,0,0,0,0,5.1,184,11.2,0.0,1870.0,-4.8,-44.0,20.6,-3.7,9.5,305,34.9,243,59,2025-06-07 21:00:00+00:00
27.7,95,26.8,1002.9,1003.6,0,0,0,0,4.2,175,10.1,0.0,1910.0,-4.4,-43.0,20.5,-4.0,11.3,317,36.6,247,56,2025-06-07 22:00:00+00:00
27.3,97,26.7,1002.9,1003.6,1,1,0,0,2.6,168,7.9,0.0,2050.0,-4.1,-46.0,20.6,-4.0,11.9,328,36.8,251,56,2025-06-07 23:00:00+00:00
27.7,96,27.0,1003.1,1003.8,0,0,0,0,2.6,141,5.0,0.0,2220.0,-4.8,-54.0,20.5,-4.0,5.2,322,26.6,262,49,2025-06-08 00:00:00+00:00
29.0,93,27.7,1004.2,1004.9,6,6,0,0,3.9,106,11.5,0.0,2320.0,-5.0,-37.0,20.5,-3.5,5.5,336,24.3,261,44,2025-06-08 01:00:00+00:00
30.5,88,28.3,1004.2,1004.9,91,90,0,3,4.2,121,16.9,0.0,2300.0,-4.4,-27.0,20.6,-3.3,4.9,326,19.2,274,44,2025-06-08 02:00:00+00:00
31.4,84,28.3,1004.2,1004.9,22,14,1,9,3.9,112,17.6,0.1,2120.0,-3.6,-13.0,20.9,-3.0,3.7,330,17.2,282,49,2025-06-08 03:00:00+00:00
32.5,77,27.9,1003.9,1004.6,12,0,5,11,3.7,113,17.3,0.1,1780.0,-3.0,-15.0,21.0,-3.0,3.6,310,16.7,291,50,2025-06-08 04:00:00+00:00
33.4,70,27.1,1003.7,1004.4,23,3,14,12,4.4,109,18.0,0.0,1520.0,-2.3,-65.0,21.1,-2.8,4.3,302,16.1,297,54,2025-06-08 05:00:00+00:00
33.8,66,26.6,1002.9,1003.6,24,8,15,3,4.2,115,18.0,0.1,1870.0,-1.6,0.0,20.3,-2.6,2.5,248,15.0,299,62,2025-06-08 06:00:00+00:00
34.1,63,25.9,1001.7,1002.4,25,4,20,1,3.6,127,17.6,0.0,1910.0,-0.4,-1.0,20.3,-2.3,3.3,236,17.2,295,62,2025-06-08 07:00:00+00:00
34.4,59,25.3,1000.4,1001.1,21,3,18,4,1.5,97,16.6,0.0,1960.0,0.4,0.0,20.6,-2.8,6.3,240,17.8,290,58,2025-06-08 08:00:00+00:00
34.4,58,24.9,999.8,1000.5,34,17,22,6,2.4,153,12.2,0.0,2170.0,0.8,0.0,20.8,-1.6,7.8,249,19.9,295,54,2025-06-08 09:00:00+00:00
33.8,58,24.5,999.2,999.9,58,18,49,5,1.0,202,12.6,0.4,2100.0,1.2,-1.0,20.6,-1.6,7.3,263,19.4,292,59,2025-06-08 10:00:00+00:00
32.4,63,24.5,999.5,1000.2,29,9,24,1,6.4,188,16.2,0.2,1390.0,1.6,-1.0,20.5,-1.2,4.6,281,20.0,303,58,2025-06-08 11:00:00+00:00
31.2,70,25.1,1000.1,1000.8,17,0,10,9,6.9,175,20.5,0.0,2400.0,-0.5,-11.0,21.1,-1.2,4.9,304,23.3,325,50,2025-06-08 12:00:00+00:00
30.4,79,26.3,1000.9,1001.6,4,0,3,2,0.9,191,11.5,0.2,1610.0,-1.6,-23.0,21.0,-0.7,3.7,300,22.5,335,60,2025-06-08 13:00:00+00:00
30.1,79,26.0,1001.7,1002.4,3,0,1,3,4.0,198,7.6,0.0,1690.0,-1.5,-22.0,21.2,-0.5,2.9,309,23.9,342,63,2025-06-08 14:00:00+00:00
29.9,80,26.0,1002.5,1003.2,1,0,0,1,4.3,180,8.6,0.0,2300.0,-1.2,-34.0,20.9,-0.7,1.8,360,23.9,342,62,2025-06-08 15:00:00+00:00
29.6,81,25.9,1003.3,1004.0,1,0,0,0,6.0,159,11.5,0.0,2520.0,-1.0,-48.0,20.9,-0.5,3.3,34,21.3,344,61,2025-06-08 16:00:00+00:00
29.0,81,25.5,1003.4,1004.1,0,0,0,0,7.6,166,14.8,0.0,2460.0,-1.1,-59.0,21.1,-0.2,4.9,22,21.3,344,46,2025-06-08 17:00:00+00:00
28.5,86,26.0,1003.0,1003.7,0,0,0,0,7.1,164,15.5,0.0,2300.0,-1.6,-53.0,21.0,-0.7,4.2,13,21.6,360,42,2025-06-08 18:00:00+00:00
28.2,90,26.5,1002.5,1003.2,0,0,0,0,6.4,162,14.0,0.0,2200.0,-2.1,-47.0,21.1,-0.9,3.7,7,19.2,4,40,2025-06-08 19:00:00+00:00
28.1,92,26.6,1002.2,1002.9,0,0,0,0,6.2,163,12.6,0.0,2140.0,-2.4,-35.0,21.1,-1.2,4.6,360,18.0,4,41,2025-06-08 20:00:00+00:00
27.9,93,26.7,1001.9,1002.6,0,0,0,0,4.7,176,12.2,0.0,2140.0,-2.4,-34.0,21.0,-1.4,5.0,5,15.6,360,44,2025-06-08 21:00:00+00:00
27.8,93,26.7,1001.6,1002.3,0,0,0,0,4.4,192,9.0,0.0,2120.0,-2.7,-44.0,20.9,-1.6,5.5,5,13.2,360,46,2025-06-08 22:00:00+00:00
27.6,94,26.6,1001.6,1002.3,0,0,0,0,3.6,171,8.3,0.0,2200.0,-2.6,-43.0,20.9,-1.6,6.0,9,9.7,353,44,2025-06-08 23:00:00+00:00
27.9,94,26.8,1002.1,1002.8,0,0,0,0,3.9,146,7.6,0.0,2210.0,-2.5,-45.0,20.4,-2.1,7.6,17,3.6,360,42,2025-06-09 00:00:00+00:00
29.7,89,27.7,1002.6,1003.3,2,2,0,0,2.3,129,9.0,0.0,2250.0,-1.7,-28.0,20.4,-1.9,8.4,22,1.2,180,42,2025-06-09 01:00:00+00:00
30.8,84,27.8,1002.9,1003.6,12,6,7,0,3.2,142,13.0,0.0,2440.0,-0.6,-16.0,20.2,-1.9,7.7,28,4.9,194,37,2025-06-09 02:00:00+00:00
32.0,75,27.1,1002.9,1003.6,9,0,9,0,3.6,135,16.2,0.0,1930.0,0.1,-7.0,20.5,-1.9,6.3,30,7.3,189,42,2025-06-09 03:00:00+00:00
33.0,66,25.9,1002.8,1003.5,26,4,17,8,4.8,115,17.6,0.1,920.0,0.7,-2.0,20.6,-1.9,2.9,51,8.5,188,51,2025-06-09 04:00:00+00:00
34.1,59,25.0,1002.5,1003.2,18,6,16,0,6.5,118,20.9,0.0,1030.0,1.0,0.0,20.9,-1.9,1.4,108,9.1,203,54,2025-06-09 05:00:00+00:00
33.0,62,24.7,1002.1,1002.8,73,7,71,0,10.6,130,28.8,1.3,1230.0,1.2,0.0,21.0,-1.6,1.3,135,12.2,191,54,2025-06-09 06:00:00+00:00
33.8,57,24.1,1000.7,1001.4,11,1,11,0,4.3,105,28.1,0.3,1310.0,1.4,0.0,20.8,-1.6,3.3,164,12.1,186,59,2025-06-09 07:00:00+00:00
34.0,53,23.2,999.1,999.8,49,2,15,40,6.8,127,20.5,0.0,1340.0,1.8,-1.0,20.6,-1.4,4.2,193,13.2,180,59,2025-06-09 08:00:00+00:00
34.2,52,23.1,998.1,998.8,60,1,10,56,5.5,139,20.5,0.0,1150.0,2.3,-1.0,20.8,-1.2,3.3,196,14.4,180,58,2025-06-09 09:00:00+00:00
33.9,54,23.3,997.6,998.3,51,1,11,45,6.9,141,19.4,0.0,1030.0,1.4,-3.0,20.8,-1.4,2.9,141,11.1,167,51,2025-06-09 10:00:00+00:00
33.3,57,23.8,997.9,998.6,11,2,10,0,7.4,137,19.4,0.0,1090.0,-0.1,-48.0,21.2,-1.2,4.1,96,11.4,162,61,2025-06-09 11:00:00+00:00
32.6,62,24.5,998.3,999.0,9,4,7,1,6.6,133,18.4,0.0,1500.0,-1.3,-41.0,21.6,-1.2,4.3,72,14.0,160,53,2025-06-09 12:00:00+00:00
31.1,70,25.1,998.9,999.6,10,0,10,0,5.7,156,17.6,0.0,1820.0,-1.1,-31.0,21.4,-1.4,5.5,81,14.5,156,49,2025-06-09 13:00:00+00:00
30.7,72,25.2,999.9,1000.6,61,0,7,58,6.5,156,13.0,0.0,1830.0,-0.3,-41.0,21.1,-1.4,7.0,79,16.1,153,49,2025-06-09 14:00:00+00:00
30.3,74,25.3,1000.7,1001.4,12,0,1,11,4.9,156,13.0,0.0,1880.0,-0.8,-26.0,21.0,-1.4,8.2,90,16.3,144,51,2025-06-09 15:00:00+00:00
29.9,76,25.3,1001.6,1002.3,51,0,1,50,7.7,162,14.8,0.0,1900.0,-1.0,-65.0,20.9,-1.4,9.7,98,17.1,141,52,2025-06-09 16:00:00+00:00
29.2,80,25.4,1001.9,1002.6,60,0,0,60,8.0,174,16.6,0.0,1910.0,-1.9,-69.0,20.9,-1.6,11.9,94,17.8,132,61,2025-06-09 17:00:00+00:00
28.7,84,25.8,1001.4,1002.1,95,0,0,95,6.4,172,16.2,0.0,2250.0,-3.7,-39.0,21.1,-2.3,10.5,92,20.6,126,68,2025-06-09 18:00:00+00:00
28.3,88,26.1,1000.9,1001.6,96,0,0,96,5.4,159,12.6,0.0,2280.0,-4.4,-37.0,21.4,-2.8,12.4,98,22.6,122,71,2025-06-09 19:00:00+00:00
28.0,90,26.2,1000.3,1001.0,93,0,0,93,5.2,146,10.8,0.0,2250.0,-4.5,-37.0,21.5,-3.0,12.7,105,24.1,117,69,2025-06-09 20:00:00+00:00
27.7,92,26.3,1000.1,1000.8,98,0,0,98,5.9,137,11.9,0.0,2220.0,-4.2,-34.0,21.5,-3.3,13.2,104,24.3,110,66,2025-06-09 21:00:00+00:00
27.5,93,26.3,1000.2,1000.9,98,0,0,98,5.4,140,11.9,0.0,2330.0,-4.2,-34.0,21.4,-3.5,13.9,101,26.2,106,68,2025-06-09 22:00:00+00:00
27.3,95,26.3,1000.3,1001.0,100,0,1,100,5.0,139,10.8,0.0,2300.0,-4.5,-36.0,21.2,-3.5,15.1,97,28.0,100,66,2025-06-09 23:00:00+00:00
27.4,95,26.4,1000.7,1001.4,100,0,14,100,5.6,111,10.8,0.0,2360.0,-4.9,-38.0,21.1,-3.5,18.5,110,33.0,100,57,2025-06-10 00:00:00+00:00
29.4,85,26.7,1000.6,1001.3,7,1,4,3,6.4,130,15.8,0.0,2240.0,-4.6,-18.0,21.1,-3.5,18.3,109,33.0,100,60,2025-06-10 01:00:00+00:00
31.0,77,26.4,1001.1,1001.8,52,2,4,49,8.2,147,22.0,0.0,2280.0,-3.6,-12.0,21.2,-3.3,19.2,115,34.1,100,58,2025-06-10 02:00:00+00:00
32.6,65,25.1,1001.4,1002.1,100,5,5,100,9.2,149,25.6,0.0,1810.0,-3.0,-9.0,21.4,-3.3,19.4,120,34.1,100,57,2025-06-10 03:00:00+00:00
33.9,56,23.9,1001.3,1002.0,91,3,1,91,10.2,139,28.1,0.0,1200.0,-2.8,-3.0,21.2,-2.8,20.2,121,32.8,98,58,2025-06-10 04:00:00+00:00
34.8,52,23.5,1001.2,1001.9,82,3,2,81,11.0,131,33.1,0.0,970.0,-2.3,0.0,21.2,-2.6,20.5,122,31.6,99,57,2025-06-10 05:00:00+00:00
35.5,50,23.4,1000.7,1001.4,87,2,3,86,10.8,128,33.5,0.0,1100.0,-3.0,0.0,21.4,-2.6,16.3,117,30.0,90,58,2025-06-10 06:00:00+00:00
36.1,48,23.3,999.9,1000.6,100,3,5,100,10.0,129,33.1,0.0,890.0,-3.2,0.0,21.4,-2.3,16.1,125,28.8,90,60,2025-06-10 07:00:00+00:00
36.7,47,23.5,998.8,999.5,95,2,4,95,8.8,147,32.0,0.0,860.0,-3.0,0.0,21.6,-2.1,12.9,135,27.7,85,62,2025-06-10 08:00:00+00:00
34.6,53,23.7,998.5,999.2,100,23,31,100,10.3,149,31.3,0.9,620.0,-3.8,0.0,21.5,-1.9,10.8,144,26.8,80,62,2025-06-10 09:00:00+00:00
34.4,54,23.7,997.9,998.6,100,13,15,100,6.4,164,28.4,0.1,420.0,-3.7,-8.0,21.4,-1.6,10.0,150,26.2,74,64,2025-06-10 10:00:00+00:00
33.8,55,23.6,997.7,998.4,99,18,15,99,8.7,172,22.3,0.0,360.0,-3.5,-7.0,21.2,-1.4,8.4,151,26.6,72,68,2025-06-10 11:00:00+00:00
33.0,60,24.1,998.6,999.3,100,10,15,100,9.5,165,23.8,0.0,1380.0,-3.3,-5.0,21.1,-1.9,0.0,270,27.1,77,72,2025-06-10 12:00:00+00:00
32.3,63,24.4,999.4,1000.1,100,7,6,100,7.1,150,17.3,0.0,1590.0,-3.1,-13.0,21.0,-1.9,3.6,40,28.2,78,69,2025-06-10 13:00:00+00:00
31.6,69,25.1,1000.3,1001.0,100,0,5,100,6.9,149,16.9,0.0,2070.0,-2.5,-48.0,21.1,-2.1,5.8,45,30.2,83,71,2025-06-10 14:00:00+00:00
31.1,72,25.5,1001.0,1001.7,84,21,7,79,7.8,140,15.8,0.0,2150.0,-2.6,-55.0,21.2,-2.1,8.0,59,30.2,83,73,2025-06-10 15:00:00+00:00
30.5,74,25.4,1001.6,1002.3,9,1,3,5,7.4,157,16.2,0.0,2000.0,-3.2,-48.0,21.4,-2.1,10.5,72,30.4,81,74,2025-06-10 16:00:00+00:00
30.0,77,25.6,1001.9,1002.6,6,1,3,2,7.1,159,15.1,0.0,1830.0,-3.3,-50.0,21.4,-2.1,11.4,88,30.6,79,76,2025-06-10 17:00:00+00:00
29.6,80,25.7,1001.7,1002.4,82,1,1,82,5.2,149,14.0,0.0,2070.0,-4.0,-38.0,21.1,-2.1,16.5,95,26.6,82,73,2025-06-10 18:00:00+00:00
29.2,82,25.9,1001.3,1002.0,29,0,0,28,5.5,163,10.8,0.0,2070.0,-3.9,-36.0,20.9,-2.1,17.1,99,25.7,79,72,2025-06-10 19:00:00+00:00
28.9,84,25.9,1001.0,1001.7,69,1,3,68,4.3,158,10.8,0.0,2120.0,-4.2,-35.0,20.8,-2.1,18.0,99,24.5,79,72,2025-06-10 20:00:00+00:00
28.5,86,26.0,1000.9,1001.6,100,0,1,100,3.5,129,9.0,0.0,2250.0,-4.4,-26.0,20.6,-2.3,18.3,94,23.1,81,72,2025-06-10 21:00:00+00:00
28.1,88,26.0,1000.7,1001.4,100,2,4,100,3.3,96,7.2,0.0,2180.0,-4.5,-31.0,20.6,-2.3,19.1,90,22.9,84,67,2025-06-10 22:00:00+00:00
27.9,89,26.0,1000.9,1001.6,20,0,9,12,4.7,106,9.7,0.0,2090.0,-4.4,-34.0,20.5,-2.1,20.5,90,23.1,81,59,2025-06-10 23:00:00+00:00
27.9,90,26.1,1001.2,1001.9,30,0,5,27,4.6,99,9.7,0.0,1590.0,-3.7,-27.0,20.5,-1.9,21.2,99,29.7,76,58,2025-06-11 00:00:00+00:00
27.9,89,26.0,1002.0,1002.7,100,0,13,100,7.1,97,18.7,0.0,1630.0,-3.4,-26.0,20.6,-1.9,23.2,101,28.5,75,58,2025-06-11 01:00:00+00:00
29.7,79,25.8,1002.4,1003.1,100,13,6,100,9.9,111,25.2,0.0,1640.0,-3.3,-21.0,20.8,-1.9,24.8,107,29.7,76,60,2025-06-11 02:00:00+00:00
31.1,73,25.8,1002.5,1003.2,100,19,2,100,9.8,120,28.8,0.0,1390.0,-3.4,-18.0,20.9,-1.9,24.2,110,30.4,81,62,2025-06-11 03:00:00+00:00
32.4,68,25.7,1002.5,1003.2,99,9,1,99,8.2,122,28.8,0.0,1140.0,-3.2,-5.0,20.8,-2.1,23.4,111,30.4,81,64,2025-06-11 04:00:00+00:00
33.7,61,25.3,1002.1,1002.8,89,8,4,87,8.2,113,28.1,0.0,930.0,-2.8,0.0,20.6,-2.1,22.8,116,29.2,81,69,2025-06-11 05:00:00+00:00
34.8,56,24.8,1001.6,1002.3,45,13,4,36,9.4,119,30.6,0.0,1220.0,-2.4,0.0,20.6,-2.1,18.3,104,31.6,81,72,2025-06-11 06:00:00+00:00
35.2,53,24.3,1000.8,1001.5,72,10,9,67,10.8,127,32.0,0.0,1120.0,-2.4,0.0,20.9,-2.1,17.6,107,29.2,81,72,2025-06-11 07:00:00+00:00
35.1,53,24.0,1000.0,1000.7,54,16,42,10,10.5,142,31.7,0.0,1160.0,-2.6,0.0,20.9,-1.9,16.7,107,29.2,81,70,2025-06-11 08:00:00+00:00
33.1,61,24.5,999.4,1000.1,54,23,41,10,11.6,165,34.2,1.1,1200.0,-2.7,0.0,20.9,-1.6,14.7,112,28.0,80,72,2025-06-11 09:00:00+00:00
33.3,61,24.9,998.7,999.4,24,12,10,5,8.3,156,30.2,0.4,1270.0,-3.1,0.0,20.8,-1.6,13.7,111,26.8,80,76,2025-06-11 10:00:00+00:00
33.1,61,24.6,998.4,999.1,29,17,14,2,7.9,159,23.8,0.1,2110.0,-3.3,-1.0,20.3,-1.4,13.4,100,25.7,79,69,2025-06-11 11:00:00+00:00
32.3,64,24.6,998.9,999.6,25,19,9,1,8.1,155,21.2,0.0,3130.0,-3.0,-5.0,20.2,-1.4,11.4,85,25.3,85,70,2025-06-11 12:00:00+00:00
31.2,68,24.6,999.8,1000.5,45,8,3,38,6.6,167,18.0,0.0,2890.0,-2.9,-11.0,20.4,-1.6,16.4,88,24.3,81,66,2025-06-11 13:00:00+00:00
30.6,72,25.0,1000.8,1001.5,26,1,1,25,6.3,167,15.1,0.0,2410.0,-2.9,-15.0,21.4,-1.9,21.9,95,25.3,85,76,2025-06-11 14:00:00+00:00
30.1,75,25.2,1001.5,1002.2,23,0,4,20,6.3,167,13.0,0.0,2060.0,-2.9,-22.0,21.5,-2.1,24.3,103,25.3,85,71,2025-06-11 15:00:00+00:00
29.7,78,25.4,1002.1,1002.8,14,0,1,13,5.5,161,13.0,0.0,2130.0,-2.5,-22.0,21.5,-2.1,24.8,107,26.4,87,71,2025-06-11 16:00:00+00:00
29.2,81,25.5,1002.2,1002.9,10,0,3,8,5.4,154,11.5,0.0,2210.0,-2.3,-15.0,21.5,-2.1,25.7,110,26.4,90,73,2025-06-11 17:00:00+00:00
28.7,83,25.6,1002.1,1002.8,1,0,1,0,4.6,135,11.2,0.0,2340.0,-3.1,-16.0,21.5,-2.6,17.6,111,25.2,87,73,2025-06-11 18:00:00+00:00
28.3,85,25.6,1001.8,1002.5,0,0,0,0,4.4,125,9.7,0.0,2180.0,-3.5,-15.0,21.4,-2.3,18.5,106,22.8,87,72,2025-06-11 19:00:00+00:00
27.9,87,25.5,1001.5,1002.2,0,0,0,0,3.4,137,9.4,0.0,2070.0,-3.6,-16.0,21.2,-2.3,17.7,102,21.7,84,69,2025-06-11 20:00:00+00:00
27.6,88,25.5,1001.5,1002.2,0,0,0,0,3.3,119,7.6,0.0,1960.0,-3.4,-18.0,21.1,-2.1,18.8,97,20.7,80,69,2025-06-11 21:00:00+00:00
27.3,90,25.6,1001.6,1002.3,0,0,0,0,3.5,102,7.9,0.0,1840.0,-2.7,-21.0,20.9,-2.1,20.5,93,19.5,79,70,2025-06-11 22:00:00+00:00
27.2,92,25.7,1001.6,1002.3,0,0,0,0,3.9,103,7.9,0.0,1620.0,-2.2,-19.0,20.9,-2.1,21.0,92,19.8,76,69,2025-06-11 23:00:00+00:00
27.3,91,25.7,1002.2,1002.9,0,0,0,0,4.1,90,8.6,0.0,1560.0,-2.3,-12.0,20.8,-1.9,23.5,99,28.0,80,68,2025-06-12 00:00:00+00:00
29.5,82,26.1,1002.3,1003.0,10,10,3,0,8.1,115,20.2,0.1,1530.0,-2.2,-6.0,20.8,-1.9,24.4,98,27.8,83,69,2025-06-12 01:00:00+00:00
30.8,73,25.3,1002.9,1003.6,6,5,0,1,8.6,120,22.7,0.0,1410.0,-2.5,-2.0,20.8,-1.9,25.3,98,31.3,86,69,2025-06-12 02:00:00+00:00
32.1,64,24.4,1003.1,1003.8,9,8,1,0,9.0,119,28.4,0.0,1110.0,-2.8,0.0,20.8,-1.9,25.4,99,32.4,88,67,2025-06-12 03:00:00+00:00
33.2,58,23.8,1003.1,1003.8,11,10,6,0,9.8,116,28.1,0.0,970.0,-2.8,0.0,20.0,-1.9,20.6,103,33.6,88,64,2025-06-12 04:00:00+00:00
34.3,53,23.2,1002.7,1003.4,5,5,2,0,9.2,116,28.4,0.0,870.0,-2.7,0.0,20.4,-1.6,19.6,108,33.6,88,63,2025-06-12 05:00:00+00:00
35.2,49,22.8,1002.0,1002.7,11,7,4,3,9.5,112,30.2,0.0,870.0,-2.7,0.0,20.8,-1.4,13.0,100,36.2,84,72,2025-06-12 06:00:00+00:00
35.6,48,22.8,1000.8,1001.5,21,16,12,0,9.5,115,29.9,0.0,750.0,-2.6,0.0,20.9,-1.6,13.0,102,35.3,80,73,2025-06-12 07:00:00+00:00
36.2,46,22.7,999.6,1000.3,11,9,5,0,9.3,112,28.8,0.0,1350.0,-2.2,0.0,20.6,-1.6,10.0,114,35.5,78,71,2025-06-12 08:00:00+00:00
36.1,45,22.4,998.7,999.4,27,20,21,0,9.3,124,28.4,0.1,1740.0,-1.5,-1.0,20.5,-1.6,9.0,114,32.8,82,70,2025-06-12 09:00:00+00:00
35.1,48,22.5,998.2,998.9,28,22,25,0,8.9,167,27.7,0.2,1670.0,-1.2,-2.0,21.2,-1.4,10.1,95,30.4,81,70,2025-06-12 10:00:00+00:00
34.1,52,22.7,998.6,999.3,45,37,33,0,9.3,193,25.6,0.3,1770.0,-1.3,-2.0,21.5,-1.2,10.9,92,28.2,78,71,2025-06-12 11:00:00+00:00
33.0,57,23.3,999.3,1000.0,40,28,33,1,8.1,212,24.1,0.2,2260.0,-1.1,-7.0,21.0,-0.7,8.4,68,29.7,76,69,2025-06-12 12:00:00+00:00
31.6,66,24.5,999.8,1000.5,10,2,4,5,8.1,145,20.9,0.0,2050.0,-1.0,-18.0,21.4,-0.9,13.2,86,27.7,72,69,2025-06-12 13:00:00+00:00
31.0,70,24.9,1000.7,1001.4,2,0,2,1,7.0,138,17.6,0.0,1830.0,-0.9,-24.0,21.5,-0.7,15.7,98,29.2,71,70,2025-06-12 14:00:00+00:00
30.5,74,25.3,1001.8,1002.5,10,3,2,6,6.0,127,15.1,0.0,2050.0,-1.7,-23.0,21.4,-0.7,16.8,103,30.8,69,69,2025-06-12 15:00:00+00:00
30.2,76,25.5,1002.4,1003.1,1,0,0,0,7.0,151,14.0,0.0,1880.0,-2.0,-40.0,21.4,-0.9,18.0,106,30.4,72,70,2025-06-12 16:00:00+00:00
29.8,77,25.4,1002.8,1003.5,11,1,5,6,7.0,162,14.8,0.0,1830.0,-1.7,-82.0,21.4,-1.2,19.0,114,31.2,74,73,2025-06-12 17:00:00+00:00
29.4,79,25.5,1002.9,1003.6,7,6,5,0,6.9,171,15.1,0.0,2230.0,-2.3,-78.0,21.2,-1.6,12.9,113,28.9,85,74,2025-06-12 18:00:00+00:00
29.0,82,25.7,1002.6,1003.3,3,3,0,0,6.3,175,14.8,0.0,2120.0,-3.3,-47.0,21.0,-1.6,13.2,117,28.8,90,76,2025-06-12 19:00:00+00:00
28.7,85,25.9,1002.5,1003.2,0,0,0,0,6.0,175,13.3,0.0,2140.0,-3.9,-40.0,21.0,-1.6,11.2,117,28.9,95,77,2025-06-12 20:00:00+00:00
28.4,87,26.0,1002.3,1003.0,0,0,0,0,5.8,176,12.6,0.0,2070.0,-4.1,-33.0,21.0,-1.6,10.4,113,29.0,97,74,2025-06-12 21:00:00+00:00
28.2,88,26.1,1002.2,1002.9,1,0,0,0,5.4,174,11.9,0.0,2040.0,-3.7,-40.0,21.0,-1.6,11.4,106,29.0,97,72,2025-06-12 22:00:00+00:00
28.0,89,26.1,1002.2,1002.9,1,1,0,0,3.2,161,10.8,0.0,1970.0,-3.2,-33.0,20.9,-1.4,12.7,105,30.2,97,70,2025-06-12 23:00:00+00:00
28.2,88,26.1,1002.7,1003.4,4,4,0,0,2.6,115,6.8,0.0,2230.0,-3.0,-32.0,20.6,-1.6,11.4,119,28.0,100,68,2025-06-13 00:00:00+00:00
29.8,79,25.8,1003.3,1004.0,25,3,20,4,3.4,122,12.6,0.0,2080.0,-3.2,-16.0,20.8,-1.6,12.6,116,29.2,99,67,2025-06-13 01:00:00+00:00
31.3,70,25.2,1003.7,1004.4,49,10,12,40,5.8,144,17.3,0.1,2030.0,-2.8,-11.0,20.8,-1.6,13.2,117,29.4,102,64,2025-06-13 02:00:00+00:00
31.3,69,25.1,1003.9,1004.6,65,22,9,52,7.2,141,23.4,0.4,1670.0,-2.6,-2.0,21.0,-1.6,14.9,121,29.7,104,62,2025-06-13 03:00:00+00:00
32.7,64,24.9,1003.8,1004.5,44,13,13,29,7.3,138,23.4,0.0,1380.0,-2.4,0.0,20.9,-1.4,14.0,126,28.8,107,63,2025-06-13 04:00:00+00:00
33.9,59,24.8,1003.2,1003.9,35,14,6,20,8.4,138,26.6,0.0,1360.0,-2.2,0.0,20.9,-1.4,13.6,130,28.8,107,70,2025-06-13 05:00:00+00:00
34.9,54,24.1,1002.3,1003.0,31,16,7,15,8.9,133,28.4,0.0,1790.0,-2.1,0.0,20.9,-1.2,10.2,111,29.0,114,76,2025-06-13 06:00:00+00:00
35.6,50,23.7,1001.1,1001.8,41,21,12,16,8.4,133,28.1,0.0,1800.0,-1.5,0.0,21.0,-1.2,10.0,114,27.9,115,77,2025-06-13 07:00:00+00:00
35.6,50,23.6,999.9,1000.6,42,27,9,13,8.6,141,28.1,0.0,1960.0,-1.3,-1.0,20.9,-1.2,8.4,131,25.8,118,72,2025-06-13 08:00:00+00:00
35.6,50,23.7,999.0,999.7,100,100,5,8,7.0,159,27.0,0.0,1920.0,-1.3,-1.0,20.6,-0.9,8.4,151,24.1,117,70,2025-06-13 09:00:00+00:00
32.8,60,23.9,999.2,999.9,65,41,49,0,9.8,212,27.4,0.5,2090.0,-1.2,-1.0,20.6,-1.2,7.6,163,21.5,117,69,2025-06-13 10:00:00+00:00
32.7,62,24.4,998.8,999.5,25,3,24,0,5.2,221,26.6,0.3,1990.0,-1.0,0.0,20.9,-1.2,6.1,132,18.6,105,69,2025-06-13 11:00:00+00:00
32.6,63,24.7,998.8,999.5,10,8,3,0,4.0,201,16.2,0.0,1940.0,-1.3,-3.0,21.1,-0.7,4.6,79,22.9,96,72,2025-06-13 12:00:00+00:00
32.0,67,25.1,999.8,1000.5,52,0,10,46,7.9,197,22.0,0.0,2150.0,-1.4,-7.0,21.5,-0.7,5.1,80,21.6,93,71,2025-06-13 13:00:00+00:00
31.6,69,25.3,1000.6,1001.3,67,1,5,65,7.6,192,18.7,0.0,2200.0,-1.7,-13.0,22.0,-0.7,5.0,85,22.8,93,72,2025-06-13 14:00:00+00:00
31.2,71,25.3,1001.0,1001.7,47,0,3,45,7.9,184,18.0,0.0,2350.0,-1.8,-18.0,22.3,-0.7,5.9,94,22.8,90,71,2025-06-13 15:00:00+00:00
30.8,73,25.4,1001.4,1002.1,59,0,3,58,8.3,179,18.4,0.0,2520.0,-1.6,-39.0,22.4,-0.7,8.8,111,21.6,87,71,2025-06-13 16:00:00+00:00
30.3,76,25.6,1001.6,1002.3,9,0,1,8,8.6,180,19.4,0.0,2490.0,-1.5,-47.0,22.3,-0.7,12.7,128,21.7,84,70,2025-06-13 17:00:00+00:00
29.7,79,25.8,1001.4,1002.1,8,1,1,7,8.4,187,19.4,0.0,2520.0,-2.3,-46.0,22.0,-0.9,12.6,139,22.1,77,74,2025-06-13 18:00:00+00:00
29.3,81,25.8,1001.1,1001.8,10,4,6,4,8.4,187,18.4,0.0,2180.0,-2.7,-43.0,21.6,-0.9,13.1,151,23.9,72,77,2025-06-13 19:00:00+00:00
29.0,83,25.9,1001.2,1001.9,30,17,17,9,6.9,186,18.0,0.0,2310.0,-3.3,-36.0,21.5,-0.9,11.7,159,22.5,65,78,2025-06-13 20:00:00+00:00
28.8,85,26.0,1000.8,1001.5,48,9,2,42,5.6,205,14.8,0.0,2400.0,-3.6,-32.0,21.4,-1.2,10.8,158,22.6,58,77,2025-06-13 21:00:00+00:00
28.6,86,26.1,1000.7,1001.4,57,14,1,49,4.8,193,11.9,0.0,2410.0,-3.8,-30.0,21.4,-1.2,10.8,158,22.3,54,74,2025-06-13 22:00:00+00:00
28.6,87,26.1,1000.8,1001.5,20,3,0,18,4.0,198,10.4,0.0,2370.0,-3.5,-33.0,21.4,-1.2,11.4,151,23.1,51,74,2025-06-13 23:00:00+00:00
28.7,86,26.1,1000.9,1001.6,16,0,0,16,2.7,180,8.6,0.0,2390.0,-3.3,-26.0,21.2,-1.4,8.4,193,23.3,55,72,2025-06-14 00:00:00+00:00
30.2,79,26.1,1001.4,1002.1,72,3,7,69,1.7,212,9.7,0.0,2420.0,-3.0,-16.0,21.2,-1.6,6.9,176,24.3,57,72,2025-06-14 01:00:00+00:00
30.0,71,24.2,1002.4,1003.1,100,45,52,99,10.1,179,26.3,0.2,2150.0,-2.7,-11.0,21.2,-1.6,6.4,176,25.8,62,74,2025-06-14 02:00:00+00:00
30.9,70,24.8,1002.5,1003.2,95,0,3,95,8.1,198,27.7,0.4,1830.0,-2.5,-1.0,21.2,-1.6,5.9,176,26.3,66,74,2025-06-14 03:00:00+00:00
32.1,65,24.6,1002.1,1002.8,56,0,2,55,6.5,186,28.4,0.0,1650.0,-2.6,0.0,21.2,-1.6,6.4,172,26.6,72,73,2025-06-14 04:00:00+00:00
34.0,56,24.0,1001.7,1002.4,84,5,6,82,6.1,177,23.4,0.0,1810.0,-2.4,0.0,21.1,-1.4,8.0,167,26.6,72,76,2025-06-14 05:00:00+00:00
35.3,52,23.8,1001.0,1001.7,42,6,7,36,7.6,175,25.6,0.0,1950.0,-2.5,0.0,20.6,-1.4,9.6,155,29.2,81,74,2025-06-14 06:00:00+00:00
35.7,51,23.9,999.9,1000.6,95,14,15,94,8.9,174,27.7,0.0,1960.0,-2.4,0.0,20.6,-1.4,9.1,162,29.0,83,76,2025-06-14 07:00:00+00:00
36.1,51,24.2,998.8,999.5,98,9,6,98,7.8,171,27.7,0.0,1810.0,-2.3,0.0,20.9,-1.4,8.8,171,27.7,85,73,2025-06-14 08:00:00+00:00
36.3,49,24.1,998.0,998.7,78,11,5,74,8.4,161,26.3,0.0,2340.0,-2.4,-1.0,20.9,-1.2,5.2,165,25.3,85,68,2025-06-14 09:00:00+00:00
35.8,50,23.9,997.2,997.9,58,16,7,47,10.2,167,28.4,0.0,3030.0,-3.0,-1.0,20.9,-1.2,2.6,135,24.1,84,69,2025-06-14 10:00:00+00:00
35.0,52,23.7,997.0,997.7,100,12,7,100,12.0,173,29.9,0.0,2600.0,-3.5,-4.0,21.2,-1.2,6.7,118,21.7,84,68,2025-06-14 11:00:00+00:00
33.4,59,24.3,997.6,998.3,100,32,12,100,13.9,183,33.1,0.0,2160.0,-3.8,-5.0,21.6,-1.2,7.4,112,26.6,82,68,2025-06-14 12:00:00+00:00
32.5,63,24.7,998.7,999.4,100,7,14,100,10.7,167,26.3,0.0,2070.0,-3.7,-4.0,21.7,-1.2,11.4,119,25.7,79,67,2025-06-14 13:00:00+00:00
31.9,67,25.0,999.6,1000.3,100,14,8,100,11.9,165,27.4,0.0,2380.0,-3.2,-23.0,21.8,-1.4,12.5,123,25.7,79,66,2025-06-14 14:00:00+00:00
31.4,70,25.2,1000.3,1001.0,99,17,7,99,12.7,173,28.8,0.0,1990.0,-3.0,-32.0,22.0,-1.4,14.5,122,25.7,79,66,2025-06-14 15:00:00+00:00
30.8,73,25.4,1001.2,1001.9,100,17,8,100,12.2,181,28.8,0.0,2200.0,-3.7,-41.0,21.8,-1.6,18.1,129,25.5,82,66,2025-06-14 16:00:00+00:00
30.2,78,26.0,1001.5,1002.2,100,4,4,100,10.1,183,27.0,0.0,2160.0,-4.2,-48.0,21.5,-1.9,21.1,141,24.1,84,66,2025-06-14 17:00:00+00:00
29.9,81,26.2,1000.8,1001.5,98,19,4,97,9.6,186,22.3,0.0,2140.0,-4.5,-47.0,21.0,-1.6,13.0,155,26.4,93,69,2025-06-14 18:00:00+00:00
29.7,81,26.1,999.9,1000.6,81,15,2,77,10.0,198,22.0,0.0,1960.0,-4.9,-45.0,21.1,-1.6,12.4,163,25.2,93,72,2025-06-14 19:00:00+00:00
29.4,81,25.9,999.3,1000.0,99,11,1,99,9.0,192,21.6,0.0,1710.0,-4.7,-38.0,21.0,-1.9,11.2,168,24.0,90,76,2025-06-14 20:00:00+00:00
29.1,83,25.9,999.6,1000.3,100,4,1,100,7.6,175,19.4,0.0,1690.0,-4.6,-24.0,20.9,-1.9,10.6,170,22.8,90,76,2025-06-14 21:00:00+00:00
28.7,84,25.8,999.4,1000.1,100,2,12,100,6.2,144,16.6,0.0,1700.0,-4.4,-21.0,20.9,-1.9,9.7,161,20.4,90,72,2025-06-14 22:00:00+00:00
28.4,86,25.8,998.9,999.6,100,0,3,100,5.7,152,16.2,0.0,1660.0,-4.2,-16.0,20.8,-1.9,9.6,149,20.4,90,72,2025-06-14 23:00:00+00:00
28.4,86,25.8,999.8,1000.5,100,11,18,100,8.4,138,19.1,0.0,2050.0,-4.4,-10.0,21.0,-2.1,7.3,184,21.6,93,73,2025-06-15 00:00:00+00:00
29.8,78,25.7,999.8,1000.5,100,3,5,100,5.5,122,15.5,0.0,1880.0,-4.4,-6.0,20.8,-1.9,6.9,157,20.4,93,73,2025-06-15 01:00:00+00:00
31.6,70,25.5,1000.3,1001.0,100,1,9,100,6.3,121,18.7,0.0,2260.0,-3.4,-6.0,20.8,-1.6,8.0,149,18.2,98,74,2025-06-15 02:00:00+00:00
28.3,85,25.5,1001.7,1002.4,100,100,52,100,12.2,118,28.1,6.8,2160.0,-3.4,0.0,20.5,-1.9,8.5,144,18.0,94,77,2025-06-15 03:00:00+00:00
28.3,85,25.6,1001.4,1002.1,100,100,33,100,9.1,129,27.4,1.3,1980.0,-3.5,0.0,19.9,-1.9,8.2,153,19.2,90,78,2025-06-15 04:00:00+00:00
29.5,82,26.1,1000.9,1001.6,100,28,8,100,6.4,140,21.2,0.3,1850.0,-3.5,-1.0,19.8,-1.9,6.8,160,20.4,90,76,2025-06-15 05:00:00+00:00
31.0,78,26.8,1000.4,1001.1,100,100,94,100,7.3,140,23.4,0.3,1670.0,-3.0,-4.0,20.2,-1.6,11.1,99,21.3,106,77,2025-06-15 06:00:00+00:00
29.8,78,25.6,999.5,1000.2,100,100,58,100,12.4,123,28.1,5.3,1570.0,-3.4,0.0,20.3,-1.6,13.2,104,20.7,100,78,2025-06-15 07:00:00+00:00
27.6,90,25.9,998.8,999.5,100,2,3,100,6.7,126,31.0,2.5,1330.0,-2.8,-3.0,20.6,-1.6,14.2,96,19.4,112,72,2025-06-15 08:00:00+00:00
28.3,87,25.9,997.8,998.5,100,47,6,100,8.5,138,19.4,0.4,1390.0,-2.4,-27.0,19.7,-1.6,16.1,106,15.2,108,69,2025-06-15 09:00:00+00:00
29.5,81,25.8,997.0,997.7,100,54,1,100,8.1,137,23.8,0.1,1310.0,-2.4,-18.0,19.9,-1.4,16.2,112,11.1,103,68,2025-06-15 10:00:00+00:00
29.7,79,25.7,997.2,997.9,100,11,15,100,7.2,158,21.2,0.0,1140.0,-2.3,-53.0,20.5,-1.6,15.7,116,9.6,90,73,2025-06-15 11:00:00+00:00
29.1,83,25.9,997.5,998.2,100,20,39,100,7.4,148,17.3,0.0,1260.0,-3.0,-46.0,21.0,-1.6,18.0,126,16.3,73,73,2025-06-15 12:00:00+00:00
28.1,89,26.2,997.8,998.5,100,0,9,100,6.0,115,14.4,0.1,1030.0,-2.7,-22.0,21.0,-1.6,17.1,138,14.8,76,70,2025-06-15 13:00:00+00:00
27.8,91,26.2,998.8,999.5,100,2,17,100,5.1,108,13.0,0.0,1000.0,-2.3,-9.0,20.9,-1.6,17.4,147,14.6,81,68,2025-06-15 14:00:00+00:00
27.7,92,26.3,1000.1,1000.8,100,23,28,100,6.7,114,13.3,0.0,1060.0,-1.4,-23.0,20.8,-1.2,19.8,151,12.1,84,71,2025-06-15 15:00:00+00:00
27.7,90,26.0,1000.7,1001.4,100,17,31,100,7.4,133,16.9,0.0,970.0,-1.1,-26.0,20.8,-1.2,21.4,151,9.7,83,72,2025-06-15 16:00:00+00:00
27.6,91,26.0,1000.6,1001.3,100,8,12,100,7.0,132,15.1,0.0,850.0,-1.9,-19.0,20.5,-1.4,22.5,148,7.2,90,73,2025-06-15 17:00:00+00:00
27.4,92,25.9,1000.5,1001.2,99,9,21,99,6.8,132,14.0,0.0,880.0,-2.7,-10.0,20.3,-1.4,18.4,140,9.1,157,81,2025-06-15 18:00:00+00:00
27.1,93,25.9,999.7,1000.4,100,6,86,99,6.0,127,13.3,0.0,780.0,-3.0,-11.0,20.2,-1.4,19.1,140,11.1,167,83,2025-06-15 19:00:00+00:00
27.1,92,25.6,999.2,999.9,100,10,79,100,3.4,137,12.2,0.2,830.0,-3.1,-11.0,20.3,-1.4,17.4,137,13.3,175,83,2025-06-15 20:00:00+00:00
26.9,92,25.5,998.8,999.5,100,21,41,100,5.1,94,9.7,0.1,750.0,-3.2,-10.0,20.2,-1.6,17.1,136,13.4,170,86,2025-06-15 21:00:00+00:00
26.7,95,25.8,998.6,999.3,100,12,17,100,5.8,86,11.9,0.0,560.0,-3.2,-12.0,20.0,-1.9,17.1,134,14.0,160,83,2025-06-15 22:00:00+00:00
26.6,96,25.8,998.8,999.5,100,5,28,100,4.5,88,12.6,0.0,450.0,-3.1,-7.0,20.0,-1.9,17.2,130,14.5,156,83,2025-06-15 23:00:00+00:00
26.6,95,25.8,999.1,999.8,100,2,7,100,5.0,88,11.2,0.0,440.0,-2.9,-4.0,20.0,-1.6,14.0,109,21.6,146,81,2025-06-16 00:00:00+00:00
27.9,89,26.0,998.9,999.6,99,1,14,99,6.9,51,17.6,0.0,400.0,-3.0,-1.0,20.0,-1.4,15.5,104,23.1,141,79,2025-06-16 01:00:00+00:00
29.2,82,25.9,999.1,999.8,99,2,11,98,6.9,57,19.8,0.0,510.0,-3.2,0.0,20.2,-1.2,17.5,99,26.3,137,84,2025-06-16 02:00:00+00:00
30.5,74,25.3,999.1,999.8,95,10,20,93,6.5,58,20.2,0.1,660.0,-2.7,0.0,20.0,-1.4,19.9,99,26.3,133,88,2025-06-16 03:00:00+00:00
31.4,68,24.8,999.3,1000.0,94,7,41,90,6.8,65,21.2,0.1,810.0,-2.8,0.0,20.2,-1.4,21.7,98,25.7,127,87,2025-06-16 04:00:00+00:00
32.3,66,25.1,999.0,999.7,100,10,29,100,8.2,64,23.8,0.1,890.0,-3.3,0.0,20.0,-1.2,22.1,98,25.0,125,87,2025-06-16 05:00:00+00:00
28.3,87,25.9,998.7,999.4,100,0,76,100,7.3,99,29.5,5.3,1260.0,-2.7,0.0,20.4,-1.2,21.5,84,24.3,123,80,2025-06-16 06:00:00+00:00
30.6,78,26.4,997.7,998.4,100,2,19,100,5.4,64,19.8,0.2,1340.0,-2.4,0.0,20.2,-0.7,20.4,63,23.7,120,92,2025-06-16 07:00:00+00:00
31.7,74,26.5,996.6,997.3,98,5,4,98,5.0,69,20.9,0.1,1540.0,-2.6,0.0,20.6,-0.2,20.2,67,22.1,112,91,2025-06-16 08:00:00+00:00
29.8,79,25.7,996.3,997.0,100,100,88,100,13.2,73,27.7,7.4,1550.0,-2.3,0.0,21.0,-0.9,23.9,83,19.0,108,79,2025-06-16 09:00:00+00:00
27.3,92,25.8,996.0,996.7,100,6,54,100,5.2,131,31.0,4.5,1600.0,-2.0,0.0,20.8,-0.7,22.8,78,16.8,94,84,2025-06-16 10:00:00+00:00
28.0,89,26.0,995.7,996.4,100,15,23,100,4.0,148,14.0,0.3,990.0,-2.6,0.0,20.4,-0.9,19.6,68,18.2,82,80,2025-06-16 11:00:00+00:00
27.6,90,25.9,996.4,997.1,100,14,24,100,5.9,215,15.5,0.0,1190.0,-2.6,-5.0,20.8,-0.5,18.6,54,21.0,103,81,2025-06-16 12:00:00+00:00
28.6,90,26.8,997.2,997.9,100,4,22,100,4.1,229,9.7,0.0,1250.0,-2.9,-7.0,20.6,-0.2,20.7,76,20.1,107,92,2025-06-16 13:00:00+00:00
28.2,88,25.9,997.7,998.4,100,30,55,100,1.9,253,11.2,0.8,1060.0,-2.4,-6.0,20.6,-0.5,17.3,92,21.5,117,82,2025-06-16 14:00:00+00:00
28.0,90,26.2,998.4,999.1,100,29,32,100,1.2,297,4.7,1.0,780.0,-2.6,-7.0,20.4,-0.5,14.3,107,21.0,114,84,2025-06-16 15:00:00+00:00
26.8,95,26.0,999.2,999.9,100,58,50,100,3.8,301,7.6,7.5,660.0,-2.2,-12.0,20.6,-0.7,10.4,113,21.0,114,87,2025-06-16 16:00:00+00:00
26.8,93,25.6,999.4,1000.1,100,52,77,100,2.3,247,7.9,2.1,550.0,-1.7,-13.0,20.8,-0.9,6.1,138,19.4,112,86,2025-06-16 17:00:00+00:00
26.6,94,25.5,998.9,999.6,100,100,34,100,3.4,245,6.5,0.3,710.0,-1.5,-30.0,20.3,-0.7,7.5,25,23.9,108,91,2025-06-16 18:00:00+00:00
26.7,93,25.4,998.3,999.0,100,70,68,100,5.1,276,8.3,0.4,630.0,-1.6,-23.0,20.2,-0.7,6.4,4,23.9,108,93,2025-06-16 19:00:00+00:00
26.5,94,25.5,997.4,998.1,100,30,15,100,4.0,306,10.8,0.5,550.0,-2.0,-35.0,20.2,-0.7,8.7,354,23.9,108,93,2025-06-16 20:00:00+00:00
26.2,94,25.1,997.1,997.8,100,100,100,100,3.3,354,7.2,0.5,450.0,-2.1,-10.0,20.2,-0.9,8.7,357,22.4,106,91,2025-06-16 21:00:00+00:00
26.1,97,25.5,996.9,997.6,100,83,99,100,1.5,60,6.5,0.4,380.0,-1.9,-7.0,20.2,-0.9,7.8,3,19.0,108,90,2025-06-16 22:00:00+00:00
26.0,96,25.3,996.8,997.5,100,100,100,100,0.9,79,5.0,0.2,360.0,-1.6,-8.0,20.0,-0.9,7.4,338,17.0,98,94,2025-06-16 23:00:00+00:00
26.0,97,25.5,997.1,997.8,100,100,100,100,0.9,323,4.3,0.8,360.0,-2.2,-8.0,20.0,-0.9,12.7,322,15.6,86,94,2025-06-17 00:00:00+00:00
26.8,95,26.0,996.4,997.1,100,3,100,100,12.0,282,25.2,0.6,380.0,-2.4,-4.0,20.2,-1.4,10.6,295,12.2,79,98,2025-06-17 01:00:00+00:00
27.1,95,26.2,997.2,997.9,100,11,95,100,14.0,286,27.4,0.4,360.0,-2.5,0.0,20.0,-1.6,13.0,295,8.0,153,91,2025-06-17 02:00:00+00:00
27.8,91,26.2,997.9,998.6,100,64,100,100,9.0,276,30.6,0.9,330.0,-2.7,0.0,20.3,-1.4,11.7,291,21.6,199,86,2025-06-17 03:00:00+00:00
27.9,89,26.0,998.3,999.0,100,100,100,100,11.0,284,26.3,0.8,330.0,-2.7,0.0,20.0,-1.2,11.4,275,23.2,201,89,2025-06-17 04:00:00+00:00
27.4,93,26.1,998.0,998.7,100,57,88,100,12.4,272,26.6,2.8,420.0,-3.0,0.0,20.0,-0.9,13.8,253,16.8,184,96,2025-06-17 05:00:00+00:00
27.7,94,26.6,997.5,998.2,100,73,97,100,9.1,262,28.4,2.4,530.0,-3.4,0.0,20.0,-0.9,7.8,273,18.2,172,100,2025-06-17 06:00:00+00:00
28.4,90,26.6,996.9,997.6,100,100,62,100,11.1,250,26.3,0.8,540.0,-3.1,-1.0,20.2,-0.9,9.2,243,16.8,184,86,2025-06-17 07:00:00+00:00
28.9,88,26.6,996.0,996.7,100,88,54,100,11.1,238,28.1,0.3,500.0,-3.1,-3.0,20.4,-1.2,11.3,227,15.6,203,86,2025-06-17 08:00:00+00:00
28.8,88,26.6,995.5,996.2,100,40,43,100,10.7,225,28.1,0.2,360.0,-3.0,-8.0,20.3,-1.4,13.2,224,15.4,231,97,2025-06-17 09:00:00+00:00
28.1,86,25.6,995.4,996.1,100,15,100,100,12.7,215,27.4,1.6,280.0,-2.8,-7.0,20.5,-0.9,15.2,237,10.2,225,90,2025-06-17 10:00:00+00:00
27.2,93,26.0,995.2,995.9,100,7,100,100,10.8,222,28.4,2.1,260.0,-2.0,-11.0,20.0,-0.5,20.4,241,12.8,229,76,2025-06-17 11:00:00+00:00
27.0,96,26.2,995.7,996.4,100,2,100,100,11.9,214,23.0,1.9,520.0,-2.0,-5.0,20.2,-0.5,24.9,242,10.3,201,84,2025-06-17 12:00:00+00:00
26.8,95,25.9,995.8,996.5,100,34,100,100,11.1,219,21.6,0.7,340.0,-2.1,0.0,20.4,-0.5,27.7,237,6.0,180,83,2025-06-17 13:00:00+00:00
26.6,95,25.8,997.0,997.7,100,17,100,100,12.2,208,23.0,0.5,370.0,-2.5,-7.0,20.6,-0.2,29.9,239,7.2,180,88,2025-06-17 14:00:00+00:00
25.5,99,25.2,998.3,999.0,100,95,100,100,12.8,204,28.8,1.0,330.0,-2.5,-35.0,20.3,-0.2,30.0,240,9.7,210,87,2025-06-17 15:00:00+00:00
25.7,98,25.3,997.9,998.6,100,2,100,100,11.7,232,26.3,1.7,340.0,-2.7,-6.0,20.4,-0.2,32.7,240,9.4,220,93,2025-06-17 16:00:00+00:00
25.9,97,25.4,997.9,998.6,100,3,100,100,8.5,222,22.0,0.4,360.0,-2.1,-8.0,20.2,-0.5,36.2,239,6.1,259,93,2025-06-17 17:00:00+00:00
26.0,97,25.4,997.4,998.1,100,13,65,100,5.4,180,15.5,0.1,400.0,-2.5,-7.0,20.3,-0.7,36.6,247,4.3,236,92,2025-06-17 18:00:00+00:00
25.9,96,25.1,997.2,997.9,100,98,51,100,8.8,169,15.5,0.2,370.0,-2.2,-14.0,20.3,-1.2,36.0,248,1.2,270,92,2025-06-17 19:00:00+00:00
25.7,98,25.3,996.8,997.5,100,92,100,100,8.2,203,18.4,1.2,340.0,-2.0,-16.0,20.2,-1.4,36.1,249,4.8,270,87,2025-06-17 20:00:00+00:00
25.6,98,25.2,996.1,996.8,100,100,99,100,9.2,200,17.3,1.6,320.0,-1.6,-19.0,19.7,-1.2,37.2,253,11.1,319,88,2025-06-17 21:00:00+00:00
25.7,97,25.2,995.8,996.5,100,34,100,100,9.0,203,18.4,1.0,310.0,-1.0,-17.0,19.9,-1.2,36.3,250,8.0,297,92,2025-06-17 22:00:00+00:00
25.9,97,25.3,995.7,996.4,100,18,100,100,9.3,196,17.6,0.1,300.0,-1.0,-30.0,19.8,-1.2,40.9,248,11.1,257,86,2025-06-17 23:00:00+00:00
26.0,96,25.3,996.1,996.8,100,15,100,95,9.8,185,18.0,0.1,320.0,-0.9,-27.0,20.2,-1.4,40.1,251,30.7,239,93,2025-06-18 00:00:00+00:00
26.2,97,25.6,995.7,996.4,100,85,100,100,16.0,218,30.2,9.6,250.0,-0.7,-23.0,20.2,-1.2,39.6,247,29.2,251,96,2025-06-18 01:00:00+00:00
26.8,94,25.8,996.3,997.0,100,14,66,99,15.3,217,29.2,1.7,200.0,-1.1,-5.0,19.8,-1.4,37.9,252,33.0,260,97,2025-06-18 02:00:00+00:00
27.3,90,25.5,996.7,997.4,100,98,100,79,15.8,220,38.5,2.2,260.0,-1.4,-1.0,19.8,-1.4,34.9,246,23.3,258,91,2025-06-18 03:00:00+00:00
27.3,87,25.0,996.7,997.4,100,57,98,100,17.4,216,34.6,1.0,330.0,-2.4,-1.0,19.8,-0.7,36.1,244,22.1,248,93,2025-06-18 04:00:00+00:00
27.2,90,25.4,996.7,997.4,100,82,100,100,17.4,213,37.4,2.3,380.0,-2.3,-1.0,20.0,-0.7,36.8,236,19.0,235,94,2025-06-18 05:00:00+00:00
27.9,89,25.8,996.0,996.7,100,80,96,100,15.5,215,36.7,0.7,600.0,-2.4,0.0,19.9,-0.5,26.7,243,16.3,234,93,2025-06-18 06:00:00+00:00
27.7,90,25.9,995.4,996.1,100,15,45,100,15.5,215,32.8,0.7,410.0,-2.5,0.0,19.7,-0.7,29.9,239,20.4,225,93,2025-06-18 07:00:00+00:00
29.2,84,26.2,994.4,995.1,100,44,38,100,15.7,210,38.2,0.1,410.0,-2.8,-1.0,20.2,-0.7,33.8,244,20.4,220,96,2025-06-18 08:00:00+00:00
28.3,84,25.4,993.8,994.5,100,22,33,100,19.1,223,44.6,0.9,360.0,-2.9,0.0,20.3,-0.9,34.4,244,24.6,227,87,2025-06-18 09:00:00+00:00
28.3,87,25.9,993.3,994.0,100,37,27,100,15.6,210,41.8,0.1,280.0,-2.7,-4.0,20.0,-0.9,37.5,241,26.6,234,91,2025-06-18 10:00:00+00:00
27.6,87,25.3,993.6,994.3,100,15,84,100,16.6,217,37.1,1.2,400.0,-1.7,-1.0,20.0,-0.2,40.4,245,30.7,239,93,2025-06-18 11:00:00+00:00
27.8,87,25.5,993.7,994.4,100,7,58,100,16.1,214,33.1,0.2,640.0,-1.1,-2.0,20.3,-0.2,41.0,243,28.8,225,92,2025-06-18 12:00:00+00:00
26.6,93,25.5,994.8,995.5,100,16,90,100,17.1,198,36.7,0.5,490.0,-0.9,-6.0,20.2,-0.5,41.9,248,29.8,220,97,2025-06-18 13:00:00+00:00
26.7,91,25.1,995.1,995.8,100,95,14,99,17.0,207,36.4,0.6,450.0,-1.0,-9.0,20.0,-0.2,49.0,247,28.1,220,100,2025-06-18 14:00:00+00:00
26.3,93,25.0,995.7,996.4,100,95,63,86,17.3,201,39.2,0.6,340.0,-1.1,-5.0,20.4,-0.5,50.2,242,28.9,222,86,2025-06-18 15:00:00+00:00
26.5,92,25.2,996.2,996.9,100,17,100,98,17.5,207,37.4,0.5,300.0,-0.8,-2.0,19.9,-0.7,49.9,242,27.4,218,83,2025-06-18 16:00:00+00:00
26.5,89,24.6,996.3,997.0,100,25,95,99,18.4,206,36.7,0.1,200.0,-0.4,-7.0,19.8,-0.5,51.7,239,29.0,218,91,2025-06-18 17:00:00+00:00
26.3,87,23.9,995.8,996.5,100,40,100,100,19.6,202,40.0,0.1,210.0,-0.1,-3.0,20.2,-0.9,60.3,235,32.3,222,87,2025-06-18 18:00:00+00:00
26.4,84,23.6,995.2,995.9,100,99,100,99,20.2,206,42.5,0.7,150.0,0.1,-54.0,19.7,-1.2,62.4,234,30.6,222,92,2025-06-18 19:00:00+00:00
26.3,90,24.6,994.7,995.4,100,5,100,100,22.0,205,43.6,4.0,30.0,0.3,-58.0,19.8,-0.7,62.8,237,30.6,222,90,2025-06-18 20:00:00+00:00
25.3,85,22.6,994.4,995.1,100,5,99,100,26.1,212,54.7,2.7,30.0,1.5,0.0,19.8,-1.4,76.8,240,30.5,225,93,2025-06-18 21:00:00+00:00
24.9,84,22.0,994.9,995.6,100,50,100,100,29.2,220,57.6,3.0,0.0,0.6,0.0,18.7,-1.6,73.7,240,32.4,219,84,2025-06-18 22:00:00+00:00
24.4,92,22.9,995.5,996.2,100,5,100,100,25.0,207,58.3,4.4,0.0,0.5,0.0,19.2,-1.6,73.6,244,34.3,216,91,2025-06-18 23:00:00+00:00
24.3,91,22.8,996.2,996.9,100,0,100,100,26.1,209,51.1,7.1,0.0,0.7,-3.0,19.1,-1.6,67.9,250,40.2,207,97,2025-06-19 00:00:00+00:00
25.2,87,22.9,997.3,998.0,100,3,100,94,20.1,211,39.2,0.7,0.0,1.1,-2.0,19.1,-1.6,68.9,251,41.9,207,100,2025-06-19 01:00:00+00:00
26.0,79,22.1,997.6,998.3,100,3,100,44,18.6,208,41.0,0.0,0.0,-0.1,-9.0,19.1,-1.6,68.5,242,45.3,212,100,2025-06-19 02:00:00+00:00
27.3,75,22.4,997.9,998.6,100,4,100,60,14.7,197,38.9,0.0,0.0,-1.2,-29.0,19.7,-1.6,65.3,238,42.0,217,100,2025-06-19 03:00:00+00:00
27.9,72,22.5,998.3,999.0,100,1,100,73,17.5,183,36.7,0.0,210.0,-0.4,-29.0,19.7,-1.4,57.3,238,39.7,205,94,2025-06-19 04:00:00+00:00
28.5,74,23.4,998.3,999.0,100,16,100,19,14.4,178,38.9,0.0,670.0,0.0,-9.0,19.6,-1.4,53.7,237,40.3,203,91,2025-06-19 05:00:00+00:00
28.0,84,25.1,997.8,998.5,100,7,92,100,22.7,183,50.4,0.4,370.0,0.6,-29.0,19.2,-1.4,50.2,238,36.0,206,92,2025-06-19 06:00:00+00:00
28.2,85,25.4,997.4,998.1,100,36,100,8,20.4,182,48.2,1.2,470.0,0.1,-22.0,19.1,-0.9,45.5,237,34.6,214,87,2025-06-19 07:00:00+00:00
28.5,87,26.1,996.7,997.4,100,16,100,38,15.4,169,42.1,0.2,520.0,0.7,-30.0,19.2,-0.9,43.5,237,32.0,214,87,2025-06-19 08:00:00+00:00
29.8,83,26.6,995.7,996.4,98,0,92,73,12.8,161,34.6,0.0,710.0,1.3,-36.0,19.6,-0.7,40.6,237,29.0,210,92,2025-06-19 09:00:00+00:00
30.4,78,26.0,995.5,996.2,91,1,44,84,17.3,188,41.0,0.1,650.0,1.1,-32.0,20.2,-0.9,36.2,234,27.4,203,89,2025-06-19 10:00:00+00:00
30.3,76,25.6,995.7,996.4,98,11,65,94,18.5,201,43.6,0.1,410.0,0.0,-10.0,20.3,-0.9,38.3,235,27.7,198,91,2025-06-19 11:00:00+00:00
29.1,81,25.5,996.0,996.7,92,18,19,89,14.4,192,39.6,0.4,490.0,-1.0,-42.0,20.2,-0.9,49.1,244,24.3,200,80,2025-06-19 12:00:00+00:00
26.8,91,25.2,997.4,998.1,100,7,100,100,13.4,172,28.1,0.2,460.0,-1.6,-45.0,19.7,-0.9,48.1,239,23.6,195,88,2025-06-19 13:00:00+00:00
27.4,91,25.8,998.0,998.7,100,12,100,99,14.4,195,32.0,0.0,460.0,-1.5,-112.0,20.0,-0.7,44.7,237,26.2,196,97,2025-06-19 14:00:00+00:00
27.4,91,25.8,998.4,999.1,100,32,98,100,12.4,204,28.8,0.1,470.0,-0.8,-57.0,19.8,-0.7,43.5,235,27.9,205,91,2025-06-19 15:00:00+00:00
27.4,91,25.8,999.6,1000.3,100,100,45,100,13.9,210,27.4,0.1,480.0,-1.4,-78.0,19.8,-0.7,40.2,235,27.6,214,90,2025-06-19 16:00:00+00:00
27.5,89,25.4,1000.0,1000.7,100,3,100,96,14.2,212,29.2,0.0,500.0,-1.4,-41.0,19.4,-0.9,42.1,230,20.4,230,83,2025-06-19 17:00:00+00:00
27.3,87,24.9,999.7,1000.4,100,1,100,100,13.8,208,29.2,0.0,460.0,-1.4,-46.0,19.6,-0.9,43.7,233,17.1,219,77,2025-06-19 18:00:00+00:00
27.2,85,24.4,999.6,1000.3,99,4,46,98,13.1,209,28.4,0.0,320.0,-0.8,-78.0,19.8,-1.2,43.6,236,14.6,215,74,2025-06-19 19:00:00+00:00
27.0,84,24.1,999.1,999.8,96,0,7,95,13.1,207,27.4,0.0,180.0,-0.3,-53.0,19.6,-1.4,42.8,237,16.7,210,86,2025-06-19 20:00:00+00:00
27.1,83,24.0,999.1,999.8,99,0,1,99,12.5,205,27.0,0.0,190.0,-0.3,-60.0,19.6,-1.2,42.1,239,23.7,210,98,2025-06-19 21:00:00+00:00
26.9,85,24.3,999.2,999.9,97,12,17,97,12.6,194,25.9,0.0,360.0,0.0,-68.0,19.2,-0.9,47.4,247,28.0,211,92,2025-06-19 22:00:00+00:00
26.6,87,24.3,999.0,999.7,97,8,30,95,10.1,196,26.3,0.0,600.0,0.3,-133.0,19.2,-1.4,47.2,247,30.3,214,94,2025-06-19 23:00:00+00:00
26.3,89,24.4,999.7,1000.4,96,2,52,92,10.6,182,24.1,0.1,730.0,0.3,-89.0,19.4,-0.9,53.5,254,27.0,212,93,2025-06-20 00:00:00+00:00
27.6,89,25.6,1000.2,1000.9,100,76,37,100,14.3,195,31.7,0.0,970.0,-0.6,-39.0,19.4,-1.2,49.0,252,34.0,212,91,2025-06-20 01:00:00+00:00
27.5,87,25.2,1000.8,1001.5,60,13,35,29,14.2,207,38.9,0.2,1190.0,-1.8,-10.0,19.7,-1.6,46.0,247,33.4,218,88,2025-06-20 02:00:00+00:00
28.3,83,25.1,1000.7,1001.4,99,16,23,98,15.9,209,37.8,1.0,1210.0,-2.3,-3.0,19.7,-0.9,43.0,244,31.7,217,89,2025-06-20 03:00:00+00:00
28.5,84,25.5,1000.8,1001.5,99,25,11,99,14.4,211,37.1,0.3,1490.0,-2.5,0.0,19.8,-0.5,38.5,243,32.6,216,89,2025-06-20 04:00:00+00:00
30.2,77,25.7,1000.4,1001.1,100,50,28,100,16.3,221,37.4,0.0,1870.0,-2.5,0.0,19.7,-0.9,39.6,253,33.1,224,89,2025-06-20 05:00:00+00:00
31.3,76,26.6,999.9,1000.6,98,9,8,98,11.5,210,40.3,0.0,1580.0,-3.2,0.0,20.0,-0.7,36.9,261,26.3,227,90,2025-06-20 06:00:00+00:00
31.8,74,26.7,998.9,999.6,86,6,15,83,8.9,208,35.6,0.0,1650.0,-3.6,0.0,20.0,-0.5,31.2,258,26.3,223,87,2025-06-20 07:00:00+00:00
32.5,72,26.9,997.9,998.6,100,99,15,87,10.8,201,35.3,0.0,1420.0,-3.9,0.0,19.8,-0.7,29.9,254,26.3,223,86,2025-06-20 08:00:00+00:00
30.4,78,26.2,998.0,998.7,99,32,44,99,10.2,204,35.3,1.6,1240.0,-4.1,0.0,20.4,-0.7,26.1,254,25.5,225,87,2025-06-20 09:00:00+00:00
30.8,76,26.0,997.2,997.9,100,21,11,100,8.4,208,23.0,0.2,1320.0,-3.4,-1.0,20.6,-0.7,22.8,254,26.3,227,82,2025-06-20 10:00:00+00:00
30.8,76,26.0,997.7,998.4,100,10,27,100,7.5,201,18.7,0.0,1160.0,-3.7,-15.0,20.6,-0.9,21.2,251,24.7,231,81,2025-06-20 11:00:00+00:00
30.1,79,26.2,998.0,998.7,100,1,17,100,9.2,187,19.4,0.1,1140.0,-2.7,-13.0,20.9,-0.7,24.2,254,19.4,248,78,2025-06-20 12:00:00+00:00
29.4,84,26.4,998.8,999.5,100,7,23,100,11.4,184,23.0,0.0,1120.0,-2.7,-12.0,20.6,-0.7,23.1,255,17.5,254,78,2025-06-20 13:00:00+00:00
29.1,86,26.6,999.6,1000.3,100,2,9,100,11.7,189,24.1,0.0,1250.0,-2.5,-20.0,20.8,-0.7,22.8,254,14.8,256,78,2025-06-20 14:00:00+00:00
28.8,88,26.6,1000.6,1001.3,100,3,17,100,8.3,194,24.5,0.0,1270.0,-2.7,-31.0,20.8,-0.7,21.0,246,9.9,256,81,2025-06-20 15:00:00+00:00
28.5,90,26.7,1001.1,1001.8,100,6,5,100,6.6,189,16.9,0.0,1270.0,-2.7,-33.0,20.6,-0.7,20.0,235,7.0,239,81,2025-06-20 16:00:00+00:00
28.4,91,26.7,1001.2,1001.9,100,1,6,100,8.6,188,16.9,1.0,1220.0,-2.1,-31.0,20.6,-0.7,18.4,226,6.8,225,81,2025-06-20 17:00:00+00:00
28.3,91,26.7,1000.6,1001.3,100,10,2,100,8.7,187,17.3,0.0,1710.0,-2.1,-28.0,20.8,-1.2,18.4,224,8.5,225,80,2025-06-20 18:00:00+00:00
27.3,91,25.8,1000.3,1001.0,100,14,25,100,12.9,203,27.0,1.5,1610.0,-2.4,-27.0,20.9,-0.9,18.1,231,6.8,225,78,2025-06-20 19:00:00+00:00
26.3,95,25.4,1000.0,1000.7,100,1,100,100,12.7,187,25.9,1.3,1590.0,-2.0,-38.0,20.8,-1.2,15.8,237,6.0,217,78,2025-06-20 20:00:00+00:00
26.6,94,25.6,999.8,1000.5,100,4,36,100,10.4,197,24.1,0.5,1580.0,-1.8,-38.0,20.5,-1.4,13.5,237,5.4,207,79,2025-06-20 21:00:00+00:00
26.9,95,26.0,999.5,1000.2,100,4,4,100,8.6,196,18.7,0.1,1710.0,-1.7,-56.0,20.4,-1.6,11.5,236,5.4,207,80,2025-06-20 22:00:00+00:00
27.0,95,26.2,999.8,1000.5,100,6,5,100,7.8,206,15.5,0.0,1680.0,-1.2,-67.0,20.3,-1.6,11.2,243,6.5,202,80,2025-06-20 23:00:00+00:00
27.2,95,26.4,1000.6,1001.3,100,7,14,100,6.0,185,14.0,0.0,1460.0,-1.4,-60.0,20.2,-1.2,12.4,253,7.3,171,73,2025-06-21 00:00:00+00:00
28.3,90,26.5,1001.0,1001.7,100,12,8,100,5.4,154,11.9,0.0,1390.0,-1.6,-31.0,20.0,-0.9,11.5,252,7.2,180,73,2025-06-21 01:00:00+00:00
29.5,87,27.1,1001.2,1001.9,100,1,3,100,6.1,178,15.5,0.0,1220.0,-1.6,-16.0,20.2,-0.9,10.8,248,7.2,180,70,2025-06-21 02:00:00+00:00
30.9,76,26.2,1001.2,1001.9,100,22,19,100,8.1,215,19.8,0.2,1310.0,-2.1,-4.0,20.0,-0.9,11.1,235,7.3,189,71,2025-06-21 03:00:00+00:00
31.3,72,25.7,1001.1,1001.8,97,18,11,96,10.2,219,25.9,0.2,850.0,-2.6,0.0,19.9,-1.2,13.0,234,6.1,191,78,2025-06-21 04:00:00+00:00
32.3,68,25.7,1000.7,1001.4,35,6,8,28,7.0,224,25.6,0.0,630.0,-3.0,0.0,20.2,-1.2,14.2,230,3.8,198,78,2025-06-21 05:00:00+00:00
33.0,64,25.3,1000.0,1000.7,80,21,12,73,7.3,210,20.9,0.0,1180.0,-2.8,0.0,20.0,-0.9,7.2,215,3.8,162,76,2025-06-21 06:00:00+00:00
33.2,63,25.1,999.1,999.8,83,21,10,77,6.9,197,20.9,0.0,1500.0,-2.8,0.0,19.9,-1.2,9.2,207,2.7,153,77,2025-06-21 07:00:00+00:00
33.5,62,25.1,997.9,998.6,98,15,3,97,7.1,201,20.2,0.1,1770.0,-3.1,0.0,20.4,-0.9,8.1,196,2.4,90,74,2025-06-21 08:00:00+00:00
33.7,60,24.9,997.2,997.9,93,18,4,91,7.6,187,20.2,0.0,1760.0,-3.5,0.0,20.9,-0.9,7.1,195,3.8,108,70,2025-06-21 09:00:00+00:00
33.0,63,24.9,996.7,997.4,99,12,7,99,8.4,165,20.2,0.0,1830.0,-3.1,0.0,21.1,-0.9,7.1,207,3.8,108,81,2025-06-21 10:00:00+00:00
32.3,68,25.5,996.9,997.6,100,23,30,100,9.0,175,19.4,0.0,1700.0,-3.4,-2.0,20.8,-0.7,8.8,192,6.0,90,82,2025-06-21 11:00:00+00:00
30.7,77,26.2,997.6,998.3,100,22,40,100,9.7,180,24.1,0.0,2660.0,-3.8,-8.0,21.0,-0.5,5.3,200,7.3,99,78,2025-06-21 12:00:00+00:00
29.2,90,27.4,999.0,999.7,100,0,13,100,7.3,138,14.8,0.0,1890.0,-3.8,-11.0,20.8,-0.9,5.0,180,9.9,104,68,2025-06-21 13:00:00+00:00
29.0,91,27.4,999.8,1000.5,100,2,28,100,6.5,157,15.1,0.0,1370.0,-3.3,-28.0,21.1,-0.9,7.0,191,12.1,96,74,2025-06-21 14:00:00+00:00
29.0,91,27.3,1000.3,1001.0,100,0,2,100,6.4,172,12.2,0.0,1890.0,-3.6,-34.0,21.0,-0.7,9.2,200,13.4,100,77,2025-06-21 15:00:00+00:00
28.7,90,26.9,1000.9,1001.6,100,0,34,100,5.2,168,12.2,0.0,1900.0,-3.7,-47.0,20.9,-0.9,10.8,208,14.8,104,77,2025-06-21 16:00:00+00:00
28.4,91,26.7,1001.1,1001.8,100,6,33,100,4.0,162,10.1,0.0,1870.0,-3.3,-57.0,20.9,-1.2,11.8,216,16.0,103,76,2025-06-21 17:00:00+00:00
28.2,91,26.6,1000.8,1001.5,100,2,6,100,5.7,167,10.8,0.0,2440.0,-2.7,-49.0,20.8,-1.2,9.6,239,16.0,103,77,2025-06-21 18:00:00+00:00
27.8,92,26.4,1000.1,1000.8,100,2,13,100,5.4,150,11.2,0.0,2280.0,-2.9,-39.0,20.8,-1.2,11.2,243,16.3,107,74,2025-06-21 19:00:00+00:00
27.5,93,26.3,999.6,1000.3,100,4,15,100,5.7,139,11.5,0.0,2250.0,-3.2,-35.0,20.8,-1.2,12.6,244,17.8,110,73,2025-06-21 20:00:00+00:00
27.3,94,26.3,998.6,999.3,74,1,0,74,5.3,128,11.5,0.0,2060.0,-2.7,-41.0,20.6,-1.4,15.1,249,18.8,117,73,2025-06-21 21:00:00+00:00
26.8,92,25.4,999.5,1000.2,97,83,61,62,9.0,180,15.1,1.5,1620.0,-2.5,-43.0,20.5,-1.4,15.7,253,18.3,113,74,2025-06-21 22:00:00+00:00
26.1,96,25.4,999.6,1000.3,99,0,30,98,2.0,175,23.0,6.1,1430.0,-2.5,-40.0,20.5,-1.6,14.8,259,16.7,111,76,2025-06-21 23:00:00+00:00
26.1,97,25.6,1000.3,1001.0,100,6,46,100,5.7,152,13.0,0.2,2420.0,-2.4,-35.0,20.5,-1.4,15.6,275,19.0,108,76,2025-06-22 00:00:00+00:00
27.3,94,26.2,1000.5,1001.2,100,30,43,100,3.8,155,10.8,0.6,2000.0,-2.1,-27.0,20.5,-1.4,16.9,272,18.3,113,77,2025-06-22 01:00:00+00:00
28.0,89,26.1,1001.3,1002.0,100,86,45,100,0.8,297,12.2,0.1,1850.0,-2.4,-15.0,20.6,-1.4,17.7,282,19.9,115,74,2025-06-22 02:00:00+00:00
28.6,89,26.6,1000.9,1001.6,100,0,52,99,1.8,96,9.0,0.2,1690.0,-2.3,-6.0,20.8,-1.4,16.8,283,18.8,117,71,2025-06-22 03:00:00+00:00
30.2,84,27.1,1000.7,1001.4,100,0,11,100,0.6,56,10.4,0.0,1960.0,-2.2,-2.0,20.8,-1.2,14.8,281,19.3,120,73,2025-06-22 04:00:00+00:00
31.8,75,26.9,1000.4,1001.1,100,26,16,99,1.2,321,14.0,0.1,2120.0,-2.2,0.0,20.6,-0.9,14.0,283,17.7,118,76,2025-06-22 05:00:00+00:00
31.8,77,27.3,999.4,1000.1,91,19,16,87,0.4,27,15.1,0.4,2000.0,-2.2,0.0,20.4,-1.2,5.3,301,18.3,113,74,2025-06-22 06:00:00+00:00
32.1,76,27.4,998.6,999.3,97,16,18,96,1.9,151,16.2,2.2,2280.0,-2.4,0.0,20.5,-0.9,1.9,284,17.2,115,71,2025-06-22 07:00:00+00:00
31.5,81,27.7,997.6,998.3,100,3,21,100,3.7,209,17.6,0.4,2110.0,-2.5,0.0,20.4,-0.9,1.3,225,16.1,117,70,2025-06-22 08:00:00+00:00
28.7,87,26.3,997.4,998.1,100,23,42,100,7.6,158,23.0,6.3,2050.0,-2.4,0.0,20.6,-0.9,1.9,256,15.0,119,69,2025-06-22 09:00:00+00:00
29.5,86,27.0,996.9,997.6,100,6,15,100,4.2,192,19.1,0.3,1660.0,-3.0,-1.0,20.8,-0.9,1.9,194,12.4,119,67,2025-06-22 10:00:00+00:00
29.0,87,26.6,996.8,997.5,100,42,4,100,7.1,195,22.7,0.1,1690.0,-3.9,-3.0,20.5,-0.9,4.8,131,12.4,119,64,2025-06-22 11:00:00+00:00
28.8,86,26.3,997.1,997.8,100,2,2,100,7.5,169,20.9,0.1,2250.0,-3.8,-5.0,20.9,-0.9,1.4,198,14.0,121,66,2025-06-22 12:00:00+00:00
27.7,95,26.8,997.9,998.6,100,0,11,100,5.8,158,10.8,0.2,1590.0,-3.5,-17.0,21.0,-0.9,6.3,150,14.0,121,71,2025-06-22 13:00:00+00:00
27.5,96,26.8,999.1,999.8,100,8,51,100,6.8,168,11.9,0.1,1400.0,-3.3,-22.0,21.0,-0.9,7.5,155,14.0,121,71,2025-06-22 14:00:00+00:00
27.6,97,27.0,999.8,1000.5,100,1,39,100,7.3,149,15.1,0.1,1240.0,-3.4,-20.0,21.1,-1.2,8.8,168,14.0,121,72,2025-06-22 15:00:00+00:00
27.6,97,27.1,1000.4,1001.1,100,2,31,100,6.0,143,13.3,0.0,1030.0,-3.5,-21.0,21.0,-1.2,10.9,180,15.6,122,74,2025-06-22 16:00:00+00:00
27.5,97,27.0,1000.3,1001.0,100,6,11,100,6.6,163,13.3,0.0,960.0,-3.6,-24.0,20.9,-1.2,11.4,185,16.3,126,77,2025-06-22 17:00:00+00:00
27.3,97,26.8,999.5,1000.2,100,0,15,100,7.7,156,14.8,0.1,1150.0,-3.5,-28.0,20.4,-1.4,11.3,212,17.1,129,79,2025-06-22 18:00:00+00:00
27.0,98,26.6,998.9,999.6,100,14,31,100,4.2,144,14.4,0.1,1020.0,-2.9,-35.0,20.2,-1.4,11.5,214,17.8,132,79,2025-06-22 19:00:00+00:00
26.9,98,26.6,998.3,999.0,100,39,19,100,4.9,156,9.0,0.0,820.0,-3.0,-34.0,19.8,-1.4,13.0,219,18.7,130,81,2025-06-22 20:00:00+00:00
26.8,99,26.6,998.2,998.9,100,100,13,100,7.5,150,13.3,0.0,670.0,-3.1,-33.0,19.8,-1.6,13.9,218,17.0,135,81,2025-06-22 21:00:00+00:00
26.8,99,26.5,998.0,998.7,100,93,13,100,7.8,142,15.8,0.0,610.0,-3.1,-35.0,19.9,-1.6,13.2,224,17.1,141,80,2025-06-22 22:00:00+00:00
26.8,98,26.5,998.0,998.7,100,17,1,100,5.4,143,15.5,0.0,580.0,-2.5,-38.0,19.9,-1.6,11.9,223,17.3,146,80,2025-06-22 23:00:00+00:00
27.0,97,26.5,998.8,999.5,100,17,8,100,5.5,139,9.7,0.0,880.0,-2.5,-30.0,20.2,-1.4,11.3,220,21.6,146,79,2025-06-23 00:00:00+00:00
26.7,94,25.6,999.1,999.8,100,100,100,100,9.3,165,22.0,2.4,820.0,-2.6,-20.0,20.2,-1.4,11.6,206,21.0,149,81,2025-06-23 01:00:00+00:00
26.5,95,25.5,999.7,1000.4,100,100,57,100,3.9,146,20.5,3.8,1070.0,-2.7,-13.0,20.3,-1.6,11.7,193,21.5,153,81,2025-06-23 02:00:00+00:00
26.7,94,25.6,999.8,1000.5,100,95,95,100,4.8,146,13.7,3.4,1340.0,-2.9,-5.0,20.4,-1.6,13.2,184,20.1,163,81,2025-06-23 03:00:00+00:00
28.6,89,26.6,999.9,1000.6,100,30,22,100,6.3,145,17.6,0.1,1400.0,-2.9,0.0,20.3,-1.6,14.6,185,20.5,159,80,2025-06-23 04:00:00+00:00
30.3,82,26.8,998.9,999.6,100,93,4,100,9.1,144,24.1,0.1,1700.0,-3.1,0.0,20.0,-1.6,15.0,182,20.5,159,79,2025-06-23 05:00:00+00:00
31.4,76,26.7,998.1,998.8,100,8,13,100,8.4,145,25.9,0.0,2060.0,-3.4,0.0,20.3,-1.4,11.4,185,21.5,153,77,2025-06-23 06:00:00+00:00
32.1,73,26.6,996.6,997.3,100,100,16,100,9.4,150,30.2,0.1,1960.0,-3.1,0.0,20.5,-1.2,11.3,166,21.0,156,74,2025-06-23 07:00:00+00:00
29.1,83,25.8,995.5,996.2,100,90,37,99,13.1,142,31.7,5.0,1810.0,-3.0,-1.0,20.8,-0.7,12.8,163,20.1,163,83,2025-06-23 08:00:00+00:00
29.4,82,26.0,994.5,995.2,100,2,8,100,6.2,172,31.0,1.7,1850.0,-3.3,0.0,20.6,-0.7,15.1,164,18.2,172,79,2025-06-23 09:00:00+00:00
30.6,79,26.5,994.3,995.0,97,27,24,94,6.9,165,18.7,0.2,1620.0,-3.9,-6.0,20.9,-0.9,17.4,160,18.2,172,69,2025-06-23 10:00:00+00:00
29.9,79,25.8,994.3,995.0,99,1,11,98,9.3,144,23.0,0.7,1700.0,-3.7,-9.0,20.8,-0.9,16.1,155,18.0,180,71,2025-06-23 11:00:00+00:00
29.5,82,26.1,994.5,995.2,100,4,11,100,5.8,150,20.9,0.0,2310.0,-3.3,-5.0,20.8,-0.5,20.0,153,19.2,180,70,2025-06-23 12:00:00+00:00
28.9,88,26.7,996.2,996.9,100,4,17,100,3.9,167,10.8,0.0,1310.0,-3.0,-8.0,20.9,-0.7,20.6,152,16.8,180,73,2025-06-23 13:00:00+00:00
28.7,90,26.9,996.7,997.4,100,25,29,100,6.3,162,11.9,0.0,1220.0,-2.8,-6.0,21.0,-0.5,22.8,151,19.2,176,77,2025-06-23 14:00:00+00:00
28.6,89,26.7,997.3,998.0,100,11,2,100,7.3,152,14.0,0.0,1400.0,-2.7,-12.0,21.0,-0.7,24.5,153,18.0,180,76,2025-06-23 15:00:00+00:00
28.2,89,26.2,997.7,998.4,100,4,0,100,9.9,138,19.8,0.0,1220.0,-2.6,-19.0,20.6,-0.7,25.6,158,16.8,180,78,2025-06-23 16:00:00+00:00
27.8,90,25.9,998.2,998.9,100,5,8,100,8.6,141,20.5,0.0,1150.0,-2.3,-14.0,20.4,-0.5,24.2,160,14.4,180,79,2025-06-23 17:00:00+00:00
27.4,92,26.0,997.8,998.5,100,6,0,100,8.7,137,18.0,0.0,1220.0,-3.1,-17.0,20.6,-0.9,16.1,172,22.1,167,78,2025-06-23 18:00:00+00:00
27.1,93,26.0,997.2,997.9,100,4,0,100,8.0,138,17.6,0.0,1140.0,-3.4,-12.0,20.6,-0.9,13.9,169,20.7,170,77,2025-06-23 19:00:00+00:00
26.9,95,25.9,996.0,996.7,99,1,1,99,8.8,145,17.6,0.0,1040.0,-3.4,-12.0,20.5,-1.2,10.7,168,20.7,170,76,2025-06-23 20:00:00+00:00
26.7,95,25.8,995.8,996.5,100,6,1,100,7.1,139,18.4,0.0,960.0,-3.4,-19.0,20.5,-1.2,10.1,162,17.2,168,80,2025-06-23 21:00:00+00:00
26.6,95,25.8,995.9,996.6,100,8,2,100,5.6,123,14.4,0.0,870.0,-3.5,-13.0,20.5,-0.9,8.8,152,14.0,160,80,2025-06-23 22:00:00+00:00
26.5,96,25.7,996.1,996.8,100,5,0,100,5.8,112,11.9,0.0,890.0,-3.5,-11.0,20.5,-0.9,8.7,133,11.1,167,81,2025-06-23 23:00:00+00:00
26.6,95,25.7,996.6,997.3,100,10,1,100,5.4,105,11.5,0.0,1160.0,-3.1,-9.0,20.6,-0.7,6.9,176,14.5,156,77,2025-06-24 00:00:00+00:00
28.0,88,25.9,996.7,997.4,94,9,3,94,6.9,105,16.6,0.0,1050.0,-3.0,-9.0,20.6,-0.7,6.5,141,14.0,149,78,2025-06-24 01:00:00+00:00
29.1,84,26.1,997.4,998.1,99,6,2,99,7.5,107,19.4,0.0,960.0,-2.6,-2.0,20.5,-0.7,7.4,133,13.0,146,79,2025-06-24 02:00:00+00:00
30.2,76,25.5,997.7,998.4,100,11,12,100,10.1,109,25.6,0.0,1160.0,-2.3,0.0,20.6,-0.9,10.5,124,12.8,139,80,2025-06-24 03:00:00+00:00
30.8,72,25.3,997.5,998.2,100,10,14,100,10.8,120,27.0,0.0,1210.0,-2.6,0.0,20.9,-1.2,13.4,125,13.7,142,81,2025-06-24 04:00:00+00:00
31.7,69,25.2,997.1,997.8,100,16,3,100,9.1,117,27.4,0.0,1270.0,-2.7,0.0,21.1,-0.9,15.7,126,14.4,138,81,2025-06-24 05:00:00+00:00
32.0,68,25.4,996.9,997.6,98,11,16,98,10.3,119,28.8,0.0,1760.0,-2.7,0.0,21.1,-0.5,14.2,97,13.6,135,79,2025-06-24 06:00:00+00:00
32.4,69,26.1,995.9,996.6,97,1,11,96,7.8,113,28.8,0.0,1760.0,-2.5,0.0,20.6,-0.7,15.4,102,16.1,132,80,2025-06-24 07:00:00+00:00
32.4,70,26.3,994.6,995.3,87,10,14,83,7.3,113,23.4,0.1,1610.0,-2.5,0.0,20.5,-0.7,15.0,104,13.7,128,81,2025-06-24 08:00:00+00:00
31.0,72,25.4,994.2,994.9,99,28,67,95,10.5,112,25.6,0.9,1550.0,-2.8,-1.0,20.6,-0.5,17.0,106,14.0,121,80,2025-06-24 09:00:00+00:00
30.1,79,26.1,994.0,994.7,99,0,16,99,5.7,122,26.6,0.7,1620.0,-2.9,0.0,20.6,-0.5,17.3,102,15.6,113,74,2025-06-24 10:00:00+00:00
30.5,76,25.9,994.2,994.9,96,19,12,94,5.3,118,16.6,0.2,1740.0,-3.3,0.0,20.6,-0.5,16.1,106,16.0,103,79,2025-06-24 11:00:00+00:00
30.3,79,26.2,994.8,995.5,100,7,11,100,5.6,130,13.7,0.0,2080.0,-3.6,-7.0,21.0,-0.2,13.7,92,18.6,105,80,2025-06-24 12:00:00+00:00
29.5,87,27.1,996.1,996.8,99,5,34,99,6.7,110,15.1,0.0,1300.0,-3.7,-11.0,21.2,-0.5,15.6,105,21.3,106,81,2025-06-24 13:00:00+00:00
29.0,81,25.4,997.1,997.8,100,36,39,99,6.5,122,14.0,4.0,1200.0,-3.6,-8.0,21.2,-0.5,16.8,112,22.8,108,81,2025-06-24 14:00:00+00:00
28.0,90,26.2,997.7,998.4,100,19,38,100,3.3,135,11.5,0.7,1010.0,-3.8,-8.0,21.0,-0.7,19.4,120,22.4,106,82,2025-06-24 15:00:00+00:00
28.0,92,26.5,998.5,999.2,100,0,100,100,5.2,124,8.6,0.1,1010.0,-3.9,-6.0,20.8,-0.5,21.4,124,22.1,103,82,2025-06-24 16:00:00+00:00
27.9,91,26.2,998.7,999.4,100,8,4,100,7.1,109,13.7,0.1,930.0,-4.0,-5.0,20.5,-0.7,22.4,128,23.6,105,82,2025-06-24 17:00:00+00:00
27.5,92,26.1,998.4,999.1,100,10,6,100,5.2,112,12.2,0.0,1280.0,-3.9,-4.0,20.6,-0.7,21.9,135,23.2,111,81,2025-06-24 18:00:00+00:00
27.2,94,26.2,997.9,998.6,100,10,14,100,5.4,104,10.4,0.0,1080.0,-3.9,-3.0,20.5,-0.9,21.3,137,24.7,113,81,2025-06-24 19:00:00+00:00
27.1,92,25.6,997.6,998.3,100,37,51,100,8.0,113,14.4,0.2,910.0,-4.3,-2.0,20.6,-1.2,19.1,142,25.8,118,79,2025-06-24 20:00:00+00:00
26.9,94,25.8,996.9,997.6,100,12,37,100,8.0,95,15.5,0.1,920.0,-4.4,-2.0,20.8,-1.2,17.5,129,24.7,119,79,2025-06-24 21:00:00+00:00
26.7,95,25.8,996.9,997.6,100,12,6,100,7.6,87,15.1,0.0,790.0,-4.5,-3.0,20.4,-1.4,19.6,118,23.1,118,78,2025-06-24 22:00:00+00:00
26.5,95,25.7,997.7,998.4,100,35,19,99,9.1,82,17.6,0.0,740.0,-4.2,-3.0,20.4,-1.4,22.7,112,23.6,114,77,2025-06-24 23:00:00+00:00
26.4,96,25.7,997.9,998.6,100,16,1,100,9.7,88,19.1,0.0,1130.0,-3.7,-2.0,20.6,-1.2,20.8,109,23.6,114,78,2025-06-25 00:00:00+00:00
27.9,92,26.5,998.4,999.1,100,32,10,100,11.3,99,24.1,0.0,970.0,-3.6,-1.0,20.8,-0.9,25.2,103,26.8,117,78,2025-06-25 01:00:00+00:00
28.8,90,26.9,998.9,999.6,99,16,14,99,8.8,90,27.0,0.1,930.0,-3.2,-1.0,20.8,-0.9,27.1,97,28.4,118,78,2025-06-25 02:00:00+00:00
29.7,86,27.2,999.2,999.9,100,87,10,99,13.5,92,31.3,0.2,1260.0,-2.9,0.0,20.4,-1.2,30.5,99,29.0,114,84,2025-06-25 03:00:00+00:00
29.1,86,26.5,999.4,1000.1,100,22,12,100,10.0,98,34.6,3.2,1510.0,-3.2,0.0,20.5,-1.2,33.3,99,30.6,116,83,2025-06-25 04:00:00+00:00
30.7,75,25.7,998.9,999.6,100,38,19,100,15.8,91,36.0,0.2,1650.0,-3.1,0.0,20.6,-0.9,36.3,102,31.1,118,79,2025-06-25 05:00:00+00:00
31.7,70,25.6,997.6,998.3,100,24,6,100,17.5,99,40.7,0.2,1720.0,-3.7,0.0,20.3,-0.7,32.4,110,29.5,117,83,2025-06-25 06:00:00+00:00
31.7,73,26.2,997.0,997.7,100,22,14,100,15.9,110,42.1,0.1,1710.0,-4.5,0.0,20.4,-0.7,35.9,114,33.8,117,83,2025-06-25 07:00:00+00:00
30.3,80,26.4,996.7,997.4,100,20,46,99,10.8,128,43.2,1.7,1490.0,-4.5,0.0,20.6,-0.7,35.5,118,36.0,120,82,2025-06-25 08:00:00+00:00
28.4,84,25.4,996.6,997.3,99,33,58,98,12.6,103,34.2,5.6,1520.0,-4.3,0.0,20.2,-0.7,39.2,121,34.6,124,79,2025-06-25 09:00:00+00:00
28.9,86,26.3,995.8,996.5,100,65,54,100,6.2,68,29.5,1.3,840.0,-4.4,0.0,20.5,-0.9,38.3,122,34.3,126,83,2025-06-25 10:00:00+00:00
29.1,84,26.1,995.8,996.5,78,40,14,61,8.7,138,20.5,0.5,710.0,-4.3,0.0,20.3,-0.7,41.0,125,34.3,126,81,2025-06-25 11:00:00+00:00
28.5,85,25.7,996.3,997.0,95,25,20,91,7.6,135,20.9,0.1,1570.0,-4.3,0.0,20.5,-0.5,36.3,123,35.0,121,77,2025-06-25 12:00:00+00:00
28.8,85,26.1,997.6,998.3,100,12,28,100,11.4,114,27.4,0.0,880.0,-3.6,-2.0,20.9,-0.5,33.3,126,34.4,119,81,2025-06-25 13:00:00+00:00
28.4,86,25.9,998.5,999.2,100,42,17,100,12.2,119,24.8,0.1,900.0,-3.4,-3.0,20.9,0.0,30.7,131,35.4,118,79,2025-06-25 14:00:00+00:00
28.0,88,25.9,999.3,1000.0,100,9,12,100,12.0,120,26.3,0.1,850.0,-3.3,-5.0,20.6,-0.2,31.0,139,34.4,119,83,2025-06-25 15:00:00+00:00
27.7,89,25.8,999.9,1000.6,97,10,17,96,11.4,118,24.8,0.0,800.0,-3.9,-3.0,20.4,-0.5,33.0,145,33.0,123,80,2025-06-25 16:00:00+00:00
27.7,88,25.5,1000.0,1000.7,100,15,21,100,11.7,113,24.1,0.0,810.0,-4.0,-2.0,20.4,-0.7,33.7,145,31.0,126,79,2025-06-25 17:00:00+00:00
27.4,88,25.3,1000.0,1000.7,97,30,12,95,12.5,115,26.3,0.0,890.0,-3.9,-1.0,20.5,-0.9,34.7,142,31.0,126,80,2025-06-25 18:00:00+00:00
27.3,88,25.1,999.7,1000.4,97,35,28,95,13.4,121,27.7,0.0,720.0,-4.3,-1.0,20.6,-0.9,38.6,145,31.7,127,78,2025-06-25 19:00:00+00:00
27.1,89,25.1,999.1,999.8,97,25,12,96,12.8,118,27.4,0.0,700.0,-4.6,0.0,20.5,-1.2,39.6,147,30.7,129,74,2025-06-25 20:00:00+00:00
26.8,90,25.1,999.0,999.7,90,65,10,69,12.2,107,27.0,0.0,720.0,-4.5,-1.0,20.5,-1.2,40.2,149,31.5,130,78,2025-06-25 21:00:00+00:00
26.7,91,25.1,999.0,999.7,91,38,21,82,12.4,107,26.3,0.0,740.0,-4.1,-9.0,20.5,-1.2,40.6,151,33.1,134,77,2025-06-25 22:00:00+00:00
26.6,91,25.1,999.3,1000.0,100,100,32,86,12.9,102,27.4,0.1,710.0,-4.1,-19.0,20.4,-1.2,39.2,151,33.1,136,78,2025-06-25 23:00:00+00:00
26.7,91,25.1,999.8,1000.5,99,93,31,85,13.0,101,27.0,0.0,840.0,-3.7,-15.0,20.6,-1.2,39.2,144,33.1,134,79,2025-06-26 00:00:00+00:00
28.1,89,26.2,999.3,1000.0,99,31,34,99,14.2,110,33.5,0.0,770.0,-3.8,-6.0,20.4,-1.2,38.7,146,33.1,136,81,2025-06-26 01:00:00+00:00
28.9,84,25.9,1000.0,1000.7,97,14,12,97,16.5,118,40.3,0.1,740.0,-3.6,-2.0,20.4,-0.7,39.0,150,32.4,141,79,2025-06-26 02:00:00+00:00
29.5,81,25.9,1000.7,1001.4,100,46,19,100,16.5,139,42.1,0.2,930.0,-3.1,0.0,20.5,-0.5,41.0,153,30.7,141,79,2025-06-26 03:00:00+00:00
30.4,77,25.9,1001.0,1001.7,94,12,3,93,16.6,148,42.1,0.0,1000.0,-3.1,0.0,20.5,-0.2,42.2,156,29.0,142,80,2025-06-26 04:00:00+00:00
31.0,77,26.4,1000.2,1000.9,65,6,14,59,15.9,148,40.0,0.1,1040.0,-3.2,0.0,20.5,-0.2,42.2,156,28.3,144,80,2025-06-26 05:00:00+00:00
31.8,72,26.1,999.7,1000.4,44,9,22,24,15.3,142,42.5,0.1,1520.0,-3.1,0.0,20.3,-0.7,38.8,150,30.0,143,82,2025-06-26 06:00:00+00:00
32.2,69,25.9,999.3,1000.0,55,3,13,47,14.7,140,43.6,0.1,1440.0,-3.2,0.0,20.0,-0.7,37.7,145,28.1,140,83,2025-06-26 07:00:00+00:00
31.7,71,25.7,998.0,998.7,90,34,48,78,15.2,146,43.6,0.2,1310.0,-3.0,0.0,20.4,-0.7,38.0,150,28.9,138,87,2025-06-26 08:00:00+00:00
31.3,72,25.6,997.4,998.1,100,22,18,100,15.3,133,40.0,0.7,1210.0,-3.0,0.0,19.8,-0.7,39.7,146,28.9,138,82,2025-06-26 09:00:00+00:00
30.7,74,25.5,997.3,998.0,69,2,6,66,13.7,135,38.5,0.3,740.0,-2.9,0.0,20.6,-0.5,38.7,152,26.3,137,83,2025-06-26 10:00:00+00:00
30.1,75,25.2,997.3,998.0,99,29,50,97,14.4,151,36.7,0.2,820.0,-2.9,0.0,20.0,-0.7,39.3,155,26.3,137,84,2025-06-26 11:00:00+00:00
29.4,80,25.6,997.9,998.6,93,21,21,89,10.8,148,31.0,0.0,1320.0,-3.1,0.0,20.2,-0.5,32.8,153,27.6,124,74,2025-06-26 12:00:00+00:00
27.7,90,25.9,999.3,1000.0,93,26,68,72,14.2,141,31.7,0.1,780.0,-2.8,-2.0,20.5,-0.7,35.5,157,27.4,128,78,2025-06-26 13:00:00+00:00
26.6,94,25.5,999.4,1000.1,86,5,4,85,14.5,144,36.0,0.2,700.0,-2.7,-3.0,20.9,-0.5,35.7,166,28.3,126,77,2025-06-26 14:00:00+00:00
26.6,95,25.6,1000.5,1001.2,100,98,35,100,12.4,149,29.9,0.0,650.0,-2.9,-3.0,20.5,-0.7,34.9,173,29.3,125,78,2025-06-26 15:00:00+00:00
26.8,93,25.6,1001.0,1001.7,100,100,25,100,12.8,151,26.3,0.1,690.0,-3.0,-5.0,20.3,-0.9,35.6,181,29.3,125,78,2025-06-26 16:00:00+00:00
26.7,93,25.6,1001.2,1001.9,100,81,33,98,11.6,159,25.9,0.2,660.0,-2.8,-7.0,20.2,-1.2,35.3,191,30.0,127,82,2025-06-26 17:00:00+00:00
26.0,95,25.1,1001.2,1001.9,100,100,84,65,10.0,163,23.0,2.6,1000.0,-2.7,-9.0,20.2,-1.2,30.5,202,27.2,139,79,2025-06-26 18:00:00+00:00
26.1,96,25.4,1000.4,1001.1,85,42,14,69,10.2,162,19.4,0.4,880.0,-2.6,-14.0,20.0,-1.4,30.6,205,26.4,141,79,2025-06-26 19:00:00+00:00
25.9,96,25.2,1000.2,1000.9,86,11,23,80,9.4,168,19.1,0.1,730.0,-2.4,-18.0,19.9,-1.4,30.6,205,26.0,146,80,2025-06-26 20:00:00+00:00
25.6,97,25.1,1000.0,1000.7,98,15,22,97,7.7,156,18.0,0.0,670.0,-2.2,-17.0,20.0,-1.6,30.2,205,24.7,151,80,2025-06-26 21:00:00+00:00
25.6,96,25.0,1000.2,1000.9,100,41,23,99,9.0,147,17.3,0.1,650.0,-2.1,-19.0,20.0,-1.9,30.6,205,24.1,153,83,2025-06-26 22:00:00+00:00
25.6,97,25.2,1000.2,1000.9,99,10,11,98,6.3,141,17.6,0.5,600.0,-1.9,-22.0,20.0,-1.6,31.8,204,23.1,152,86,2025-06-26 23:00:00+00:00
25.7,97,25.2,1000.6,1001.3,78,26,16,68,10.1,141,19.4,0.0,600.0,-1.8,-23.0,19.9,-1.6,27.3,206,21.4,128,82,2025-06-27 00:00:00+00:00
26.8,95,25.8,1000.1,1000.8,100,77,11,99,11.1,136,23.4,0.1,650.0,-2.2,-15.0,19.9,-1.6,26.1,203,21.2,133,82,2025-06-27 01:00:00+00:00
27.6,91,26.0,1000.9,1001.6,100,100,26,96,12.2,136,27.0,0.7,690.0,-2.6,-5.0,20.0,-1.6,23.4,197,20.4,130,80,2025-06-27 02:00:00+00:00
27.2,87,24.8,1000.8,1001.5,100,64,46,100,15.3,134,33.8,3.4,750.0,-3.1,-2.0,20.0,-1.6,21.7,188,20.6,126,80,2025-06-27 03:00:00+00:00
28.9,81,25.4,1000.8,1001.5,100,31,29,100,11.7,143,36.7,0.2,930.0,-3.4,0.0,20.3,-1.9,21.0,181,19.7,128,81,2025-06-27 04:00:00+00:00
29.9,77,25.5,1000.6,1001.3,96,27,9,94,12.1,139,29.5,0.2,1370.0,-3.3,-1.0,20.2,-1.6,19.6,180,19.7,128,80,2025-06-27 05:00:00+00:00
30.9,73,25.5,999.6,1000.3,97,30,11,96,10.5,141,29.9,0.1,1650.0,-3.3,0.0,19.7,-1.2,12.0,162,17.3,124,78,2025-06-27 06:00:00+00:00
31.2,73,25.7,999.2,999.9,94,38,14,89,12.4,149,33.5,0.1,1330.0,-3.5,0.0,19.7,-1.2,11.8,157,15.6,122,76,2025-06-27 07:00:00+00:00
30.1,76,25.5,998.3,999.0,94,60,42,77,13.0,138,33.5,2.0,1130.0,-3.7,0.0,19.7,-1.4,11.0,156,14.0,121,82,2025-06-27 08:00:00+00:00
29.2,83,25.9,997.5,998.2,97,16,51,94,6.1,146,30.6,1.4,970.0,-3.7,0.0,19.9,-1.2,11.5,162,12.4,119,81,2025-06-27 09:00:00+00:00
29.2,80,25.5,996.8,997.5,99,1,31,99,10.8,170,28.4,0.1,1220.0,-3.6,0.0,20.3,-1.2,10.5,175,12.0,127,79,2025-06-27 10:00:00+00:00
29.0,83,25.8,996.6,997.3,98,0,4,98,4.8,191,24.1,0.0,1190.0,-3.7,-1.0,20.5,-1.2,7.6,197,11.1,131,77,2025-06-27 11:00:00+00:00
29.1,83,26.0,997.4,998.1,90,11,8,87,3.8,175,12.6,0.0,1570.0,-3.9,-3.0,20.0,-0.9,7.5,166,17.3,124,71,2025-06-27 12:00:00+00:00
28.2,89,26.3,998.7,999.4,100,14,19,100,3.4,205,13.7,0.0,950.0,-3.1,-9.0,20.4,-1.2,7.3,184,15.6,122,78,2025-06-27 13:00:00+00:00
27.8,90,26.0,999.4,1000.1,100,30,31,100,7.5,220,15.1,0.1,750.0,-2.8,-11.0,20.2,-1.2,11.3,212,17.2,115,80,2025-06-27 14:00:00+00:00
27.5,92,26.1,1000.1,1000.8,99,6,19,98,5.4,188,15.1,0.0,680.0,-2.5,-13.0,20.3,-1.2,16.3,240,17.2,115,80,2025-06-27 15:00:00+00:00
27.4,92,26.0,1000.6,1001.3,95,6,17,93,5.8,194,11.5,0.0,610.0,-2.1,-16.0,20.4,-1.2,20.5,253,17.2,115,79,2025-06-27 16:00:00+00:00
27.2,93,25.9,1000.9,1001.6,96,4,15,95,6.9,200,14.8,0.0,500.0,-2.0,-16.0,20.0,-1.2,24.1,259,16.7,111,79,2025-06-27 17:00:00+00:00
27.0,93,25.8,1000.3,1001.0,90,3,8,89,6.2,201,13.7,0.0,670.0,-1.9,-27.0,19.9,-1.4,22.6,262,18.8,117,84,2025-06-27 18:00:00+00:00
26.8,94,25.8,999.8,1000.5,98,22,57,95,6.1,225,11.5,0.0,600.0,-2.3,-21.0,20.0,-1.6,25.1,266,16.1,117,83,2025-06-27 19:00:00+00:00
26.8,92,25.4,999.4,1000.1,94,4,27,91,6.9,233,16.6,0.2,600.0,-2.5,-23.0,20.0,-1.6,27.9,264,14.0,110,83,2025-06-27 20:00:00+00:00
26.5,94,25.5,999.0,999.7,100,16,41,100,3.3,248,13.7,0.1,600.0,-2.4,-17.0,19.8,-1.6,27.4,265,12.9,112,84,2025-06-27 21:00:00+00:00
25.9,95,25.0,998.9,999.6,100,72,56,100,6.8,243,12.6,0.5,670.0,-2.0,-15.0,19.7,-1.9,25.1,266,11.8,114,84,2025-06-27 22:00:00+00:00
25.8,95,24.9,998.7,999.4,100,37,47,99,6.0,226,14.0,0.9,640.0,-1.6,-20.0,19.7,-1.9,23.4,264,10.3,111,86,2025-06-27 23:00:00+00:00
25.2,98,24.9,999.0,999.7,100,100,73,100,8.6,213,17.6,3.2,630.0,-1.7,-13.0,19.7,-1.9,21.8,281,15.6,113,89,2025-06-28 00:00:00+00:00
26.2,95,25.2,998.7,999.4,100,14,99,100,7.7,198,18.7,2.5,620.0,-1.5,-10.0,19.7,-1.9,21.9,275,15.6,113,88,2025-06-28 01:00:00+00:00
26.6,95,25.6,999.1,999.8,100,24,56,100,5.5,218,16.9,1.2,610.0,-2.1,0.0,19.7,-1.9,21.0,274,15.2,108,88,2025-06-28 02:00:00+00:00
27.1,90,25.4,998.7,999.4,100,29,30,100,8.9,257,19.4,0.6,580.0,-2.9,0.0,19.7,-1.6,19.6,266,15.2,108,88,2025-06-28 03:00:00+00:00
28.6,84,25.6,998.9,999.6,100,98,6,100,7.4,238,24.8,0.3,710.0,-3.4,0.0,19.7,-1.6,22.3,258,15.2,108,98,2025-06-28 04:00:00+00:00
29.3,79,25.3,998.5,999.2,100,40,12,100,8.4,239,21.6,0.3,750.0,-3.7,0.0,19.7,-1.6,24.3,257,14.0,110,99,2025-06-28 05:00:00+00:00
29.9,78,25.7,998.0,998.7,100,100,12,100,5.7,221,21.2,0.2,620.0,-4.0,0.0,19.9,-1.4,5.7,241,18.0,90,84,2025-06-28 06:00:00+00:00
30.2,76,25.6,997.2,997.9,100,100,15,100,7.2,184,19.4,0.1,890.0,-3.5,-2.0,20.0,-1.2,8.1,227,19.2,94,83,2025-06-28 07:00:00+00:00
29.5,80,25.7,995.9,996.6,100,25,20,100,7.9,215,20.5,0.7,860.0,-3.5,0.0,19.8,-1.2,8.7,227,19.2,94,81,2025-06-28 08:00:00+00:00
30.1,78,25.9,995.0,995.7,100,15,8,100,7.5,213,21.2,0.0,680.0,-3.9,-1.0,19.8,-1.2,9.8,217,18.2,98,83,2025-06-28 09:00:00+00:00
28.8,84,25.7,994.3,995.0,100,33,36,100,7.9,207,19.8,2.2,550.0,-4.0,-7.0,20.2,-1.2,11.5,214,18.4,101,81,2025-06-28 10:00:00+00:00
29.2,81,25.7,994.3,995.0,100,22,31,100,5.1,207,17.6,0.5,520.0,-3.6,-17.0,20.2,-1.2,13.0,216,21.6,109,77,2025-06-28 11:00:00+00:00
28.7,83,25.5,994.5,995.2,100,6,1,100,5.4,180,13.3,0.6,550.0,-3.5,-20.0,20.4,-1.2,4.9,236,34.6,104,82,2025-06-28 12:00:00+00:00
27.3,92,25.9,995.6,996.3,100,0,96,100,6.8,162,17.3,0.0,480.0,-3.4,-19.0,20.4,-0.9,5.8,225,30.0,127,81,2025-06-28 13:00:00+00:00
27.2,93,26.0,996.0,996.7,100,0,24,100,6.5,180,13.3,0.0,480.0,-3.6,-13.0,20.3,0.0,6.8,217,26.3,150,83,2025-06-28 14:00:00+00:00
27.0,95,26.1,996.4,997.1,100,1,19,100,2.5,180,12.6,0.0,420.0,-3.9,-15.0,20.2,-0.5,9.2,213,19.5,169,83,2025-06-28 15:00:00+00:00
26.9,95,26.1,997.2,997.9,99,2,27,99,4.5,130,8.6,0.0,370.0,-3.7,-35.0,20.0,-1.2,10.9,213,12.0,180,83,2025-06-28 16:00:00+00:00
26.7,97,26.1,997.5,998.2,95,9,11,94,2.9,94,9.7,0.0,310.0,-3.8,-37.0,20.0,-1.2,10.6,223,10.8,180,81,2025-06-28 17:00:00+00:00
26.3,98,25.9,996.7,997.4,100,1,10,100,5.0,103,10.4,0.0,420.0,-4.1,-31.0,20.0,-1.2,9.6,211,14.0,149,79,2025-06-28 18:00:00+00:00
26.1,98,25.8,996.0,996.7,100,18,24,100,3.4,133,10.4,0.0,370.0,-3.9,-27.0,19.9,-1.4,10.6,223,13.6,135,79,2025-06-28 19:00:00+00:00
26.0,99,25.7,995.8,996.5,99,98,25,18,5.4,140,11.5,0.0,360.0,-3.1,-32.0,19.7,-1.4,11.0,228,13.4,117,79,2025-06-28 20:00:00+00:00
25.9,98,25.6,994.8,995.5,94,64,2,84,2.3,162,10.1,0.0,310.0,-3.2,-40.0,19.7,-1.4,10.5,236,13.7,105,78,2025-06-28 21:00:00+00:00
26.0,97,25.5,995.2,995.9,100,100,31,100,1.8,169,4.7,0.0,280.0,-3.6,-31.0,19.9,-1.4,8.4,248,13.4,100,78,2025-06-28 22:00:00+00:00
25.9,97,25.4,995.1,995.8,100,97,35,95,3.3,151,7.2,0.0,250.0,-3.9,-29.0,19.9,-1.9,5.6,256,14.8,104,81,2025-06-28 23:00:00+00:00
25.9,97,25.4,995.3,996.0,100,99,38,93,0.9,11,7.2,0.0,360.0,-4.6,-6.0,19.6,-1.9,5.1,153,15.8,99,79,2025-06-29 00:00:00+00:00
26.7,94,25.7,995.1,995.8,97,30,47,95,5.2,106,13.3,0.4,390.0,-4.1,-1.0,19.7,-1.9,5.6,145,17.2,102,79,2025-06-29 01:00:00+00:00
27.7,89,25.8,995.5,996.2,100,25,17,100,6.4,98,15.8,0.1,410.0,-4.1,-7.0,20.0,-1.9,7.4,133,17.8,110,78,2025-06-29 02:00:00+00:00
28.9,86,26.3,995.8,996.5,100,6,20,100,6.4,117,19.1,0.0,430.0,-4.2,-12.0,20.2,-1.9,9.4,119,17.2,115,78,2025-06-29 03:00:00+00:00
30.0,81,26.4,996.0,996.7,97,27,80,78,8.3,106,23.0,0.0,610.0,-4.1,0.0,20.3,-1.4,10.5,108,18.3,122,81,2025-06-29 04:00:00+00:00
30.3,80,26.4,995.6,996.3,100,100,13,69,6.5,109,23.0,0.2,760.0,-3.7,0.0,19.9,-1.4,10.3,103,17.7,118,80,2025-06-29 05:00:00+00:00
30.7,79,26.7,994.8,995.5,100,100,6,95,5.8,112,21.6,0.4,1150.0,-3.8,0.0,19.6,-1.2,13.2,94,24.7,113,82,2025-06-29 06:00:00+00:00
29.5,83,26.3,993.8,994.5,100,100,49,99,6.9,97,20.5,4.0,1250.0,-3.7,0.0,19.7,-0.9,10.5,88,24.3,110,82,2025-06-29 07:00:00+00:00
29.9,82,26.4,993.0,993.7,96,85,12,73,6.4,47,24.1,0.6,1350.0,-3.0,-7.0,19.6,-0.7,11.0,85,24.3,110,82,2025-06-29 08:00:00+00:00
30.7,78,26.5,992.1,992.8,85,13,19,79,2.2,55,21.2,0.2,1450.0,-2.4,-20.0,20.2,-0.9,10.7,78,23.9,108,80,2025-06-29 09:00:00+00:00
31.0,78,26.7,991.3,992.0,100,21,28,100,3.1,59,15.1,0.1,1230.0,-2.4,-59.0,20.3,-0.7,11.8,74,21.3,106,79,2025-06-29 10:00:00+00:00
26.6,91,25.1,992.1,992.8,100,17,63,100,10.5,55,25.6,11.1,1090.0,-2.3,-30.0,20.8,-0.7,12.3,75,20.1,107,83,2025-06-29 11:00:00+00:00
26.7,93,25.5,992.6,993.3,100,11,64,99,3.4,18,21.2,0.5,1280.0,-2.6,-10.0,20.5,-0.5,14.6,70,25.5,98,81,2025-06-29 12:00:00+00:00
27.4,92,26.0,993.8,994.5,98,1,80,93,1.6,270,11.5,0.7,950.0,-2.7,-20.0,20.5,-0.7,12.1,70,25.3,95,93,2025-06-29 13:00:00+00:00
27.2,93,25.9,994.7,995.4,97,56,73,76,4.2,10,7.9,1.2,720.0,-3.0,-29.0,20.6,-0.7,12.7,75,24.3,99,99,2025-06-29 14:00:00+00:00
26.6,98,26.2,995.1,995.8,99,8,88,92,4.9,350,12.2,3.2,600.0,-3.0,-48.0,20.6,-0.9,12.2,77,22.1,103,99,2025-06-29 15:00:00+00:00
26.2,96,25.5,995.8,996.5,100,100,76,95,6.4,302,11.2,7.8,530.0,-2.6,-50.0,20.4,-0.9,11.4,95,21.0,103,99,2025-06-29 16:00:00+00:00
26.0,97,25.5,996.0,996.7,100,77,75,100,2.9,300,12.2,5.7,460.0,-2.7,-58.0,20.2,-1.2,10.2,117,19.8,104,92,2025-06-29 17:00:00+00:00
26.0,98,25.6,995.6,996.3,100,92,100,100,3.1,298,7.2,2.4,560.0,-2.8,-31.0,20.3,-1.4,7.1,130,17.8,110,81,2025-06-29 18:00:00+00:00
25.8,98,25.5,994.6,995.3,100,96,67,98,2.9,313,10.1,0.6,500.0,-3.0,-31.0,20.3,-1.4,6.5,141,16.7,111,81,2025-06-29 19:00:00+00:00
25.8,95,25.0,994.5,995.2,100,100,100,100,3.5,348,7.6,0.8,470.0,-2.7,-32.0,20.3,-1.4,5.9,148,17.2,115,82,2025-06-29 20:00:00+00:00
25.8,95,25.0,994.0,994.7,100,100,49,99,2.0,355,7.9,0.9,440.0,-2.8,-19.0,20.2,-1.6,5.9,157,17.3,124,87,2025-06-29 21:00:00+00:00
25.7,96,25.0,993.8,994.5,100,100,79,99,1.8,37,9.0,0.7,420.0,-2.8,-17.0,20.2,-1.6,5.7,151,17.8,132,87,2025-06-29 22:00:00+00:00
25.8,95,25.0,994.1,994.8,100,100,99,91,0.8,45,5.0,0.6,390.0,-3.0,-14.0,20.2,-1.6,5.8,141,16.3,144,86,2025-06-29 23:00:00+00:00
25.7,96,25.0,994.6,995.3,100,100,100,98,4.8,191,10.8,0.5,790.0,-3.2,-8.0,20.3,-1.2,10.5,92,15.2,162,81,2025-06-30 00:00:00+00:00
26.9,93,25.6,994.5,995.2,97,89,15,64,5.0,38,12.2,0.2,790.0,-3.6,-4.0,20.3,-1.4,11.5,99,16.3,163,80,2025-06-30 01:00:00+00:00
27.8,89,25.9,995.3,996.0,78,42,25,58,3.6,108,13.3,0.1,760.0,-3.6,0.0,20.3,-1.2,12.5,100,16.7,159,79,2025-06-30 02:00:00+00:00
29.0,85,26.3,995.4,996.1,92,24,18,89,4.0,111,14.8,0.0,640.0,-3.8,0.0,20.2,-0.9,13.0,108,17.2,155,80,2025-06-30 03:00:00+00:00
29.9,82,26.5,995.7,996.4,99,58,29,96,4.0,126,16.2,0.2,680.0,-3.7,0.0,20.0,-0.9,14.1,111,17.7,152,86,2025-06-30 04:00:00+00:00
30.5,79,26.4,995.8,996.5,100,39,43,99,5.7,148,20.2,0.3,830.0,-3.6,0.0,20.2,-0.7,14.3,121,20.0,147,83,2025-06-30 05:00:00+00:00
31.1,76,26.3,995.0,995.7,100,100,24,100,4.9,141,22.0,0.3,1130.0,-3.8,0.0,19.6,-0.7,13.7,127,24.7,157,84,2025-06-30 06:00:00+00:00
29.0,81,25.3,994.5,995.2,100,23,60,100,11.4,125,25.9,8.2,1280.0,-4.1,0.0,19.8,-0.7,13.2,136,24.7,157,86,2025-06-30 07:00:00+00:00
29.9,81,26.3,993.6,994.3,99,40,17,99,4.8,105,26.6,0.6,1220.0,-3.9,-1.0,19.8,-0.7,15.4,146,26.2,164,84,2025-06-30 08:00:00+00:00
28.2,87,25.8,993.4,994.1,100,0,25,100,9.0,157,31.7,6.3,1140.0,-3.8,-3.0,20.3,-0.7,15.4,146,25.9,167,86,2025-06-30 09:00:00+00:00
28.3,88,26.1,992.9,993.6,100,6,7,100,5.0,178,20.9,0.1,870.0,-3.3,0.0,20.4,-0.7,17.1,151,24.5,169,82,2025-06-30 10:00:00+00:00
28.8,86,26.2,992.5,993.2,100,71,16,99,4.7,176,14.4,0.3,690.0,-4.3,0.0,20.2,-0.7,21.6,155,24.3,171,84,2025-06-30 11:00:00+00:00
28.9,86,26.3,993.1,993.8,100,16,10,100,6.3,156,15.8,0.1,1600.0,-4.0,0.0,20.4,-0.2,18.8,148,27.4,151,78,2025-06-30 12:00:00+00:00
27.6,92,26.1,994.8,995.5,100,24,97,100,6.2,147,13.7,0.7,990.0,-3.6,-2.0,20.2,-0.5,19.6,155,28.4,152,82,2025-06-30 13:00:00+00:00
27.6,92,26.2,995.4,996.1,100,22,86,100,6.7,128,13.0,0.0,560.0,-3.1,-2.0,20.8,-0.5,21.1,158,30.3,146,87,2025-06-30 14:00:00+00:00
27.6,91,26.0,996.2,996.9,100,11,6,100,8.4,132,15.1,0.0,510.0,-2.9,-2.0,20.5,-0.7,22.5,162,31.0,144,86,2025-06-30 15:00:00+00:00
27.2,91,25.7,996.6,997.3,100,1,12,100,10.5,143,20.2,0.0,470.0,-2.7,-2.0,20.4,-0.7,22.3,169,30.7,141,84,2025-06-30 16:00:00+00:00
26.9,93,25.6,997.3,998.0,100,1,24,100,9.4,144,20.5,0.0,400.0,-2.5,-3.0,20.4,-0.9,22.1,172,30.7,141,84,2025-06-30 17:00:00+00:00
26.8,93,25.6,996.9,997.6,100,8,3,100,9.2,133,18.4,0.0,500.0,-3.0,-3.0,20.2,-0.9,19.7,167,32.2,135,86,2025-06-30 18:00:00+00:00
26.7,94,25.6,996.5,997.2,100,16,7,100,8.2,131,18.0,0.0,420.0,-3.1,-3.0,20.0,-1.2,19.0,170,30.6,138,86,2025-06-30 19:00:00+00:00
26.6,91,25.1,996.1,996.8,100,36,11,100,8.2,131,15.8,0.1,370.0,-3.0,-2.0,20.0,-1.2,18.4,173,28.9,138,87,2025-06-30 20:00:00+00:00
26.5,92,25.1,996.0,996.7,100,96,24,100,10.4,135,19.8,0.4,380.0,-2.9,-3.0,19.9,-1.4,18.7,176,26.4,141,83,2025-06-30 21:00:00+00:00
26.3,94,25.2,996.0,996.7,99,30,19,98,11.7,146,23.0,0.1,380.0,-3.0,-3.0,19.9,-1.4,17.0,174,24.7,141,84,2025-06-30 22:00:00+00:00
25.9,95,25.0,996.2,996.9,100,16,11,100,10.2,135,25.6,0.1,400.0,-3.1,-3.0,19.9,-1.4,16.7,169,23.1,141,86,2025-06-30 23:00:00+00:00
25.7,95,24.8,996.9,997.6,99,11,10,99,11.3,137,22.7,0.0,460.0,-3.2,-3.0,20.0,-1.2,19.2,155,24.3,147,84,2025-07-01 00:00:00+00:00
27.9,88,25.8,996.8,997.5,100,15,6,100,11.1,129,25.2,0.0,420.0,-3.2,0.0,20.0,-0.9,20.6,149,24.0,143,83,2025-07-01 01:00:00+00:00
28.6,85,25.9,997.6,998.3,95,30,20,92,11.2,139,28.4,0.1,430.0,-3.1,0.0,20.3,-0.7,23.0,146,23.8,139,81,2025-07-01 02:00:00+00:00
29.6,82,26.3,997.7,998.4,100,67,17,100,10.3,133,28.8,0.0,610.0,-2.7,0.0,20.2,-0.7,25.1,143,22.9,137,82,2025-07-01 03:00:00+00:00
30.1,80,26.2,998.1,998.8,100,100,15,99,11.2,132,32.8,0.2,630.0,-2.6,0.0,20.3,-0.7,27.4,144,23.8,131,82,2025-07-01 04:00:00+00:00
29.7,80,25.9,998.1,998.8,100,72,30,100,11.1,130,33.5,0.3,730.0,-2.6,0.0,20.4,-0.5,29.2,146,23.1,129,83,2025-07-01 05:00:00+00:00
30.1,79,26.0,997.5,998.2,100,100,22,100,11.7,117,33.1,0.1,1370.0,-2.6,0.0,20.2,-0.7,23.1,142,24.3,123,82,2025-07-01 06:00:00+00:00
29.3,79,25.3,996.9,997.6,100,62,44,100,13.6,148,34.6,3.0,1620.0,-2.9,0.0,19.7,-0.7,23.5,144,22.6,122,79,2025-07-01 07:00:00+00:00
29.1,83,25.8,995.9,996.6,100,3,18,100,6.0,163,32.8,4.7,1400.0,-3.2,0.0,20.0,-0.7,22.7,142,21.5,117,81,2025-07-01 08:00:00+00:00
30.7,76,26.1,994.9,995.6,100,16,17,100,6.8,168,21.6,0.2,1490.0,-3.2,0.0,20.0,-0.7,24.4,147,22.1,112,80,2025-07-01 09:00:00+00:00
28.0,86,25.5,994.9,995.6,100,31,77,100,9.3,153,28.1,2.6,1300.0,-3.2,0.0,20.3,-0.7,26.6,149,23.2,111,77,2025-07-01 10:00:00+00:00
28.8,86,26.2,994.5,995.2,100,13,22,100,3.2,142,20.2,0.2,790.0,-3.0,0.0,20.3,-0.7,23.5,144,22.1,112,80,2025-07-01 11:00:00+00:00
29.1,82,25.7,994.6,995.3,100,19,22,100,9.7,176,18.7,0.2,1590.0,-3.1,-1.0,20.3,-0.5,19.4,150,25.2,115,78,2025-07-01 12:00:00+00:00
28.6,87,26.2,996.6,997.3,100,15,19,100,6.4,142,13.7,0.0,1220.0,-2.6,-2.0,20.9,-0.7,22.4,153,26.3,114,83,2025-07-01 13:00:00+00:00
28.3,88,26.1,997.2,997.9,100,3,9,100,7.1,131,13.0,0.0,1030.0,-2.5,-3.0,20.9,-0.7,23.8,163,27.4,113,83,2025-07-01 14:00:00+00:00
28.0,89,26.0,998.0,998.7,100,4,22,100,8.4,138,16.6,0.0,790.0,-2.5,-3.0,20.6,-0.9,24.9,166,28.1,110,84,2025-07-01 15:00:00+00:00
27.7,89,25.7,998.6,999.3,100,0,14,100,8.7,142,17.3,0.0,640.0,-2.7,-2.0,20.4,-0.9,24.8,167,31.5,108,84,2025-07-01 16:00:00+00:00
27.3,91,25.6,998.7,999.4,100,10,1,100,8.8,137,17.3,0.0,600.0,-2.9,-2.0,20.2,-0.9,24.9,166,32.6,107,84,2025-07-01 17:00:00+00:00
27.0,92,25.7,998.3,999.0,99,0,11,99,7.9,139,17.3,0.0,710.0,-2.8,-3.0,20.2,-1.2,21.8,164,31.1,118,81,2025-07-01 18:00:00+00:00
26.7,94,25.6,997.7,998.4,100,5,5,100,8.2,128,16.2,0.0,620.0,-2.8,-3.0,20.2,-1.2,19.9,164,30.1,119,83,2025-07-01 19:00:00+00:00
26.5,95,25.6,997.7,998.4,100,13,13,100,7.2,125,16.2,0.0,600.0,-2.7,-3.0,20.3,-1.4,16.5,156,29.6,122,83,2025-07-01 20:00:00+00:00
26.4,95,25.5,997.3,998.0,100,0,11,100,7.3,118,15.1,0.0,550.0,-2.6,-4.0,20.3,-1.4,14.6,141,28.0,121,83,2025-07-01 21:00:00+00:00
26.2,95,25.4,997.5,998.2,100,14,1,100,7.9,111,15.8,0.0,490.0,-2.9,-4.0,20.2,-1.4,14.9,130,28.4,118,84,2025-07-01 22:00:00+00:00
26.2,95,25.3,997.5,998.2,100,13,5,100,9.1,111,18.4,0.0,450.0,-2.8,-5.0,20.2,-1.6,16.2,122,27.9,115,83,2025-07-01 23:00:00+00:00
26.3,95,25.3,998.3,999.0,99,12,8,99,8.2,116,18.4,0.0,680.0,-2.7,-4.0,20.4,-1.2,15.7,120,28.4,118,82,2025-07-02 00:00:00+00:00
27.6,92,26.3,998.3,999.0,74,7,5,71,8.1,85,18.4,0.0,640.0,-2.7,-3.0,20.4,-1.2,18.2,112,27.9,115,83,2025-07-02 01:00:00+00:00
28.2,90,26.4,998.9,999.6,73,24,32,52,9.7,119,24.1,0.1,640.0,-2.4,0.0,20.4,-0.9,20.6,108,28.4,118,83,2025-07-02 02:00:00+00:00
29.3,85,26.5,998.9,999.6,100,100,13,96,8.6,105,23.8,0.1,710.0,-2.7,-1.0,20.4,-0.9,23.4,111,27.0,111,83,2025-07-02 03:00:00+00:00
30.0,81,26.3,998.7,999.4,100,99,18,100,9.7,109,27.7,0.0,1180.0,-2.5,0.0,20.4,-1.2,25.1,117,28.5,105,83,2025-07-02 04:00:00+00:00
30.5,78,26.2,998.2,998.9,100,6,8,99,9.4,110,28.4,0.1,1130.0,-2.9,0.0,20.8,-0.9,24.9,121,29.4,102,80,2025-07-02 05:00:00+00:00
31.7,75,26.6,997.7,998.4,14,7,3,8,9.5,112,28.1,0.0,1330.0,-2.9,0.0,20.4,-0.7,19.9,110,30.9,103,80,2025-07-02 06:00:00+00:00
32.1,73,26.6,997.0,997.7,52,7,10,45,8.1,119,28.1,0.0,1490.0,-2.7,0.0,19.6,-0.9,18.1,118,30.6,101,81,2025-07-02 07:00:00+00:00
31.7,72,26.0,995.9,996.6,95,9,70,83,10.7,120,28.8,2.0,1270.0,-2.5,0.0,19.7,-0.7,15.8,123,30.0,106,83,2025-07-02 08:00:00+00:00
30.5,78,26.3,995.2,995.9,100,12,29,100,2.9,158,28.8,1.5,1020.0,-2.2,0.0,20.4,-0.5,17.2,122,28.5,112,82,2025-07-02 09:00:00+00:00
27.9,87,25.5,995.3,996.0,98,0,21,98,7.0,170,26.6,2.2,1280.0,-2.2,0.0,20.3,-0.7,18.2,122,25.8,118,78,2025-07-02 10:00:00+00:00
28.8,83,25.7,995.2,995.9,86,11,18,83,3.8,211,17.3,0.0,1230.0,-2.0,0.0,20.4,-0.7,18.0,126,23.7,120,81,2025-07-02 11:00:00+00:00
28.7,84,25.7,995.8,996.5,77,2,23,70,0.4,117,11.9,0.0,1770.0,-2.9,-1.0,20.2,-0.5,14.9,128,25.0,125,78,2025-07-02 12:00:00+00:00
28.0,91,26.4,996.9,997.6,98,0,15,98,6.8,132,16.6,0.3,1020.0,-2.9,-4.0,20.5,-0.5,16.4,124,23.8,131,84,2025-07-02 13:00:00+00:00
27.8,92,26.4,997.7,998.4,98,11,14,98,5.1,144,13.3,0.0,780.0,-3.5,-5.0,20.8,-0.7,20.6,133,24.6,133,88,2025-07-02 14:00:00+00:00
26.8,92,25.4,998.6,999.3,100,99,53,100,7.3,150,13.0,4.6,760.0,-4.4,-3.0,20.3,-0.7,21.9,137,25.5,131,86,2025-07-02 15:00:00+00:00
26.1,97,25.6,999.7,1000.4,100,100,64,100,6.4,142,13.3,12.5,650.0,-4.3,-4.0,20.2,-0.9,22.3,139,27.4,128,87,2025-07-02 16:00:00+00:00
26.0,95,25.2,999.7,1000.4,100,39,52,100,6.2,97,12.2,8.9,570.0,-4.3,-3.0,20.0,-0.9,20.8,142,30.0,127,86,2025-07-02 17:00:00+00:00
26.1,96,25.4,998.8,999.5,100,6,3,100,4.8,146,13.0,0.1,840.0,-4.5,-4.0,20.3,-0.7,15.3,150,33.1,134,82,2025-07-02 18:00:00+00:00
25.9,98,25.6,998.7,999.4,100,15,10,100,7.5,136,14.4,0.0,710.0,-4.4,-5.0,20.4,-0.9,15.1,151,32.2,135,83,2025-07-02 19:00:00+00:00
26.0,98,25.6,998.1,998.8,100,20,16,100,7.4,129,15.5,0.0,660.0,-4.2,-3.0,20.3,-0.9,13.7,150,31.4,137,82,2025-07-02 20:00:00+00:00
25.9,99,25.6,997.7,998.4,100,22,24,100,7.4,129,14.4,0.0,600.0,-4.0,-3.0,20.3,-1.2,12.9,148,30.6,138,83,2025-07-02 21:00:00+00:00
26.0,98,25.6,998.0,998.7,100,23,11,100,8.4,135,16.6,0.0,480.0,-3.8,-6.0,20.2,-1.2,13.5,147,25.5,139,88,2025-07-02 22:00:00+00:00
26.0,96,25.4,998.4,999.1,100,92,21,100,10.2,136,18.7,0.1,410.0,-3.6,-6.0,19.9,-1.4,15.6,159,22.9,137,91,2025-07-02 23:00:00+00:00
26.1,97,25.6,998.9,999.6,100,16,3,100,8.9,132,19.1,0.1,650.0,-3.0,-4.0,19.9,-1.2,10.8,158,25.7,143,87,2025-07-03 00:00:00+00:00
27.5,90,25.8,998.7,999.4,95,33,42,88,9.6,150,19.8,0.0,540.0,-3.3,-1.0,19.9,-1.4,13.2,166,24.0,143,86,2025-07-03 01:00:00+00:00
28.3,87,25.9,999.2,999.9,62,10,11,54,9.8,152,24.5,0.0,480.0,-2.8,0.0,20.2,-1.4,13.5,168,24.3,147,83,2025-07-03 02:00:00+00:00
29.5,81,25.8,999.4,1000.1,68,19,28,46,10.6,150,25.6,0.1,700.0,-2.6,0.0,20.2,-1.4,17.3,168,22.6,148,82,2025-07-03 03:00:00+00:00
30.4,79,26.4,999.5,1000.2,87,11,16,82,9.0,149,26.3,0.1,910.0,-2.8,0.0,19.9,-1.2,19.9,169,21.6,146,82,2025-07-03 04:00:00+00:00
31.2,76,26.4,999.5,1000.2,100,100,13,92,9.3,156,29.5,0.3,1100.0,-2.6,0.0,19.9,-0.9,21.6,167,19.7,142,81,2025-07-03 05:00:00+00:00
29.7,80,25.8,998.9,999.6,100,94,27,100,10.0,126,28.1,6.9,1480.0,-2.4,0.0,19.7,-1.2,15.1,155,20.4,130,78,2025-07-03 06:00:00+00:00
28.6,88,26.4,998.0,998.7,98,36,23,96,7.1,97,27.7,0.6,1590.0,-2.2,0.0,19.8,-0.9,16.3,153,18.0,127,77,2025-07-03 07:00:00+00:00
30.4,81,26.7,997.2,997.9,100,91,37,94,7.3,171,24.1,0.5,1430.0,-2.6,0.0,19.9,-0.9,17.5,152,18.0,127,73,2025-07-03 08:00:00+00:00
29.3,82,25.9,996.7,997.4,99,20,41,97,6.1,157,25.6,1.4,1440.0,-2.5,0.0,20.2,-1.2,16.7,151,16.1,132,72,2025-07-03 09:00:00+00:00
29.5,78,25.3,996.1,996.8,98,36,35,95,9.5,171,24.5,0.5,1030.0,-2.6,0.0,20.0,-0.9,17.0,149,15.4,129,76,2025-07-03 10:00:00+00:00
29.3,83,26.2,996.5,997.2,100,14,25,100,7.5,138,22.0,0.2,1210.0,-2.7,0.0,19.9,-0.9,15.9,156,14.0,121,79,2025-07-03 11:00:00+00:00
28.2,88,26.1,997.3,998.0,99,7,63,98,5.1,190,19.4,5.3,1790.0,-3.2,0.0,20.5,-0.9,12.8,184,17.7,118,73,2025-07-03 12:00:00+00:00
27.5,94,26.4,998.3,999.0,100,5,16,100,9.7,138,18.4,0.4,1370.0,-2.9,-4.0,20.6,-1.2,12.8,182,16.7,120,77,2025-07-03 13:00:00+00:00
27.2,95,26.3,998.6,999.3,100,0,2,100,7.7,155,18.0,0.1,1000.0,-2.9,-11.0,20.6,-1.2,15.3,197,17.3,124,79,2025-07-03 14:00:00+00:00
27.0,95,26.2,999.5,1000.2,100,14,27,100,6.2,144,15.1,0.0,900.0,-2.8,-24.0,20.5,-1.4,17.8,203,16.3,126,80,2025-07-03 15:00:00+00:00
26.9,96,26.2,1000.0,1000.7,100,9,59,100,8.1,151,15.5,0.0,820.0,-2.7,-26.0,20.4,-1.4,19.4,204,15.4,129,79,2025-07-03 16:00:00+00:00
27.0,95,26.2,1000.2,1000.9,100,14,30,100,7.0,170,15.5,0.0,770.0,-2.6,-18.0,20.4,-1.6,20.2,205,15.3,135,79,2025-07-03 17:00:00+00:00
26.8,95,26.0,999.6,1000.3,100,17,28,100,5.1,170,13.0,0.1,1080.0,-2.5,-13.0,20.6,-1.2,17.4,213,13.7,142,81,2025-07-03 18:00:00+00:00
26.6,94,25.5,999.2,999.9,100,33,81,100,2.9,169,9.7,1.4,910.0,-2.5,-14.0,20.3,-1.4,19.1,213,10.3,144,81,2025-07-03 19:00:00+00:00
26.0,96,25.3,998.9,999.6,100,55,58,98,7.8,172,16.2,0.3,820.0,-2.4,-17.0,20.2,-1.2,17.4,213,8.5,135,82,2025-07-03 20:00:00+00:00
25.8,97,25.3,998.3,999.0,100,27,34,100,5.4,160,14.0,0.1,710.0,-2.4,-19.0,19.9,-1.4,18.5,208,7.7,129,83,2025-07-03 21:00:00+00:00
25.6,99,25.3,998.5,999.2,100,100,44,100,5.1,157,10.8,0.2,630.0,-2.1,-19.0,19.9,-1.4,18.6,205,8.0,117,84,2025-07-03 22:00:00+00:00
25.4,98,25.1,998.9,999.6,100,100,66,100,6.0,123,11.2,2.3,570.0,-2.2,-22.0,19.8,-1.6,19.4,204,8.4,90,87,2025-07-03 23:00:00+00:00
25.4,99,25.3,999.4,1000.1,100,100,84,100,5.1,117,13.3,0.7,900.0,-2.6,-18.0,20.2,-1.4,16.8,248,10.3,111,83,2025-07-04 00:00:00+00:00
26.2,95,25.3,999.6,1000.3,100,89,39,100,7.0,193,16.6,0.7,780.0,-2.7,-11.0,20.0,-1.6,13.9,247,9.7,97,86,2025-07-04 01:00:00+00:00
26.6,93,25.3,1000.0,1000.7,100,16,86,100,4.9,190,19.4,0.2,730.0,-3.1,-3.0,20.0,-1.6,13.5,258,9.7,83,87,2025-07-04 02:00:00+00:00
28.2,88,26.0,1000.0,1000.7,100,16,90,100,5.6,187,16.2,0.0,740.0,-3.0,0.0,20.0,-1.6,13.7,266,10.9,84,87,2025-07-04 03:00:00+00:00
29.7,83,26.5,999.8,1000.5,100,10,100,99,2.6,192,17.3,0.1,790.0,-3.4,0.0,19.9,-1.4,14.1,270,12.0,90,84,2025-07-04 04:00:00+00:00
29.8,82,26.5,999.8,1000.5,100,7,86,100,5.4,174,17.3,0.2,1000.0,-3.2,0.0,19.9,-1.2,14.2,266,10.8,90,87,2025-07-04 05:00:00+00:00
30.4,80,26.6,999.1,999.8,100,28,18,100,5.5,193,18.0,0.3,1770.0,-3.1,0.0,20.3,-1.2,14.6,284,10.9,84,81,2025-07-04 06:00:00+00:00
31.4,74,26.3,997.8,998.5,100,100,9,100,4.9,219,19.1,0.3,1390.0,-3.6,-1.0,20.3,-1.2,13.2,272,10.8,90,81,2025-07-04 07:00:00+00:00
31.0,77,26.5,996.8,997.5,100,97,33,100,6.5,186,19.4,0.1,1200.0,-3.6,-2.0,20.0,-1.4,14.5,257,8.5,82,82,2025-07-04 08:00:00+00:00
28.2,86,25.6,997.1,997.8,100,0,95,100,7.0,228,24.5,5.4,1080.0,-2.8,-18.0,20.4,-1.6,15.7,248,7.6,72,81,2025-07-04 09:00:00+00:00
28.7,87,26.3,996.3,997.0,100,22,21,100,4.6,211,17.3,0.7,1090.0,-2.7,-24.0,20.2,-1.6,16.5,242,8.0,27,80,2025-07-04 10:00:00+00:00
29.4,83,26.2,996.2,996.9,100,7,17,100,6.5,180,16.2,0.2,1150.0,-2.9,-32.0,20.2,-1.9,17.7,235,3.8,18,74,2025-07-04 11:00:00+00:00
29.1,84,26.1,996.7,997.4,100,29,86,100,8.3,182,16.2,0.0,1430.0,-3.6,-18.0,20.6,-1.9,20.1,237,6.0,307,74,2025-07-04 12:00:00+00:00
26.5,95,25.5,998.3,999.0,100,2,100,100,9.7,170,19.8,0.9,1140.0,-3.7,-8.0,20.5,-1.9,20.0,221,4.3,326,74,2025-07-04 13:00:00+00:00
26.1,97,25.7,998.2,998.9,100,0,29,100,7.8,176,18.4,0.7,920.0,-4.0,-2.0,20.6,-1.9,21.4,214,6.1,281,74,2025-07-04 14:00:00+00:00
26.1,97,25.6,998.9,999.6,100,1,22,100,6.3,160,14.4,0.1,680.0,-4.5,0.0,20.3,-1.9,19.9,212,9.1,247,73,2025-07-04 15:00:00+00:00
26.1,97,25.6,999.6,1000.3,100,1,10,100,6.4,135,12.2,0.0,670.0,-4.6,-3.0,20.3,-1.9,19.1,213,11.1,229,74,2025-07-04 16:00:00+00:00
26.0,98,25.6,999.7,1000.4,100,6,16,100,6.7,149,13.0,0.0,710.0,-4.5,-7.0,20.4,-1.9,19.6,216,15.6,238,76,2025-07-04 17:00:00+00:00
26.1,98,25.7,999.6,1000.3,100,6,18,100,5.4,165,12.6,0.0,1100.0,-4.4,-5.0,20.4,-1.9,12.7,232,17.8,222,79,2025-07-04 18:00:00+00:00
26.1,98,25.8,998.8,999.5,100,5,15,100,6.5,183,11.9,0.0,830.0,-3.9,-4.0,20.4,-1.6,12.1,236,20.4,225,81,2025-07-04 19:00:00+00:00
26.1,98,25.8,998.2,998.9,100,6,2,100,6.0,177,12.2,0.0,680.0,-3.5,-21.0,20.3,-1.6,13.1,250,17.0,225,82,2025-07-04 20:00:00+00:00
26.0,98,25.6,997.7,998.4,99,11,3,99,4.0,188,11.2,0.0,630.0,-3.4,-50.0,19.9,-1.9,13.9,259,14.4,228,81,2025-07-04 21:00:00+00:00
25.9,98,25.6,997.9,998.6,100,16,32,100,5.8,187,11.5,0.0,690.0,-2.7,-60.0,19.7,-1.9,15.1,263,11.9,225,83,2025-07-04 22:00:00+00:00
25.9,98,25.5,998.0,998.7,100,19,35,100,6.4,207,11.9,0.0,760.0,-2.4,-42.0,19.7,-1.9,15.7,262,9.7,210,82,2025-07-04 23:00:00+00:00
26.1,97,25.5,998.2,998.9,100,3,10,100,6.8,217,13.0,0.0,850.0,-2.7,-13.0,19.7,-1.9,7.9,280,7.3,189,79,2025-07-05 00:00:00+00:00
27.5,91,26.0,998.3,999.0,99,32,92,97,6.2,165,11.5,0.3,790.0,-2.7,-9.0,19.6,-1.9,8.4,257,6.1,169,82,2025-07-05 01:00:00+00:00
27.5,92,26.0,998.5,999.2,100,21,90,100,5.2,180,13.7,0.1,830.0,-2.7,-18.0,19.7,-1.6,8.5,234,8.0,153,81,2025-07-05 02:00:00+00:00
28.7,87,26.3,998.2,998.9,91,5,32,91,6.0,177,17.3,0.1,990.0,-2.8,-14.0,19.8,-1.6,11.3,212,7.7,141,80,2025-07-05 03:00:00+00:00
29.5,83,26.3,998.3,999.0,89,14,9,87,5.1,198,18.0,0.0,960.0,-2.4,0.0,19.8,-1.6,13.7,206,8.5,135,81,2025-07-05 04:00:00+00:00
30.9,77,26.4,998.1,998.8,100,88,27,96,4.7,208,19.4,0.1,840.0,-2.5,-4.0,19.6,-1.4,12.3,202,8.5,135,87,2025-07-05 05:00:00+00:00
31.4,73,25.9,997.5,998.2,100,100,40,91,5.0,201,20.5,0.0,1400.0,-2.6,-1.0,19.7,-1.2,5.5,171,12.9,112,78,2025-07-05 06:00:00+00:00
31.5,70,25.4,996.3,997.0,100,100,29,99,4.0,207,19.1,0.1,1320.0,-2.6,0.0,19.6,-1.2,5.8,162,12.5,107,80,2025-07-05 07:00:00+00:00
28.1,87,25.8,995.9,996.6,100,16,76,100,9.3,196,29.5,1.5,1290.0,-3.0,0.0,19.9,-0.9,7.0,169,12.5,107,82,2025-07-05 08:00:00+00:00
29.4,82,25.9,994.9,995.6,100,9,100,82,6.3,149,22.3,0.1,1280.0,-3.4,0.0,20.0,-0.9,9.0,156,13.3,95,83,2025-07-05 09:00:00+00:00
29.9,80,26.1,994.3,995.0,88,10,30,82,4.9,182,18.4,0.1,1000.0,-3.7,0.0,20.2,-1.2,8.4,167,14.4,95,70,2025-07-05 10:00:00+00:00
28.5,84,25.5,994.4,995.1,94,48,68,72,7.7,162,19.8,0.9,690.0,-3.2,0.0,20.5,-1.2,8.5,164,17.0,98,82,2025-07-05 11:00:00+00:00
28.2,87,25.8,995.1,995.8,99,7,30,99,7.1,186,18.4,0.4,1270.0,-3.5,-1.0,20.4,-0.9,7.8,201,20.5,97,69,2025-07-05 12:00:00+00:00
28.4,89,26.5,996.0,996.7,100,4,100,100,6.1,161,12.2,0.9,1190.0,-3.7,-4.0,20.4,-1.2,6.1,193,20.7,100,73,2025-07-05 13:00:00+00:00
27.8,95,26.9,996.4,997.1,100,5,100,100,4.5,140,11.2,1.5,970.0,-3.4,-16.0,20.5,-1.2,5.3,211,21.0,103,79,2025-07-05 14:00:00+00:00
27.4,94,26.4,997.0,997.7,100,2,18,100,8.0,142,14.0,0.2,710.0,-3.7,-11.0,20.4,-1.2,3.9,216,19.8,104,83,2025-07-05 15:00:00+00:00
26.9,95,26.0,997.7,998.4,100,11,3,100,10.2,149,19.1,0.0,670.0,-4.0,-4.0,20.4,-1.4,4.7,209,15.8,99,87,2025-07-05 16:00:00+00:00
26.2,96,25.6,997.8,998.5,100,16,82,100,9.2,168,19.4,0.0,710.0,-3.2,-7.0,20.3,-1.2,4.2,221,15.6,94,86,2025-07-05 17:00:00+00:00
26.0,97,25.4,997.5,998.2,100,95,100,100,7.0,177,19.1,0.0,860.0,-2.9,-5.0,20.2,-1.4,3.5,247,21.6,93,83,2025-07-05 18:00:00+00:00
25.9,95,25.1,996.8,997.5,100,40,71,100,5.4,174,13.0,0.1,690.0,-2.6,-5.0,20.2,-1.4,4.1,264,18.0,94,83,2025-07-05 19:00:00+00:00
25.6,96,24.9,996.4,997.1,100,100,31,100,6.2,154,13.7,0.2,600.0,-2.8,-5.0,20.0,-1.6,4.6,276,18.0,94,86,2025-07-05 20:00:00+00:00
25.0,96,24.3,996.1,996.8,100,100,93,100,5.8,166,15.8,1.5,530.0,-2.6,-4.0,20.0,-1.6,4.1,276,18.4,101,89,2025-07-05 21:00:00+00:00
24.7,98,24.3,996.2,996.9,100,75,100,100,7.2,174,18.0,2.8,470.0,-2.5,-5.0,19.8,-1.6,3.2,270,18.3,113,90,2025-07-05 22:00:00+00:00
24.7,96,24.1,996.0,996.7,100,27,21,100,2.5,159,13.7,0.5,380.0,-2.3,-7.0,19.8,-1.6,1.8,270,18.3,122,87,2025-07-05 23:00:00+00:00
24.7,97,24.3,996.2,996.9,100,15,9,100,1.8,101,8.3,0.5,420.0,-2.4,-4.0,19.9,-1.6,2.9,39,18.0,127,81,2025-07-06 00:00:00+00:00
26.6,93,25.5,996.9,997.6,100,100,59,100,6.9,133,16.6,0.9,390.0,-2.4,-1.0,19.9,-1.6,4.3,72,17.8,132,82,2025-07-06 01:00:00+00:00
26.0,94,25.0,997.2,997.9,100,94,98,100,6.7,178,19.4,1.6,400.0,-2.6,0.0,20.0,-1.6,6.4,90,18.0,143,82,2025-07-06 02:00:00+00:00
26.7,90,24.8,996.7,997.4,100,72,100,100,4.3,147,14.4,0.1,450.0,-3.2,0.0,20.2,-1.4,8.2,109,14.6,145,81,2025-07-06 03:00:00+00:00
27.5,86,24.9,997.1,997.8,100,100,36,100,5.8,141,18.7,0.0,470.0,-3.4,0.0,20.3,-1.2,10.5,124,13.6,135,80,2025-07-06 04:00:00+00:00
27.9,85,25.1,996.8,997.5,100,100,9,100,5.1,108,15.8,0.0,540.0,-3.6,0.0,20.2,-1.2,11.9,137,15.6,122,81,2025-07-06 05:00:00+00:00
28.5,84,25.5,996.3,997.0,100,22,2,100,5.1,122,16.9,0.5,1140.0,-3.9,-1.0,20.0,-1.2,10.0,90,16.7,120,81,2025-07-06 06:00:00+00:00
28.6,84,25.7,995.7,996.4,100,9,0,100,5.5,136,15.5,0.2,970.0,-3.5,-1.0,19.8,-1.2,9.2,99,16.7,120,82,2025-07-06 07:00:00+00:00
28.8,84,25.9,994.6,995.3,100,16,1,100,5.0,134,16.2,0.3,740.0,-3.4,-2.0,19.6,-0.9,9.7,101,17.3,124,81,2025-07-06 08:00:00+00:00
29.7,78,25.5,993.7,994.4,100,38,3,100,6.1,109,17.3,0.0,760.0,-3.3,-1.0,20.0,-0.9,10.8,118,18.3,122,82,2025-07-06 09:00:00+00:00
30.1,77,25.5,993.3,994.0,100,18,8,100,4.1,90,18.0,0.0,790.0,-3.4,-1.0,20.2,-0.9,11.6,135,19.3,120,83,2025-07-06 10:00:00+00:00
30.1,77,25.5,993.2,993.9,100,21,22,100,4.8,115,13.0,0.0,880.0,-3.7,-7.0,20.0,-1.2,12.0,140,19.3,120,81,2025-07-06 11:00:00+00:00
28.3,84,25.3,994.4,995.1,100,86,64,100,6.3,145,13.0,0.8,1130.0,-3.7,-10.0,20.2,-0.7,12.4,96,23.2,111,76,2025-07-06 12:00:00+00:00
27.4,92,25.9,995.1,995.8,100,2,16,100,3.7,76,13.0,0.1,760.0,-3.5,-11.0,19.9,-1.2,15.3,107,22.1,112,81,2025-07-06 13:00:00+00:00
27.1,93,25.9,995.4,996.1,100,0,15,100,5.5,54,11.2,0.0,820.0,-3.3,-13.0,20.2,-1.2,17.9,109,22.8,108,79,2025-07-06 14:00:00+00:00
26.9,94,25.9,996.1,996.8,100,12,52,100,5.2,78,10.4,0.0,590.0,-3.5,-9.0,20.3,-1.2,17.4,123,23.2,111,79,2025-07-06 15:00:00+00:00
26.8,95,25.9,996.6,997.3,100,9,17,100,5.6,96,11.5,0.0,430.0,-3.3,-9.0,20.2,-1.2,16.8,133,22.5,115,81,2025-07-06 16:00:00+00:00
26.6,91,25.0,996.8,997.5,100,33,100,100,7.6,124,14.4,0.1,370.0,-3.2,-9.0,20.0,-1.2,17.6,149,22.1,112,83,2025-07-06 17:00:00+00:00
26.3,94,25.3,996.3,997.0,100,19,46,100,7.1,114,14.8,0.2,490.0,-3.1,-5.0,20.0,-1.4,16.9,153,21.6,109,80,2025-07-06 18:00:00+00:00
26.1,95,25.3,995.7,996.4,100,54,100,100,6.5,114,13.7,0.1,490.0,-3.0,-11.0,20.0,-1.2,18.0,159,21.6,109,84,2025-07-06 19:00:00+00:00
25.9,96,25.2,995.4,996.1,100,99,100,100,7.1,109,14.4,0.1,460.0,-3.1,-14.0,20.0,-1.2,18.3,161,22.1,112,89,2025-07-06 20:00:00+00:00
25.8,96,25.2,995.0,995.7,100,99,14,96,7.0,93,14.4,0.0,350.0,-3.3,-13.0,19.9,-1.4,19.3,161,22.1,112,90,2025-07-06 21:00:00+00:00
25.7,97,25.2,995.0,995.7,100,100,26,86,7.4,84,14.8,0.1,280.0,-3.6,-9.0,19.8,-1.4,19.7,161,21.0,114,88,2025-07-06 22:00:00+00:00
25.6,97,25.1,995.1,995.8,100,100,100,100,8.4,79,16.9,0.1,270.0,-3.8,-3.0,19.6,-1.6,20.8,165,22.1,112,86,2025-07-06 23:00:00+00:00
25.6,96,24.9,995.4,996.1,85,53,43,52,8.0,76,17.6,0.2,400.0,-3.4,-4.0,19.6,-1.6,15.5,104,19.8,104,84,2025-07-07 00:00:00+00:00
26.5,93,25.3,995.8,996.5,100,29,56,100,8.3,96,15.8,0.3,390.0,-3.8,-1.0,19.8,-1.9,15.9,114,21.6,87,84,2025-07-07 01:00:00+00:00
27.1,93,25.8,996.1,996.8,100,19,64,100,6.3,127,20.9,0.1,440.0,-3.3,0.0,19.6,-1.6,15.7,112,24.3,81,80,2025-07-07 02:00:00+00:00
27.9,91,26.3,996.2,996.9,100,87,54,100,6.4,122,16.9,0.2,440.0,-3.8,0.0,19.8,-1.6,16.9,128,28.5,75,79,2025-07-07 03:00:00+00:00
28.2,86,25.6,996.7,997.4,100,51,100,100,7.5,147,22.7,0.3,300.0,-3.6,0.0,19.8,-1.2,17.6,143,29.6,69,77,2025-07-07 04:00:00+00:00
28.4,86,25.9,996.7,997.4,100,99,100,100,4.8,155,20.5,0.3,390.0,-3.1,0.0,20.0,-1.6,17.0,149,33.5,75,78,2025-07-07 05:00:00+00:00
27.9,87,25.4,996.3,997.0,100,5,81,100,6.3,153,17.3,5.1,400.0,-3.7,0.0,20.3,-1.6,5.2,128,31.4,83,83,2025-07-07 06:00:00+00:00
28.1,86,25.5,995.4,996.1,100,26,100,100,4.9,176,18.4,1.2,460.0,-3.5,0.0,20.2,-1.4,4.3,148,27.4,75,83,2025-07-07 07:00:00+00:00
28.5,85,25.7,994.8,995.5,100,19,95,100,4.7,178,14.8,0.4,500.0,-3.8,-1.0,20.2,-1.4,3.3,146,28.4,62,83,2025-07-07 08:00:00+00:00
28.4,84,25.4,994.3,995.0,100,18,98,100,5.6,159,15.1,0.3,390.0,-3.9,0.0,20.0,-1.2,3.8,166,27.6,56,83,2025-07-07 09:00:00+00:00
27.2,90,25.4,994.2,994.9,100,27,16,100,7.6,161,22.3,1.5,400.0,-3.9,0.0,19.9,-1.2,6.4,180,27.2,49,82,2025-07-07 10:00:00+00:00
26.9,92,25.5,994.1,994.8,100,7,57,100,9.0,178,19.1,1.2,390.0,-3.8,0.0,19.8,-1.4,9.7,191,29.7,43,83,2025-07-07 11:00:00+00:00
26.6,93,25.3,994.5,995.2,100,0,98,100,8.3,178,19.1,0.5,1220.0,-3.4,-3.0,20.2,-1.4,1.4,270,39.1,47,81,2025-07-07 12:00:00+00:00
26.6,95,25.7,995.0,995.7,100,1,100,100,2.6,164,9.7,1.1,770.0,-3.1,-5.0,20.0,-1.2,6.5,192,30.5,45,82,2025-07-07 13:00:00+00:00
26.4,97,25.8,995.6,996.3,100,3,100,100,5.6,147,9.4,1.5,450.0,-3.1,-10.0,20.0,-1.2,10.2,201,22.6,58,81,2025-07-07 14:00:00+00:00
26.2,97,25.7,996.2,996.9,100,2,100,100,7.1,161,14.4,1.5,540.0,-2.5,-19.0,20.0,-1.2,12.8,207,23.9,72,83,2025-07-07 15:00:00+00:00
26.0,98,25.6,996.9,997.6,100,2,100,100,5.3,170,13.0,0.4,530.0,-2.0,-12.0,20.4,-1.2,12.8,207,20.4,87,80,2025-07-07 16:00:00+00:00
25.8,98,25.4,997.1,997.8,100,3,100,100,5.2,164,10.1,0.8,450.0,-1.7,-37.0,20.0,-1.4,13.3,202,13.3,85,80,2025-07-07 17:00:00+00:00
25.4,97,24.9,996.5,997.2,100,24,99,100,4.7,152,11.2,0.6,360.0,-2.0,-7.0,19.9,-1.6,8.4,202,3.8,72,80,2025-07-07 18:00:00+00:00
25.0,97,24.5,995.8,996.5,100,100,100,96,7.2,143,13.3,0.3,360.0,-2.4,-11.0,19.9,-1.4,6.9,203,2.4,360,81,2025-07-07 19:00:00+00:00
24.8,96,24.2,995.4,996.1,100,68,100,89,5.5,117,15.1,0.1,390.0,-3.0,-9.0,19.8,-1.9,6.5,219,7.0,329,81,2025-07-07 20:00:00+00:00
24.4,98,24.1,995.0,995.7,100,100,100,99,8.0,132,16.6,1.2,380.0,-3.2,-11.0,19.8,-1.9,5.7,241,9.9,346,81,2025-07-07 21:00:00+00:00
24.4,99,24.1,995.0,995.7,100,65,100,100,5.1,117,15.5,1.5,380.0,-2.9,0.0,20.0,-1.9,5.2,232,9.9,346,80,2025-07-07 22:00:00+00:00
24.5,98,24.2,995.1,995.8,100,30,100,99,5.1,141,15.1,0.5,370.0,-3.0,-2.0,19.8,-2.1,7.1,195,14.0,329,79,2025-07-07 23:00:00+00:00
24.5,99,24.4,995.6,996.3,100,90,100,29,3.9,127,9.0,0.2,420.0,-2.6,-3.0,19.8,-1.9,14.2,228,10.3,306,83,2025-07-08 00:00:00+00:00
26.1,94,25.1,995.3,996.0,100,45,100,100,5.5,216,13.7,5.4,420.0,-2.8,-3.0,19.7,-2.1,15.3,210,6.8,315,89,2025-07-08 01:00:00+00:00
26.0,95,25.1,995.7,996.4,100,8,100,100,8.5,207,15.8,3.1,480.0,-2.9,-3.0,19.8,-1.9,20.0,204,7.7,321,93,2025-07-08 02:00:00+00:00
25.9,95,24.9,996.4,997.1,100,29,100,100,11.7,212,22.0,2.0,490.0,-2.8,-3.0,19.6,-1.6,20.2,194,4.3,304,99,2025-07-08 03:00:00+00:00
26.4,95,25.5,997.0,997.7,100,15,100,100,7.7,211,23.8,1.3,460.0,-2.6,0.0,19.7,-1.9,23.2,191,4.9,256,100,2025-07-08 04:00:00+00:00
26.7,95,25.9,997.2,997.9,100,37,100,100,7.6,208,18.4,0.7,250.0,-2.7,-1.0,19.6,-1.9,28.9,201,7.7,231,100,2025-07-08 05:00:00+00:00
26.8,94,25.8,996.7,997.4,100,21,100,100,8.2,199,21.2,0.8,330.0,-2.9,0.0,19.9,-1.6,15.9,219,6.8,225,100,2025-07-08 06:00:00+00:00
26.5,91,24.9,996.0,996.7,100,30,86,100,10.2,197,22.3,1.2,240.0,-2.9,0.0,19.7,-1.4,19.3,223,12.8,229,96,2025-07-08 07:00:00+00:00
27.5,91,26.0,995.3,996.0,100,6,98,99,6.6,189,25.6,0.6,210.0,-2.8,-2.0,19.7,-1.2,15.8,221,20.0,237,89,2025-07-08 08:00:00+00:00
28.1,89,26.1,994.3,995.0,100,8,92,96,7.6,180,22.7,0.3,300.0,-2.7,-1.0,19.4,-1.2,14.9,218,24.3,237,87,2025-07-08 09:00:00+00:00
27.9,90,26.1,993.7,994.4,100,13,100,69,9.0,185,24.8,0.2,330.0,-2.7,-2.0,19.7,-1.6,16.2,218,27.0,238,84,2025-07-08 10:00:00+00:00
27.4,89,25.5,993.8,994.5,100,18,99,82,11.0,190,23.4,1.8,380.0,-2.4,-5.0,19.6,-1.6,19.9,212,29.0,246,97,2025-07-08 11:00:00+00:00
27.3,90,25.6,994.7,995.4,98,27,41,96,10.7,164,22.0,0.1,450.0,-2.2,-9.0,19.4,-1.6,21.5,212,27.4,247,93,2025-07-08 12:00:00+00:00
26.3,94,25.3,995.5,996.2,100,12,100,100,9.9,170,21.2,0.9,410.0,-1.9,-21.0,19.9,-1.6,23.9,211,28.1,250,82,2025-07-08 13:00:00+00:00
26.1,96,25.4,996.3,997.0,100,40,100,100,9.1,171,19.1,0.4,430.0,-1.8,-19.0,19.7,-1.6,26.9,208,25.4,251,91,2025-07-08 14:00:00+00:00
26.1,96,25.4,997.2,997.9,100,8,100,100,9.4,167,17.6,0.3,370.0,-2.0,-36.0,19.7,-1.6,27.1,205,24.1,243,94,2025-07-08 15:00:00+00:00
25.7,96,25.1,998.1,998.8,100,27,100,100,11.0,157,20.9,3.9,360.0,-2.0,-35.0,19.7,-1.6,27.0,202,24.0,233,94,2025-07-08 16:00:00+00:00
25.8,96,25.2,998.5,999.2,100,21,100,100,9.9,165,20.5,0.4,360.0,-2.4,-37.0,19.7,-1.6,28.8,211,25.5,225,92,2025-07-08 17:00:00+00:00
25.4,96,24.7,998.3,999.0,100,32,75,100,10.9,156,21.2,1.6,410.0,-2.5,-31.0,19.9,-1.6,30.3,223,24.7,219,93,2025-07-08 18:00:00+00:00
25.3,96,24.6,997.5,998.2,100,22,31,100,10.3,147,20.5,0.1,410.0,-2.3,-6.0,19.8,-1.9,29.7,221,23.8,229,90,2025-07-08 19:00:00+00:00
25.0,95,24.2,997.0,997.7,100,0,98,100,12.9,161,24.8,0.1,430.0,-2.2,-1.0,19.4,-1.9,28.8,221,19.4,248,92,2025-07-08 20:00:00+00:00
24.9,96,24.3,996.6,997.3,100,18,96,100,10.4,150,25.2,0.2,440.0,-1.9,-77.0,19.6,-1.9,26.8,222,16.3,253,94,2025-07-08 21:00:00+00:00
24.9,97,24.4,996.6,997.3,100,45,44,100,9.9,147,19.8,0.1,410.0,-2.4,-13.0,19.6,-2.1,25.2,222,21.0,246,92,2025-07-08 22:00:00+00:00
24.9,97,24.5,996.8,997.5,100,66,43,100,9.0,150,18.7,0.3,330.0,-1.7,-14.0,19.4,-1.9,23.3,220,26.4,231,97,2025-07-08 23:00:00+00:00
25.1,97,24.6,997.2,997.9,100,11,100,100,8.7,159,17.3,0.3,300.0,-2.8,-24.0,19.6,-1.9,21.3,223,25.7,217,91,2025-07-09 00:00:00+00:00
26.0,97,25.4,997.3,998.0,100,4,99,100,12.2,182,23.8,1.2,290.0,-2.9,-15.0,19.7,-1.9,20.7,221,24.3,213,92,2025-07-09 01:00:00+00:00
27.0,93,25.7,998.2,998.9,100,16,100,100,12.1,180,27.0,1.2,270.0,-4.0,-3.0,19.7,-1.9,21.2,215,29.0,210,93,2025-07-09 02:00:00+00:00
26.4,95,25.6,998.6,999.3,100,1,100,100,10.3,175,27.0,2.7,300.0,-3.3,-3.0,19.7,-1.9,23.2,206,33.6,215,93,2025-07-09 03:00:00+00:00
27.0,91,25.5,998.9,999.6,100,1,96,100,10.5,172,20.9,1.2,350.0,-3.2,0.0,19.8,-2.1,25.9,198,35.0,218,89,2025-07-09 04:00:00+00:00
28.1,87,25.7,999.0,999.7,100,5,100,100,8.8,163,22.0,0.0,610.0,-3.3,-5.0,19.9,-2.1,31.4,204,34.3,216,89,2025-07-09 05:00:00+00:00
29.3,79,25.2,998.6,999.3,100,15,100,100,13.9,177,33.8,0.2,580.0,-2.8,-1.0,19.9,-2.1,24.3,206,35.6,213,86,2025-07-09 06:00:00+00:00
29.9,72,24.3,997.8,998.5,100,11,11,100,14.6,176,35.3,0.1,800.0,-2.5,-1.0,19.9,-2.1,29.0,208,38.9,214,83,2025-07-09 07:00:00+00:00
30.1,71,24.3,996.9,997.6,100,16,26,100,16.6,189,37.8,0.1,980.0,-2.4,0.0,19.4,-2.1,31.6,205,40.3,217,83,2025-07-09 08:00:00+00:00
29.5,73,24.2,996.3,997.0,100,26,33,100,13.6,195,38.2,0.1,910.0,-2.4,-2.0,19.2,-2.1,31.4,206,40.9,220,83,2025-07-09 09:00:00+00:00
28.8,78,24.6,996.0,996.7,100,19,22,100,9.2,182,29.9,0.1,990.0,-3.0,0.0,19.9,-1.9,35.7,207,39.1,223,83,2025-07-09 10:00:00+00:00
28.1,83,24.8,996.1,996.8,100,4,86,100,10.3,176,21.2,0.6,820.0,-2.7,0.0,19.9,-1.9,36.9,204,38.2,224,84,2025-07-09 11:00:00+00:00
27.6,87,25.2,996.9,997.6,100,8,23,100,10.1,177,21.6,0.5,740.0,-2.8,-3.0,20.3,-1.6,38.6,199,40.0,221,86,2025-07-09 12:00:00+00:00
26.7,93,25.6,997.8,998.5,100,11,31,100,8.3,123,14.4,0.5,520.0,-2.6,-8.0,20.0,-1.6,38.5,199,39.9,226,88,2025-07-09 13:00:00+00:00
26.4,93,25.2,998.7,999.4,100,23,72,100,10.0,128,19.4,0.1,550.0,-2.1,-14.0,20.0,-1.4,38.6,199,33.9,225,89,2025-07-09 14:00:00+00:00
26.2,93,25.0,999.5,1000.2,100,14,29,100,9.9,134,18.7,0.1,540.0,-2.1,-11.0,19.8,-1.4,37.6,199,33.2,221,91,2025-07-09 15:00:00+00:00
26.1,93,24.9,1000.3,1001.0,100,18,100,100,10.4,135,19.1,0.1,500.0,-2.4,-8.0,19.8,-1.4,36.9,198,34.9,221,92,2025-07-09 16:00:00+00:00
25.7,94,24.6,1000.5,1001.2,100,59,100,100,11.1,134,21.6,0.7,500.0,-2.7,-9.0,19.8,-1.6,36.6,199,35.8,220,93,2025-07-09 17:00:00+00:00
25.4,96,24.7,1000.1,1000.8,100,100,100,100,10.1,125,23.0,0.8,640.0,-2.8,-6.0,19.9,-1.4,33.9,202,38.6,216,90,2025-07-09 18:00:00+00:00
25.4,97,24.8,999.3,1000.0,100,100,100,88,11.0,131,21.6,2.6,710.0,-2.8,-5.0,19.7,-1.9,34.3,203,40.9,220,88,2025-07-09 19:00:00+00:00
25.2,97,24.7,999.0,999.7,100,100,100,91,9.8,140,22.0,5.1,710.0,-2.9,-5.0,19.7,-1.6,33.3,202,39.1,223,86,2025-07-09 20:00:00+00:00
25.0,97,24.5,998.7,999.4,100,99,77,100,10.7,138,20.2,8.0,730.0,-3.0,-7.0,19.6,-1.4,35.5,208,37.3,225,90,2025-07-09 21:00:00+00:00
25.0,96,24.4,998.7,999.4,100,100,33,100,12.3,142,23.0,4.5,750.0,-2.8,-9.0,19.6,-1.4,38.8,211,36.6,221,94,2025-07-09 22:00:00+00:00
25.0,97,24.5,998.4,999.1,100,28,28,100,10.8,143,24.1,0.1,570.0,-2.5,-10.0,19.3,-1.6,39.8,208,35.8,220,86,2025-07-09 23:00:00+00:00
25.0,97,24.5,999.1,999.8,100,11,24,100,10.7,135,20.5,0.0,430.0,-2.6,-13.0,19.4,-1.9,34.2,207,33.6,215,88,2025-07-10 00:00:00+00:00
26.5,95,25.6,999.6,1000.3,99,0,43,99,9.8,139,20.5,0.0,450.0,-3.1,-7.0,19.7,-1.9,30.5,202,31.3,212,87,2025-07-10 01:00:00+00:00
27.2,92,25.7,1000.2,1000.9,100,11,22,100,10.0,152,24.5,0.0,570.0,-3.2,-2.0,19.8,-1.4,29.8,203,30.1,209,84,2025-07-10 02:00:00+00:00
28.3,88,26.1,1000.5,1001.2,100,11,7,100,9.1,139,25.6,0.2,670.0,-3.2,0.0,19.6,-1.4,30.2,205,30.7,211,86,2025-07-10 03:00:00+00:00
29.4,84,26.5,1000.5,1001.2,100,5,8,100,9.8,145,25.6,0.2,1210.0,-3.5,0.0,19.6,-1.4,30.7,201,29.3,215,89,2025-07-10 04:00:00+00:00
30.2,80,26.4,1000.9,1001.6,100,20,22,100,9.7,151,28.8,0.2,1120.0,-3.8,0.0,19.6,-1.2,31.8,199,27.6,214,88,2025-07-10 05:00:00+00:00
31.0,77,26.5,1000.2,1000.9,100,19,13,100,9.2,149,29.9,0.4,1080.0,-4.1,0.0,19.6,-1.2,27.2,203,28.0,211,88,2025-07-10 06:00:00+00:00
31.5,73,26.2,999.1,999.8,100,99,15,100,9.4,150,31.3,0.2,1030.0,-4.1,0.0,19.7,-1.2,27.3,201,28.6,213,88,2025-07-10 07:00:00+00:00
31.2,72,25.4,998.2,998.9,100,91,45,100,14.4,171,34.6,1.9,730.0,-3.7,0.0,20.2,-1.4,26.5,196,27.0,212,90,2025-07-10 08:00:00+00:00
28.2,88,26.1,997.8,998.5,100,5,29,100,7.2,141,34.9,6.0,730.0,-3.0,0.0,20.3,-1.2,26.0,191,25.7,217,88,2025-07-10 09:00:00+00:00
29.2,87,26.7,997.1,997.8,100,1,12,100,6.6,123,18.0,0.0,660.0,-2.9,0.0,20.3,-0.9,26.5,185,24.6,223,89,2025-07-10 10:00:00+00:00
29.6,82,26.3,996.9,997.6,100,10,21,100,9.8,154,20.2,0.2,590.0,-3.0,0.0,20.0,-0.9,26.5,184,25.5,229,89,2025-07-10 11:00:00+00:00
29.5,79,25.4,997.0,997.7,100,10,2,100,10.0,157,21.2,0.0,910.0,-2.7,0.0,20.4,-0.7,25.1,181,22.9,227,86,2025-07-10 12:00:00+00:00
28.6,82,25.2,998.8,999.5,100,14,24,100,6.9,143,13.3,0.0,980.0,-2.4,-4.0,20.4,-0.5,28.3,184,21.2,223,83,2025-07-10 13:00:00+00:00
28.2,83,25.0,999.3,1000.0,100,4,11,100,9.7,149,19.1,0.0,1170.0,-2.0,-5.0,20.4,-0.5,29.3,184,19.7,218,77,2025-07-10 14:00:00+00:00
27.7,85,24.9,999.8,1000.5,100,7,4,100,9.8,144,20.9,0.0,1140.0,-1.8,-7.0,20.3,-0.5,30.1,183,19.3,210,71,2025-07-10 15:00:00+00:00
27.4,87,25.0,1000.6,1001.3,100,0,5,100,8.8,139,20.2,0.0,1110.0,-1.5,-7.0,20.3,-0.5,30.1,183,18.3,203,72,2025-07-10 16:00:00+00:00
27.0,89,25.0,1001.2,1001.9,100,13,16,100,7.9,131,17.6,0.0,1200.0,-1.8,-4.0,20.2,-0.7,28.3,183,17.5,196,76,2025-07-10 17:00:00+00:00
26.8,90,25.1,1000.8,1001.5,99,5,4,98,7.4,116,15.8,0.0,1600.0,-1.9,-4.0,20.3,-0.9,24.2,179,17.0,188,79,2025-07-10 18:00:00+00:00
26.5,92,25.0,1000.2,1000.9,100,5,10,99,7.3,110,14.8,0.0,1520.0,-2.2,-6.0,20.2,-0.9,21.4,178,17.0,188,84,2025-07-10 19:00:00+00:00
26.2,93,24.9,999.6,1000.3,100,3,11,100,7.1,109,14.4,0.0,1370.0,-2.2,-6.0,20.0,-0.9,18.3,176,14.8,194,88,2025-07-10 20:00:00+00:00
26.1,93,24.9,999.1,999.8,100,6,9,100,7.2,104,15.1,0.0,1220.0,-2.1,-8.0,19.9,-0.9,15.2,171,13.4,190,90,2025-07-10 21:00:00+00:00
26.0,94,25.0,999.0,999.7,94,2,19,93,7.7,106,15.5,0.0,940.0,-1.9,-11.0,19.9,-0.9,13.7,165,13.4,190,90,2025-07-10 22:00:00+00:00
25.9,95,25.0,999.3,1000.0,94,8,21,91,7.7,99,16.2,0.0,840.0,-1.9,-12.0,19.9,-0.9,12.7,165,12.2,191,91,2025-07-10 23:00:00+00:00
25.9,95,25.1,999.8,1000.5,99,33,87,85,8.5,108,16.9,0.0,870.0,-1.7,-5.0,19.9,-0.9,12.8,176,11.8,204,86,2025-07-11 00:00:00+00:00
27.1,94,26.0,999.7,1000.4,100,1,13,100,7.1,106,16.6,0.0,890.0,-2.1,0.0,20.0,-1.2,11.4,182,9.1,203,87,2025-07-11 01:00:00+00:00
28.2,87,25.9,1000.1,1000.8,100,19,13,100,9.4,126,22.7,0.1,920.0,-2.5,0.0,20.0,-1.2,10.1,188,8.7,196,84,2025-07-11 02:00:00+00:00
28.9,84,26.0,1000.0,1000.7,100,15,6,100,9.4,138,25.6,0.1,1060.0,-2.7,0.0,20.2,-0.9,8.2,183,7.3,189,84,2025-07-11 03:00:00+00:00
30.1,78,25.7,1000.5,1001.2,100,20,13,99,10.2,149,25.9,0.0,1360.0,-2.7,0.0,20.3,-0.9,7.8,173,6.0,180,84,2025-07-11 04:00:00+00:00
30.8,76,26.1,1000.4,1001.1,92,5,15,90,7.1,146,26.3,0.3,1350.0,-3.0,0.0,20.5,-0.9,8.4,167,6.0,180,86,2025-07-11 05:00:00+00:00
31.4,76,26.6,1000.0,1000.7,100,100,5,98,7.4,141,25.2,0.4,1910.0,-3.2,0.0,20.4,-0.9,7.5,166,4.8,180,84,2025-07-11 06:00:00+00:00
29.3,85,26.4,999.6,1000.3,99,77,18,95,8.0,126,24.8,5.9,1950.0,-3.4,0.0,20.4,-0.7,9.2,174,2.7,207,83,2025-07-11 07:00:00+00:00
29.0,82,25.7,998.8,999.5,100,5,16,100,10.0,152,28.1,2.5,1810.0,-3.8,0.0,19.8,-0.7,10.0,156,1.7,225,81,2025-07-11 08:00:00+00:00
29.1,82,25.7,997.8,998.5,97,1,2,97,7.5,160,24.1,0.1,1690.0,-4.0,0.0,20.2,-0.9,8.6,155,1.7,225,83,2025-07-11 09:00:00+00:00
29.7,81,26.1,996.6,997.3,100,2,0,100,6.1,148,18.7,0.1,1440.0,-4.3,0.0,20.4,-0.9,8.2,153,2.7,207,83,2025-07-11 10:00:00+00:00
30.2,78,25.9,996.2,996.9,100,25,7,100,9.1,166,21.2,0.1,1100.0,-4.3,0.0,20.6,-0.9,9.7,169,2.7,207,79,2025-07-11 11:00:00+00:00
29.8,81,26.1,996.5,997.2,99,17,15,99,7.0,177,20.9,0.1,2250.0,-5.0,0.0,20.5,-0.7,8.1,128,2.7,153,79,2025-07-11 12:00:00+00:00
29.0,88,26.8,998.0,998.7,94,6,4,93,3.8,98,11.2,0.0,1300.0,-4.9,-2.0,20.9,-0.9,10.8,152,4.3,124,78,2025-07-11 13:00:00+00:00
28.6,89,26.7,998.8,999.5,93,16,11,91,6.1,90,11.2,0.0,1350.0,-4.7,-7.0,20.9,-1.2,12.0,171,6.5,112,79,2025-07-11 14:00:00+00:00
28.3,90,26.5,999.7,1000.4,87,15,42,75,8.1,119,14.8,0.1,1490.0,-3.9,-16.0,20.9,-1.4,10.7,168,8.7,106,79,2025-07-11 15:00:00+00:00
28.0,90,26.2,1000.4,1001.1,94,0,33,92,7.5,153,18.4,0.2,1490.0,-3.8,-18.0,20.6,-1.4,11.9,176,9.1,113,78,2025-07-11 16:00:00+00:00
27.7,91,26.1,1000.7,1001.4,91,0,8,91,5.3,162,14.0,0.0,1450.0,-3.6,-17.0,20.9,-1.4,12.3,178,10.3,111,81,2025-07-11 17:00:00+00:00
27.5,93,26.3,1000.5,1001.2,100,12,14,100,4.4,145,9.7,0.0,1780.0,-3.6,-18.0,21.1,-1.9,10.9,180,10.7,117,79,2025-07-11 18:00:00+00:00
27.4,95,26.4,1000.2,1000.9,100,18,25,100,2.4,132,8.3,0.0,1680.0,-3.4,-22.0,21.0,-1.9,9.6,177,12.0,127,79,2025-07-11 19:00:00+00:00
27.0,96,26.4,999.3,1000.0,98,36,26,96,1.8,96,4.7,0.2,1480.0,-3.5,-23.0,21.0,-1.9,9.6,180,11.3,122,79,2025-07-11 20:00:00+00:00
26.8,96,26.2,999.1,999.8,99,16,44,99,5.2,96,10.1,0.0,1490.0,-3.6,-26.0,20.9,-1.6,9.7,172,9.7,120,77,2025-07-11 21:00:00+00:00
26.5,97,26.0,999.0,999.7,99,6,24,99,8.2,104,15.8,0.0,1380.0,-3.8,-18.0,20.9,-1.6,9.7,172,8.7,106,78,2025-07-11 22:00:00+00:00
25.7,98,25.4,999.5,1000.2,100,55,33,100,7.2,102,15.8,0.7,1180.0,-3.8,-18.0,20.8,-1.6,9.2,171,9.1,113,78,2025-07-11 23:00:00+00:00
25.9,97,25.3,999.7,1000.4,100,53,5,100,7.9,137,18.4,0.1,1450.0,-4.1,-19.0,20.8,-1.6,10.3,193,7.6,72,76,2025-07-12 00:00:00+00:00
27.0,93,25.8,1000.3,1001.0,100,1,10,100,6.0,155,19.8,0.0,1330.0,-4.2,-12.0,20.6,-1.9,10.5,178,8.7,74,76,2025-07-12 01:00:00+00:00
28.2,90,26.4,1000.4,1001.1,100,0,2,100,6.7,142,18.0,0.0,1380.0,-4.3,-6.0,20.8,-1.6,10.6,173,11.1,77,73,2025-07-12 02:00:00+00:00
29.7,84,26.8,1000.4,1001.1,99,1,0,99,5.4,116,18.4,0.0,1420.0,-4.4,0.0,20.9,-1.6,9.8,158,12.0,90,71,2025-07-12 03:00:00+00:00
31.5,75,26.5,1000.7,1001.4,99,16,5,99,6.6,119,20.2,0.1,1560.0,-4.7,0.0,20.9,-1.9,11.0,142,13.2,90,71,2025-07-12 04:00:00+00:00
32.1,73,26.7,1000.9,1001.6,100,7,25,100,7.8,130,23.4,0.1,1910.0,-4.9,0.0,20.9,-1.9,11.4,143,15.6,86,70,2025-07-12 05:00:00+00:00
32.5,74,27.3,1000.0,1000.7,96,3,5,95,6.1,133,23.4,0.2,2370.0,-4.5,0.0,20.4,-1.9,6.3,150,14.4,85,71,2025-07-12 06:00:00+00:00
33.1,73,27.5,999.2,999.9,100,47,2,99,6.2,147,21.2,0.5,2400.0,-4.3,0.0,20.4,-1.6,7.0,148,15.8,81,72,2025-07-12 07:00:00+00:00
33.5,69,27.1,997.9,998.6,99,33,26,97,2.7,148,20.5,0.2,2170.0,-4.9,0.0,20.5,-1.2,7.1,135,17.2,78,73,2025-07-12 08:00:00+00:00
28.8,88,26.6,997.8,998.5,100,99,5,100,11.9,183,32.0,2.4,2560.0,-4.5,0.0,20.6,-0.9,8.6,122,18.4,79,71,2025-07-12 09:00:00+00:00
28.4,84,25.5,997.6,998.3,94,11,46,89,11.4,201,29.5,0.3,2440.0,-4.5,0.0,20.8,-0.7,9.6,115,18.2,82,66,2025-07-12 10:00:00+00:00
29.2,82,25.9,997.2,997.9,95,3,10,94,3.8,85,25.6,0.3,2280.0,-4.7,0.0,21.0,-0.7,10.8,118,19.2,86,64,2025-07-12 11:00:00+00:00
29.3,84,26.3,997.3,998.0,99,2,3,99,3.7,129,13.0,0.0,2340.0,-5.3,-2.0,21.1,-0.7,11.1,99,20.7,80,68,2025-07-12 12:00:00+00:00
29.3,86,26.7,999.0,999.7,100,0,15,100,6.2,187,16.9,0.0,2320.0,-5.3,-8.0,21.2,-0.9,12.1,110,21.7,84,71,2025-07-12 13:00:00+00:00
28.9,90,27.0,999.3,1000.0,100,0,7,100,2.8,101,12.2,0.0,2130.0,-5.0,-11.0,21.1,-0.9,13.1,110,21.6,87,68,2025-07-12 14:00:00+00:00
28.7,91,27.1,1000.0,1000.7,100,0,8,100,3.5,159,6.1,0.0,1830.0,-4.7,-10.0,21.5,-1.2,15.7,116,21.6,87,71,2025-07-12 15:00:00+00:00
28.5,92,27.1,1000.9,1001.6,100,2,9,100,5.0,120,10.1,0.0,1430.0,-4.5,-17.0,21.6,-1.4,19.0,125,21.6,90,76,2025-07-12 16:00:00+00:00
28.3,92,26.9,1001.5,1002.2,100,5,5,100,4.1,105,9.7,0.0,1380.0,-4.6,-24.0,21.4,-1.4,18.8,129,21.6,90,72,2025-07-12 17:00:00+00:00
28.0,93,26.8,1001.0,1001.7,100,2,7,100,3.3,126,8.3,0.0,1790.0,-4.4,-21.0,21.0,-1.6,16.3,126,21.7,96,69,2025-07-12 18:00:00+00:00
27.8,94,26.7,1000.3,1001.0,100,0,1,100,3.1,121,6.1,0.0,1720.0,-4.4,-19.0,20.9,-1.6,14.5,122,21.6,93,70,2025-07-12 19:00:00+00:00
27.4,96,26.7,999.6,1000.3,100,0,4,100,2.2,85,6.1,0.0,1730.0,-4.3,-20.0,20.8,-1.6,14.1,111,20.4,90,69,2025-07-12 20:00:00+00:00
27.3,97,26.7,998.9,999.6,100,0,0,100,4.8,42,9.0,0.0,1730.0,-4.4,-24.0,20.6,-1.6,15.4,102,19.2,86,67,2025-07-12 21:00:00+00:00
27.1,98,26.7,998.8,999.5,99,0,8,99,5.7,58,11.9,0.0,1790.0,-4.4,-26.0,20.6,-1.6,17.5,99,20.5,83,69,2025-07-12 22:00:00+00:00
26.9,98,26.5,999.1,999.8,100,3,4,100,4.7,74,11.2,0.0,1790.0,-4.6,-33.0,20.6,-1.6,19.6,102,22.9,84,70,2025-07-12 23:00:00+00:00
27.0,97,26.6,1000.3,1001.0,100,5,21,100,5.4,70,10.1,0.0,2670.0,-4.4,-41.0,20.8,-1.9,17.4,95,20.7,80,70,2025-07-13 00:00:00+00:00
29.2,95,28.2,1000.8,1001.5,100,2,12,100,2.2,180,7.9,0.0,2520.0,-4.4,-25.0,20.8,-1.9,18.0,99,23.3,78,72,2025-07-13 01:00:00+00:00
30.2,87,27.9,1000.9,1001.6,100,5,9,100,0.6,288,13.0,1.6,2350.0,-4.9,-11.0,20.9,-1.6,18.0,99,24.7,76,71,2025-07-13 02:00:00+00:00
30.7,85,27.8,1000.9,1001.6,100,8,5,100,6.6,55,18.7,0.1,2360.0,-4.9,-3.0,20.8,-1.6,18.3,104,24.5,79,72,2025-07-13 03:00:00+00:00
29.4,85,26.5,1001.2,1001.9,100,1,16,100,6.2,80,21.2,2.0,2130.0,-5.9,0.0,21.2,-1.9,18.3,104,25.9,77,73,2025-07-13 04:00:00+00:00
31.1,79,27.0,1001.0,1001.7,100,3,8,100,4.5,88,16.9,0.0,2190.0,-5.4,0.0,21.2,-1.9,18.6,107,25.9,77,73,2025-07-13 05:00:00+00:00
30.6,78,26.4,1000.6,1001.3,100,23,10,100,10.3,119,26.6,3.7,2130.0,-5.4,-4.0,21.0,-2.1,21.0,89,25.1,73,77,2025-07-13 06:00:00+00:00
28.8,85,26.1,999.7,1000.4,100,0,9,100,5.6,155,27.7,0.2,2210.0,-4.9,-1.0,20.9,-1.9,20.1,95,26.2,74,78,2025-07-13 07:00:00+00:00
29.8,83,26.7,998.8,999.5,100,4,4,100,3.4,177,17.3,0.1,2250.0,-4.5,0.0,20.4,-1.6,16.8,103,26.6,72,74,2025-07-13 08:00:00+00:00
30.7,80,26.8,997.3,998.0,100,1,2,100,3.1,204,13.7,0.0,2140.0,-4.6,-3.0,20.3,-0.9,18.1,118,26.2,74,74,2025-07-13 09:00:00+00:00
31.1,72,25.5,997.0,997.7,100,20,32,100,3.9,193,13.3,0.4,1760.0,-3.9,-24.0,20.6,-1.2,13.9,113,27.6,88,68,2025-07-13 10:00:00+00:00
30.4,76,25.6,997.9,998.6,100,12,31,100,4.2,43,12.6,0.6,1100.0,-3.9,-21.0,20.6,-1.4,12.0,108,26.4,93,62,2025-07-13 11:00:00+00:00
28.3,89,26.2,998.1,998.8,100,21,13,100,8.2,109,16.6,0.9,930.0,-3.7,-22.0,20.4,-1.4,14.1,105,27.8,97,66,2025-07-13 12:00:00+00:00
27.7,91,26.0,998.9,999.6,100,0,47,100,5.6,105,13.0,0.1,710.0,-3.7,-25.0,20.6,-1.6,16.5,104,26.6,98,60,2025-07-13 13:00:00+00:00
27.5,92,26.1,999.5,1000.2,100,0,79,100,4.8,101,10.8,0.0,800.0,-4.1,-25.0,20.8,-1.9,16.7,107,30.2,97,63,2025-07-13 14:00:00+00:00
27.4,93,26.2,1000.4,1001.1,100,1,16,100,1.2,63,9.4,0.1,1040.0,-4.2,-12.0,20.9,-1.9,15.9,114,31.3,94,66,2025-07-13 15:00:00+00:00
27.3,94,26.2,1001.0,1001.7,100,8,100,100,5.7,49,9.4,0.0,1140.0,-3.4,-25.0,21.0,-1.9,14.5,118,31.2,92,69,2025-07-13 16:00:00+00:00
26.8,96,26.1,1001.2,1001.9,100,3,100,100,5.7,55,15.1,1.2,960.0,-3.2,-25.0,20.8,-2.1,13.5,110,27.6,92,71,2025-07-13 17:00:00+00:00
26.6,95,25.8,1000.9,1001.6,100,25,100,100,7.4,32,13.7,0.3,930.0,-3.6,-13.0,20.5,-1.9,10.7,102,27.6,90,73,2025-07-13 18:00:00+00:00
26.4,97,25.9,1000.4,1001.1,100,23,100,100,5.5,27,13.7,0.5,730.0,-3.4,-8.0,20.3,-1.9,9.7,98,26.5,85,73,2025-07-13 19:00:00+00:00
26.0,97,25.4,999.8,1000.5,100,59,97,100,8.7,14,16.2,2.0,700.0,-3.0,-9.0,19.9,-2.1,8.2,90,25.7,79,78,2025-07-13 20:00:00+00:00
25.8,95,25.0,999.4,1000.1,100,95,100,100,8.7,22,16.2,0.2,610.0,-2.5,-8.0,19.8,-2.1,7.9,80,23.6,75,80,2025-07-13 21:00:00+00:00
26.0,93,24.7,998.8,999.5,100,41,45,100,10.8,37,19.1,0.2,530.0,-2.1,-7.0,19.7,-2.1,7.6,73,20.5,69,81,2025-07-13 22:00:00+00:00
25.5,95,24.7,998.7,999.4,100,62,52,100,11.6,47,23.4,0.3,470.0,-1.9,-11.0,19.6,-2.1,6.9,82,18.8,63,83,2025-07-13 23:00:00+00:00
25.5,96,24.9,999.0,999.7,100,31,53,100,10.3,44,21.2,0.0,560.0,-1.4,-15.0,19.1,-1.9,18.4,30,21.6,56,87,2025-07-14 00:00:00+00:00
25.3,95,24.5,998.6,999.3,100,100,100,100,16.0,348,32.8,3.5,480.0,-1.6,-137.0,19.1,-1.9,14.7,36,19.0,55,89,2025-07-14 01:00:00+00:00
25.3,96,24.7,998.8,999.5,100,100,100,100,18.3,331,35.3,3.0,460.0,-2.0,-1.0,19.2,-1.9,13.5,42,20.4,50,92,2025-07-14 02:00:00+00:00
25.4,95,24.5,998.5,999.2,100,100,99,100,20.0,329,38.9,2.1,480.0,-2.2,-2.0,19.4,-2.1,9.4,51,22.1,45,91,2025-07-14 03:00:00+00:00
26.0,95,25.2,997.6,998.3,100,100,100,100,21.7,331,41.0,4.8,420.0,-1.8,-10.0,19.7,-1.9,3.2,82,24.6,43,90,2025-07-14 04:00:00+00:00
26.2,97,25.7,996.9,997.6,100,100,100,100,23.1,347,46.8,15.0,460.0,-2.0,-9.0,19.4,-1.4,2.7,239,19.7,38,92,2025-07-14 05:00:00+00:00
26.8,91,25.1,996.3,997.0,100,100,100,100,19.4,350,45.0,3.7,580.0,-2.2,-2.0,19.3,-1.6,6.4,266,7.2,360,90,2025-07-14 06:00:00+00:00
26.9,90,25.1,995.7,996.4,100,91,100,100,14.9,319,38.2,0.7,600.0,-2.2,-1.0,19.3,-1.9,11.7,249,6.0,307,87,2025-07-14 07:00:00+00:00
27.6,86,25.0,995.2,995.9,100,68,18,100,13.5,286,31.7,0.5,500.0,-1.4,-35.0,19.4,-1.6,17.7,228,10.8,270,84,2025-07-14 08:00:00+00:00
27.4,89,25.4,995.3,996.0,100,68,49,100,13.5,249,36.4,0.6,620.0,-1.8,-3.0,19.6,-1.4,26.7,226,15.6,266,89,2025-07-14 09:00:00+00:00
26.9,90,25.0,995.2,995.9,100,28,93,100,16.6,238,34.9,0.3,740.0,-0.4,-5.0,19.6,-1.2,31.6,224,24.3,250,90,2025-07-14 10:00:00+00:00
26.8,92,25.3,995.8,996.5,100,1,99,100,13.6,226,33.5,0.3,660.0,-1.1,0.0,19.4,-1.2,32.3,220,31.2,247,87,2025-07-14 11:00:00+00:00
26.6,93,25.3,996.2,996.9,100,24,100,100,14.5,212,30.2,0.5,810.0,-2.5,0.0,19.7,-1.2,36.2,221,38.1,242,88,2025-07-14 12:00:00+00:00
26.6,93,25.4,997.6,998.3,100,40,23,100,11.7,198,24.8,1.2,410.0,-2.4,0.0,19.3,-1.2,36.9,220,39.3,239,88,2025-07-14 13:00:00+00:00
26.0,95,25.2,998.6,999.3,100,31,56,100,9.3,189,23.0,0.8,290.0,-2.5,-2.0,19.6,-1.2,36.8,222,43.7,233,86,2025-07-14 14:00:00+00:00
26.3,96,25.5,999.4,1000.1,100,22,19,100,10.3,183,19.1,0.1,280.0,-2.2,0.0,19.4,-1.4,34.9,222,45.9,227,84,2025-07-14 15:00:00+00:00
26.4,95,25.5,999.8,1000.5,100,20,13,100,10.1,182,21.6,0.0,320.0,-1.8,-3.0,19.6,-1.6,33.0,221,47.5,223,86,2025-07-14 16:00:00+00:00
26.0,96,25.3,1000.3,1001.0,100,27,24,100,11.4,169,21.6,0.0,320.0,-1.3,-15.0,19.7,-1.9,32.1,219,45.9,221,88,2025-07-14 17:00:00+00:00
25.8,96,25.1,999.9,1000.6,100,28,18,100,10.1,164,22.0,0.0,640.0,-1.8,-7.0,19.8,-1.9,30.7,215,40.7,225,82,2025-07-14 18:00:00+00:00
25.8,96,25.1,999.5,1000.2,100,72,45,100,9.6,166,19.4,0.0,560.0,-2.1,-8.0,19.7,-1.9,29.6,217,38.3,229,84,2025-07-14 19:00:00+00:00
25.6,97,25.1,999.2,999.9,100,41,40,100,8.2,188,18.7,0.2,500.0,-2.2,-8.0,19.6,-2.1,27.5,219,36.6,229,86,2025-07-14 20:00:00+00:00
25.4,97,24.8,998.7,999.4,100,47,43,100,9.3,172,18.0,0.2,470.0,-2.2,-7.0,19.6,-2.1,25.5,215,34.9,229,87,2025-07-14 21:00:00+00:00
25.3,95,24.5,998.9,999.6,100,52,66,100,9.9,175,20.2,0.5,460.0,-1.6,-6.0,19.9,-2.1,24.3,214,34.0,228,83,2025-07-14 22:00:00+00:00
25.1,95,24.2,998.7,999.4,100,41,83,100,8.8,171,20.5,0.9,390.0,-1.6,-8.0,19.9,-2.1,24.2,216,33.1,224,87,2025-07-14 23:00:00+00:00
25.2,96,24.6,999.2,999.9,100,22,52,100,9.3,165,18.0,0.3,600.0,-1.2,-11.0,19.8,-1.9,36.8,227,40.0,229,83,2025-07-15 00:00:00+00:00
27.3,87,24.9,999.5,1000.2,100,100,52,100,13.1,189,25.9,0.7,690.0,-1.7,-8.0,19.7,-1.9,34.6,230,37.4,228,86,2025-07-15 01:00:00+00:00
26.7,92,25.2,999.8,1000.5,100,29,91,100,11.4,192,34.2,9.6,780.0,-2.3,-7.0,19.6,-1.9,33.0,231,39.0,225,83,2025-07-15 02:00:00+00:00
28.6,86,26.1,999.7,1000.4,100,8,100,97,11.6,208,29.9,0.3,1080.0,-2.1,-12.0,19.4,-1.9,30.9,226,40.8,223,81,2025-07-15 03:00:00+00:00
28.8,86,26.3,1000.0,1000.7,100,46,100,97,9.9,209,29.5,0.4,1310.0,-2.5,0.0,19.6,-1.6,28.4,221,40.7,225,80,2025-07-15 04:00:00+00:00
29.6,84,26.6,999.9,1000.6,99,83,27,94,8.5,201,30.2,0.6,1460.0,-2.3,0.0,19.7,-1.6,29.6,217,38.2,224,79,2025-07-15 05:00:00+00:00
30.3,77,25.9,999.5,1000.2,100,77,28,100,13.4,204,38.9,1.4,630.0,-3.2,0.0,19.7,-1.6,26.9,204,37.5,220,82,2025-07-15 06:00:00+00:00
27.3,91,25.8,999.7,1000.4,100,52,52,100,12.3,205,36.7,8.9,780.0,-3.4,0.0,19.9,-1.4,27.9,206,37.5,220,81,2025-07-15 07:00:00+00:00
27.9,89,25.9,998.2,998.9,100,6,15,100,5.8,182,25.9,0.3,840.0,-3.2,0.0,19.8,-1.4,29.6,207,38.3,221,81,2025-07-15 08:00:00+00:00
29.8,83,26.7,997.1,997.8,100,3,4,100,8.0,196,20.5,0.1,710.0,-3.3,0.0,19.7,-1.4,31.8,205,37.3,225,81,2025-07-15 09:00:00+00:00
30.2,80,26.3,996.3,997.0,100,15,16,100,10.8,183,25.2,0.3,1000.0,-3.0,-3.0,19.9,-1.2,32.2,205,37.3,225,77,2025-07-15 10:00:00+00:00
30.5,77,25.9,996.4,997.1,100,7,24,100,9.1,195,27.0,0.1,760.0,-3.5,0.0,19.6,-1.2,29.3,206,37.3,225,78,2025-07-15 11:00:00+00:00
28.2,86,25.7,997.8,998.5,100,22,16,100,8.8,219,23.8,1.0,1700.0,-3.5,-2.0,20.2,-0.9,29.3,206,35.7,222,74,2025-07-15 12:00:00+00:00
28.2,87,25.8,999.5,1000.2,100,87,9,100,9.9,171,24.1,0.6,1290.0,-3.6,-8.0,19.9,-1.2,30.6,200,34.0,222,70,2025-07-15 13:00:00+00:00
27.2,90,25.4,1000.2,1000.9,100,42,26,100,11.6,164,25.2,0.0,920.0,-3.7,-18.0,20.6,-1.4,31.2,203,33.1,224,77,2025-07-15 14:00:00+00:00
26.5,92,25.1,1001.0,1001.7,100,1,5,100,9.0,158,24.1,0.2,810.0,-3.7,-26.0,20.5,-1.4,35.1,203,32.3,222,79,2025-07-15 15:00:00+00:00
26.8,95,25.9,1001.4,1002.1,100,6,1,100,9.4,142,18.7,0.0,810.0,-3.4,-27.0,20.4,-1.4,38.7,201,30.7,219,79,2025-07-15 16:00:00+00:00
26.7,95,25.9,1002.2,1002.9,100,100,10,100,10.5,145,20.9,1.0,820.0,-3.4,-25.0,20.3,-1.6,41.9,202,31.0,216,81,2025-07-15 17:00:00+00:00
26.3,95,25.5,1001.9,1002.6,100,34,9,99,8.8,141,22.0,5.0,1110.0,-3.9,-22.0,20.2,-1.6,41.4,205,32.6,216,78,2025-07-15 18:00:00+00:00
26.2,96,25.6,1001.3,1002.0,100,25,6,100,12.1,159,24.1,0.8,970.0,-3.1,-29.0,20.0,-1.9,40.6,206,32.6,216,74,2025-07-15 19:00:00+00:00
26.2,97,25.6,1000.8,1001.5,100,77,6,100,10.9,156,22.7,1.0,960.0,-2.3,-39.0,19.8,-1.9,38.1,206,32.6,216,72,2025-07-15 20:00:00+00:00
26.2,97,25.6,1000.5,1001.2,100,15,5,100,11.4,156,23.0,0.0,990.0,-2.1,-44.0,19.8,-1.9,36.7,208,32.4,219,77,2025-07-15 21:00:00+00:00
26.2,97,25.7,1000.4,1001.1,100,11,1,100,10.9,160,23.4,0.0,960.0,-2.2,-51.0,20.0,-2.1,34.9,206,31.5,220,79,2025-07-15 22:00:00+00:00
26.5,97,26.0,1000.6,1001.3,100,22,1,100,10.9,158,20.9,0.0,910.0,-2.0,-52.0,19.9,-2.1,34.2,207,31.5,220,82,2025-07-15 23:00:00+00:00
26.7,96,26.1,1001.1,1001.8,100,23,2,100,11.7,153,22.0,0.0,1440.0,-2.5,-48.0,20.2,-2.3,35.0,215,32.6,216,76,2025-07-16 00:00:00+00:00
28.0,92,26.7,1002.0,1002.7,100,9,10,100,11.1,151,23.0,0.0,1360.0,-3.4,-26.0,20.0,-2.3,32.0,216,32.4,219,74,2025-07-16 01:00:00+00:00
28.8,85,26.1,1002.6,1003.3,100,80,69,100,13.7,164,30.2,0.5,1360.0,-3.3,-15.0,20.0,-2.1,29.5,218,31.7,217,72,2025-07-16 02:00:00+00:00
28.0,89,26.0,1003.2,1003.9,100,8,73,100,8.9,151,33.5,4.2,1510.0,-3.5,-6.0,20.0,-2.3,26.6,218,31.0,216,73,2025-07-16 03:00:00+00:00
27.9,88,25.7,1003.3,1004.0,100,11,23,100,10.6,157,33.5,0.1,1980.0,-3.3,0.0,20.0,-2.3,25.1,217,31.0,216,72,2025-07-16 04:00:00+00:00
29.0,85,26.3,1003.0,1003.7,99,8,6,99,10.9,156,27.0,0.0,2210.0,-3.8,0.0,20.2,-1.9,24.4,217,30.7,219,73,2025-07-16 05:00:00+00:00
30.3,80,26.5,1002.6,1003.3,100,6,5,100,10.2,162,27.0,0.0,2330.0,-3.9,0.0,20.0,-1.4,20.7,220,29.0,218,76,2025-07-16 06:00:00+00:00
31.4,78,27.0,1001.6,1002.3,100,4,7,100,10.1,177,28.1,0.1,2240.0,-4.1,0.0,20.0,-1.4,19.1,218,27.4,218,72,2025-07-16 07:00:00+00:00
30.3,77,25.8,1001.3,1002.0,100,15,15,100,13.1,171,34.2,7.2,2140.0,-3.7,0.0,19.6,-1.4,17.1,205,27.2,221,71,2025-07-16 08:00:00+00:00
30.3,76,25.7,1000.4,1001.1,100,2,16,100,12.1,173,29.2,0.0,1910.0,-3.9,0.0,20.0,-1.4,15.3,203,26.3,227,69,2025-07-16 09:00:00+00:00
30.1,78,25.9,999.6,1000.3,100,5,4,100,11.2,181,28.1,0.0,1650.0,-3.9,0.0,20.5,-1.4,17.4,203,24.6,227,73,2025-07-16 10:00:00+00:00
29.9,79,25.9,999.7,1000.4,100,21,4,100,10.1,181,25.2,0.0,1400.0,-4.6,0.0,20.6,-1.4,18.4,203,24.0,233,73,2025-07-16 11:00:00+00:00
29.2,83,26.1,999.8,1000.5,100,6,3,100,10.3,176,22.0,0.0,1220.0,-3.8,-1.0,20.9,-1.4,20.7,213,19.7,232,74,2025-07-16 12:00:00+00:00
28.9,85,26.1,1001.7,1002.4,100,2,8,100,7.8,167,17.3,0.0,1210.0,-3.2,-6.0,20.9,-1.4,20.6,208,19.0,235,74,2025-07-16 13:00:00+00:00
28.6,86,25.9,1002.3,1003.0,100,2,8,100,8.1,168,16.2,0.0,1300.0,-3.4,-11.0,20.9,-1.2,21.4,204,15.0,241,74,2025-07-16 14:00:00+00:00
28.2,87,25.9,1003.1,1003.8,100,2,10,100,8.5,175,17.3,0.0,1290.0,-3.6,-20.0,20.9,-1.2,21.3,200,13.4,243,74,2025-07-16 15:00:00+00:00
27.9,89,25.9,1003.7,1004.4,100,0,10,100,8.4,161,16.9,0.0,1310.0,-3.8,-17.0,20.9,-1.4,21.9,197,11.8,246,74,2025-07-16 16:00:00+00:00
27.6,91,25.9,1004.3,1005.0,100,2,12,100,8.9,151,18.4,0.0,1320.0,-4.3,-15.0,20.8,-1.6,22.7,195,10.3,249,77,2025-07-16 17:00:00+00:00
27.4,92,26.0,1003.8,1004.5,100,0,14,99,8.4,160,18.0,0.0,1440.0,-4.5,-12.0,20.5,-2.1,22.1,194,8.7,254,77,2025-07-16 18:00:00+00:00
27.2,93,26.0,1003.5,1004.2,100,1,20,100,7.1,156,16.9,0.0,1410.0,-4.6,-9.0,20.4,-2.3,21.6,193,7.3,261,77,2025-07-16 19:00:00+00:00
26.9,95,26.0,1003.2,1003.9,88,0,1,88,6.4,153,14.0,0.0,1500.0,-4.8,-9.0,20.3,-2.3,21.9,192,7.2,270,78,2025-07-16 20:00:00+00:00
26.9,95,26.0,1003.2,1003.9,38,2,10,30,7.0,167,13.3,0.0,1470.0,-4.8,-7.0,20.3,-2.3,21.8,191,4.8,270,78,2025-07-16 21:00:00+00:00
26.9,95,26.0,1002.6,1003.3,91,9,19,88,7.0,167,14.0,0.0,1410.0,-4.5,-7.0,20.3,-2.6,21.8,191,3.8,288,78,2025-07-16 22:00:00+00:00
26.8,95,26.0,1002.8,1003.5,100,13,4,100,6.5,167,14.4,0.0,1380.0,-4.4,-10.0,20.2,-2.6,21.0,193,2.7,333,76,2025-07-16 23:00:00+00:00
26.8,96,26.0,1003.2,1003.9,99,6,9,99,6.2,147,12.6,0.0,1940.0,-4.0,-11.0,20.8,-2.6,21.8,200,3.4,315,69,2025-07-17 00:00:00+00:00
28.4,91,26.7,1004.3,1005.0,100,7,3,100,6.3,153,14.0,0.0,1840.0,-4.5,-3.0,20.8,-2.6,19.2,198,2.4,360,67,2025-07-17 01:00:00+00:00
29.3,86,26.6,1004.7,1005.4,100,2,2,100,7.4,180,18.7,0.0,1670.0,-4.8,0.0,21.0,-2.3,18.8,194,2.7,27,66,2025-07-17 02:00:00+00:00
30.4,77,25.9,1004.6,1005.3,100,5,2,100,7.8,185,20.5,0.0,1520.0,-4.7,0.0,21.0,-2.3,18.5,196,3.8,18,64,2025-07-17 03:00:00+00:00
31.3,72,25.6,1004.8,1005.5,100,1,2,100,7.6,187,23.4,0.0,1340.0,-4.7,0.0,20.9,-2.3,18.7,198,3.8,18,62,2025-07-17 04:00:00+00:00
32.2,68,25.4,1004.6,1005.3,100,6,4,100,7.4,186,23.8,0.0,1290.0,-4.5,0.0,20.4,-2.3,17.2,197,3.8,18,63,2025-07-17 05:00:00+00:00
32.8,64,25.1,1004.0,1004.7,100,9,14,100,8.2,190,22.7,0.0,1370.0,-4.5,0.0,20.8,-2.6,14.7,196,6.5,22,72,2025-07-17 06:00:00+00:00
32.7,65,25.3,1003.3,1004.0,100,12,29,100,7.6,183,22.7,0.2,1610.0,-4.7,0.0,20.6,-2.3,14.8,191,6.5,22,71,2025-07-17 07:00:00+00:00
32.0,68,25.3,1002.1,1002.8,99,20,37,98,10.7,188,26.6,0.5,1830.0,-4.6,-2.0,20.4,-2.1,14.5,193,8.0,27,69,2025-07-17 08:00:00+00:00
31.7,71,25.8,1001.3,1002.0,67,0,2,66,7.9,196,28.8,0.1,2200.0,-4.8,-5.0,20.3,-1.9,12.4,186,9.7,30,66,2025-07-17 09:00:00+00:00
32.5,66,25.4,1000.6,1001.3,98,12,13,98,11.3,187,25.9,0.0,1900.0,-4.5,-6.0,21.5,-1.6,12.5,170,11.8,24,70,2025-07-17 10:00:00+00:00
31.1,73,25.7,1000.8,1001.5,100,13,45,100,9.9,195,27.7,0.9,1380.0,-5.1,-9.0,21.1,-1.6,15.5,178,15.0,29,72,2025-07-17 11:00:00+00:00
30.5,77,25.9,1001.2,1001.9,100,1,14,100,7.8,199,22.0,0.0,1830.0,-5.6,-10.0,20.9,-1.9,13.7,182,13.0,34,72,2025-07-17 12:00:00+00:00
29.1,82,25.7,1002.6,1003.3,100,1,14,100,3.9,164,12.6,0.0,1780.0,-5.7,-13.0,20.6,-1.9,14.6,194,15.4,39,70,2025-07-17 13:00:00+00:00
29.0,81,25.5,1003.1,1003.8,99,3,34,99,6.9,155,13.0,0.0,1840.0,-5.7,-16.0,20.6,-2.1,14.9,203,15.4,39,70,2025-07-17 14:00:00+00:00
28.6,83,25.5,1003.9,1004.6,100,2,100,100,7.8,161,15.8,0.0,1840.0,-5.8,-25.0,20.8,-2.3,14.7,202,14.6,35,69,2025-07-17 15:00:00+00:00
28.3,86,25.8,1004.5,1005.2,100,0,100,100,7.3,171,15.5,0.0,1730.0,-5.5,-20.0,20.9,-2.6,14.6,200,13.4,27,67,2025-07-17 16:00:00+00:00
28.0,89,26.0,1004.4,1005.1,100,0,100,100,8.2,161,16.6,0.0,1460.0,-5.5,-10.0,20.5,-2.8,14.7,202,14.0,20,68,2025-07-17 17:00:00+00:00
27.8,90,26.1,1004.4,1005.1,100,0,100,100,8.3,164,17.3,0.0,1580.0,-5.1,-6.0,20.4,-3.3,15.5,208,10.3,21,73,2025-07-17 18:00:00+00:00
27.6,92,26.2,1004.0,1004.7,100,0,100,100,7.9,164,16.6,0.4,1460.0,-5.3,-7.0,20.4,-3.3,14.4,215,11.1,13,72,2025-07-17 19:00:00+00:00
27.5,93,26.3,1003.8,1004.5,100,0,100,93,7.4,174,15.1,0.5,1450.0,-5.2,-11.0,20.4,-3.3,13.2,221,11.1,13,72,2025-07-17 20:00:00+00:00
27.3,95,26.4,1003.3,1004.0,100,1,100,96,7.1,189,13.7,0.3,1540.0,-5.2,-15.0,20.4,-3.3,13.2,226,11.1,13,74,2025-07-17 21:00:00+00:00
27.2,96,26.5,1003.3,1004.0,100,1,100,100,6.0,201,13.3,0.2,1570.0,-5.5,-14.0,20.5,-3.0,11.7,231,11.1,13,76,2025-07-17 22:00:00+00:00
27.1,97,26.5,1003.1,1003.8,100,0,100,74,4.2,175,11.2,0.3,1570.0,-5.0,-16.0,20.5,-3.0,10.7,230,10.9,6,77,2025-07-17 23:00:00+00:00
27.0,97,26.5,1003.4,1004.1,56,0,17,46,5.1,138,9.4,0.0,1970.0,-5.4,-12.0,20.8,-3.3,9.1,233,16.3,17,79,2025-07-18 00:00:00+00:00
27.8,90,26.0,1004.1,1004.8,100,6,97,87,3.0,163,11.2,0.0,1960.0,-5.2,-6.0,20.8,-3.0,8.4,225,16.3,17,80,2025-07-18 01:00:00+00:00
28.2,91,26.6,1004.2,1004.9,100,9,100,35,4.5,196,11.9,0.0,1600.0,-4.5,-4.0,20.8,-2.8,8.1,218,17.2,25,78,2025-07-18 02:00:00+00:00
29.0,88,26.9,1004.4,1005.1,95,5,23,94,5.3,204,15.1,0.1,1560.0,-4.6,-3.0,20.5,-2.8,8.8,215,17.1,39,77,2025-07-18 03:00:00+00:00
29.9,84,27.0,1004.3,1005.0,72,17,18,63,8.2,189,22.3,0.3,1510.0,-4.9,0.0,20.3,-3.0,9.1,217,17.0,45,77,2025-07-18 04:00:00+00:00
30.7,79,26.6,1003.8,1004.5,35,10,15,15,6.0,205,22.3,0.1,1900.0,-5.2,0.0,20.5,-2.8,9.8,217,15.3,45,77,2025-07-18 05:00:00+00:00
32.0,73,26.4,1003.2,1003.9,34,3,20,16,6.1,199,19.4,0.1,2080.0,-5.1,0.0,19.8,-2.3,8.0,204,17.1,51,76,2025-07-18 06:00:00+00:00
32.6,70,26.4,1002.0,1002.7,22,2,5,16,6.2,218,20.2,0.1,2120.0,-4.7,0.0,19.6,-2.3,9.2,207,16.3,54,76,2025-07-18 07:00:00+00:00
32.9,70,26.6,1000.3,1001.0,51,5,5,46,5.6,209,22.3,0.1,2230.0,-4.6,0.0,19.8,-2.3,7.0,212,17.3,56,74,2025-07-18 08:00:00+00:00
29.3,83,26.2,1000.7,1001.4,93,49,14,85,11.4,217,31.3,6.6,2150.0,-4.3,0.0,20.0,-2.1,5.8,219,17.7,62,71,2025-07-18 09:00:00+00:00
29.8,82,26.4,1000.0,1000.7,53,4,9,49,6.8,168,27.0,1.3,2010.0,-4.3,0.0,20.3,-1.9,6.5,205,17.7,62,70,2025-07-18 10:00:00+00:00
30.5,77,26.1,999.9,1000.6,80,2,10,78,6.1,208,20.2,0.0,1570.0,-4.5,0.0,20.5,-1.9,9.4,203,17.7,62,68,2025-07-18 11:00:00+00:00
30.3,78,26.0,999.5,1000.2,79,8,7,77,5.2,207,16.2,0.0,2160.0,-3.9,-1.0,20.9,-1.4,8.8,231,21.0,66,71,2025-07-18 12:00:00+00:00
29.8,81,26.2,999.7,1000.4,34,1,6,29,5.2,186,11.5,0.0,1690.0,-3.4,-6.0,21.0,-1.6,10.3,229,21.0,66,71,2025-07-18 13:00:00+00:00
29.3,82,26.0,1000.5,1001.2,40,0,18,27,7.6,199,14.8,0.0,1550.0,-3.0,-18.0,20.9,-1.4,11.6,239,23.2,69,72,2025-07-18 14:00:00+00:00
28.8,83,25.6,1001.0,1001.7,66,0,32,50,8.5,205,17.3,0.0,1530.0,-2.5,-32.0,21.0,-1.4,12.0,241,23.2,69,70,2025-07-18 15:00:00+00:00
28.4,86,25.8,1001.6,1002.3,85,0,78,30,7.2,199,16.9,0.0,1600.0,-2.5,-44.0,21.0,-1.4,12.7,240,23.9,72,71,2025-07-18 16:00:00+00:00
28.1,89,26.1,1001.9,1002.6,100,0,100,77,7.5,195,14.8,0.0,1540.0,-2.4,-54.0,20.9,-1.6,13.1,241,21.9,81,72,2025-07-18 17:00:00+00:00
28.0,90,26.3,1001.7,1002.4,100,0,100,53,7.6,187,15.5,0.0,1410.0,-2.7,-50.0,20.6,-2.1,10.0,240,20.5,83,77,2025-07-18 18:00:00+00:00
27.9,91,26.3,1001.0,1001.7,100,0,100,26,8.0,190,16.2,0.0,1390.0,-2.8,-45.0,20.5,-2.1,8.8,242,21.7,84,77,2025-07-18 19:00:00+00:00
27.7,92,26.3,1000.4,1001.1,35,0,14,24,7.5,195,16.2,0.0,1440.0,-3.1,-41.0,20.5,-2.1,9.0,246,22.9,84,78,2025-07-18 20:00:00+00:00
27.5,93,26.3,1000.1,1000.8,24,1,3,22,7.2,194,15.5,0.0,1330.0,-3.4,-41.0,20.4,-2.1,8.6,252,25.3,85,78,2025-07-18 21:00:00+00:00
27.4,93,26.3,1000.0,1000.7,15,0,5,11,5.9,191,14.4,0.0,1190.0,-3.4,-42.0,20.3,-2.1,8.2,251,26.4,87,77,2025-07-18 22:00:00+00:00
27.3,94,26.2,999.8,1000.5,97,0,0,97,6.0,187,11.9,0.0,1000.0,-3.1,-47.0,20.0,-2.1,7.2,252,26.5,85,77,2025-07-18 23:00:00+00:00
27.3,94,26.2,999.9,1000.6,22,0,0,22,6.5,186,12.6,0.0,1300.0,-2.8,-45.0,20.2,-2.1,7.3,270,26.4,87,80,2025-07-19 00:00:00+00:00
28.9,91,27.3,999.7,1000.4,68,0,0,68,6.0,190,14.4,0.0,1090.0,-3.2,-21.0,20.2,-1.9,5.2,255,25.2,90,77,2025-07-19 01:00:00+00:00
30.0,85,27.3,1000.1,1000.8,50,1,3,48,7.5,200,19.1,0.0,1190.0,-3.1,-8.0,20.4,-1.9,3.3,236,24.0,93,74,2025-07-19 02:00:00+00:00
30.9,79,26.9,1000.2,1000.9,50,3,6,45,8.2,199,21.6,0.1,970.0,-3.0,-3.0,20.6,-1.6,3.8,194,24.0,93,74,2025-07-19 03:00:00+00:00
31.9,75,26.9,1000.3,1001.0,94,0,14,93,8.3,207,22.3,0.0,1160.0,-3.0,0.0,20.6,-1.6,6.1,193,22.8,90,77,2025-07-19 04:00:00+00:00
32.3,73,27.0,1000.0,1000.7,24,2,12,12,7.7,208,23.8,0.0,1580.0,-2.8,0.0,20.6,-1.4,9.1,198,22.8,90,77,2025-07-19 05:00:00+00:00
32.9,71,27.0,999.1,999.8,27,3,9,17,7.2,202,23.4,0.0,2090.0,-2.9,0.0,20.0,-1.4,8.0,204,22.9,96,78,2025-07-19 06:00:00+00:00
33.6,70,27.3,998.0,998.7,97,2,12,97,5.8,210,22.3,0.1,2050.0,-3.1,0.0,20.2,-1.2,9.1,198,22.8,93,77,2025-07-19 07:00:00+00:00
33.1,72,27.3,996.5,997.2,100,99,37,61,5.4,210,19.4,0.2,1870.0,-3.3,0.0,20.3,-0.9,8.5,196,21.6,93,76,2025-07-19 08:00:00+00:00
32.2,69,25.7,995.9,996.6,92,45,38,76,9.9,205,25.2,2.6,2110.0,-2.9,-1.0,20.4,-0.9,8.0,204,20.4,90,72,2025-07-19 09:00:00+00:00
31.9,68,25.2,995.6,996.3,75,13,21,66,11.3,172,25.9,0.4,2310.0,-2.8,-3.0,20.5,-0.7,8.1,196,19.2,86,70,2025-07-19 10:00:00+00:00
30.9,76,26.2,995.7,996.4,67,1,28,54,9.8,174,28.1,0.0,1750.0,-3.2,-3.0,21.0,-0.7,9.6,180,19.8,76,72,2025-07-19 11:00:00+00:00
30.7,74,25.5,996.5,997.2,99,5,17,99,10.7,200,23.0,0.0,2300.0,-3.8,-4.0,21.4,-0.7,6.1,167,19.8,76,72,2025-07-19 12:00:00+00:00
29.9,79,25.9,997.3,998.0,100,4,7,100,7.4,181,18.7,0.0,1570.0,-3.6,-10.0,21.5,-0.9,10.5,180,21.0,77,80,2025-07-19 13:00:00+00:00
29.3,82,26.0,997.9,998.6,100,2,9,100,7.6,185,16.6,0.0,1490.0,-2.8,-10.0,21.4,-0.9,11.9,184,22.1,77,76,2025-07-19 14:00:00+00:00
28.9,84,25.9,998.8,999.5,100,3,27,100,6.9,189,15.1,0.0,1460.0,-3.8,-7.0,21.5,-1.2,12.2,193,22.4,74,76,2025-07-19 15:00:00+00:00
28.6,85,25.9,999.1,999.8,99,0,18,98,6.7,196,14.0,0.0,1600.0,-3.4,-16.0,21.5,-1.2,14.1,201,24.7,76,76,2025-07-19 16:00:00+00:00
28.4,86,25.9,999.6,1000.3,100,0,13,100,6.8,198,14.4,0.0,1540.0,-3.9,-20.0,21.2,-1.4,15.7,202,24.7,76,78,2025-07-19 17:00:00+00:00
28.1,88,26.0,999.6,1000.3,100,2,17,100,6.3,180,13.3,0.0,1480.0,-4.4,-17.0,21.0,-1.6,16.7,209,21.9,81,82,2025-07-19 18:00:00+00:00
27.9,89,26.0,999.0,999.7,100,0,10,100,8.5,176,16.6,0.0,1430.0,-4.4,-18.0,21.0,-1.6,17.7,209,21.7,84,83,2025-07-19 19:00:00+00:00
27.7,90,26.0,998.5,999.2,100,0,20,100,8.5,182,17.3,0.0,1450.0,-4.2,-17.0,21.1,-1.6,18.4,210,21.6,87,83,2025-07-19 20:00:00+00:00
27.5,92,26.1,998.1,998.8,100,0,11,100,7.4,180,16.9,0.0,1450.0,-4.3,-15.0,21.1,-1.6,18.8,209,21.6,87,84,2025-07-19 21:00:00+00:00
27.5,93,26.3,998.2,998.9,100,0,0,100,6.5,182,14.8,0.0,1430.0,-4.1,-22.0,21.1,-1.6,19.0,210,22.8,87,84,2025-07-19 22:00:00+00:00
27.4,94,26.3,998.1,998.8,100,4,0,100,5.5,169,12.6,0.0,1360.0,-4.1,-18.0,21.0,-1.6,18.2,212,22.8,93,83,2025-07-19 23:00:00+00:00
27.5,94,26.4,998.6,999.3,100,0,0,100,5.3,172,10.8,0.0,1490.0,-4.0,-18.0,21.0,-1.6,15.8,221,22.4,106,83,2025-07-20 00:00:00+00:00
28.8,91,27.2,998.9,999.6,100,0,33,100,7.0,167,16.6,0.0,1470.0,-4.1,-8.0,21.0,-1.2,14.6,219,22.8,108,81,2025-07-20 01:00:00+00:00
29.7,86,27.1,999.6,1000.3,100,5,40,100,7.8,185,19.1,0.1,1390.0,-3.7,-12.0,21.0,-1.2,13.4,215,24.3,110,80,2025-07-20 02:00:00+00:00
30.6,81,26.9,1000.1,1000.8,100,1,38,100,6.6,201,19.1,0.0,1400.0,-4.2,-7.0,21.0,-0.9,11.0,204,23.6,114,78,2025-07-20 03:00:00+00:00
31.4,75,26.5,1000.3,1001.0,100,5,33,100,4.9,197,18.4,0.0,1170.0,-3.4,-10.0,20.8,-1.2,10.4,203,21.5,117,80,2025-07-20 04:00:00+00:00
32.2,69,25.8,1000.0,1000.7,100,4,10,100,3.7,194,15.8,0.0,1340.0,-3.3,0.0,20.4,-1.4,10.4,209,21.0,121,83,2025-07-20 05:00:00+00:00
32.8,65,25.4,999.5,1000.2,100,15,27,100,3.6,189,14.8,0.2,1400.0,-3.5,-1.0,20.4,-0.9,8.1,196,21.5,117,84,2025-07-20 06:00:00+00:00
32.8,66,25.5,998.3,999.0,100,11,19,100,3.5,152,15.1,0.1,1540.0,-3.6,0.0,20.2,-0.9,7.3,187,17.7,118,84,2025-07-20 07:00:00+00:00
33.1,65,25.5,997.2,997.9,99,1,11,99,3.1,118,15.8,0.0,1900.0,-3.8,0.0,20.4,-0.9,5.5,175,16.1,117,83,2025-07-20 08:00:00+00:00
33.1,64,25.3,996.2,996.9,100,9,18,100,3.4,106,14.8,0.1,1710.0,-3.5,0.0,20.6,-0.7,4.3,162,15.2,108,74,2025-07-20 09:00:00+00:00
32.2,66,24.9,995.8,996.5,100,25,25,100,3.9,158,14.0,0.3,1500.0,-3.3,0.0,20.8,-0.7,5.1,153,12.1,96,71,2025-07-20 10:00:00+00:00
31.1,73,25.6,996.2,996.9,100,19,26,100,7.2,199,18.0,0.0,1300.0,-3.3,-1.0,20.4,-0.9,6.8,127,10.8,90,72,2025-07-20 11:00:00+00:00
29.5,83,26.3,996.7,997.4,100,20,7,100,8.6,244,19.8,0.0,1910.0,-3.1,-8.0,20.5,-0.7,5.5,114,7.6,108,71,2025-07-20 12:00:00+00:00
29.7,80,25.8,998.1,998.8,100,42,18,100,5.4,214,15.1,0.0,1400.0,-3.1,-9.0,21.0,-0.7,7.2,125,7.6,72,76,2025-07-20 13:00:00+00:00
29.0,86,26.5,998.8,999.5,100,2,20,100,1.8,281,11.2,0.0,1640.0,-2.5,-11.0,21.4,-0.7,10.3,135,9.1,67,79,2025-07-20 14:00:00+00:00
28.9,88,26.8,999.8,1000.5,100,2,25,100,0.5,360,4.7,0.0,1690.0,-2.0,-22.0,21.2,-0.7,11.5,146,11.8,66,79,2025-07-20 15:00:00+00:00
28.9,88,26.6,1000.6,1001.3,100,1,31,100,0.6,198,1.8,0.0,1590.0,-2.7,-23.0,21.1,-0.9,12.3,158,14.5,66,84,2025-07-20 16:00:00+00:00
28.6,88,26.4,1001.1,1001.8,100,0,27,100,3.8,175,7.6,0.0,1650.0,-3.0,-22.0,20.9,-1.2,13.6,166,15.6,67,83,2025-07-20 17:00:00+00:00
28.3,89,26.3,1000.8,1001.5,100,0,100,96,4.5,194,9.4,0.0,1440.0,-3.3,-20.0,20.8,-1.2,14.1,182,22.4,74,84,2025-07-20 18:00:00+00:00
28.2,89,26.3,1000.0,1000.7,98,0,56,95,4.3,222,9.4,0.0,1270.0,-3.4,-18.0,20.6,-1.4,15.1,187,22.1,77,89,2025-07-20 19:00:00+00:00
28.0,91,26.3,999.3,1000.0,93,3,13,92,2.6,214,8.3,0.0,1290.0,-3.3,-16.0,20.6,-1.6,14.7,196,24.3,81,91,2025-07-20 20:00:00+00:00
27.7,91,26.1,999.2,999.9,86,1,26,81,1.8,156,5.4,0.0,1380.0,-3.0,-15.0,20.6,-1.4,13.0,198,26.5,85,86,2025-07-20 21:00:00+00:00
27.5,92,26.1,999.4,1000.1,100,0,6,100,1.6,117,4.0,0.0,1400.0,-3.0,-17.0,20.6,-1.6,11.5,198,28.9,85,81,2025-07-20 22:00:00+00:00
27.3,94,26.2,999.7,1000.4,87,0,25,82,1.5,111,4.3,0.0,1340.0,-2.8,-20.0,20.8,-1.6,10.0,196,31.3,86,82,2025-07-20 23:00:00+00:00
27.6,93,26.3,1000.2,1000.9,94,0,26,92,1.4,130,3.6,0.0,1600.0,-2.9,-21.0,20.8,-1.6,6.6,196,28.8,92,83,2025-07-21 00:00:00+00:00
27.9,91,26.2,1000.7,1001.4,100,9,16,100,5.6,57,14.4,0.0,1490.0,-2.6,-14.0,20.8,-1.4,4.6,174,27.7,95,83,2025-07-21 01:00:00+00:00
28.9,85,26.2,1001.1,1001.8,100,12,24,100,2.8,135,13.3,0.0,1330.0,-2.1,-12.0,20.8,-1.4,4.9,146,26.5,95,82,2025-07-21 02:00:00+00:00
28.4,85,25.7,1001.6,1002.3,99,13,64,99,8.1,137,22.7,0.6,1200.0,-2.6,-7.0,20.8,-1.2,6.2,144,25.3,95,82,2025-07-21 03:00:00+00:00
30.3,78,26.1,1001.5,1002.2,99,0,4,99,1.2,51,19.8,0.1,1080.0,-3.2,-1.0,20.6,-1.4,7.2,145,24.0,93,83,2025-07-21 04:00:00+00:00
31.3,75,26.3,1001.2,1001.9,100,3,9,100,2.1,290,13.0,0.1,1400.0,-3.3,0.0,20.5,-1.4,7.2,145,24.0,90,82,2025-07-21 05:00:00+00:00
32.0,73,26.6,1000.6,1001.3,100,5,5,100,0.0,270,13.0,0.1,1420.0,-3.5,0.0,20.4,-1.4,4.1,117,21.6,90,82,2025-07-21 06:00:00+00:00
32.1,73,26.7,999.3,1000.0,100,0,4,100,1.2,219,11.9,0.1,1380.0,-4.1,0.0,19.9,-1.4,2.0,117,21.7,84,80,2025-07-21 07:00:00+00:00
32.8,69,26.4,997.9,998.6,97,7,6,97,4.0,355,16.6,0.0,1350.0,-4.5,0.0,19.8,-1.2,0.5,180,20.7,80,79,2025-07-21 08:00:00+00:00
32.0,71,26.1,996.8,997.5,100,29,9,99,4.9,182,16.9,0.0,1390.0,-4.9,0.0,20.3,-1.2,2.3,270,21.0,77,79,2025-07-21 09:00:00+00:00
27.7,90,25.9,996.9,997.6,99,37,41,99,12.1,150,36.0,0.5,1430.0,-4.8,0.0,20.4,-0.9,2.5,248,22.1,68,78,2025-07-21 10:00:00+00:00
29.3,84,26.4,997.2,997.9,100,0,12,100,7.4,184,26.3,0.2,1160.0,-4.6,-2.0,20.4,-0.7,2.5,202,22.5,65,78,2025-07-21 11:00:00+00:00
29.2,86,26.5,997.5,998.2,100,5,7,100,6.9,210,18.7,0.0,1570.0,-4.7,-5.0,20.8,-0.7,2.0,117,23.6,75,77,2025-07-21 12:00:00+00:00
29.9,83,26.6,998.5,999.2,100,0,11,100,5.4,178,11.9,0.0,1780.0,-4.2,-13.0,21.4,-0.9,2.7,59,23.3,78,76,2025-07-21 13:00:00+00:00
29.5,86,27.0,999.5,1000.2,100,2,22,100,3.0,218,11.2,0.0,1230.0,-3.9,-18.0,21.6,-0.9,3.7,83,23.1,81,76,2025-07-21 14:00:00+00:00
29.2,86,26.6,1000.4,1001.1,100,0,56,99,4.5,194,8.6,0.0,1170.0,-4.0,-17.0,21.7,-1.2,4.6,143,24.1,84,78,2025-07-21 15:00:00+00:00
29.0,86,26.4,1001.0,1001.7,100,0,3,100,6.8,197,13.0,0.0,1570.0,-4.5,-14.0,21.6,-1.4,5.3,160,24.0,87,77,2025-07-21 16:00:00+00:00
28.6,88,26.4,1001.1,1001.8,100,0,6,100,6.0,197,13.7,0.0,1750.0,-4.8,-19.0,21.4,-1.6,6.0,171,22.8,90,77,2025-07-21 17:00:00+00:00
28.4,89,26.3,1000.6,1001.3,100,0,1,100,6.1,204,12.2,0.0,1720.0,-4.9,-19.0,21.2,-1.9,7.8,159,26.8,100,78,2025-07-21 18:00:00+00:00
28.1,90,26.2,999.9,1000.6,100,5,10,100,5.3,215,12.2,0.0,1530.0,-4.7,-20.0,21.0,-1.9,7.0,169,25.5,98,80,2025-07-21 19:00:00+00:00
27.8,91,26.2,999.2,999.9,100,4,3,100,4.4,212,10.4,0.0,1370.0,-4.6,-20.0,20.8,-1.9,6.9,176,25.5,98,81,2025-07-21 20:00:00+00:00
27.6,92,26.2,998.9,999.6,100,0,3,100,3.6,229,8.6,0.0,1270.0,-4.4,-22.0,20.8,-1.9,5.9,176,24.1,96,81,2025-07-21 21:00:00+00:00
27.5,92,26.1,999.0,999.7,100,0,2,100,3.6,264,7.2,0.0,1270.0,-4.3,-24.0,20.6,-1.9,5.1,170,24.3,99,81,2025-07-21 22:00:00+00:00
27.2,94,26.1,999.3,1000.0,100,0,0,100,2.3,270,7.2,0.0,1310.0,-4.1,-27.0,20.4,-1.9,4.3,162,23.1,99,81,2025-07-21 23:00:00+00:00
27.4,93,26.2,999.7,1000.4,100,0,3,100,1.0,315,4.3,0.0,1660.0,-3.9,-25.0,20.6,-1.6,2.3,169,21.9,99,77,2025-07-22 00:00:00+00:00
29.3,87,26.9,999.6,1000.3,100,0,98,100,0.7,284,5.0,0.0,1690.0,-4.2,-18.0,20.6,-1.6,2.3,143,21.7,96,76,2025-07-22 01:00:00+00:00
29.8,85,27.1,1000.0,1000.7,100,0,30,100,1.2,207,7.2,0.0,1720.0,-4.4,-11.0,21.0,-1.4,2.7,121,21.6,93,72,2025-07-22 02:00:00+00:00
31.1,77,26.6,1000.1,1000.8,100,13,32,100,2.9,223,11.5,0.1,1710.0,-4.2,-1.0,21.0,-1.4,2.9,108,20.4,93,72,2025-07-22 03:00:00+00:00
32.0,73,26.6,1000.3,1001.0,100,15,20,100,2.3,212,13.7,0.2,1390.0,-4.3,0.0,21.0,-1.4,3.5,113,20.4,90,71,2025-07-22 04:00:00+00:00
32.3,72,26.5,999.7,1000.4,100,2,8,100,2.6,168,15.1,0.2,880.0,-4.3,0.0,21.0,-1.2,4.2,139,20.4,90,70,2025-07-22 05:00:00+00:00
32.7,70,26.5,998.9,999.6,100,5,3,100,3.2,180,15.8,0.1,1290.0,-3.8,0.0,21.4,-1.4,2.9,108,18.0,90,76,2025-07-22 06:00:00+00:00
33.1,69,26.7,997.5,998.2,100,4,5,100,3.9,193,16.6,0.1,1560.0,-3.8,0.0,21.2,-1.4,4.5,135,18.0,86,74,2025-07-22 07:00:00+00:00
33.6,67,26.6,995.7,996.4,98,1,15,98,4.2,173,17.3,0.0,1670.0,-3.4,0.0,20.5,-1.2,5.2,165,17.2,78,74,2025-07-22 08:00:00+00:00
33.8,65,26.3,995.0,995.7,83,10,16,79,5.6,197,19.1,0.0,1930.0,-3.2,-1.0,20.6,-0.9,6.1,193,17.8,70,72,2025-07-22 09:00:00+00:00
30.9,75,25.9,995.0,995.7,95,24,31,92,9.3,170,26.3,0.7,2190.0,-3.3,-1.0,20.6,-0.7,7.3,210,18.8,63,71,2025-07-22 10:00:00+00:00
30.6,78,26.3,994.8,995.5,95,1,1,95,7.5,197,22.7,0.1,2110.0,-3.5,-1.0,20.9,-0.7,3.9,201,19.3,60,70,2025-07-22 11:00:00+00:00
30.3,80,26.5,995.2,995.9,97,0,7,97,8.0,205,18.7,0.0,2810.0,-3.2,-4.0,21.4,-0.2,2.7,90,23.1,62,66,2025-07-22 12:00:00+00:00
30.4,79,26.5,996.4,997.1,99,1,10,99,4.9,186,15.8,0.0,1960.0,-3.5,-6.0,21.5,-0.5,2.7,121,22.6,58,70,2025-07-22 13:00:00+00:00
30.0,83,26.7,997.0,997.7,100,1,22,100,5.5,203,10.8,0.0,1910.0,-3.1,-11.0,21.4,-0.7,2.6,135,23.7,60,74,2025-07-22 14:00:00+00:00
29.7,84,26.8,997.9,998.6,100,0,22,100,4.2,227,10.8,0.0,1580.0,-3.0,-20.0,21.4,-0.7,5.1,153,24.1,63,77,2025-07-22 15:00:00+00:00
29.4,85,26.6,998.6,999.3,88,0,30,83,4.0,210,8.3,0.0,1630.0,-2.9,-22.0,21.6,-0.9,6.2,163,23.6,66,78,2025-07-22 16:00:00+00:00
29.1,85,26.3,998.5,999.2,83,0,23,79,4.8,195,9.7,0.0,1910.0,-3.2,-27.0,21.7,-0.9,7.5,166,23.9,72,78,2025-07-22 17:00:00+00:00
28.6,86,26.1,997.9,998.6,100,0,7,100,5.3,198,10.8,0.0,2050.0,-3.9,-29.0,21.1,-1.2,6.1,167,26.6,82,78,2025-07-22 18:00:00+00:00
28.3,88,26.1,997.5,998.2,85,3,10,83,4.2,200,10.4,0.0,1780.0,-3.8,-33.0,21.0,-1.2,6.4,180,26.6,82,78,2025-07-22 19:00:00+00:00
28.0,89,26.1,996.9,997.6,85,2,3,84,3.6,198,8.3,0.0,1720.0,-3.8,-37.0,20.9,-1.2,4.6,186,27.8,83,78,2025-07-22 20:00:00+00:00
27.8,90,26.0,996.4,997.1,97,3,2,96,3.1,211,7.2,0.0,1490.0,-4.0,-34.0,20.9,-0.9,3.1,207,27.7,85,77,2025-07-22 21:00:00+00:00
27.7,90,25.9,995.9,996.6,10,1,0,10,1.8,174,6.1,0.0,1440.0,-4.2,-33.0,20.8,-1.2,1.4,288,26.5,85,78,2025-07-22 22:00:00+00:00
27.5,91,25.8,995.7,996.4,44,2,3,42,2.1,200,4.3,0.0,1470.0,-4.3,-31.0,20.6,-1.4,2.3,323,26.4,87,77,2025-07-22 23:00:00+00:00
27.8,90,26.0,996.3,997.0,100,0,0,100,0.9,191,3.6,0.0,1730.0,-4.0,-27.0,20.8,-1.4,6.9,356,25.2,93,76,2025-07-23 00:00:00+00:00
29.6,84,26.6,996.7,997.4,51,0,3,50,0.2,90,5.0,0.0,1850.0,-4.1,-22.0,20.6,-1.4,7.0,11,25.2,90,73,2025-07-23 01:00:00+00:00
31.0,78,26.7,996.8,997.5,93,0,4,92,1.1,189,8.3,0.0,1880.0,-4.3,-15.0,20.6,-1.2,7.1,27,25.2,93,71,2025-07-23 02:00:00+00:00
32.2,70,26.2,997.0,997.7,94,0,0,94,0.9,217,11.9,0.0,1960.0,-4.2,-8.0,20.9,-1.4,8.4,49,24.1,96,69,2025-07-23 03:00:00+00:00
33.0,66,25.8,996.6,997.3,100,9,17,100,4.4,81,16.6,0.1,1990.0,-4.1,-1.0,21.0,-1.2,9.8,62,24.0,93,69,2025-07-23 04:00:00+00:00
33.4,64,25.6,995.8,996.5,100,10,6,100,7.9,74,22.0,0.1,2230.0,-4.3,0.0,21.4,-0.9,9.8,62,24.0,93,70,2025-07-23 05:00:00+00:00
33.4,64,25.7,995.2,995.9,100,9,9,100,6.3,70,22.3,0.0,1710.0,-4.4,0.0,21.8,-0.7,8.8,51,22.9,96,72,2025-07-23 06:00:00+00:00
33.9,63,25.9,994.0,994.7,99,3,12,99,4.7,67,19.1,0.0,1790.0,-4.9,0.0,22.1,-0.5,7.2,55,22.8,93,74,2025-07-23 07:00:00+00:00
34.0,62,25.8,992.4,993.1,100,6,5,100,5.0,90,18.0,0.0,2050.0,-4.7,0.0,21.8,-0.5,4.8,73,22.8,90,74,2025-07-23 08:00:00+00:00
34.1,61,25.5,991.6,992.3,100,15,8,100,4.5,97,17.3,0.0,1970.0,-4.8,0.0,21.5,-0.5,4.1,84,22.9,84,74,2025-07-23 09:00:00+00:00
33.8,62,25.4,991.3,992.0,99,12,29,98,3.0,123,15.5,0.0,1720.0,-4.8,0.0,21.6,-0.2,3.8,76,24.5,79,72,2025-07-23 10:00:00+00:00
33.4,64,25.6,991.3,992.0,100,5,25,100,4.6,159,12.2,0.0,1680.0,-4.8,-1.0,21.7,0.0,5.0,95,26.8,80,73,2025-07-23 11:00:00+00:00
31.9,71,26.1,992.1,992.8,100,42,17,99,9.5,205,18.7,0.5,2900.0,-5.6,-4.0,22.2,0.0,7.3,94,31.4,83,74,2025-07-23 12:00:00+00:00
31.6,76,27.0,992.8,993.5,98,3,7,98,6.1,208,10.8,0.0,1970.0,-5.2,-10.0,22.1,-0.2,7.6,107,33.8,84,74,2025-07-23 13:00:00+00:00
30.5,81,26.9,993.7,994.4,99,1,31,98,7.7,213,16.6,0.0,1600.0,-5.2,-13.0,22.0,-0.2,8.0,103,36.2,84,70,2025-07-23 14:00:00+00:00
30.1,84,27.0,994.6,995.3,100,4,42,100,6.8,222,15.5,0.0,1640.0,-5.2,-15.0,21.6,-0.5,6.8,110,36.0,88,76,2025-07-23 15:00:00+00:00
29.8,85,27.1,995.3,996.0,100,5,23,100,6.7,234,13.7,0.0,1770.0,-4.4,-26.0,21.6,-0.5,6.6,124,33.7,86,77,2025-07-23 16:00:00+00:00
29.6,86,27.1,995.2,995.9,100,1,21,100,6.2,237,13.3,0.0,1640.0,-3.6,-23.0,21.5,-0.5,6.7,152,32.4,88,77,2025-07-23 17:00:00+00:00
29.2,88,27.0,994.7,995.4,100,2,21,100,4.7,268,13.0,0.0,2340.0,-4.3,-27.0,21.8,-0.9,2.5,68,32.4,88,83,2025-07-23 18:00:00+00:00
28.9,90,27.1,994.3,995.0,100,0,29,100,2.4,312,9.4,0.0,1970.0,-4.7,-26.0,21.6,-0.9,2.7,31,30.1,85,81,2025-07-23 19:00:00+00:00
28.6,91,27.0,993.8,994.5,100,5,27,100,2.9,360,6.1,0.0,1760.0,-4.6,-28.0,21.5,-0.9,3.2,8,28.0,80,81,2025-07-23 20:00:00+00:00
28.3,93,27.1,993.0,993.7,100,1,9,100,2.0,10,6.1,0.0,1650.0,-4.1,-32.0,21.2,-0.9,4.6,360,26.2,74,77,2025-07-23 21:00:00+00:00
28.0,95,27.1,993.1,993.8,100,9,10,100,1.5,126,4.3,0.0,1600.0,-4.4,-38.0,21.1,-1.4,5.5,351,25.2,65,79,2025-07-23 22:00:00+00:00
27.8,96,27.1,992.9,993.6,100,8,3,100,1.4,50,4.7,0.0,1330.0,-4.2,-27.0,21.2,-1.6,6.1,333,29.6,58,77,2025-07-23 23:00:00+00:00
27.9,96,27.2,993.1,993.8,100,0,9,100,2.1,340,4.7,0.0,1770.0,-4.8,-48.0,21.4,-1.9,8.3,9,27.0,58,73,2025-07-24 00:00:00+00:00
28.3,95,27.5,993.3,994.0,100,0,6,100,3.4,18,9.0,1.6,1520.0,-5.0,-21.0,21.4,-1.6,9.6,3,34.2,72,72,2025-07-24 01:00:00+00:00
28.6,94,27.4,993.4,994.1,100,0,0,100,3.7,346,9.4,0.8,1500.0,-5.0,-59.0,21.6,-1.6,13.0,12,33.5,75,72,2025-07-24 02:00:00+00:00
29.3,88,27.2,994.1,994.8,100,0,0,100,2.3,18,10.4,0.3,1300.0,-4.8,-52.0,21.8,-1.2,16.0,15,36.1,86,73,2025-07-24 03:00:00+00:00
30.1,77,25.6,994.8,995.5,100,21,73,100,4.6,42,16.6,0.6,1330.0,-3.8,-25.0,21.8,-1.4,17.6,21,31.4,97,77,2025-07-24 04:00:00+00:00
30.4,79,26.2,994.5,995.2,100,3,6,100,6.8,37,22.3,0.4,1440.0,-3.9,-7.0,21.7,-0.9,19.0,24,28.9,95,76,2025-07-24 05:00:00+00:00
30.1,80,26.3,993.2,993.9,93,5,4,92,5.5,54,19.4,0.3,1370.0,-3.5,0.0,21.2,-0.7,16.9,38,28.0,100,76,2025-07-24 06:00:00+00:00
31.9,73,26.3,992.1,992.8,67,15,2,61,8.2,50,23.4,0.0,1420.0,-3.5,0.0,21.0,-0.7,16.8,43,31.3,94,77,2025-07-24 07:00:00+00:00
32.6,70,26.4,991.1,991.8,92,6,2,92,7.4,51,24.5,0.0,1430.0,-2.9,-3.0,21.5,-0.5,13.9,58,32.4,92,76,2025-07-24 08:00:00+00:00
32.6,70,26.5,989.9,990.6,100,0,0,100,7.3,67,24.1,0.0,1500.0,-3.0,-1.0,21.5,-0.2,10.5,72,34.8,90,76,2025-07-24 09:00:00+00:00
32.8,69,26.3,989.5,990.2,100,7,1,100,7.0,93,23.8,0.0,1520.0,-3.5,-2.0,21.1,0.0,9.7,98,36.1,86,74,2025-07-24 10:00:00+00:00
32.3,68,25.7,989.6,990.3,99,22,17,99,6.9,123,21.2,0.2,1590.0,-3.7,0.0,21.0,0.0,12.2,117,37.5,83,73,2025-07-24 11:00:00+00:00
31.5,74,26.4,990.0,990.7,98,0,10,98,6.0,147,16.6,0.0,2360.0,-4.2,0.0,21.5,0.2,12.9,98,37.5,83,77,2025-07-24 12:00:00+00:00
30.2,83,26.9,991.0,991.7,100,3,25,100,2.5,120,10.4,0.0,2260.0,-4.2,-4.0,21.6,0.0,13.3,112,38.7,83,81,2025-07-24 13:00:00+00:00
29.8,84,26.8,991.5,992.2,100,6,71,100,3.3,112,6.1,0.0,1660.0,-3.6,-11.0,21.6,-0.2,16.9,117,37.3,86,80,2025-07-24 14:00:00+00:00
29.6,87,27.2,992.2,992.9,100,8,100,100,1.7,103,6.5,0.0,1250.0,-3.7,-14.0,21.5,-0.2,17.5,118,38.4,92,79,2025-07-24 15:00:00+00:00
28.8,89,26.7,993.1,993.8,100,17,59,100,6.1,302,11.2,2.5,880.0,-3.4,-16.0,21.2,-0.2,17.6,121,39.8,95,88,2025-07-24 16:00:00+00:00
27.0,97,26.6,993.6,994.3,99,18,52,99,6.7,2,14.0,4.6,740.0,-3.3,-26.0,21.5,-0.2,16.5,114,39.8,95,86,2025-07-24 17:00:00+00:00
27.0,97,26.5,993.2,993.9,100,15,76,100,5.6,2,12.6,0.3,820.0,-3.0,-46.0,21.5,-0.5,11.4,95,43.2,92,87,2025-07-24 18:00:00+00:00
26.9,96,26.3,992.6,993.3,100,3,93,100,5.3,348,10.8,0.6,640.0,-2.3,-42.0,21.2,-0.5,10.6,80,43.2,90,90,2025-07-24 19:00:00+00:00
26.5,97,25.9,991.9,992.6,100,9,95,100,7.6,52,15.8,1.7,410.0,-2.4,-33.0,21.1,-0.5,10.2,63,46.8,89,92,2025-07-24 20:00:00+00:00
26.2,95,25.4,990.7,991.4,100,2,69,100,8.2,38,17.6,0.6,390.0,-2.5,-33.0,21.2,-0.5,13.4,55,46.9,87,84,2025-07-24 21:00:00+00:00
26.0,97,25.4,990.7,991.4,100,10,91,100,8.4,19,15.5,0.2,330.0,-2.3,-34.0,21.1,-0.5,16.9,52,44.5,87,89,2025-07-24 22:00:00+00:00
26.2,97,25.6,990.8,991.5,100,22,93,100,7.9,24,17.3,0.1,390.0,-2.1,-28.0,20.9,-0.2,20.6,45,43.2,88,87,2025-07-24 23:00:00+00:00
26.2,97,25.6,991.3,992.0,99,40,72,97,10.9,27,20.2,0.2,620.0,-1.9,-39.0,21.1,-0.2,24.9,24,42.2,95,99,2025-07-25 00:00:00+00:00
27.5,92,26.0,989.8,990.5,100,73,100,100,8.6,37,21.2,1.1,590.0,-1.9,-14.0,21.4,-0.2,25.0,33,41.2,98,100,2025-07-25 01:00:00+00:00
27.4,92,26.0,990.5,991.2,100,88,96,100,11.3,57,24.8,0.2,610.0,-2.2,-1.0,20.9,0.0,26.1,49,39.3,102,100,2025-07-25 02:00:00+00:00
27.6,92,26.2,990.6,991.3,100,32,100,100,10.4,69,24.5,0.4,550.0,-2.6,0.0,21.2,0.0,24.8,73,39.6,104,88,2025-07-25 03:00:00+00:00
28.0,91,26.3,990.5,991.2,100,54,28,100,11.6,68,27.4,0.6,880.0,-3.2,0.0,21.0,0.0,25.1,86,39.6,104,89,2025-07-25 04:00:00+00:00
30.0,83,26.8,990.1,990.8,100,100,87,72,13.3,74,34.9,0.2,1090.0,-3.7,0.0,20.5,0.0,23.7,92,42.6,100,89,2025-07-25 05:00:00+00:00
30.6,80,26.7,989.5,990.2,100,100,49,95,10.4,62,37.1,0.2,930.0,-4.1,0.0,21.2,0.5,26.2,73,47.2,97,100,2025-07-25 06:00:00+00:00
30.7,84,27.6,988.4,989.1,100,98,100,100,8.3,92,29.9,1.4,630.0,-3.9,0.0,20.9,0.5,27.0,74,43.8,99,98,2025-07-25 07:00:00+00:00
28.2,92,26.7,987.9,988.6,94,18,63,83,9.0,121,27.7,13.3,640.0,-3.8,0.0,21.2,0.7,26.4,89,40.7,104,96,2025-07-25 08:00:00+00:00
30.5,79,26.4,987.2,987.9,100,60,16,99,10.1,136,24.1,0.3,500.0,-3.5,0.0,21.4,0.5,26.3,113,39.2,113,97,2025-07-25 09:00:00+00:00
30.5,77,26.1,986.8,987.5,99,25,54,98,8.0,175,26.3,1.7,500.0,-3.5,0.0,21.5,0.5,24.5,135,43.3,138,86,2025-07-25 10:00:00+00:00
28.2,91,26.6,987.7,988.4,100,65,96,100,12.0,189,22.7,9.5,940.0,-3.6,0.0,21.2,0.5,27.7,147,38.1,152,79,2025-07-25 11:00:00+00:00
28.6,87,26.2,988.4,989.1,98,12,12,98,14.6,185,29.9,0.1,750.0,-3.9,0.0,21.5,0.7,29.2,151,38.3,131,89,2025-07-25 12:00:00+00:00
27.6,90,25.9,989.4,990.1,99,4,33,99,16.9,164,35.3,0.1,660.0,-3.2,0.0,21.1,0.7,36.1,166,38.2,134,88,2025-07-25 13:00:00+00:00
27.1,91,25.5,990.7,991.4,100,83,34,98,18.5,165,40.7,0.6,420.0,-2.5,0.0,21.0,0.5,38.9,175,37.4,132,84,2025-07-25 14:00:00+00:00
27.5,88,25.4,992.0,992.7,100,15,100,100,17.4,162,38.5,0.0,330.0,-1.7,-1.0,20.6,0.2,40.7,175,36.5,134,86,2025-07-25 15:00:00+00:00
27.0,89,25.0,993.2,993.9,100,26,37,100,17.8,162,38.5,0.0,220.0,-2.1,-22.0,20.5,0.0,42.5,171,35.6,135,87,2025-07-25 16:00:00+00:00
26.2,90,24.5,993.7,994.4,92,16,23,88,16.8,159,40.0,0.2,240.0,-1.8,-28.0,20.3,0.0,42.6,174,34.8,136,89,2025-07-25 17:00:00+00:00
26.5,91,24.9,993.9,994.6,98,28,34,95,16.0,147,35.3,0.0,440.0,-1.9,-24.0,20.0,0.0,40.1,188,34.0,148,91,2025-07-25 18:00:00+00:00
26.7,92,25.2,994.0,994.7,100,100,28,98,16.0,150,33.8,0.0,340.0,-1.9,-18.0,19.8,0.0,39.3,190,32.8,152,89,2025-07-25 19:00:00+00:00
26.6,91,25.1,993.5,994.2,98,40,17,97,14.7,149,34.2,0.0,380.0,-2.7,-9.0,19.9,0.0,37.5,190,33.8,153,88,2025-07-25 20:00:00+00:00
26.3,92,24.9,993.8,994.5,100,100,5,77,14.5,141,31.0,0.0,370.0,-3.5,-2.0,19.9,-0.5,35.1,189,33.3,150,90,2025-07-25 21:00:00+00:00
26.2,93,25.1,993.9,994.6,100,100,93,88,14.3,133,30.6,0.0,370.0,-3.4,-3.0,20.2,-0.9,35.9,188,30.3,146,88,2025-07-25 22:00:00+00:00
26.4,93,25.2,994.2,994.9,100,29,52,99,13.4,130,31.0,0.0,330.0,-3.9,-7.0,20.2,-0.7,34.6,193,30.0,143,88,2025-07-25 23:00:00+00:00
26.2,93,25.0,994.9,995.6,100,61,91,97,12.9,126,28.4,0.0,450.0,-3.9,-13.0,20.5,-0.7,35.2,199,38.3,160,83,2025-07-26 00:00:00+00:00
27.4,92,25.9,996.0,996.7,100,25,100,99,12.4,144,27.7,0.1,390.0,-4.2,-9.0,20.4,-0.7,31.8,188,36.0,154,84,2025-07-26 01:00:00+00:00
27.6,92,26.1,996.6,997.3,99,13,59,99,9.4,142,26.3,0.0,420.0,-3.4,-21.0,20.4,-0.7,31.9,182,37.6,163,77,2025-07-26 02:00:00+00:00
28.4,87,26.1,996.9,997.6,99,20,7,98,12.0,141,27.4,0.1,420.0,-3.0,-20.0,20.4,-0.5,32.4,178,36.0,178,83,2025-07-26 03:00:00+00:00
29.4,82,26.1,997.6,998.3,99,21,22,99,13.4,148,33.8,0.1,370.0,-3.2,-13.0,20.0,-0.7,34.8,174,36.1,195,90,2025-07-26 04:00:00+00:00
30.5,77,26.0,997.9,998.6,100,100,71,98,14.1,141,39.6,0.1,400.0,-3.6,-5.0,20.0,-0.9,40.2,170,30.2,187,89,2025-07-26 05:00:00+00:00
28.4,84,25.4,997.8,998.5,99,21,24,98,16.1,175,39.6,1.4,790.0,-3.8,0.0,20.5,-0.9,30.7,169,28.8,180,86,2025-07-26 06:00:00+00:00
29.4,83,26.2,996.5,997.2,97,24,11,95,12.7,165,35.3,0.6,980.0,-3.3,0.0,20.5,-0.5,30.0,167,26.4,177,86,2025-07-26 07:00:00+00:00
30.5,80,26.7,995.7,996.4,100,65,49,100,12.8,169,35.3,0.1,1220.0,-3.9,-1.0,20.5,-0.7,26.1,164,24.0,183,81,2025-07-26 08:00:00+00:00
30.7,78,26.4,994.7,995.4,100,50,13,100,12.1,165,36.0,0.0,1580.0,-3.7,0.0,20.5,-0.7,29.0,172,19.3,187,81,2025-07-26 09:00:00+00:00
30.6,77,26.0,994.1,994.8,100,21,21,100,14.1,163,35.3,0.2,1180.0,-3.2,0.0,20.5,-0.7,24.3,175,20.5,187,80,2025-07-26 10:00:00+00:00
30.0,78,25.8,994.0,994.7,100,18,18,100,12.1,163,37.1,0.2,810.0,-3.8,0.0,20.8,-0.9,22.8,177,18.2,188,83,2025-07-26 11:00:00+00:00
29.7,80,25.9,994.8,995.5,100,15,19,100,12.5,176,28.1,0.1,1710.0,-3.7,0.0,20.4,-0.5,20.6,184,19.5,191,86,2025-07-26 12:00:00+00:00
28.1,89,26.1,996.6,997.3,100,14,42,100,9.0,145,18.4,0.4,1170.0,-3.5,-3.0,20.6,-0.5,24.1,191,17.0,188,83,2025-07-26 13:00:00+00:00
27.8,90,26.0,997.3,998.0,100,2,5,100,9.0,149,17.6,0.0,1030.0,-2.5,-4.0,20.9,-0.7,27.5,199,15.6,184,84,2025-07-26 14:00:00+00:00
27.8,90,26.0,998.0,998.7,100,3,15,100,9.6,154,18.7,0.0,880.0,-2.3,-4.0,21.2,-0.9,31.8,205,14.4,180,84,2025-07-26 15:00:00+00:00
27.8,90,25.9,998.7,999.4,100,2,32,100,9.7,161,19.1,0.0,930.0,-2.1,-4.0,21.0,-1.2,31.4,208,13.2,180,83,2025-07-26 16:00:00+00:00
27.6,90,25.8,998.9,999.6,100,2,19,100,9.2,164,19.4,0.0,970.0,-2.2,-12.0,21.0,-1.2,32.7,215,12.0,180,83,2025-07-26 17:00:00+00:00
27.4,90,25.7,998.6,999.3,100,1,43,100,8.1,177,18.4,0.0,1360.0,-2.1,-15.0,21.0,-0.9,29.8,231,13.2,180,81,2025-07-26 18:00:00+00:00
27.0,92,25.6,997.7,998.4,100,0,2,100,7.7,168,16.2,0.0,1190.0,-2.6,-20.0,21.0,-0.9,29.6,236,12.1,186,83,2025-07-26 19:00:00+00:00
26.8,92,25.5,997.2,997.9,100,0,75,100,8.1,168,16.2,0.0,1180.0,-2.6,-19.0,20.9,-1.2,32.0,242,13.4,190,87,2025-07-26 20:00:00+00:00
26.7,93,25.4,996.5,997.2,100,3,2,100,7.9,164,16.6,0.0,1180.0,-2.5,-20.0,20.9,-1.4,33.4,244,12.5,197,86,2025-07-26 21:00:00+00:00
26.4,94,25.4,996.9,997.6,100,12,18,100,6.9,149,15.1,0.0,1110.0,-2.6,-35.0,20.8,-1.2,33.2,243,10.7,207,80,2025-07-26 22:00:00+00:00
26.4,94,25.4,997.2,997.9,100,9,51,100,6.9,163,14.0,0.0,1030.0,-2.4,-45.0,20.4,-1.2,31.0,242,10.3,216,77,2025-07-26 23:00:00+00:00
26.5,94,25.4,997.6,998.3,100,27,100,99,7.4,174,14.0,0.0,1350.0,-2.8,-17.0,20.9,-1.6,28.3,244,14.6,215,73,2025-07-27 00:00:00+00:00
28.2,89,26.3,997.5,998.2,100,14,39,100,8.3,207,18.7,0.0,1230.0,-3.7,-11.0,20.5,-1.6,24.3,244,12.4,209,71,2025-07-27 01:00:00+00:00
29.1,87,26.7,997.9,998.6,100,65,45,100,7.6,227,18.4,0.0,1320.0,-2.9,-3.0,20.6,-1.2,22.0,243,13.0,214,74,2025-07-27 02:00:00+00:00
30.3,82,26.8,998.4,999.1,100,2,14,100,10.2,224,24.8,0.1,1060.0,-2.4,0.0,20.6,-1.2,18.8,241,14.4,222,80,2025-07-27 03:00:00+00:00
31.3,76,26.6,998.5,999.2,100,5,11,100,10.3,227,29.2,0.1,1260.0,-2.6,0.0,20.4,-1.4,17.1,236,17.0,225,81,2025-07-27 04:00:00+00:00
32.0,74,26.7,998.1,998.8,100,6,15,100,8.5,224,28.8,0.0,1220.0,-2.4,0.0,20.3,-1.6,17.4,237,18.7,230,80,2025-07-27 05:00:00+00:00
32.3,72,26.6,997.3,998.0,100,100,14,99,7.4,223,26.6,0.0,1250.0,-2.7,0.0,20.0,-1.2,13.7,233,21.2,227,77,2025-07-27 06:00:00+00:00
32.6,72,26.8,996.4,997.1,100,100,17,98,6.5,212,24.8,0.0,1280.0,-2.8,0.0,20.0,-0.9,13.3,232,20.4,230,78,2025-07-27 07:00:00+00:00
32.5,71,26.6,995.6,996.3,100,99,15,99,8.9,204,25.6,0.1,1380.0,-3.2,0.0,20.2,-1.2,13.2,229,19.7,232,79,2025-07-27 08:00:00+00:00
32.6,70,26.4,994.6,995.3,100,94,13,100,9.4,197,28.4,0.0,1520.0,-3.8,-1.0,20.3,-1.2,13.5,228,20.0,237,80,2025-07-27 09:00:00+00:00
30.1,80,26.2,994.8,995.5,100,28,37,100,12.0,223,29.5,1.3,1590.0,-3.3,-5.0,20.2,-1.2,15.1,245,19.3,240,81,2025-07-27 10:00:00+00:00
29.4,84,26.4,995.0,995.7,100,18,30,100,7.1,210,25.6,0.3,1240.0,-2.7,-7.0,20.6,-0.9,18.6,245,18.3,247,77,2025-07-27 11:00:00+00:00
29.3,85,26.6,995.1,995.8,100,0,31,100,7.2,194,16.9,0.0,890.0,-3.8,-6.0,20.4,-1.2,18.0,240,17.8,250,81,2025-07-27 12:00:00+00:00
28.3,91,26.6,997.0,997.7,100,2,68,100,4.7,220,12.2,2.4,960.0,-4.1,-13.0,20.6,-1.4,19.9,233,15.6,247,80,2025-07-27 13:00:00+00:00
28.3,91,26.7,997.5,998.2,100,0,100,100,5.4,206,9.4,0.0,1080.0,-4.3,-17.0,20.9,-1.4,22.1,238,13.4,243,82,2025-07-27 14:00:00+00:00
28.4,91,26.7,997.9,998.6,100,1,100,100,5.5,199,9.7,0.0,860.0,-4.6,-19.0,20.4,-1.4,23.1,232,10.7,243,90,2025-07-27 15:00:00+00:00
28.4,90,26.7,998.5,999.2,100,4,100,100,5.2,180,9.4,0.0,850.0,-4.2,-17.0,20.8,-1.4,30.6,245,9.4,230,97,2025-07-27 16:00:00+00:00
28.5,89,26.4,998.7,999.4,100,1,100,100,7.6,179,13.7,0.0,890.0,-4.5,-16.0,20.5,-1.4,30.3,254,8.7,236,96,2025-07-27 17:00:00+00:00
28.3,89,26.2,998.5,999.2,100,8,100,100,7.6,195,14.4,0.0,1620.0,-4.6,-17.0,20.6,-1.2,30.0,248,7.7,231,100,2025-07-27 18:00:00+00:00
28.0,90,26.1,997.7,998.4,100,0,100,100,9.0,213,16.9,0.0,1640.0,-4.2,-16.0,20.5,-1.2,33.0,250,6.0,233,100,2025-07-27 19:00:00+00:00
27.9,89,25.9,997.1,997.8,100,4,16,100,8.3,248,18.4,0.0,1740.0,-4.2,-13.0,20.3,-1.6,35.0,249,5.4,243,94,2025-07-27 20:00:00+00:00
27.4,91,25.8,997.0,997.7,100,9,31,100,6.0,229,15.8,0.0,1850.0,-4.0,-13.0,20.0,-1.6,35.5,250,6.1,259,99,2025-07-27 21:00:00+00:00
27.2,92,25.8,996.9,997.6,100,3,49,100,6.6,229,13.7,0.1,1840.0,-4.1,-14.0,19.7,-2.1,32.4,250,7.2,270,99,2025-07-27 22:00:00+00:00
27.1,92,25.7,997.1,997.8,100,1,97,100,5.6,211,12.2,0.1,1680.0,-4.0,-20.0,19.7,-2.1,34.9,258,7.3,279,99,2025-07-27 23:00:00+00:00
27.2,91,25.6,997.6,998.3,100,9,100,100,6.0,213,11.9,0.0,1850.0,-3.8,-22.0,19.8,-1.9,34.3,265,4.9,284,94,2025-07-28 00:00:00+00:00
28.1,88,25.9,997.9,998.6,100,4,97,100,8.0,218,14.8,0.0,1430.0,-4.0,-18.0,19.8,-1.6,34.0,263,5.1,315,92,2025-07-28 01:00:00+00:00
28.8,85,26.0,998.7,999.4,100,25,89,100,8.6,221,18.4,0.1,1380.0,-4.6,-8.0,19.7,-1.9,30.6,260,9.1,337,93,2025-07-28 02:00:00+00:00
28.9,82,25.5,998.7,999.4,100,19,100,100,10.1,226,23.0,0.1,1250.0,-4.4,-2.0,19.6,-1.9,26.4,255,8.5,352,91,2025-07-28 03:00:00+00:00
29.3,79,25.4,998.9,999.6,100,38,100,100,7.6,225,23.0,0.0,1220.0,-4.0,0.0,19.9,-1.9,23.9,252,9.7,353,91,2025-07-28 04:00:00+00:00
31.1,73,25.8,998.3,999.0,100,5,86,100,8.6,229,25.9,0.0,1350.0,-3.9,0.0,20.2,-1.6,22.3,247,8.4,360,86,2025-07-28 05:00:00+00:00
28.0,87,25.6,998.2,998.9,100,40,100,100,10.9,237,30.2,6.8,660.0,-4.1,0.0,20.0,-1.2,23.5,248,7.6,342,87,2025-07-28 06:00:00+00:00
28.7,85,26.0,997.0,997.7,100,26,22,100,6.5,219,25.2,0.6,510.0,-4.0,0.0,20.0,-1.2,21.5,249,7.3,351,90,2025-07-28 07:00:00+00:00
29.7,82,26.4,996.3,997.0,100,5,37,100,9.4,238,24.8,0.2,490.0,-4.0,0.0,20.0,-0.9,20.0,253,7.2,360,94,2025-07-28 08:00:00+00:00
29.5,81,26.0,995.4,996.1,100,17,100,100,6.6,223,24.8,1.5,470.0,-3.7,0.0,20.0,-0.9,19.0,260,7.2,360,94,2025-07-28 09:00:00+00:00
29.3,80,25.5,995.0,995.7,100,19,80,100,8.2,206,19.8,0.2,530.0,-3.9,0.0,20.0,-0.9,16.5,264,7.3,9,93,2025-07-28 10:00:00+00:00
29.1,83,25.9,995.0,995.7,100,18,18,100,5.9,207,20.2,0.1,600.0,-3.9,0.0,19.9,-0.9,15.9,270,8.7,16,91,2025-07-28 11:00:00+00:00
28.5,85,25.8,996.1,996.8,100,60,45,100,6.8,222,15.8,1.1,660.0,-4.0,0.0,20.3,-0.7,19.3,278,6.0,360,88,2025-07-28 12:00:00+00:00
27.8,92,26.4,997.3,998.0,100,0,100,100,2.7,203,9.4,0.5,620.0,-3.6,-6.0,20.6,-0.7,20.1,270,6.1,11,87,2025-07-28 13:00:00+00:00
27.8,95,26.9,998.3,999.0,100,1,100,100,2.6,192,5.0,0.6,680.0,-3.2,-12.0,20.6,-0.7,21.9,265,6.0,37,89,2025-07-28 14:00:00+00:00
27.6,96,26.9,999.0,999.7,100,3,100,100,3.8,185,6.8,0.5,630.0,-3.3,-15.0,20.6,-0.9,21.6,263,7.6,72,89,2025-07-28 15:00:00+00:00
27.4,97,26.9,999.6,1000.3,100,2,48,100,6.1,182,11.2,0.2,540.0,-2.9,-24.0,20.5,-0.9,20.6,257,9.9,76,89,2025-07-28 16:00:00+00:00
27.3,97,26.7,999.6,1000.3,100,3,100,100,5.9,191,11.2,0.0,500.0,-3.0,-22.0,20.5,-0.9,18.8,256,12.5,73,89,2025-07-28 17:00:00+00:00
27.2,96,26.5,999.0,999.7,100,0,100,100,6.2,188,11.2,0.0,560.0,-2.9,-24.0,20.2,-1.2,18.8,256,13.7,75,89,2025-07-28 18:00:00+00:00
27.0,97,26.4,998.5,999.2,100,4,96,100,4.9,204,11.2,0.1,580.0,-2.9,-25.0,20.2,-0.9,16.9,256,12.5,73,94,2025-07-28 19:00:00+00:00
26.9,97,26.4,998.0,998.7,100,3,100,100,4.5,230,10.8,0.7,580.0,-3.0,-25.0,20.2,-0.9,18.7,252,8.0,63,100,2025-07-28 20:00:00+00:00
26.6,97,26.1,997.7,998.4,100,11,100,100,4.7,230,12.2,4.3,600.0,-3.0,-23.0,19.8,-1.2,24.9,252,7.7,51,92,2025-07-28 21:00:00+00:00
26.6,93,25.4,997.9,998.6,100,54,100,100,5.5,224,10.4,10.0,570.0,-2.9,-25.0,20.0,-1.2,24.1,259,13.6,45,90,2025-07-28 22:00:00+00:00
26.2,97,25.6,997.8,998.5,100,37,100,100,6.2,244,11.9,15.2,570.0,-2.7,-27.0,19.7,-1.2,24.8,264,14.6,55,89,2025-07-28 23:00:00+00:00
26.1,95,25.3,998.5,999.2,100,99,100,100,3.9,208,11.2,11.5,630.0,-2.8,-22.0,19.7,-1.2,29.6,260,11.3,58,87,2025-07-29 00:00:00+00:00
26.5,96,25.8,998.6,999.3,100,100,100,100,5.8,187,10.8,2.3,540.0,-2.6,-20.0,19.7,-1.4,28.0,263,13.0,56,88,2025-07-29 01:00:00+00:00
26.8,95,25.9,998.9,999.6,100,15,99,100,5.1,212,11.9,2.1,580.0,-2.4,-26.0,19.8,-1.6,27.6,262,15.2,72,87,2025-07-29 02:00:00+00:00
27.3,94,26.3,999.0,999.7,100,5,100,100,5.9,239,13.7,2.1,650.0,-2.4,-35.0,20.0,-1.6,27.2,256,16.0,77,88,2025-07-29 03:00:00+00:00
27.4,92,26.0,999.2,999.9,100,12,100,100,4.9,186,12.6,1.3,900.0,-2.2,-59.0,20.3,-1.4,24.9,252,15.2,72,90,2025-07-29 04:00:00+00:00
28.1,89,26.1,999.1,999.8,100,11,99,100,4.7,176,15.5,0.5,1130.0,-1.6,-13.0,20.3,-1.2,22.3,250,17.2,65,91,2025-07-29 05:00:00+00:00
28.7,87,26.4,998.5,999.2,100,5,97,100,6.6,167,20.5,0.2,1270.0,-1.3,-15.0,20.2,-1.2,14.4,252,19.9,65,88,2025-07-29 06:00:00+00:00
28.9,86,26.4,997.9,998.6,100,3,100,95,8.8,169,24.1,0.1,1320.0,-1.5,-43.0,19.8,-1.2,12.3,239,21.0,66,84,2025-07-29 07:00:00+00:00
29.0,83,25.8,997.4,998.1,100,22,99,99,11.3,188,27.7,0.9,1080.0,-1.6,-74.0,19.8,-0.7,12.6,229,20.1,73,81,2025-07-29 08:00:00+00:00
27.9,88,25.7,996.7,997.4,100,19,53,100,8.1,175,28.1,1.4,850.0,-1.6,-127.0,20.3,-0.9,12.8,215,16.0,77,83,2025-07-29 09:00:00+00:00
28.5,87,26.1,996.0,996.7,95,5,12,94,10.5,192,27.4,0.3,590.0,-1.5,-6.0,20.4,-0.9,14.7,206,15.6,67,81,2025-07-29 10:00:00+00:00
29.1,82,25.8,995.4,996.1,100,15,11,100,12.4,189,28.4,0.0,460.0,-2.2,-2.0,20.3,-0.9,14.9,211,16.7,69,79,2025-07-29 11:00:00+00:00
28.5,85,25.8,996.2,996.9,100,17,4,100,9.0,186,28.1,0.0,690.0,-3.1,-2.0,20.5,-0.9,18.1,208,17.2,78,79,2025-07-29 12:00:00+00:00
27.8,90,26.0,997.3,998.0,94,3,27,92,10.3,174,24.1,0.0,700.0,-2.4,-17.0,20.4,-0.9,19.4,204,18.4,79,79,2025-07-29 13:00:00+00:00
27.6,91,26.0,998.1,998.8,99,12,98,18,8.3,167,21.2,0.0,820.0,-2.8,-11.0,20.3,-1.2,19.5,201,19.3,83,78,2025-07-29 14:00:00+00:00
27.5,92,26.2,999.1,999.8,98,16,97,39,6.1,140,16.6,0.0,750.0,-2.1,-8.0,20.3,-1.2,20.0,197,22.8,87,83,2025-07-29 15:00:00+00:00
27.5,92,26.1,1000.0,1000.7,99,28,99,38,7.0,134,13.7,0.0,750.0,-1.7,-8.0,20.3,-0.7,21.5,201,25.2,90,83,2025-07-29 16:00:00+00:00
27.5,91,25.9,999.9,1000.6,85,11,82,23,6.2,154,14.0,0.0,690.0,-1.4,-19.0,20.3,-1.2,22.9,203,21.7,96,84,2025-07-29 17:00:00+00:00
25.4,99,25.1,1000.1,1000.8,99,84,89,71,10.3,126,23.8,4.9,1000.0,-1.7,-33.0,20.2,-1.2,24.5,207,20.1,107,81,2025-07-29 18:00:00+00:00
25.5,98,25.1,999.5,1000.2,95,44,64,78,7.9,129,20.5,3.6,870.0,-2.0,-37.0,20.2,-1.2,22.8,206,17.7,118,80,2025-07-29 19:00:00+00:00
25.4,97,24.9,999.2,999.9,100,76,100,99,8.4,145,16.2,0.4,720.0,-1.6,-42.0,20.2,-1.4,19.4,204,15.6,122,80,2025-07-29 20:00:00+00:00
25.2,97,24.7,998.7,999.4,100,32,100,88,9.0,136,17.6,0.2,630.0,-2.0,-47.0,20.2,-1.4,15.9,198,14.0,121,84,2025-07-29 21:00:00+00:00
25.2,98,24.8,998.9,999.6,99,48,43,96,9.9,132,19.8,0.2,480.0,-2.5,-32.0,19.8,-1.4,12.8,182,12.4,119,87,2025-07-29 22:00:00+00:00
25.3,98,24.9,998.3,999.0,100,52,41,99,8.1,133,18.7,0.1,350.0,-2.5,-31.0,19.8,-1.4,11.4,164,10.3,111,88,2025-07-29 23:00:00+00:00
25.4,97,24.9,998.9,999.6,100,100,4,85,9.6,142,18.4,0.0,390.0,-1.9,-22.0,19.8,-1.6,3.5,157,9.9,104,89,2025-07-30 00:00:00+00:00
26.8,93,25.6,998.8,999.5,98,26,60,95,7.9,180,17.3,0.1,360.0,-2.8,-9.0,19.8,-1.6,6.5,129,9.7,97,88,2025-07-30 01:00:00+00:00
27.7,91,26.1,999.3,1000.0,100,100,20,92,6.0,175,17.6,0.2,380.0,-2.6,-1.0,19.9,-1.6,7.2,125,9.6,90,86,2025-07-30 02:00:00+00:00
28.3,87,25.9,999.5,1000.2,100,100,38,100,8.7,184,24.1,0.2,570.0,-2.9,0.0,19.8,-1.6,8.4,135,11.1,77,87,2025-07-30 03:00:00+00:00
28.0,88,25.7,1000.0,1000.7,94,19,39,89,11.0,166,26.6,3.9,620.0,-3.5,0.0,19.7,-1.4,7.6,147,12.9,68,88,2025-07-30 04:00:00+00:00
28.9,84,25.8,999.6,1000.3,100,100,4,98,11.3,158,29.9,1.2,700.0,-3.8,0.0,19.6,-1.4,5.6,166,12.4,61,87,2025-07-30 05:00:00+00:00
27.7,85,24.9,999.5,1000.2,100,47,99,97,14.3,166,34.2,6.6,900.0,-3.6,-1.0,19.6,-1.2,16.2,148,17.2,65,86,2025-07-30 06:00:00+00:00
28.6,86,26.0,998.5,999.2,100,6,43,100,8.4,160,32.8,0.8,860.0,-3.1,0.0,20.2,-0.9,12.4,152,15.0,61,82,2025-07-30 07:00:00+00:00
29.1,83,26.0,997.5,998.2,100,96,100,100,7.7,149,24.1,0.1,760.0,-3.0,0.0,19.8,-1.2,9.4,157,15.6,58,80,2025-07-30 08:00:00+00:00
28.9,83,25.7,996.7,997.4,100,40,99,100,9.7,168,27.0,0.4,740.0,-2.9,0.0,20.5,-1.2,7.3,184,13.6,45,82,2025-07-30 09:00:00+00:00
28.4,85,25.7,996.4,997.1,94,23,56,84,7.6,166,22.0,0.3,690.0,-2.7,-6.0,19.9,-0.9,6.6,214,14.0,31,90,2025-07-30 10:00:00+00:00
27.9,88,25.7,996.1,996.8,72,11,39,52,9.9,145,23.0,0.3,600.0,-2.7,-3.0,20.2,-0.9,9.0,246,16.7,21,93,2025-07-30 11:00:00+00:00
28.1,86,25.5,996.6,997.3,83,35,58,45,11.4,175,23.0,0.3,620.0,-2.6,-12.0,20.0,-0.9,8.6,238,11.8,66,83,2025-07-30 12:00:00+00:00
27.0,92,25.6,998.2,998.9,72,6,25,61,7.3,211,16.6,0.1,570.0,-2.2,-9.0,20.3,-1.2,12.0,245,10.2,45,84,2025-07-30 13:00:00+00:00
26.6,93,25.4,999.0,999.7,93,17,53,84,7.7,216,18.4,0.1,620.0,-2.6,-20.0,20.4,-1.2,15.1,249,11.9,45,86,2025-07-30 14:00:00+00:00
26.4,94,25.3,999.7,1000.4,100,0,100,100,6.2,213,14.8,0.0,560.0,-3.4,-6.0,20.3,-1.2,18.6,248,16.1,42,93,2025-07-30 15:00:00+00:00
26.4,93,25.2,1000.3,1001.0,100,2,100,98,6.6,227,13.7,0.0,460.0,-2.7,-11.0,20.3,-1.4,24.5,248,16.7,60,100,2025-07-30 16:00:00+00:00
26.4,94,25.3,1000.5,1001.2,100,10,100,72,5.5,197,12.6,0.0,570.0,-2.6,-16.0,19.9,-1.4,30.8,257,13.7,52,82,2025-07-30 17:00:00+00:00
26.5,94,25.5,999.9,1000.6,100,5,100,77,6.3,207,11.5,0.1,690.0,-2.9,-17.0,19.9,-1.9,28.5,263,8.5,8,88,2025-07-30 18:00:00+00:00
26.6,95,25.6,999.2,999.9,99,16,96,84,5.7,208,13.3,0.0,670.0,-2.7,-17.0,19.8,-1.9,29.8,264,7.2,360,92,2025-07-30 19:00:00+00:00
25.7,96,25.0,999.3,1000.0,100,99,98,99,9.5,243,18.7,5.7,730.0,-2.7,-22.0,19.8,-1.9,32.9,267,8.5,352,92,2025-07-30 20:00:00+00:00
25.6,97,25.0,999.0,999.7,100,98,21,95,9.2,235,17.6,0.7,630.0,-2.7,-28.0,19.6,-1.9,32.0,267,8.4,360,88,2025-07-30 21:00:00+00:00
25.0,98,24.7,999.2,999.9,100,100,99,99,9.7,215,20.2,7.7,550.0,-2.6,-11.0,19.4,-1.9,29.2,269,7.3,351,91,2025-07-30 22:00:00+00:00
25.1,98,24.8,998.7,999.4,100,21,100,100,8.7,225,20.9,4.4,470.0,-2.8,-29.0,19.4,-1.9,26.0,267,4.3,326,92,2025-07-30 23:00:00+00:00
25.1,98,24.7,999.2,999.9,100,49,100,88,7.1,210,16.6,3.3,450.0,-2.4,-23.0,19.6,-1.4,30.5,271,15.2,288,87,2025-07-31 00:00:00+00:00
25.8,95,24.9,999.2,999.9,96,1,2,96,15.3,216,32.8,1.9,350.0,-2.3,-15.0,19.6,-1.4,24.6,269,13.7,285,87,2025-07-31 01:00:00+00:00
26.7,93,25.4,999.7,1000.4,100,0,75,99,12.4,214,29.2,1.8,290.0,-2.5,-7.0,19.8,-1.4,24.4,261,17.2,282,84,2025-07-31 02:00:00+00:00
27.4,93,26.2,1000.1,1000.8,100,16,17,100,11.1,222,24.8,1.0,350.0,-3.2,-7.0,19.9,-1.6,23.4,249,17.5,286,88,2025-07-31 03:00:00+00:00
27.1,93,26.0,1000.4,1001.1,100,19,100,88,13.1,214,27.0,0.8,390.0,-3.4,-4.0,19.7,-1.6,19.4,243,15.8,279,91,2025-07-31 04:00:00+00:00
28.4,91,26.7,1000.3,1001.0,100,4,10,100,6.9,211,25.9,0.7,530.0,-3.1,-10.0,19.7,-1.6,19.8,241,18.0,270,91,2025-07-31 05:00:00+00:00
29.2,87,26.9,999.6,1000.3,98,22,92,95,9.3,221,25.9,0.8,940.0,-2.8,-10.0,19.8,-1.4,16.5,246,16.8,266,88,2025-07-31 06:00:00+00:00
28.8,87,26.4,998.9,999.6,100,20,100,100,11.3,234,28.4,0.7,790.0,-3.4,-4.0,19.9,-1.6,16.9,243,19.5,259,86,2025-07-31 07:00:00+00:00
29.4,84,26.4,997.9,998.6,99,0,4,98,10.4,233,28.4,0.8,560.0,-4.1,0.0,20.0,-1.6,17.7,241,21.0,257,82,2025-07-31 08:00:00+00:00
28.6,88,26.5,997.3,998.0,100,10,60,100,6.2,229,28.4,1.1,520.0,-3.9,0.0,20.2,-1.6,19.6,242,22.8,252,80,2025-07-31 09:00:00+00:00
29.2,85,26.4,996.5,997.2,51,27,13,28,8.4,222,18.4,0.3,500.0,-3.7,0.0,20.3,-1.6,21.0,243,24.3,250,77,2025-07-31 10:00:00+00:00
28.8,83,25.7,996.8,997.5,100,42,90,100,12.6,237,28.1,3.0,380.0,-3.9,-2.0,20.3,-1.6,20.4,243,25.4,251,74,2025-07-31 11:00:00+00:00
27.4,92,26.0,997.7,998.4,100,7,8,100,8.6,181,29.5,1.6,760.0,-4.4,-6.0,20.6,-1.4,21.1,263,22.6,238,74,2025-07-31 12:00:00+00:00
28.1,89,26.1,999.1,999.8,99,1,4,99,7.8,218,16.2,0.2,760.0,-4.2,-22.0,20.5,-1.4,20.3,261,21.0,246,78,2025-07-31 13:00:00+00:00
27.6,92,26.1,999.9,1000.6,99,6,18,99,7.4,214,14.8,0.0,610.0,-4.1,-32.0,20.5,-1.4,20.9,259,20.5,249,81,2025-07-31 14:00:00+00:00
27.4,93,26.1,1000.5,1001.2,94,5,8,93,7.5,195,14.0,0.0,600.0,-3.8,-30.0,20.8,-1.4,22.0,263,19.5,259,83,2025-07-31 15:00:00+00:00
27.5,92,26.2,1000.6,1001.3,100,1,12,100,8.2,203,16.6,0.0,660.0,-3.8,-31.0,20.4,-1.2,23.7,267,18.0,270,84,2025-07-31 16:00:00+00:00
27.5,92,26.1,1000.8,1001.5,99,4,29,99,6.7,199,15.8,0.0,650.0,-4.0,-33.0,20.0,-1.2,25.5,270,16.0,283,86,2025-07-31 17:00:00+00:00
27.3,93,26.1,1000.4,1001.1,90,0,29,87,7.1,201,13.3,0.0,950.0,-4.1,-41.0,19.8,-1.4,29.2,270,11.8,294,90,2025-07-31 18:00:00+00:00
27.1,94,26.1,999.6,1000.3,98,5,8,98,7.1,201,14.8,0.0,760.0,-3.4,-42.0,19.9,-1.6,30.1,271,11.4,288,89,2025-07-31 19:00:00+00:00
26.9,95,26.0,999.2,999.9,96,45,25,91,5.0,224,13.7,0.2,700.0,-3.8,-42.0,20.0,-1.6,30.1,270,9.7,277,84,2025-07-31 20:00:00+00:00
26.5,94,25.5,998.8,999.5,100,28,42,99,12.2,194,25.2,0.0,490.0,-3.0,-47.0,19.9,-1.6,29.6,268,8.4,270,84,2025-07-31 21:00:00+00:00
25.9,95,25.1,999.7,1000.4,100,90,79,100,6.9,250,24.1,4.2,500.0,-2.6,-87.0,19.9,-1.6,30.1,268,9.6,270,87,2025-07-31 22:00:00+00:00
25.8,98,25.4,999.5,1000.2,100,58,23,100,5.0,221,12.2,1.1,470.0,-2.6,-69.0,19.9,-1.6,29.7,266,7.2,270,88,2025-07-31 23:00:00+00:00
25.9,98,25.5,1000.0,1000.7,96,62,12,88,4.1,232,9.0,0.2,900.0,-2.7,-61.0,20.3,-1.6,29.2,256,9.9,284,87,2025-08-01 00:00:00+00:00
28.0,93,26.7,1000.1,1000.8,95,5,26,93,6.5,203,15.5,0.1,930.0,-3.1,-46.0,20.5,-1.6,28.7,260,6.5,292,88,2025-08-01 01:00:00+00:00
28.9,86,26.4,1000.4,1001.1,71,31,2,57,12.3,230,27.7,0.1,980.0,-3.7,-17.0,20.4,-1.6,28.2,261,6.1,281,89,2025-08-01 02:00:00+00:00
30.1,83,26.9,1000.7,1001.4,98,9,5,98,10.1,243,27.7,0.2,1030.0,-3.3,-17.0,20.3,-1.4,26.6,263,4.8,270,88,2025-08-01 03:00:00+00:00
29.9,82,26.4,1000.7,1001.4,98,32,57,97,10.3,266,31.7,0.3,1140.0,-2.4,-26.0,20.4,-1.4,23.3,268,6.1,259,86,2025-08-01 04:00:00+00:00
30.4,79,26.4,1000.5,1001.2,96,7,5,95,8.0,264,28.1,0.1,1130.0,-2.6,-5.0,20.3,-1.4,22.3,271,7.2,270,88,2025-08-01 05:00:00+00:00
31.3,76,26.6,999.9,1000.6,81,10,8,77,7.0,267,25.9,0.1,1260.0,-3.4,0.0,20.2,-1.2,18.7,273,1.7,225,88,2025-08-01 06:00:00+00:00
31.7,76,27.1,998.8,999.5,100,100,9,70,4.6,249,25.6,0.1,1340.0,-3.1,0.0,20.0,-1.2,15.6,275,1.7,225,88,2025-08-01 07:00:00+00:00
31.8,77,27.2,997.9,998.6,99,95,7,77,5.7,226,23.4,0.2,1440.0,-2.9,-1.0,20.0,-0.9,12.8,270,2.4,180,87,2025-08-01 08:00:00+00:00
31.5,77,26.9,997.5,998.2,94,51,10,88,9.0,218,27.0,2.7,1560.0,-3.0,0.0,20.2,-0.7,12.3,270,2.7,207,84,2025-08-01 09:00:00+00:00
30.0,83,26.7,997.2,997.9,100,8,3,100,6.1,175,27.0,3.8,1570.0,-2.8,-1.0,20.2,-0.7,11.4,265,3.4,225,82,2025-08-01 10:00:00+00:00
29.7,83,26.4,997.3,998.0,100,3,21,99,9.3,171,23.4,0.0,1550.0,-3.5,0.0,20.5,-0.7,14.8,261,4.3,214,79,2025-08-01 11:00:00+00:00
29.3,84,26.4,998.0,998.7,100,0,9,100,6.2,170,20.9,0.0,1760.0,-4.1,-10.0,20.8,-0.7,14.3,253,2.4,180,78,2025-08-01 12:00:00+00:00
28.8,90,26.9,999.3,1000.0,100,0,36,100,4.8,193,11.5,0.0,1680.0,-3.6,-31.0,20.8,-0.9,14.7,248,3.8,198,78,2025-08-01 13:00:00+00:00
28.4,91,26.9,1000.0,1000.7,99,3,96,85,4.9,197,9.7,0.0,1300.0,-3.6,-34.0,20.6,-0.9,16.9,243,3.8,162,82,2025-08-01 14:00:00+00:00
28.4,91,26.8,1000.8,1001.5,100,4,3,100,5.2,192,10.1,0.0,1070.0,-3.8,-28.0,20.5,-0.9,19.4,243,3.8,162,82,2025-08-01 15:00:00+00:00
28.2,92,26.8,1001.4,1002.1,100,8,21,100,3.5,204,10.1,0.0,910.0,-3.2,-38.0,20.5,-1.2,20.4,246,4.8,180,82,2025-08-01 16:00:00+00:00
27.9,93,26.6,1001.6,1002.3,100,16,64,100,2.4,279,6.8,0.2,1030.0,-3.1,-54.0,20.5,-1.2,19.6,245,6.1,169,83,2025-08-01 17:00:00+00:00
27.2,95,26.3,1001.1,1001.8,100,36,54,99,2.4,216,6.5,0.1,1080.0,-3.4,-54.0,20.5,-1.2,18.0,249,8.5,172,84,2025-08-01 18:00:00+00:00
26.7,95,25.8,1000.9,1001.6,100,58,85,100,8.3,176,15.1,0.5,920.0,-3.4,-52.0,20.5,-1.2,19.2,248,8.5,172,83,2025-08-01 19:00:00+00:00
26.2,95,25.4,1000.2,1000.9,100,11,14,100,7.8,171,17.6,0.5,850.0,-3.5,-49.0,20.5,-1.4,18.5,250,9.7,173,82,2025-08-01 20:00:00+00:00
26.2,97,25.6,999.8,1000.5,100,2,12,100,8.6,188,16.2,0.4,800.0,-3.5,-46.0,20.5,-1.4,17.3,252,7.3,171,80,2025-08-01 21:00:00+00:00
26.3,97,25.8,999.8,1000.5,100,2,0,100,8.6,188,16.2,0.1,740.0,-3.5,-45.0,20.4,-1.4,17.2,253,7.3,171,80,2025-08-01 22:00:00+00:00
26.3,97,25.8,1000.1,1000.8,100,17,23,100,6.3,193,16.6,0.0,670.0,-3.5,-42.0,20.4,-1.6,17.9,255,7.2,180,83,2025-08-01 23:00:00+00:00
26.3,97,25.8,1000.3,1001.0,100,0,17,100,8.6,196,16.2,0.0,1240.0,-3.5,-42.0,20.5,-1.4,23.3,258,10.3,201,83,2025-08-02 00:00:00+00:00
27.8,95,26.8,1000.9,1001.6,100,0,36,99,6.8,177,14.0,0.0,1110.0,-3.6,-28.0,20.5,-1.4,23.1,255,8.5,188,82,2025-08-02 01:00:00+00:00
28.7,91,27.0,1001.4,1002.1,99,0,20,99,7.4,198,17.6,0.0,1230.0,-3.5,-16.0,20.6,-1.4,26.0,255,8.4,180,82,2025-08-02 02:00:00+00:00
29.9,85,27.2,1001.7,1002.4,100,0,86,98,9.3,198,23.4,0.0,1630.0,-3.3,-6.0,20.4,-1.2,26.4,252,9.6,180,79,2025-08-02 03:00:00+00:00
29.7,86,27.1,1002.0,1002.7,100,0,100,100,9.4,187,23.8,0.0,2010.0,-3.1,0.0,20.5,-1.2,26.8,249,9.7,187,80,2025-08-02 04:00:00+00:00
30.2,85,27.5,1001.5,1002.2,100,8,100,100,8.0,188,23.4,0.1,2260.0,-2.6,0.0,20.3,-1.4,25.7,247,9.7,187,81,2025-08-02 05:00:00+00:00
30.1,84,27.1,1001.1,1001.8,100,9,100,100,7.5,191,23.0,0.6,2420.0,-3.0,0.0,20.3,-0.9,18.6,239,12.1,174,81,2025-08-02 06:00:00+00:00
31.4,80,27.4,1000.1,1000.8,100,0,6,100,6.2,187,22.7,0.1,2430.0,-3.2,0.0,20.5,-0.7,17.6,239,13.2,180,81,2025-08-02 07:00:00+00:00
32.6,75,27.5,998.9,999.6,94,3,5,94,6.5,186,24.1,0.1,2170.0,-3.5,0.0,20.6,-0.7,18.1,231,14.6,189,74,2025-08-02 08:00:00+00:00
29.4,86,26.8,998.7,999.4,100,2,23,100,9.6,200,32.4,3.3,2710.0,-4.7,0.0,20.9,-0.5,16.1,227,16.0,193,74,2025-08-02 09:00:00+00:00
30.2,84,27.2,998.2,998.9,100,10,16,100,3.9,146,22.7,0.0,2590.0,-4.8,-3.0,21.0,-0.9,15.5,223,15.6,203,73,2025-08-02 10:00:00+00:00
31.0,81,27.5,998.5,999.2,100,6,6,100,5.2,149,13.3,0.0,1940.0,-4.9,-10.0,21.2,-0.9,17.9,218,14.0,211,74,2025-08-02 11:00:00+00:00
30.6,80,26.9,999.1,999.8,100,1,8,100,8.7,194,17.6,0.1,2130.0,-4.1,-12.0,21.0,-0.9,18.1,214,15.6,203,71,2025-08-02 12:00:00+00:00
30.2,80,26.4,1000.5,1001.2,100,1,18,100,8.4,189,18.4,0.0,1680.0,-3.7,-17.0,21.4,-0.5,22.8,209,14.5,204,76,2025-08-02 13:00:00+00:00
29.7,83,26.5,1001.3,1002.0,100,4,2,100,8.4,173,16.6,0.0,1860.0,-3.3,-37.0,21.0,-0.5,23.2,208,15.2,198,72,2025-08-02 14:00:00+00:00
29.3,85,26.6,1002.3,1003.0,100,7,3,100,8.6,165,16.9,0.0,1910.0,-3.2,-36.0,21.0,-0.7,24.0,207,15.2,198,72,2025-08-02 15:00:00+00:00
29.0,88,26.9,1002.7,1003.4,100,1,26,100,10.3,173,20.9,0.0,1780.0,-3.3,-36.0,21.0,-0.7,25.5,207,14.6,189,78,2025-08-02 16:00:00+00:00
28.4,88,26.2,1003.1,1003.8,100,56,21,100,10.3,211,23.8,1.9,1650.0,-3.2,-45.0,20.9,-0.9,28.0,210,14.4,185,77,2025-08-02 17:00:00+00:00
27.7,93,26.5,1002.9,1003.6,100,16,24,100,10.5,193,19.1,1.9,1860.0,-3.2,-39.0,20.5,-1.2,31.0,213,17.0,188,78,2025-08-02 18:00:00+00:00
27.6,94,26.5,1002.6,1003.3,100,21,19,100,9.0,213,20.5,0.0,1560.0,-3.0,-42.0,20.3,-1.4,33.8,217,16.8,184,84,2025-08-02 19:00:00+00:00
27.3,94,26.3,1002.3,1003.0,100,28,27,100,9.7,214,18.0,0.1,1540.0,-3.4,-55.0,20.3,-1.4,35.0,219,18.2,188,86,2025-08-02 20:00:00+00:00
26.9,95,26.0,1002.4,1003.1,100,1,32,100,5.1,207,19.4,0.1,1340.0,-3.2,-61.0,20.3,-1.4,35.7,219,18.6,195,81,2025-08-02 21:00:00+00:00
27.0,95,26.1,1002.4,1003.1,100,0,25,100,6.3,160,10.4,0.0,1310.0,-3.4,-53.0,20.3,-1.4,36.5,220,17.5,196,80,2025-08-02 22:00:00+00:00
27.1,96,26.3,1002.2,1002.9,100,2,11,100,7.6,165,15.8,0.0,1380.0,-3.7,-44.0,20.3,-1.6,35.8,223,15.0,209,80,2025-08-02 23:00:00+00:00
27.2,95,26.4,1002.4,1003.1,100,0,5,100,8.8,160,16.9,0.0,1740.0,-3.5,-29.0,20.6,-1.6,36.6,216,16.0,193,76,2025-08-03 00:00:00+00:00
28.9,88,26.8,1003.1,1003.8,100,0,1,100,10.2,170,23.0,0.0,1800.0,-3.7,-16.0,20.5,-1.9,33.5,217,14.8,194,74,2025-08-03 01:00:00+00:00
29.9,84,27.0,1003.7,1004.4,98,0,1,98,11.2,177,25.2,0.0,1820.0,-3.2,-11.0,20.6,-1.6,33.0,215,16.0,193,72,2025-08-03 02:00:00+00:00
30.9,80,27.1,1004.2,1004.9,97,1,2,96,12.3,188,29.5,0.0,1740.0,-3.4,-3.0,20.6,-1.6,33.6,216,14.6,189,72,2025-08-03 03:00:00+00:00
31.6,78,27.3,1004.4,1005.1,93,1,3,93,11.8,189,33.5,0.1,1470.0,-3.8,0.0,20.5,-1.9,34.6,221,14.6,189,74,2025-08-03 04:00:00+00:00
32.5,74,27.3,1004.2,1004.9,61,3,4,58,12.5,195,36.7,0.1,1880.0,-4.3,0.0,20.4,-1.6,34.2,223,14.8,194,73,2025-08-03 05:00:00+00:00
30.0,81,26.4,1004.2,1004.9,97,27,12,96,16.7,209,41.4,3.8,1950.0,-3.7,0.0,20.3,-1.6,29.3,224,17.5,196,74,2025-08-03 06:00:00+00:00
31.7,76,27.0,1003.2,1003.9,100,42,1,100,9.6,189,37.8,0.2,1910.0,-3.5,0.0,19.8,-1.6,27.5,219,16.7,201,72,2025-08-03 07:00:00+00:00
29.9,81,26.3,1003.0,1003.7,93,0,8,93,11.2,191,43.2,1.7,1620.0,-3.7,0.0,20.2,-1.6,26.8,220,18.8,207,72,2025-08-03 08:00:00+00:00
30.9,78,26.6,1002.6,1003.3,99,43,12,99,17.2,205,43.6,0.4,1320.0,-3.7,-1.0,20.4,-1.6,29.1,220,18.3,212,68,2025-08-03 09:00:00+00:00
30.0,82,26.6,1002.1,1002.8,81,14,0,78,12.0,192,44.6,0.5,1470.0,-3.6,-5.0,20.5,-1.4,30.4,221,18.0,217,72,2025-08-03 10:00:00+00:00
30.0,83,26.7,1001.4,1002.1,70,6,4,67,14.1,185,34.2,0.1,1250.0,-4.6,0.0,20.8,-1.4,31.9,222,17.0,225,76,2025-08-03 11:00:00+00:00
29.5,84,26.5,1001.6,1002.3,64,5,7,60,11.0,191,32.8,0.0,1370.0,-4.2,-2.0,20.6,-1.4,32.4,215,15.6,212,77,2025-08-03 12:00:00+00:00
27.2,93,25.9,1003.8,1004.5,99,0,13,98,8.3,184,28.4,0.5,1050.0,-3.5,-14.0,20.6,-1.6,32.5,218,15.4,219,78,2025-08-03 13:00:00+00:00
27.7,93,26.4,1004.1,1004.8,100,1,5,100,8.7,176,16.2,0.3,1240.0,-3.6,-21.0,20.8,-1.6,33.6,222,16.1,222,78,2025-08-03 14:00:00+00:00
27.9,93,26.7,1005.1,1005.8,100,13,16,100,8.8,182,16.2,0.2,1380.0,-3.8,-22.0,20.8,-1.6,32.2,223,17.1,231,77,2025-08-03 15:00:00+00:00
28.1,93,26.8,1005.3,1006.0,100,16,4,100,9.8,187,18.4,0.1,1450.0,-3.6,-22.0,20.9,-1.6,31.9,222,17.1,231,74,2025-08-03 16:00:00+00:00
28.2,92,26.7,1005.7,1006.4,100,1,1,100,10.3,186,20.5,0.0,1490.0,-3.7,-21.0,21.0,-1.6,32.2,223,20.0,237,74,2025-08-03 17:00:00+00:00
28.1,92,26.7,1004.9,1005.6,100,5,1,100,11.2,186,21.6,0.0,1750.0,-3.6,-35.0,20.5,-2.1,32.9,223,23.7,240,76,2025-08-03 18:00:00+00:00
28.1,92,26.6,1004.2,1004.9,100,10,2,100,11.7,191,23.8,0.0,1510.0,-3.8,-29.0,20.5,-2.1,33.5,225,25.8,242,78,2025-08-03 19:00:00+00:00
27.5,92,26.1,1004.1,1004.8,100,71,9,100,11.7,207,23.4,1.5,1370.0,-3.9,-31.0,20.4,-2.3,32.9,228,25.2,245,79,2025-08-03 20:00:00+00:00
27.5,92,26.1,1004.4,1005.1,100,32,14,100,7.4,223,21.6,1.4,1280.0,-3.9,-31.0,20.4,-2.3,31.7,230,24.7,247,80,2025-08-03 21:00:00+00:00
26.9,93,25.8,1004.5,1005.2,100,69,21,100,9.6,240,17.6,2.0,1200.0,-3.6,-38.0,20.3,-2.3,30.2,232,23.6,255,79,2025-08-03 22:00:00+00:00
25.9,96,25.2,1004.4,1005.1,100,32,13,100,6.1,175,16.9,6.4,1180.0,-3.2,-41.0,20.3,-2.1,28.1,234,22.1,257,79,2025-08-03 23:00:00+00:00
26.0,95,25.2,1004.9,1005.6,100,23,11,100,7.5,201,15.8,0.1,1300.0,-3.2,-40.0,20.3,-2.3,24.2,250,25.3,265,78,2025-08-04 00:00:00+00:00
27.5,93,26.2,1005.1,1005.8,100,0,0,100,8.3,181,16.2,0.0,1380.0,-3.6,-29.0,20.4,-2.6,22.3,250,22.9,264,78,2025-08-04 01:00:00+00:00
28.4,89,26.4,1005.8,1006.5,100,3,0,100,10.5,200,23.0,0.0,1290.0,-3.3,-20.0,20.4,-2.3,20.5,249,24.0,267,77,2025-08-04 02:00:00+00:00
29.3,86,26.7,1006.1,1006.8,100,6,0,100,12.1,207,26.3,0.0,1360.0,-3.3,-13.0,20.3,-2.3,19.0,243,21.6,267,78,2025-08-04 03:00:00+00:00
30.3,82,27.0,1006.4,1007.1,100,5,3,100,10.1,207,27.0,0.1,1400.0,-3.6,-5.0,20.6,-2.3,19.2,242,20.4,270,77,2025-08-04 04:00:00+00:00
31.1,81,27.5,1005.9,1006.6,100,1,2,100,8.2,206,25.6,0.2,1240.0,-3.7,0.0,20.4,-2.3,19.5,237,21.6,273,78,2025-08-04 05:00:00+00:00
31.7,79,27.7,1005.5,1006.2,100,36,1,100,7.6,207,23.4,0.2,2190.0,-4.2,0.0,20.3,-2.1,17.4,223,21.7,264,76,2025-08-04 06:00:00+00:00
31.8,78,27.5,1004.0,1004.7,100,98,1,100,10.3,205,29.2,0.2,2030.0,-4.0,0.0,20.4,-2.1,18.1,227,22.9,264,71,2025-08-04 07:00:00+00:00
29.8,82,26.5,1003.6,1004.3,96,12,16,96,11.8,241,32.0,2.1,1980.0,-4.4,0.0,20.4,-2.1,18.7,225,22.9,264,69,2025-08-04 08:00:00+00:00
31.2,77,26.6,1003.0,1003.7,95,2,3,94,8.9,222,26.6,0.0,1750.0,-4.9,0.0,20.5,-2.1,19.7,228,24.1,264,69,2025-08-04 09:00:00+00:00
31.4,74,26.3,1002.5,1003.2,100,11,17,100,8.6,210,24.5,0.0,1440.0,-4.8,-2.0,20.6,-2.1,20.0,225,24.1,264,70,2025-08-04 10:00:00+00:00
28.6,85,25.9,1003.6,1004.3,100,28,40,100,13.5,241,30.6,1.1,1350.0,-4.8,-3.0,20.6,-2.1,18.1,231,22.9,264,71,2025-08-04 11:00:00+00:00
27.9,88,25.7,1003.3,1004.0,100,1,1,100,2.9,202,27.7,0.1,2400.0,-5.4,-5.0,21.0,-1.9,16.8,237,24.0,267,66,2025-08-04 12:00:00+00:00
28.8,88,26.5,1003.8,1004.5,100,6,11,100,5.6,187,16.6,0.0,1910.0,-5.1,-10.0,21.2,-2.1,15.5,242,21.6,267,70,2025-08-04 13:00:00+00:00
28.6,89,26.7,1004.4,1005.1,100,4,2,100,6.5,182,13.0,0.0,1980.0,-5.7,-18.0,21.2,-2.3,16.1,245,20.4,267,67,2025-08-04 14:00:00+00:00
28.4,91,26.7,1005.0,1005.7,100,4,9,100,7.0,184,13.3,0.0,1900.0,-5.8,-35.0,21.2,-2.1,15.7,248,20.4,267,64,2025-08-04 15:00:00+00:00
28.2,91,26.7,1005.4,1006.1,100,2,7,100,6.8,192,13.3,0.0,1820.0,-5.0,-42.0,21.2,-1.9,16.1,254,19.3,263,67,2025-08-04 16:00:00+00:00
28.1,92,26.7,1005.6,1006.3,100,0,2,100,7.9,196,15.1,0.0,1890.0,-5.2,-44.0,21.1,-2.1,14.5,257,20.7,260,68,2025-08-04 17:00:00+00:00
28.0,93,26.8,1005.1,1005.8,100,0,1,100,7.6,199,15.8,0.0,1830.0,-4.5,-47.0,20.8,-2.3,12.6,244,20.5,263,70,2025-08-04 18:00:00+00:00
27.3,95,26.5,1004.5,1005.2,98,31,6,97,4.3,237,14.8,0.7,1450.0,-3.7,-36.0,20.5,-2.3,14.1,245,21.7,264,68,2025-08-04 19:00:00+00:00
27.0,95,26.2,1004.1,1004.8,100,18,6,100,3.2,218,8.6,0.9,1300.0,-3.4,-40.0,20.5,-2.6,15.5,246,21.6,267,70,2025-08-04 20:00:00+00:00
27.0,95,26.2,1004.2,1004.9,100,30,12,100,4.6,167,7.9,0.0,1170.0,-3.3,-41.0,20.5,-2.6,16.1,245,22.8,267,72,2025-08-04 21:00:00+00:00
27.0,96,26.3,1004.3,1005.0,100,2,0,100,8.0,188,15.1,0.0,980.0,-4.1,-49.0,20.3,-2.6,16.7,244,24.0,270,73,2025-08-04 22:00:00+00:00
26.9,97,26.4,1004.4,1005.1,100,4,3,100,7.6,180,14.8,0.0,810.0,-3.8,-37.0,20.3,-2.8,17.7,244,24.0,273,71,2025-08-04 23:00:00+00:00
26.8,96,26.1,1005.0,1005.7,100,2,11,100,7.7,179,15.1,0.0,860.0,-3.4,-38.0,20.3,-2.8,18.1,242,33.6,272,74,2025-08-05 00:00:00+00:00
26.2,96,25.4,1005.8,1006.5,100,0,3,100,6.6,163,14.8,0.1,690.0,-4.2,-25.0,20.3,-2.3,17.7,241,32.8,278,73,2025-08-05 01:00:00+00:00
27.2,93,25.9,1006.4,1007.1,100,0,1,100,5.3,156,16.2,0.0,630.0,-3.9,-15.0,20.2,-2.3,17.1,241,34.1,280,73,2025-08-05 02:00:00+00:00
28.6,88,26.5,1006.7,1007.4,100,0,7,100,5.6,178,16.6,0.0,720.0,-4.9,-3.0,20.2,-1.9,16.5,242,28.5,285,80,2025-08-05 03:00:00+00:00
30.2,81,26.6,1006.5,1007.2,100,23,19,100,9.1,210,22.7,0.0,850.0,-5.4,0.0,20.0,-2.1,16.5,242,25.4,289,81,2025-08-05 04:00:00+00:00
31.3,79,27.2,1006.2,1006.9,99,3,8,99,8.5,209,24.1,0.1,1260.0,-5.4,0.0,19.9,-1.9,16.8,237,27.9,295,77,2025-08-05 05:00:00+00:00
32.1,76,27.3,1005.6,1006.3,100,8,3,100,8.1,223,25.2,0.2,2370.0,-5.5,0.0,20.2,-2.1,17.2,233,30.1,293,78,2025-08-05 06:00:00+00:00
32.9,73,27.5,1004.2,1004.9,100,28,5,100,7.3,232,25.2,0.3,2430.0,-5.1,0.0,19.9,-2.1,16.9,232,28.5,292,76,2025-08-05 07:00:00+00:00
31.0,81,27.4,1003.2,1003.9,100,100,9,100,9.8,194,24.5,0.6,2120.0,-5.2,0.0,20.3,-2.1,16.3,240,27.9,295,71,2025-08-05 08:00:00+00:00
26.7,93,25.5,1003.2,1003.9,100,33,41,100,5.3,225,34.9,8.2,2080.0,-4.9,0.0,20.3,-2.1,17.2,233,28.4,298,72,2025-08-05 09:00:00+00:00
27.9,89,26.0,1003.0,1003.7,100,7,7,100,0.7,76,14.8,0.9,2190.0,-4.6,-1.0,20.0,-2.1,18.7,236,25.3,301,69,2025-08-05 10:00:00+00:00
28.6,89,26.6,1002.9,1003.6,100,43,4,100,3.7,209,10.1,0.4,1830.0,-4.6,-4.0,20.0,-1.9,19.2,239,25.3,301,68,2025-08-05 11:00:00+00:00
28.3,89,26.4,1003.3,1004.0,100,3,61,100,7.1,210,18.7,0.3,1970.0,-4.4,-12.0,20.4,-1.9,16.5,264,29.0,300,72,2025-08-05 12:00:00+00:00
28.5,88,26.4,1003.8,1004.5,100,0,85,100,6.1,178,11.9,0.0,1740.0,-4.3,-19.0,20.5,-2.1,16.3,259,26.0,304,72,2025-08-05 13:00:00+00:00
28.3,90,26.4,1004.4,1005.1,100,0,100,100,5.6,187,13.0,0.0,1440.0,-4.9,-26.0,20.6,-2.3,16.3,259,24.0,307,76,2025-08-05 14:00:00+00:00
28.2,90,26.5,1005.0,1005.7,100,0,100,100,4.9,190,11.2,0.0,1500.0,-5.3,-30.0,20.9,-2.3,15.5,256,24.0,307,73,2025-08-05 15:00:00+00:00
28.3,90,26.5,1005.7,1006.4,100,0,100,100,5.4,174,10.4,0.0,1660.0,-5.7,-25.0,20.8,-2.6,15.6,255,20.6,306,73,2025-08-05 16:00:00+00:00
28.2,91,26.5,1005.8,1006.5,100,0,52,100,6.2,172,11.9,0.1,1620.0,-5.8,-29.0,20.6,-2.8,16.6,254,19.3,300,74,2025-08-05 17:00:00+00:00
28.1,91,26.5,1005.2,1005.9,100,0,100,100,7.9,183,16.2,0.0,1590.0,-5.7,-24.0,20.4,-3.3,16.9,251,19.4,292,72,2025-08-05 18:00:00+00:00
28.0,92,26.5,1004.1,1004.8,100,0,97,100,8.1,198,16.6,0.0,1480.0,-5.6,-23.0,20.6,-3.5,18.8,256,19.4,292,69,2025-08-05 19:00:00+00:00
27.9,92,26.6,1003.7,1004.4,100,0,100,100,6.6,196,15.8,0.0,1330.0,-5.9,-23.0,20.6,-3.3,19.7,263,18.3,293,71,2025-08-05 20:00:00+00:00
27.9,93,26.6,1003.4,1004.1,100,0,100,100,7.1,199,13.7,0.0,1140.0,-6.8,-26.0,20.4,-3.3,19.6,266,18.8,297,74,2025-08-05 21:00:00+00:00
27.8,94,26.7,1003.6,1004.3,100,0,11,100,6.8,205,14.0,0.2,1030.0,-6.8,-27.0,20.2,-3.3,18.7,269,18.8,297,73,2025-08-05 22:00:00+00:00
27.8,94,26.8,1003.8,1004.5,100,5,3,100,5.9,215,14.0,0.0,910.0,-5.0,-29.0,20.0,-3.0,18.2,269,17.3,304,71,2025-08-05 23:00:00+00:00
27.8,95,26.9,1004.2,1004.9,100,2,46,100,6.8,222,13.0,0.1,930.0,-4.8,-35.0,20.5,-3.0,28.0,292,16.3,306,72,2025-08-06 00:00:00+00:00
26.7,93,25.4,1004.5,1005.2,100,0,100,100,7.4,212,20.9,0.3,840.0,-4.8,-28.0,20.6,-3.0,24.3,298,15.3,315,72,2025-08-06 01:00:00+00:00
26.8,90,25.0,1005.3,1006.0,100,0,100,100,9.7,219,23.0,0.1,780.0,-4.4,-29.0,20.8,-3.0,21.6,305,14.4,318,76,2025-08-06 02:00:00+00:00
27.0,87,24.7,1005.7,1006.4,100,0,99,97,9.6,223,21.6,0.1,820.0,-4.2,-27.0,20.6,-3.0,17.7,299,11.4,342,79,2025-08-06 03:00:00+00:00
27.1,86,24.6,1006.0,1006.7,100,0,100,94,7.8,232,22.0,0.3,830.0,-4.7,-23.0,20.6,-3.0,16.9,294,10.8,360,78,2025-08-06 04:00:00+00:00
27.9,82,24.5,1005.6,1006.3,100,0,100,27,7.7,249,18.7,0.0,890.0,-5.0,-15.0,20.6,-2.8,17.8,293,9.9,14,76,2025-08-06 05:00:00+00:00
28.6,79,24.6,1004.7,1005.4,100,0,100,33,7.9,253,20.2,0.0,1140.0,-4.6,-14.0,20.3,-2.6,14.7,306,11.1,41,82,2025-08-06 06:00:00+00:00
29.1,79,25.0,1003.3,1004.0,100,0,100,1,6.5,276,19.4,0.0,1180.0,-4.0,-17.0,20.2,-2.6,15.9,297,10.2,45,86,2025-08-06 07:00:00+00:00
29.4,79,25.4,1002.1,1002.8,100,0,100,6,4.3,294,16.6,0.0,1310.0,-3.3,-25.0,19.6,-2.3,14.4,288,10.3,36,84,2025-08-06 08:00:00+00:00
30.0,77,25.6,1001.3,1002.0,78,0,76,8,4.2,220,13.3,0.0,1310.0,-2.9,-17.0,19.4,-2.3,15.7,280,9.7,30,83,2025-08-06 09:00:00+00:00
28.1,82,24.8,1001.4,1002.1,100,49,52,99,13.1,226,37.8,0.6,1280.0,-3.0,-13.0,19.4,-1.9,15.1,277,8.0,27,81,2025-08-06 10:00:00+00:00
27.3,89,25.3,1001.0,1001.7,100,0,58,99,8.0,218,28.8,0.7,1230.0,-3.1,-22.0,19.7,-1.9,16.4,273,8.0,27,79,2025-08-06 11:00:00+00:00
27.2,92,25.8,1001.6,1002.3,100,4,100,100,7.5,224,19.1,0.1,1450.0,-4.3,-9.0,20.4,-1.6,19.2,275,9.9,14,77,2025-08-06 12:00:00+00:00
27.0,90,25.3,1002.2,1002.9,100,26,100,100,6.3,321,15.8,0.0,1220.0,-4.8,-18.0,20.6,-1.9,20.6,275,10.7,27,78,2025-08-06 13:00:00+00:00
24.9,99,24.6,1003.3,1004.0,100,18,100,100,2.8,162,21.6,8.4,1430.0,-4.9,-38.0,21.0,-2.1,22.3,270,12.0,37,79,2025-08-06 14:00:00+00:00
25.1,99,24.8,1003.5,1004.2,100,0,91,100,3.5,201,10.4,4.2,1480.0,-4.0,-51.0,21.1,-2.3,23.3,266,11.9,45,78,2025-08-06 15:00:00+00:00
25.5,98,25.1,1004.0,1004.7,100,2,100,97,6.0,213,10.8,0.3,1570.0,-3.4,-50.0,20.8,-2.6,22.6,261,12.0,53,74,2025-08-06 16:00:00+00:00
25.9,97,25.4,1004.0,1004.7,100,0,100,99,5.5,203,10.8,0.0,1610.0,-3.5,-48.0,20.5,-2.6,21.3,260,10.3,69,76,2025-08-06 17:00:00+00:00
26.1,97,25.6,1003.8,1004.5,100,0,100,99,5.3,213,10.1,0.0,1410.0,-3.6,-43.0,20.3,-2.8,22.6,261,7.6,72,80,2025-08-06 18:00:00+00:00
26.2,97,25.8,1003.2,1003.9,100,0,100,100,5.1,228,10.4,0.0,1330.0,-3.7,-41.0,20.4,-2.6,22.5,263,7.3,81,80,2025-08-06 19:00:00+00:00
26.3,97,25.8,1002.6,1003.3,100,0,100,99,5.8,236,10.1,0.0,1400.0,-4.1,-44.0,20.3,-2.6,22.0,264,6.1,101,80,2025-08-06 20:00:00+00:00
26.2,96,25.6,1002.1,1002.8,100,0,65,99,7.0,249,13.0,0.0,1330.0,-2.8,-49.0,20.2,-2.3,22.4,266,4.8,90,80,2025-08-06 21:00:00+00:00
26.1,95,25.3,1002.2,1002.9,100,0,76,100,5.9,256,13.0,0.0,1240.0,-2.9,-47.0,20.4,-2.6,22.8,271,6.5,112,77,2025-08-06 22:00:00+00:00
25.9,95,25.0,1002.3,1003.0,100,0,49,100,4.4,261,11.2,0.4,1070.0,-2.7,-44.0,20.2,-2.6,21.5,276,5.4,117,76,2025-08-06 23:00:00+00:00
26.0,94,25.0,1002.9,1003.6,100,2,61,100,6.2,244,9.7,1.0,1360.0,-2.3,-49.0,19.9,-2.8,25.7,300,7.0,149,79,2025-08-07 00:00:00+00:00
27.7,86,25.2,1002.9,1003.6,89,5,29,84,3.9,286,12.2,0.0,1250.0,-2.8,-40.0,19.8,-2.8,24.5,299,3.8,162,78,2025-08-07 01:00:00+00:00
27.2,87,24.8,1003.7,1004.4,100,11,85,100,9.5,284,23.8,0.3,1080.0,-3.5,-34.0,19.7,-2.6,24.1,299,2.4,180,79,2025-08-07 02:00:00+00:00
26.8,91,25.2,1003.9,1004.6,100,2,100,100,4.1,209,23.0,0.7,1210.0,-3.9,-29.0,19.7,-2.6,20.0,300,1.2,180,82,2025-08-07 03:00:00+00:00
28.5,85,25.8,1004.0,1004.7,100,3,98,100,4.0,198,13.7,0.1,1590.0,-3.5,-18.0,19.9,-2.3,17.5,295,1.7,45,80,2025-08-07 04:00:00+00:00
28.9,84,25.9,1003.6,1004.3,100,0,7,100,4.6,201,14.0,0.0,1800.0,-3.5,-5.0,20.2,-2.1,15.3,287,3.6,360,79,2025-08-07 05:00:00+00:00
30.6,79,26.5,1003.3,1004.0,100,2,19,100,9.1,219,24.8,0.2,1350.0,-3.1,-10.0,19.6,-2.1,9.8,307,12.0,53,80,2025-08-07 06:00:00+00:00
30.9,78,26.6,1002.2,1002.9,100,3,5,100,7.7,233,24.5,0.1,1490.0,-3.0,-10.0,18.8,-1.9,6.4,278,13.0,56,80,2025-08-07 07:00:00+00:00
31.5,74,26.3,1000.8,1001.5,100,15,14,100,8.5,212,25.6,0.1,1390.0,-3.0,-5.0,19.1,-1.9,5.5,279,13.4,63,79,2025-08-07 08:00:00+00:00
29.8,79,25.7,1000.6,1001.3,100,41,48,100,11.6,187,27.0,1.9,1410.0,-2.9,-5.0,19.1,-1.9,5.8,288,13.4,63,79,2025-08-07 09:00:00+00:00
28.4,85,25.6,1000.3,1001.0,100,8,39,100,5.6,180,29.2,0.4,1150.0,-3.7,-5.0,19.2,-1.6,5.5,294,14.5,66,77,2025-08-07 10:00:00+00:00
28.5,87,26.1,1000.1,1000.8,100,9,17,99,6.5,177,15.5,0.3,1030.0,-3.3,-20.0,19.4,-1.6,5.3,301,16.3,73,76,2025-08-07 11:00:00+00:00
28.4,86,25.9,1001.2,1001.9,99,26,27,98,12.4,193,24.1,0.5,1530.0,-3.4,-24.0,19.7,-1.6,8.2,273,17.8,70,77,2025-08-07 12:00:00+00:00
27.3,95,26.5,1001.9,1002.6,100,12,59,100,4.9,184,12.6,0.1,1070.0,-2.8,-24.0,19.8,-1.9,6.2,253,16.3,73,79,2025-08-07 13:00:00+00:00
27.3,95,26.4,1002.7,1003.4,100,11,93,100,6.4,172,12.2,0.0,920.0,-3.2,-43.0,19.9,-1.9,8.8,249,18.6,75,80,2025-08-07 14:00:00+00:00
27.0,96,26.3,1003.5,1004.2,100,1,22,100,8.5,168,16.6,0.0,910.0,-3.1,-49.0,20.0,-2.1,10.0,254,20.5,83,81,2025-08-07 15:00:00+00:00
26.5,96,25.8,1004.0,1004.7,100,0,35,100,7.2,166,16.6,0.1,930.0,-3.1,-42.0,20.0,-2.3,11.2,258,21.6,87,83,2025-08-07 16:00:00+00:00
26.1,96,25.4,1004.3,1005.0,100,1,53,100,11.5,150,22.0,0.0,920.0,-2.8,-42.0,19.9,-2.3,11.5,261,21.6,93,84,2025-08-07 17:00:00+00:00
25.3,96,24.6,1004.2,1004.9,100,10,94,99,11.7,160,26.3,0.0,850.0,-2.0,-59.0,19.4,-2.6,11.0,253,22.4,106,86,2025-08-07 18:00:00+00:00
25.2,96,24.5,1003.6,1004.3,100,9,39,100,8.8,178,23.4,0.0,760.0,-1.7,-51.0,19.4,-2.6,12.0,252,21.3,106,84,2025-08-07 19:00:00+00:00
25.3,95,24.5,1003.3,1004.0,100,5,49,100,8.3,176,17.6,0.0,700.0,-1.5,-57.0,19.3,-2.6,10.7,250,21.0,103,84,2025-08-07 20:00:00+00:00
25.1,96,24.5,1003.1,1003.8,100,78,19,100,9.3,167,18.7,0.0,620.0,-1.7,-54.0,19.2,-2.3,10.8,242,24.5,101,84,2025-08-07 21:00:00+00:00
25.2,96,24.5,1003.0,1003.7,99,6,2,99,7.8,173,19.1,0.0,520.0,-1.9,-46.0,19.2,-2.3,10.2,238,24.7,104,84,2025-08-07 22:00:00+00:00
25.1,96,24.3,1003.0,1003.7,99,7,6,99,5.9,168,15.8,0.0,470.0,-2.1,-39.0,19.2,-2.3,9.8,233,24.7,104,86,2025-08-07 23:00:00+00:00
24.5,96,23.9,1003.9,1004.6,100,90,69,98,10.6,150,22.7,0.2,530.0,-1.9,-34.0,18.9,-2.3,9.7,262,30.1,113,89,2025-08-08 00:00:00+00:00
26.6,96,25.8,1004.6,1005.3,100,10,100,100,9.2,228,17.3,0.3,510.0,-2.6,-42.0,19.1,-2.3,9.0,240,29.6,111,90,2025-08-08 01:00:00+00:00
27.5,89,25.5,1005.3,1006.0,100,13,97,100,11.7,225,25.2,0.1,520.0,-2.5,-10.0,19.2,-2.6,9.1,233,31.2,113,90,2025-08-08 02:00:00+00:00
27.5,89,25.6,1006.1,1006.8,100,9,100,100,13.3,208,29.9,0.4,580.0,-3.1,-10.0,19.1,-2.3,10.0,219,35.0,112,91,2025-08-08 03:00:00+00:00
27.6,89,25.6,1006.4,1007.1,100,24,100,100,10.8,212,28.8,0.4,560.0,-3.2,-19.0,19.1,-1.9,11.3,223,37.7,121,88,2025-08-08 04:00:00+00:00
28.0,86,25.4,1006.5,1007.2,100,18,16,100,11.5,211,26.3,0.2,310.0,-2.9,-16.0,19.1,-2.1,12.7,218,35.6,135,91,2025-08-08 05:00:00+00:00
29.0,80,25.3,1006.0,1006.7,100,10,8,100,11.5,219,28.1,0.2,200.0,-2.5,-24.0,18.8,-2.1,9.2,213,32.4,141,91,2025-08-08 06:00:00+00:00
29.7,76,25.1,1005.6,1006.3,100,7,3,100,9.1,221,27.7,0.2,310.0,-2.7,-15.0,18.8,-2.1,11.9,212,28.1,140,92,2025-08-08 07:00:00+00:00
30.9,69,24.5,1004.5,1005.2,99,11,34,99,8.6,217,23.4,0.1,260.0,-2.1,-22.0,18.8,-2.6,14.3,211,24.6,133,90,2025-08-08 08:00:00+00:00
30.7,66,23.7,1003.6,1004.3,100,10,69,100,11.2,206,26.6,0.0,210.0,-1.8,-167.0,19.1,-2.1,14.3,211,22.3,126,89,2025-08-08 09:00:00+00:00
30.5,69,24.1,1003.2,1003.9,100,7,8,100,8.6,200,26.6,0.0,200.0,-1.9,-76.0,19.3,-1.6,12.2,207,22.3,126,84,2025-08-08 10:00:00+00:00
30.2,71,24.5,1003.5,1004.2,100,5,20,100,9.1,195,21.2,0.0,220.0,-2.5,-33.0,19.4,-1.6,14.4,198,20.6,126,80,2025-08-08 11:00:00+00:00
29.4,77,24.9,1004.0,1004.7,100,8,9,100,9.4,185,20.2,0.0,460.0,-2.0,-26.0,19.6,-1.9,15.9,217,13.7,142,77,2025-08-08 12:00:00+00:00
27.4,88,25.2,1005.2,1005.9,92,5,16,90,4.6,167,17.6,0.5,410.0,-2.0,-19.0,19.6,-1.2,18.1,208,15.0,119,77,2025-08-08 13:00:00+00:00
26.8,92,25.3,1006.1,1006.8,100,0,16,99,7.3,155,14.4,0.0,460.0,-2.4,-18.0,19.3,-1.4,20.0,210,15.6,122,78,2025-08-08 14:00:00+00:00
26.5,93,25.3,1007.0,1007.7,88,0,25,84,7.8,158,15.8,0.0,380.0,-2.1,-31.0,19.1,-1.4,23.2,208,17.3,124,78,2025-08-08 15:00:00+00:00
26.4,94,25.4,1008.1,1008.8,94,0,31,91,8.2,161,16.2,0.0,340.0,-2.3,-44.0,19.2,-1.6,27.1,213,16.7,120,81,2025-08-08 16:00:00+00:00
26.3,94,25.3,1008.1,1008.8,100,0,18,100,8.3,156,16.6,0.0,370.0,-2.2,-23.0,19.1,-1.9,29.6,217,16.1,117,82,2025-08-08 17:00:00+00:00
26.3,93,25.1,1008.1,1008.8,100,0,15,100,8.3,158,17.3,0.0,570.0,-1.6,-20.0,19.1,-2.8,30.2,218,20.5,111,79,2025-08-08 18:00:00+00:00
26.2,94,25.1,1007.7,1008.4,36,3,16,21,8.6,157,17.3,0.0,530.0,-1.9,-15.0,18.8,-2.3,30.1,219,19.4,112,80,2025-08-08 19:00:00+00:00
26.2,94,25.1,1007.1,1007.8,30,5,9,18,7.8,175,17.3,0.0,570.0,-1.7,-16.0,18.8,-2.3,27.2,220,18.3,113,82,2025-08-08 20:00:00+00:00
26.2,93,25.0,1006.9,1007.6,64,31,48,15,10.4,203,20.2,0.3,480.0,-1.2,-22.0,18.8,-2.3,25.6,220,19.4,112,84,2025-08-08 21:00:00+00:00
25.7,94,24.6,1006.6,1007.3,42,0,41,0,7.6,198,22.0,0.1,430.0,-1.0,-27.0,18.8,-2.8,25.2,222,20.4,118,87,2025-08-08 22:00:00+00:00
25.4,95,24.5,1006.8,1007.5,15,5,10,1,7.4,184,15.8,0.0,430.0,-1.1,-28.0,18.7,-2.8,24.2,224,17.1,129,88,2025-08-08 23:00:00+00:00
25.5,95,24.7,1007.4,1008.1,9,2,7,0,7.6,177,14.4,0.0,730.0,-1.7,-25.0,19.1,-2.8,28.7,243,15.3,135,86,2025-08-09 00:00:00+00:00
25.8,89,23.8,1007.8,1008.5,98,11,88,90,15.2,166,33.5,0.2,720.0,-2.7,-11.0,19.1,-2.6,25.7,240,14.4,138,81,2025-08-09 01:00:00+00:00
25.7,89,23.8,1009.0,1009.7,100,97,100,75,5.5,218,31.3,0.7,820.0,-3.3,0.0,18.9,-2.6,24.3,240,10.2,135,79,2025-08-09 02:00:00+00:00
24.8,96,24.0,1009.0,1009.7,96,17,93,25,10.4,141,22.7,3.6,1110.0,-3.4,0.0,18.9,-2.6,23.9,239,11.1,139,80,2025-08-09 03:00:00+00:00
26.7,88,24.5,1009.1,1009.8,96,92,13,39,11.6,172,26.6,1.4,1060.0,-3.5,0.0,18.9,-2.6,23.3,235,7.7,141,81,2025-08-09 04:00:00+00:00
29.0,81,25.4,1008.7,1009.4,98,95,39,42,10.8,178,27.7,0.1,1330.0,-3.5,0.0,18.9,-2.6,22.7,232,4.3,146,82,2025-08-09 05:00:00+00:00
30.1,75,25.2,1007.9,1008.6,48,6,19,36,11.2,174,31.7,0.0,1400.0,-3.6,0.0,18.6,-2.6,18.7,229,8.0,153,73,2025-08-09 06:00:00+00:00
31.1,73,25.7,1006.9,1007.6,78,9,3,75,12.4,183,33.5,0.0,1460.0,-2.9,0.0,18.6,-2.6,17.4,221,6.5,158,74,2025-08-09 07:00:00+00:00
31.6,70,25.6,1005.7,1006.4,39,12,28,7,14.1,193,34.2,0.0,1760.0,-2.9,0.0,18.9,-2.3,13.9,229,4.8,180,74,2025-08-09 08:00:00+00:00
31.1,71,25.3,1004.7,1005.4,39,9,28,9,14.0,192,36.7,0.1,1690.0,-3.5,-2.0,19.3,-2.6,13.5,228,3.8,198,78,2025-08-09 09:00:00+00:00
30.7,71,24.8,1003.6,1004.3,19,3,11,7,14.1,191,32.8,0.0,1410.0,-3.0,-1.0,20.0,-2.3,17.7,235,2.7,207,80,2025-08-09 10:00:00+00:00
30.2,73,24.8,1003.4,1004.1,31,11,8,16,15.0,193,33.5,0.0,870.0,-3.4,-1.0,19.9,-2.1,18.2,233,1.7,225,78,2025-08-09 11:00:00+00:00
29.2,79,25.1,1003.8,1004.5,35,8,8,24,12.6,189,32.8,0.0,1230.0,-3.4,-4.0,20.4,-1.9,17.5,231,6.8,135,73,2025-08-09 12:00:00+00:00
28.3,87,25.9,1005.2,1005.9,99,1,98,66,8.3,174,24.8,0.0,1130.0,-2.7,-20.0,20.3,-1.9,17.7,226,6.5,112,68,2025-08-09 13:00:00+00:00
28.0,88,25.9,1005.6,1006.3,75,0,64,30,9.7,179,19.4,0.0,1090.0,-2.7,-39.0,20.5,-2.1,19.0,226,9.1,113,71,2025-08-09 14:00:00+00:00
27.7,89,25.8,1006.1,1006.8,100,0,100,9,10.0,174,20.9,0.0,1030.0,-3.0,-44.0,20.4,-1.9,19.4,221,10.3,111,73,2025-08-09 15:00:00+00:00
27.6,89,25.7,1006.5,1007.2,100,0,99,94,8.5,175,20.5,0.0,940.0,-3.0,-51.0,20.3,-2.1,19.7,220,11.8,114,74,2025-08-09 16:00:00+00:00
27.4,90,25.6,1006.7,1007.4,98,0,94,69,8.7,176,17.3,0.0,1040.0,-3.1,-53.0,20.3,-2.6,21.3,222,11.3,122,73,2025-08-09 17:00:00+00:00
27.4,90,25.5,1006.8,1007.5,100,0,58,100,8.3,182,18.0,0.0,1280.0,-3.4,-49.0,20.5,-2.8,18.1,229,14.5,114,74,2025-08-09 18:00:00+00:00
27.3,90,25.5,1006.5,1007.2,99,0,75,95,8.6,181,17.3,0.0,1280.0,-3.5,-42.0,20.5,-2.8,17.8,230,14.0,110,74,2025-08-09 19:00:00+00:00
27.3,90,25.5,1005.8,1006.5,100,0,100,99,10.0,193,20.2,0.0,1380.0,-3.6,-33.0,20.5,-2.8,17.2,233,13.7,105,76,2025-08-09 20:00:00+00:00
27.3,90,25.5,1005.2,1005.9,100,0,100,98,10.3,193,21.2,0.0,1440.0,-3.5,-32.0,20.4,-2.8,16.6,233,14.8,104,74,2025-08-09 21:00:00+00:00
27.2,90,25.4,1005.2,1005.9,100,0,98,91,9.1,197,21.2,0.0,1410.0,-3.4,-36.0,20.3,-2.8,16.8,229,14.8,104,72,2025-08-09 22:00:00+00:00
27.0,90,25.3,1005.4,1006.1,100,0,100,98,8.3,202,18.4,0.0,1440.0,-3.1,-42.0,20.4,-3.0,17.7,226,14.6,99,71,2025-08-09 23:00:00+00:00
26.8,91,25.2,1005.6,1006.3,100,0,100,89,6.4,191,16.9,0.0,1620.0,-3.7,-39.0,20.4,-2.8,18.8,238,15.2,108,69,2025-08-10 00:00:00+00:00
28.4,88,26.3,1005.7,1006.4,98,0,1,98,7.3,170,16.2,0.0,1560.0,-4.3,-20.0,20.4,-3.0,17.8,238,16.7,111,70,2025-08-10 01:00:00+00:00
29.6,83,26.5,1006.0,1006.7,52,12,1,45,9.9,195,22.3,0.0,1470.0,-4.4,-11.0,20.3,-2.8,16.4,236,19.4,112,70,2025-08-10 02:00:00+00:00
30.7,77,26.2,1006.2,1006.9,100,7,0,100,11.3,205,27.4,0.0,1450.0,-4.3,0.0,20.4,-2.8,16.2,232,21.0,114,70,2025-08-10 03:00:00+00:00
31.9,70,25.7,1006.2,1006.9,97,7,3,97,11.1,207,27.7,0.0,1380.0,-4.4,0.0,20.6,-2.8,15.1,226,23.1,118,68,2025-08-10 04:00:00+00:00
32.6,65,25.2,1006.0,1006.7,66,10,12,59,11.6,210,29.2,0.0,1160.0,-4.1,0.0,20.5,-2.6,14.7,216,22.3,126,69,2025-08-10 05:00:00+00:00
32.9,63,25.0,1005.3,1006.0,72,11,20,60,11.7,207,29.2,0.1,1960.0,-3.7,0.0,20.3,-2.3,14.5,208,21.4,128,71,2025-08-10 06:00:00+00:00
32.9,64,25.3,1004.7,1005.4,86,9,17,82,11.5,209,31.7,0.1,1820.0,-3.3,0.0,19.8,-2.1,15.3,207,18.7,130,72,2025-08-10 07:00:00+00:00
32.8,65,25.3,1003.3,1004.0,98,5,14,98,11.4,206,31.7,0.0,1980.0,-3.2,0.0,19.7,-2.1,14.9,203,18.0,127,72,2025-08-10 08:00:00+00:00
32.6,65,25.1,1001.9,1002.6,95,14,16,94,12.5,203,31.7,0.0,2180.0,-3.2,-1.0,19.8,-1.9,12.9,212,17.1,129,69,2025-08-10 09:00:00+00:00
32.3,64,24.5,1001.4,1002.1,100,7,6,100,13.5,207,33.1,0.0,1750.0,-3.1,-1.0,20.3,-1.6,13.1,214,14.6,125,70,2025-08-10 10:00:00+00:00
31.3,68,24.7,1001.5,1002.2,100,1,7,100,12.7,207,31.0,0.0,1370.0,-3.6,0.0,20.9,-1.4,19.2,216,14.0,121,70,2025-08-10 11:00:00+00:00
30.3,73,24.9,1002.2,1002.9,99,0,12,99,11.4,204,26.6,0.0,1570.0,-3.8,-3.0,20.8,-1.6,15.1,209,14.0,110,72,2025-08-10 12:00:00+00:00
29.8,78,25.6,1003.4,1004.1,99,2,35,99,8.7,198,22.3,0.0,1140.0,-3.2,-8.0,20.8,-1.4,19.2,211,14.0,110,77,2025-08-10 13:00:00+00:00
29.3,81,25.6,1003.9,1004.6,100,0,37,100,7.9,200,18.0,0.0,1170.0,-3.1,-13.0,20.5,-1.6,21.1,217,13.7,105,74,2025-08-10 14:00:00+00:00
28.8,83,25.6,1004.5,1005.2,100,0,37,100,7.8,187,15.8,0.0,1160.0,-3.4,-15.0,20.6,-1.9,21.4,220,13.4,100,72,2025-08-10 15:00:00+00:00
28.4,85,25.6,1005.3,1006.0,100,0,52,100,8.5,182,16.9,0.0,1190.0,-3.8,-18.0,20.9,-2.1,21.0,221,13.3,95,71,2025-08-10 16:00:00+00:00
28.1,87,25.7,1005.5,1006.2,100,0,90,99,9.2,180,18.7,0.0,1160.0,-4.4,-22.0,21.0,-2.1,20.6,215,14.4,95,69,2025-08-10 17:00:00+00:00
27.8,88,25.7,1005.0,1005.7,100,0,0,100,8.3,186,18.7,0.0,1300.0,-4.5,-20.0,21.0,-2.3,17.4,221,15.6,90,69,2025-08-10 18:00:00+00:00
27.6,90,25.7,1004.8,1005.5,99,0,7,99,8.2,189,16.6,0.0,1300.0,-4.4,-27.0,21.4,-2.1,19.5,217,16.8,90,64,2025-08-10 19:00:00+00:00
27.4,91,25.8,1004.1,1004.8,100,0,1,100,8.0,188,16.2,0.0,1210.0,-4.2,-32.0,21.2,-2.1,21.0,221,15.6,86,61,2025-08-10 20:00:00+00:00
27.2,93,25.9,1003.5,1004.2,100,0,4,100,7.6,199,15.8,0.0,1190.0,-4.2,-34.0,21.2,-2.1,21.9,225,15.6,86,60,2025-08-10 21:00:00+00:00
27.1,94,26.1,1003.4,1004.1,100,1,6,100,8.0,198,15.8,0.0,1250.0,-3.9,-36.0,20.9,-2.1,22.3,231,15.6,86,59,2025-08-10 22:00:00+00:00
27.0,95,26.2,1003.5,1004.2,96,5,5,96,6.5,199,15.8,0.0,1270.0,-3.6,-38.0,20.8,-2.1,21.6,235,15.6,90,60,2025-08-10 23:00:00+00:00
27.0,96,26.2,1003.6,1004.3,96,4,0,96,5.8,185,12.6,0.0,1400.0,-3.6,-23.0,20.5,-2.3,21.4,241,15.8,99,67,2025-08-11 00:00:00+00:00
28.6,91,26.9,1004.1,1004.8,100,0,7,100,5.0,178,13.7,0.0,1400.0,-3.9,-8.0,20.6,-2.1,20.0,243,15.8,99,68,2025-08-11 01:00:00+00:00
29.7,85,27.0,1004.7,1005.4,100,13,10,100,8.7,201,19.4,0.1,1360.0,-3.7,-15.0,20.5,-2.1,17.9,243,17.0,98,71,2025-08-11 02:00:00+00:00
30.7,80,26.8,1004.8,1005.5,88,5,2,87,9.5,205,23.8,0.2,1340.0,-3.8,-8.0,20.4,-1.9,17.4,240,17.0,98,73,2025-08-11 03:00:00+00:00
31.8,74,26.6,1004.7,1005.4,88,1,2,88,9.3,204,24.8,0.1,1320.0,-3.9,-2.0,20.5,-1.6,17.2,238,18.4,101,73,2025-08-11 04:00:00+00:00
31.6,72,26.1,1004.7,1005.4,100,15,9,100,10.7,220,28.8,1.1,1400.0,-3.5,0.0,20.4,-1.6,16.6,238,17.2,102,78,2025-08-11 05:00:00+00:00
30.8,78,26.6,1004.3,1005.0,100,0,6,100,5.4,186,28.4,2.6,1710.0,-3.7,0.0,19.8,-1.9,10.7,230,19.2,94,78,2025-08-11 06:00:00+00:00
31.4,75,26.4,1003.0,1003.7,100,5,11,100,5.5,203,18.4,0.1,1580.0,-4.3,0.0,19.9,-1.9,9.0,225,18.0,94,79,2025-08-11 07:00:00+00:00
32.4,70,26.3,1001.6,1002.3,100,2,3,100,6.4,220,20.2,0.0,1740.0,-4.4,0.0,19.9,-1.6,7.8,234,18.0,90,79,2025-08-11 08:00:00+00:00
30.4,75,25.6,1001.0,1001.7,100,63,55,100,11.1,194,27.4,2.0,1880.0,-4.5,0.0,20.3,-1.4,7.1,243,16.8,86,76,2025-08-11 09:00:00+00:00
30.4,82,27.0,1000.1,1000.8,100,5,9,100,4.8,191,26.3,1.8,2080.0,-4.4,0.0,20.5,-1.4,5.5,270,17.0,82,72,2025-08-11 10:00:00+00:00
30.7,79,26.6,1000.0,1000.7,100,19,4,100,8.7,194,20.5,0.1,1570.0,-4.2,0.0,20.6,-1.2,3.3,286,16.0,77,76,2025-08-11 11:00:00+00:00
30.3,80,26.5,1000.7,1001.4,100,8,10,100,7.4,209,22.3,0.3,2590.0,-4.8,-2.0,20.5,-0.9,7.0,281,18.6,75,73,2025-08-11 12:00:00+00:00
29.6,82,26.1,1001.0,1001.7,100,1,4,100,5.2,174,14.4,0.0,2020.0,-4.3,-17.0,20.9,-1.2,5.0,265,17.8,70,74,2025-08-11 13:00:00+00:00
29.2,84,26.2,1002.0,1002.7,100,0,2,100,6.1,182,11.9,0.0,1990.0,-3.5,-38.0,21.4,-0.9,6.3,240,19.4,68,77,2025-08-11 14:00:00+00:00
28.8,85,26.1,1002.7,1003.4,100,0,2,100,6.7,189,13.7,0.0,2070.0,-3.1,-62.0,21.5,-0.9,6.8,233,20.5,69,76,2025-08-11 15:00:00+00:00
28.5,87,26.1,1003.5,1004.2,100,0,0,100,7.2,180,14.0,0.0,1910.0,-3.4,-65.0,21.4,-1.2,7.6,237,23.9,72,76,2025-08-11 16:00:00+00:00
28.2,89,26.1,1003.6,1004.3,100,0,1,100,7.6,184,15.1,0.0,1770.0,-3.3,-66.0,21.2,-1.4,7.8,234,25.1,73,77,2025-08-11 17:00:00+00:00
27.9,90,26.1,1003.4,1004.1,100,0,3,100,7.0,192,15.1,0.0,1670.0,-3.6,-59.0,21.1,-1.4,5.1,243,27.8,83,76,2025-08-11 18:00:00+00:00
27.8,91,26.2,1002.7,1003.4,100,0,13,100,6.9,195,14.0,0.0,1710.0,-3.4,-55.0,20.9,-1.4,5.6,235,26.6,82,77,2025-08-11 19:00:00+00:00
27.6,93,26.3,1001.9,1002.6,98,0,0,98,6.8,197,14.0,0.0,1570.0,-3.5,-50.0,20.9,-1.4,4.8,229,26.4,87,78,2025-08-11 20:00:00+00:00
27.4,94,26.3,1001.3,1002.0,100,0,0,100,7.1,189,14.0,0.0,1540.0,-3.5,-51.0,20.9,-1.6,4.8,229,26.4,93,77,2025-08-11 21:00:00+00:00
27.3,95,26.3,1001.2,1001.9,100,0,3,100,5.6,180,14.0,0.0,1550.0,-3.7,-49.0,20.9,-1.9,4.6,233,25.3,95,77,2025-08-11 22:00:00+00:00
27.1,95,26.3,1001.4,1002.1,100,3,6,100,4.4,171,10.8,0.0,1530.0,-3.6,-44.0,20.8,-1.9,3.3,236,24.1,96,77,2025-08-11 23:00:00+00:00
27.1,96,26.4,1001.4,1002.1,100,4,0,100,4.6,162,8.6,0.0,1690.0,-3.9,-34.0,20.8,-1.9,4.2,283,29.0,97,77,2025-08-12 00:00:00+00:00
28.9,91,27.4,1001.7,1002.4,100,0,4,100,6.7,186,16.6,0.0,1640.0,-4.4,-20.0,20.6,-1.6,3.2,278,27.7,95,76,2025-08-12 01:00:00+00:00
30.0,87,27.6,1002.2,1002.9,100,7,11,100,6.5,188,17.3,0.0,1680.0,-4.0,-23.0,20.5,-1.6,2.3,281,28.8,92,74,2025-08-12 02:00:00+00:00
31.1,81,27.3,1002.5,1003.2,100,2,0,100,5.8,189,17.6,0.1,1670.0,-3.7,-8.0,20.5,-1.6,1.4,252,30.0,92,74,2025-08-12 03:00:00+00:00
32.3,73,26.8,1002.3,1003.0,100,0,2,100,4.9,172,17.6,0.0,1340.0,-4.1,0.0,20.6,-1.6,2.3,217,30.0,92,73,2025-08-12 04:00:00+00:00
32.9,69,26.4,1002.0,1002.7,100,7,17,100,5.0,178,17.3,0.0,1200.0,-4.5,0.0,20.9,-1.6,3.6,180,28.8,92,74,2025-08-12 05:00:00+00:00
33.6,64,25.8,1001.1,1001.8,100,14,5,100,6.1,175,19.4,0.0,1800.0,-4.7,0.0,20.8,-1.6,2.3,191,26.4,87,76,2025-08-12 06:00:00+00:00
33.7,63,25.6,1000.1,1000.8,98,12,8,97,5.2,176,19.8,0.0,1730.0,-4.5,0.0,20.4,-1.6,3.7,210,26.4,87,77,2025-08-12 07:00:00+00:00
33.9,63,25.7,999.4,1000.1,99,12,29,99,5.5,191,19.4,0.1,1770.0,-4.4,0.0,20.5,-1.4,4.6,233,25.3,85,76,2025-08-12 08:00:00+00:00
31.7,76,26.9,998.7,999.4,97,34,7,95,10.7,192,26.3,1.6,1850.0,-4.3,0.0,20.9,-0.9,5.3,239,27.8,83,74,2025-08-12 09:00:00+00:00
31.4,78,27.0,998.4,999.1,100,6,8,100,9.5,169,27.7,0.1,1880.0,-4.2,0.0,20.9,-0.7,5.2,232,30.2,83,76,2025-08-12 10:00:00+00:00
31.2,75,26.2,998.8,999.5,100,4,9,100,8.3,176,23.0,1.3,1540.0,-4.5,0.0,21.1,-0.9,2.9,231,28.9,85,80,2025-08-12 11:00:00+00:00
29.1,83,26.0,999.1,999.8,100,4,2,100,9.2,203,27.4,0.0,2880.0,-4.9,0.0,20.8,-0.9,3.1,153,27.8,83,73,2025-08-12 12:00:00+00:00
29.7,84,26.8,1000.0,1000.7,100,3,1,100,4.3,178,15.5,0.0,2210.0,-4.7,-5.0,21.2,-0.9,5.8,135,26.4,87,71,2025-08-12 13:00:00+00:00
29.4,86,26.8,1001.0,1001.7,100,0,17,100,5.8,158,10.8,0.0,2060.0,-4.4,-8.0,21.6,-1.2,10.7,140,27.6,90,69,2025-08-12 14:00:00+00:00
29.0,84,26.0,1001.8,1002.5,100,1,8,100,8.3,164,16.6,0.0,2010.0,-4.5,-28.0,21.7,-1.2,14.2,147,28.8,90,69,2025-08-12 15:00:00+00:00
28.6,85,25.8,1002.8,1003.5,100,2,55,100,9.1,163,17.6,0.0,1930.0,-4.8,-28.0,21.4,-0.9,16.9,156,30.0,88,72,2025-08-12 16:00:00+00:00
28.4,86,25.8,1002.9,1003.6,100,0,45,100,9.5,158,19.1,0.0,1780.0,-5.5,-20.0,21.1,-1.2,19.6,162,30.0,88,76,2025-08-12 17:00:00+00:00
28.1,87,25.8,1002.4,1003.1,100,0,13,100,9.4,160,19.8,0.0,2050.0,-5.4,-17.0,21.1,-1.4,21.1,166,27.6,92,74,2025-08-12 18:00:00+00:00
27.8,88,25.7,1001.4,1002.1,100,0,12,100,8.9,167,19.1,0.0,2010.0,-5.0,-9.0,21.0,-1.4,21.5,168,28.8,92,74,2025-08-12 19:00:00+00:00
27.5,90,25.7,1001.5,1002.2,100,2,17,100,7.0,170,18.0,0.0,1920.0,-5.0,-7.0,20.9,-1.4,21.3,170,29.0,97,78,2025-08-12 20:00:00+00:00
27.4,91,25.7,1001.4,1002.1,100,3,31,100,6.7,153,13.7,0.0,1640.0,-5.2,-5.0,20.8,-1.6,21.4,169,27.1,103,79,2025-08-12 21:00:00+00:00
27.2,92,25.7,1001.4,1002.1,100,1,0,100,5.7,143,13.7,0.0,1420.0,-5.6,-4.0,20.5,-1.6,21.0,162,25.5,98,77,2025-08-12 22:00:00+00:00
27.1,92,25.7,1001.4,1002.1,100,0,5,100,5.6,140,11.2,0.0,1310.0,-5.7,-5.0,20.5,-1.6,20.9,160,22.8,90,76,2025-08-12 23:00:00+00:00
27.1,92,25.8,1002.2,1002.9,100,4,87,100,4.1,128,11.9,0.0,1800.0,-5.4,-4.0,20.5,-2.3,23.1,165,20.4,87,73,2025-08-13 00:00:00+00:00
28.3,90,26.5,1002.4,1003.1,100,10,59,100,7.2,152,14.8,0.0,1720.0,-5.5,-1.0,20.5,-2.3,22.6,161,22.8,87,72,2025-08-13 01:00:00+00:00
28.9,86,26.2,1003.2,1003.9,100,7,80,100,8.5,148,19.4,0.1,1730.0,-5.9,0.0,20.6,-2.3,23.7,157,25.2,87,71,2025-08-13 02:00:00+00:00
29.0,83,25.8,1003.6,1004.3,100,7,53,100,7.8,132,20.2,0.2,1680.0,-5.7,0.0,20.6,-2.3,23.6,155,26.4,90,70,2025-08-13 03:00:00+00:00
29.0,85,26.3,1004.0,1004.7,100,3,35,100,8.7,122,22.0,0.1,1480.0,-5.3,0.0,20.3,-2.6,23.5,151,26.5,95,76,2025-08-13 04:00:00+00:00
28.0,85,25.2,1004.5,1005.2,100,36,51,100,13.4,144,29.2,6.8,1410.0,-4.9,0.0,19.9,-2.3,24.2,148,26.6,98,77,2025-08-13 05:00:00+00:00
28.7,85,25.9,1003.8,1004.5,100,5,1,100,7.2,118,29.2,0.2,1450.0,-4.6,0.0,19.7,-2.1,16.7,151,26.8,117,78,2025-08-13 06:00:00+00:00
28.8,84,25.8,1002.9,1003.6,100,22,11,100,9.0,106,21.2,0.3,1450.0,-4.4,0.0,19.6,-1.9,19.6,144,27.4,119,76,2025-08-13 07:00:00+00:00
30.5,78,26.1,1002.0,1002.7,96,19,12,94,9.3,100,26.6,0.1,1720.0,-4.3,0.0,19.3,-1.9,20.7,140,26.6,126,73,2025-08-13 08:00:00+00:00
31.2,77,26.7,1001.3,1002.0,100,100,3,100,7.8,94,25.2,0.1,1330.0,-3.5,-1.0,19.3,-2.1,18.0,126,25.7,127,76,2025-08-13 09:00:00+00:00
30.4,80,26.5,1000.7,1001.4,100,100,8,100,9.7,106,24.1,4.0,820.0,-4.1,-2.0,20.0,-1.9,19.8,119,25.0,125,76,2025-08-13 10:00:00+00:00
27.1,91,25.5,1001.9,1002.6,100,3,26,100,9.1,126,29.2,4.2,790.0,-4.1,-4.0,20.3,-1.6,20.8,116,23.3,125,73,2025-08-13 11:00:00+00:00
27.1,93,25.8,1001.6,1002.3,100,1,13,100,5.5,63,17.3,0.1,1120.0,-3.4,-9.0,20.3,-1.6,20.2,115,20.4,130,77,2025-08-13 12:00:00+00:00
28.4,89,26.4,1003.1,1003.8,100,13,11,100,8.3,85,17.3,0.0,1070.0,-3.5,-8.0,20.4,-1.4,22.8,116,21.4,128,76,2025-08-13 13:00:00+00:00
27.9,90,26.1,1003.7,1004.4,100,3,5,100,10.5,93,21.6,0.0,950.0,-3.6,-8.0,20.4,-1.4,25.7,115,20.6,126,78,2025-08-13 14:00:00+00:00
27.2,91,25.6,1004.3,1005.0,100,8,10,100,9.0,89,21.6,0.0,970.0,-3.8,-6.0,20.0,-1.4,27.8,113,19.3,120,76,2025-08-13 15:00:00+00:00
27.0,92,25.5,1004.5,1005.2,100,11,5,100,8.7,94,18.4,0.0,820.0,-3.9,-6.0,20.2,-1.6,30.8,117,18.8,117,78,2025-08-13 16:00:00+00:00
26.9,93,25.7,1004.8,1005.5,100,8,9,100,8.3,84,18.0,0.0,780.0,-3.7,-8.0,19.9,-1.9,32.9,124,20.1,107,77,2025-08-13 17:00:00+00:00
26.8,94,25.8,1004.4,1005.1,98,15,5,98,8.1,90,16.9,0.0,1080.0,-3.6,-13.0,20.0,-1.9,28.5,129,20.1,107,78,2025-08-13 18:00:00+00:00
26.7,94,25.7,1003.8,1004.5,98,15,5,97,7.7,89,16.6,0.0,1060.0,-3.4,-16.0,19.9,-1.9,28.8,131,21.0,103,79,2025-08-13 19:00:00+00:00
26.6,92,25.1,1003.6,1004.3,91,40,19,82,9.2,97,18.4,0.3,1030.0,-2.9,-11.0,19.8,-1.9,28.1,133,21.3,106,78,2025-08-13 20:00:00+00:00
26.2,93,25.1,1003.6,1004.3,94,88,21,43,8.8,91,18.7,0.5,980.0,-2.9,-9.0,19.8,-2.1,28.1,130,21.3,106,78,2025-08-13 21:00:00+00:00
26.1,95,25.2,1003.7,1004.4,76,45,16,48,8.3,94,18.7,0.5,940.0,-3.1,-12.0,19.9,-2.1,28.3,127,21.6,109,78,2025-08-13 22:00:00+00:00
25.9,96,25.2,1003.8,1004.5,97,41,39,93,7.6,98,15.8,0.1,940.0,-3.1,-14.0,19.9,-2.1,27.1,126,21.3,106,78,2025-08-13 23:00:00+00:00
26.0,95,25.1,1003.8,1004.5,97,60,11,92,8.1,90,15.8,0.1,1130.0,-3.3,-12.0,19.8,-2.1,27.3,127,22.0,119,77,2025-08-14 00:00:00+00:00
27.1,90,25.3,1004.1,1004.8,100,26,18,99,12.3,86,25.6,0.0,970.0,-3.6,-2.0,19.7,-2.1,26.3,127,22.5,115,77,2025-08-14 01:00:00+00:00
27.1,92,25.6,1004.5,1005.2,100,13,16,100,12.4,99,28.8,0.8,1130.0,-4.1,0.0,19.6,-2.1,26.1,136,24.3,110,77,2025-08-14 02:00:00+00:00
28.5,86,25.9,1005.2,1005.9,99,13,5,99,11.3,107,29.9,0.1,1400.0,-4.4,0.0,19.7,-2.1,25.3,141,24.7,113,78,2025-08-14 03:00:00+00:00
30.1,80,26.2,1005.1,1005.8,100,100,3,98,12.6,114,32.4,0.2,1210.0,-4.3,0.0,20.0,-2.1,25.2,139,24.7,113,81,2025-08-14 04:00:00+00:00
27.9,86,25.3,1005.1,1005.8,82,30,22,71,12.5,139,37.8,5.4,1230.0,-4.1,0.0,20.2,-1.9,25.5,136,24.1,117,76,2025-08-14 05:00:00+00:00
29.3,82,25.9,1004.4,1005.1,100,100,9,93,9.2,125,28.8,0.1,2040.0,-3.7,0.0,19.1,-1.9,20.1,142,24.7,119,76,2025-08-14 06:00:00+00:00
30.1,78,25.8,1003.1,1003.8,100,100,3,100,10.2,118,31.7,0.2,1950.0,-3.7,0.0,19.3,-1.6,20.3,136,22.6,122,73,2025-08-14 07:00:00+00:00
27.7,86,25.1,1002.9,1003.6,100,29,37,100,11.5,139,32.0,4.3,1950.0,-3.7,0.0,19.6,-1.6,19.0,132,21.6,124,77,2025-08-14 08:00:00+00:00
28.6,84,25.6,1001.8,1002.5,100,12,7,100,9.4,132,24.5,0.1,1920.0,-3.7,0.0,19.3,-1.6,20.3,132,21.4,128,73,2025-08-14 09:00:00+00:00
28.9,81,25.4,1000.7,1001.4,100,9,0,100,10.2,136,26.6,0.0,1480.0,-3.5,0.0,19.7,-1.4,20.0,135,19.0,125,67,2025-08-14 10:00:00+00:00
29.0,80,25.3,1000.5,1001.2,100,11,17,100,8.8,139,23.4,0.0,960.0,-4.3,-2.0,20.2,-1.4,20.9,134,18.7,130,76,2025-08-14 11:00:00+00:00
28.7,82,25.4,1000.9,1001.6,100,9,12,100,6.9,141,19.4,0.0,1780.0,-4.0,-3.0,20.2,-1.6,18.7,167,18.3,113,77,2025-08-14 12:00:00+00:00
27.9,88,25.7,1001.9,1002.6,100,1,6,100,6.8,108,14.4,0.0,1150.0,-3.6,-7.0,20.3,-1.6,20.1,167,16.7,111,78,2025-08-14 13:00:00+00:00
27.5,91,25.9,1002.6,1003.3,100,3,7,100,6.3,95,13.7,0.0,1160.0,-3.1,-7.0,20.3,-1.4,20.4,170,18.2,98,77,2025-08-14 14:00:00+00:00
27.3,92,26.0,1003.3,1004.0,100,14,13,100,7.8,98,15.8,0.0,1200.0,-3.0,-14.0,20.3,-1.4,20.8,171,20.4,93,78,2025-08-14 15:00:00+00:00
27.3,93,26.0,1003.5,1004.2,100,3,6,100,8.2,99,16.2,0.0,1220.0,-3.1,-8.0,20.3,-1.4,21.4,169,20.4,93,77,2025-08-14 16:00:00+00:00
27.0,93,25.8,1003.5,1004.2,100,9,5,100,7.5,111,16.9,0.0,1280.0,-3.5,-6.0,20.2,-1.6,21.2,165,21.6,93,74,2025-08-14 17:00:00+00:00
26.8,92,25.4,1003.3,1004.0,100,33,38,100,8.8,133,16.9,0.4,1490.0,-3.4,-8.0,20.4,-2.1,18.4,150,20.4,93,74,2025-08-14 18:00:00+00:00
26.5,94,25.4,1002.7,1003.4,100,17,38,100,8.1,135,17.6,0.3,1650.0,-3.3,-6.0,20.4,-2.1,19.2,144,19.2,94,73,2025-08-14 19:00:00+00:00
26.3,95,25.4,1002.0,1002.7,100,9,9,100,8.1,133,17.3,0.0,1520.0,-3.6,-6.0,20.4,-2.1,22.3,141,18.2,98,70,2025-08-14 20:00:00+00:00
26.0,96,25.2,1001.6,1002.3,100,15,2,100,7.5,130,15.8,0.0,1380.0,-3.9,-7.0,20.0,-2.1,23.3,141,18.6,105,72,2025-08-14 21:00:00+00:00
25.7,96,25.1,1001.6,1002.3,100,6,3,100,6.9,107,14.8,0.0,1030.0,-4.0,-8.0,19.9,-2.3,23.3,141,17.8,110,77,2025-08-14 22:00:00+00:00
25.5,97,24.9,1001.6,1002.3,86,44,15,72,6.7,99,13.7,0.0,1140.0,-4.0,-6.0,19.9,-2.3,23.3,140,17.8,110,78,2025-08-14 23:00:00+00:00
25.5,94,24.5,1002.4,1003.1,98,94,42,60,8.2,126,16.2,0.5,1340.0,-3.5,-7.0,19.8,-2.3,22.6,138,17.5,106,73,2025-08-15 00:00:00+00:00
26.9,92,25.5,1002.5,1003.2,64,24,10,50,9.5,101,19.4,0.1,1170.0,-3.8,-5.0,19.7,-2.3,21.6,136,17.0,98,74,2025-08-15 01:00:00+00:00
27.6,89,25.6,1003.1,1003.8,93,30,15,89,9.4,135,23.8,0.3,980.0,-3.5,-1.0,19.8,-2.1,21.6,136,18.0,94,76,2025-08-15 02:00:00+00:00
28.6,83,25.4,1002.8,1003.5,100,22,12,99,11.9,122,28.4,0.2,1090.0,-3.6,0.0,19.9,-2.1,21.9,135,18.0,94,77,2025-08-15 03:00:00+00:00
29.9,81,26.2,1003.0,1003.7,83,14,4,80,9.7,138,28.4,0.1,1240.0,-3.6,0.0,19.9,-2.3,23.5,137,18.0,94,78,2025-08-15 04:00:00+00:00
31.0,77,26.5,1002.6,1003.3,98,95,5,59,9.2,137,26.6,0.2,1570.0,-3.5,0.0,19.9,-2.1,24.2,139,17.0,98,77,2025-08-15 05:00:00+00:00
31.4,74,26.2,1002.2,1002.9,99,97,7,75,10.6,129,31.3,0.3,1840.0,-3.1,0.0,18.8,-1.9,22.2,134,18.0,90,77,2025-08-15 06:00:00+00:00
30.2,79,26.1,1001.4,1002.1,98,58,6,95,7.6,94,31.7,6.7,1770.0,-3.1,0.0,19.1,-1.9,21.6,138,18.0,94,77,2025-08-15 07:00:00+00:00
31.1,77,26.5,999.9,1000.6,96,69,12,84,5.9,125,22.7,0.1,1990.0,-2.9,0.0,19.4,-1.9,19.7,136,17.0,98,71,2025-08-15 08:00:00+00:00
28.2,83,25.0,999.8,1000.5,100,81,63,100,8.9,186,26.6,2.5,2260.0,-2.8,0.0,19.6,-1.9,17.5,129,16.8,90,67,2025-08-15 09:00:00+00:00
29.2,80,25.5,998.7,999.4,81,6,14,77,4.9,182,20.2,0.5,1900.0,-2.7,0.0,19.6,-1.9,18.5,123,16.8,86,68,2025-08-15 10:00:00+00:00
29.4,79,25.5,998.6,999.3,100,24,23,100,7.9,153,18.7,0.1,1530.0,-3.0,0.0,20.3,-1.6,17.2,127,18.0,90,71,2025-08-15 11:00:00+00:00
28.9,83,25.8,998.8,999.5,96,0,9,96,7.4,148,19.1,0.0,2300.0,-3.2,-1.0,20.4,-1.4,14.9,130,21.6,93,74,2025-08-15 12:00:00+00:00
28.0,88,25.8,1000.0,1000.7,97,1,15,96,4.4,128,7.6,0.0,1700.0,-3.2,-5.0,20.6,-1.6,14.9,140,21.7,96,71,2025-08-15 13:00:00+00:00
27.9,89,25.9,1000.6,1001.3,92,1,22,90,4.8,124,10.8,0.0,1540.0,-2.7,-9.0,20.5,-1.6,15.0,145,22.9,96,76,2025-08-15 14:00:00+00:00
27.9,90,26.0,1001.5,1002.2,85,4,7,83,4.7,122,9.7,0.0,1500.0,-2.5,-15.0,20.4,-1.6,14.5,148,22.9,96,78,2025-08-15 15:00:00+00:00
27.8,90,26.0,1002.4,1003.1,100,6,18,100,6.2,154,11.9,0.0,1330.0,-2.4,-17.0,20.5,-1.6,15.4,146,21.9,99,77,2025-08-15 16:00:00+00:00
27.5,91,25.8,1002.6,1003.3,100,0,8,100,6.1,166,12.6,0.0,1270.0,-2.4,-16.0,20.6,-1.9,15.6,142,22.1,103,77,2025-08-15 17:00:00+00:00
27.1,92,25.7,1002.6,1003.3,100,2,100,100,4.5,166,11.9,0.0,1300.0,-2.3,-14.0,20.5,-2.3,13.2,139,19.5,101,74,2025-08-15 18:00:00+00:00
27.0,93,25.8,1001.8,1002.5,100,0,100,100,3.0,147,8.3,0.0,1220.0,-2.5,-13.0,20.5,-2.3,13.2,134,19.5,101,74,2025-08-15 19:00:00+00:00
26.9,93,25.7,1001.1,1001.8,100,1,89,100,4.1,128,8.6,0.0,1230.0,-2.7,-17.0,20.5,-2.3,13.0,129,19.5,101,73,2025-08-15 20:00:00+00:00
26.7,94,25.7,1000.6,1001.3,100,0,14,100,3.1,90,8.3,0.0,1260.0,-2.7,-18.0,20.5,-2.1,12.7,128,20.7,100,71,2025-08-15 21:00:00+00:00
26.4,96,25.6,1000.6,1001.3,100,0,0,100,4.2,72,8.6,0.0,1270.0,-2.6,-19.0,20.5,-2.1,12.7,128,21.7,96,70,2025-08-15 22:00:00+00:00
26.3,96,25.6,1000.6,1001.3,100,1,0,100,5.6,75,11.2,0.0,1250.0,-2.4,-24.0,20.4,-2.1,13.1,124,21.7,96,69,2025-08-15 23:00:00+00:00
26.3,97,25.8,1001.1,1001.8,100,4,6,100,6.4,79,12.6,0.0,1460.0,-2.3,-27.0,20.2,-2.1,13.5,110,21.0,103,70,2025-08-16 00:00:00+00:00
28.0,91,26.5,1001.4,1002.1,100,0,5,100,5.7,72,13.3,0.0,1440.0,-2.4,-14.0,19.9,-2.1,15.7,107,21.9,99,69,2025-08-16 01:00:00+00:00
28.7,85,26.0,1001.6,1002.3,94,14,21,92,8.4,99,20.2,0.4,1250.0,-2.3,-8.0,20.2,-2.1,17.9,105,21.9,99,70,2025-08-16 02:00:00+00:00
29.9,78,25.7,1001.7,1002.4,94,10,12,93,7.5,101,20.9,0.1,1170.0,-2.3,-4.0,20.0,-2.1,19.3,105,22.9,96,71,2025-08-16 03:00:00+00:00
31.0,70,24.9,1001.8,1002.5,87,14,15,82,10.1,101,25.9,0.1,1230.0,-2.5,0.0,19.9,-2.3,19.8,105,22.8,90,69,2025-08-16 04:00:00+00:00
31.5,68,24.8,1001.5,1002.2,73,19,13,64,11.1,119,29.2,0.1,1170.0,-2.8,0.0,20.2,-2.3,19.5,106,22.8,90,72,2025-08-16 05:00:00+00:00
31.8,70,25.7,1000.7,1001.4,64,5,4,60,9.7,125,29.9,0.1,1470.0,-2.8,0.0,20.5,-2.3,15.8,102,21.6,93,70,2025-08-16 06:00:00+00:00
32.3,70,26.1,999.6,1000.3,98,3,7,98,8.3,131,30.2,0.1,1210.0,-2.8,0.0,20.5,-2.1,17.2,101,24.0,87,72,2025-08-16 07:00:00+00:00
29.8,78,25.6,999.0,999.7,100,65,54,100,10.1,71,29.2,8.8,1070.0,-2.5,0.0,20.6,-1.9,16.4,103,25.3,85,71,2025-08-16 08:00:00+00:00
28.9,83,25.8,998.4,999.1,96,0,21,95,8.5,136,25.9,1.3,1420.0,-2.5,-2.0,20.4,-1.6,14.7,116,28.0,80,72,2025-08-16 09:00:00+00:00
30.0,78,25.6,997.7,998.4,100,4,8,100,7.0,177,22.0,0.0,1700.0,-3.0,-1.0,20.5,-1.4,12.5,109,30.9,77,76,2025-08-16 10:00:00+00:00
29.8,78,25.6,997.5,998.2,100,8,4,100,6.9,171,18.4,0.0,2050.0,-3.5,-1.0,20.4,-1.4,13.9,99,31.8,79,70,2025-08-16 11:00:00+00:00
29.5,81,25.9,998.2,998.9,100,10,14,100,4.0,175,16.6,0.0,2240.0,-4.1,-5.0,20.3,-0.9,10.5,90,33.0,80,71,2025-08-16 12:00:00+00:00
29.0,88,26.8,998.6,999.3,75,0,10,73,2.0,117,9.0,0.0,1530.0,-3.3,-16.0,20.5,-1.2,14.2,94,32.8,82,78,2025-08-16 13:00:00+00:00
28.6,89,26.7,999.8,1000.5,100,2,1,100,2.7,138,5.8,0.0,1480.0,-3.0,-16.0,20.8,-1.2,17.5,99,34.9,86,80,2025-08-16 14:00:00+00:00
28.5,90,26.7,1000.7,1001.4,97,6,12,97,2.1,121,5.4,0.0,1110.0,-3.1,-16.0,20.5,-1.4,20.2,104,34.9,86,79,2025-08-16 15:00:00+00:00
28.2,90,26.5,1001.4,1002.1,94,1,10,93,2.3,129,4.0,0.0,1120.0,-3.1,-20.0,20.6,-1.4,21.1,112,34.8,88,81,2025-08-16 16:00:00+00:00
27.9,91,26.4,1002.1,1002.8,99,0,8,99,2.3,119,5.0,0.0,1270.0,-3.3,-28.0,20.8,-1.4,23.2,116,36.0,88,82,2025-08-16 17:00:00+00:00
27.7,92,26.3,1001.9,1002.6,98,2,8,98,2.6,115,5.4,0.0,2090.0,-3.4,-33.0,20.8,-2.1,18.8,119,38.6,95,78,2025-08-16 18:00:00+00:00
27.3,94,26.2,1001.3,1002.0,99,0,0,99,2.3,141,5.4,0.0,2190.0,-3.2,-38.0,20.6,-2.3,19.4,114,38.6,95,77,2025-08-16 19:00:00+00:00
27.2,94,26.2,1000.9,1001.6,99,3,3,99,0.9,143,4.7,0.0,2160.0,-3.0,-46.0,20.6,-2.3,19.2,108,41.2,98,77,2025-08-16 20:00:00+00:00
27.0,95,26.2,1000.6,1001.3,99,0,0,99,2.3,58,5.4,0.0,1990.0,-3.1,-48.0,20.5,-2.3,20.6,96,43.8,99,72,2025-08-16 21:00:00+00:00
26.8,96,26.0,1000.1,1000.8,100,0,0,100,3.6,37,7.6,0.0,1920.0,-3.4,-35.0,20.3,-2.3,23.7,90,44.0,101,71,2025-08-16 22:00:00+00:00
26.7,96,25.9,1000.7,1001.4,100,0,13,100,4.6,81,9.4,0.0,1850.0,-3.3,-30.0,20.3,-2.1,23.7,88,42.4,98,72,2025-08-16 23:00:00+00:00
26.7,95,25.8,1001.3,1002.0,100,1,20,100,5.4,86,10.1,0.0,2420.0,-3.8,-38.0,20.5,-2.6,22.3,102,40.9,93,73,2025-08-17 00:00:00+00:00
28.6,92,27.2,1001.9,1002.6,100,0,7,100,4.9,57,11.9,0.0,2350.0,-4.2,-26.0,20.4,-2.6,23.7,101,40.8,88,74,2025-08-17 01:00:00+00:00
28.7,86,26.1,1002.8,1003.5,100,28,44,100,11.7,103,25.9,1.6,2220.0,-4.2,-16.0,20.3,-2.6,23.8,102,40.8,88,78,2025-08-17 02:00:00+00:00
29.5,82,26.1,1003.0,1003.7,95,18,7,94,9.9,85,26.6,0.0,2040.0,-4.3,-7.0,20.2,-2.3,26.5,101,37.4,96,78,2025-08-17 03:00:00+00:00
30.9,77,26.5,1002.9,1003.6,93,5,7,92,10.1,96,28.8,0.1,1630.0,-3.9,0.0,20.4,-2.1,29.3,102,37.0,103,76,2025-08-17 04:00:00+00:00
31.7,74,26.6,1002.3,1003.0,100,6,6,100,10.9,106,35.6,0.1,1400.0,-4.2,0.0,20.3,-2.3,30.5,104,36.1,105,79,2025-08-17 05:00:00+00:00
32.2,70,26.0,1001.3,1002.0,86,12,16,82,13.0,109,41.0,0.1,1650.0,-4.1,0.0,20.2,-2.3,23.8,102,31.2,113,80,2025-08-17 06:00:00+00:00
31.0,74,25.7,1000.5,1001.2,92,8,32,88,14.4,112,42.5,2.1,1510.0,-3.9,0.0,20.0,-2.1,24.7,106,31.2,113,80,2025-08-17 07:00:00+00:00
29.8,75,25.0,1000.1,1000.8,93,32,46,87,16.4,98,41.0,3.1,1380.0,-4.0,0.0,20.2,-2.1,25.0,111,30.6,116,76,2025-08-17 08:00:00+00:00
29.7,81,26.1,999.3,1000.0,80,2,18,75,4.7,97,35.3,0.2,1410.0,-3.6,0.0,19.3,-1.9,24.5,119,29.0,114,74,2025-08-17 09:00:00+00:00
30.7,74,25.4,998.6,999.3,57,6,14,47,11.8,111,27.4,0.1,1570.0,-2.7,-2.0,19.7,-1.6,26.7,115,30.1,113,71,2025-08-17 10:00:00+00:00
29.6,79,25.5,999.0,999.7,86,48,37,64,11.4,114,34.9,1.9,1370.0,-2.7,-8.0,19.7,-1.6,29.4,114,30.8,111,73,2025-08-17 11:00:00+00:00
29.0,85,26.3,999.5,1000.2,87,6,2,86,6.6,57,28.1,0.3,1870.0,-2.6,-7.0,19.9,-1.4,32.6,108,34.4,115,71,2025-08-17 12:00:00+00:00
29.0,78,24.8,1000.6,1001.3,100,1,34,100,10.8,122,23.8,0.0,1340.0,-2.4,-13.0,20.4,-1.6,38.8,112,36.1,111,76,2025-08-17 13:00:00+00:00
28.2,82,24.9,1002.1,1002.8,98,8,18,97,9.1,126,24.8,0.5,1510.0,-2.2,-25.0,20.2,-1.6,41.4,114,38.3,110,79,2025-08-17 14:00:00+00:00
28.0,84,24.9,1003.1,1003.8,100,3,21,99,10.9,109,21.2,0.0,1300.0,-2.0,-21.0,20.0,-1.6,43.2,115,39.9,111,79,2025-08-17 15:00:00+00:00
27.9,84,24.9,1003.5,1004.2,94,6,5,93,12.6,103,25.9,0.0,1140.0,-1.9,-23.0,19.8,-1.9,44.6,117,42.1,110,81,2025-08-17 16:00:00+00:00
27.6,85,24.9,1003.6,1004.3,83,0,1,83,11.8,103,26.3,0.0,810.0,-2.3,-27.0,19.9,-1.9,42.1,120,43.7,111,82,2025-08-17 17:00:00+00:00
27.3,87,24.9,1003.3,1004.0,55,3,4,52,9.8,107,24.8,0.0,940.0,-2.4,-25.0,19.9,-2.1,35.0,122,44.5,117,82,2025-08-17 18:00:00+00:00
27.0,89,25.0,1003.4,1004.1,99,20,10,98,8.5,96,20.2,0.0,910.0,-2.5,-21.0,20.0,-2.1,34.3,119,43.5,118,80,2025-08-17 19:00:00+00:00
26.8,90,25.0,1003.0,1003.7,98,21,11,98,9.5,89,19.8,0.0,950.0,-2.7,-18.0,19.9,-2.1,33.8,117,41.3,116,82,2025-08-17 20:00:00+00:00
26.6,90,24.9,1002.3,1003.0,100,35,6,100,11.0,88,23.0,0.0,860.0,-3.2,-23.0,19.7,-2.3,33.7,120,42.1,110,82,2025-08-17 21:00:00+00:00
26.6,90,24.9,1002.2,1002.9,100,19,6,100,11.1,97,24.5,0.0,790.0,-3.7,-33.0,19.7,-2.6,33.9,123,42.1,110,82,2025-08-17 22:00:00+00:00
26.4,91,24.8,1002.7,1003.4,100,21,24,100,12.5,98,25.6,0.0,740.0,-4.1,-29.0,19.7,-2.6,34.8,122,42.9,108,79,2025-08-17 23:00:00+00:00
26.3,91,24.7,1003.5,1004.2,100,100,20,100,11.3,110,25.9,0.0,1010.0,-3.8,-20.0,19.8,-2.3,34.1,120,41.9,114,76,2025-08-18 00:00:00+00:00
27.0,90,25.2,1004.1,1004.8,100,64,40,100,16.9,101,33.1,0.3,940.0,-3.7,-14.0,19.9,-2.1,38.7,115,41.4,112,73,2025-08-18 01:00:00+00:00
27.1,90,25.4,1004.3,1005.0,100,22,4,100,17.4,95,36.0,0.9,980.0,-3.7,-7.0,20.0,-2.1,42.8,115,41.9,114,73,2025-08-18 02:00:00+00:00
28.5,84,25.4,1003.9,1004.6,100,15,4,100,17.0,100,39.2,0.2,1170.0,-4.3,0.0,19.9,-2.1,43.6,116,43.0,113,76,2025-08-18 03:00:00+00:00
29.9,80,26.0,1004.1,1004.8,100,14,7,100,14.6,111,40.3,0.1,1220.0,-4.4,0.0,19.8,-2.1,44.3,120,41.9,114,77,2025-08-18 04:00:00+00:00
30.7,75,25.8,1003.4,1004.1,45,6,11,36,17.3,109,43.2,0.1,1280.0,-3.7,0.0,19.9,-2.1,45.8,121,41.3,116,79,2025-08-18 05:00:00+00:00
31.1,73,25.7,1002.5,1003.2,30,15,18,2,16.9,114,43.2,0.2,1480.0,-3.9,0.0,19.8,-1.9,42.6,119,37.1,119,78,2025-08-18 06:00:00+00:00
31.7,71,25.7,1001.7,1002.4,37,19,27,0,16.4,119,47.5,0.0,1790.0,-4.3,0.0,19.2,-1.9,41.8,117,37.7,121,77,2025-08-18 07:00:00+00:00
32.0,69,25.6,1000.4,1001.1,98,84,11,83,15.8,119,47.9,0.0,1290.0,-4.0,0.0,20.2,-1.6,46.9,122,34.9,117,79,2025-08-18 08:00:00+00:00
30.2,75,25.3,999.9,1000.6,69,12,23,59,13.1,113,47.9,0.6,910.0,-3.5,0.0,19.4,-1.6,45.0,129,35.5,114,76,2025-08-18 09:00:00+00:00
29.3,77,24.8,1000.0,1000.7,84,40,64,38,16.2,139,38.2,1.5,1020.0,-3.5,-2.0,18.9,-1.6,43.3,132,36.6,113,81,2025-08-18 10:00:00+00:00
29.5,82,26.2,999.9,1000.6,70,14,17,59,8.7,117,32.4,0.9,700.0,-3.6,-1.0,20.0,-1.6,40.9,135,34.4,115,83,2025-08-18 11:00:00+00:00
29.2,79,25.2,1000.2,1000.9,97,18,18,96,12.7,126,26.3,0.1,1090.0,-3.1,0.0,20.3,-1.4,43.2,137,37.7,112,78,2025-08-18 12:00:00+00:00
28.0,85,25.3,1001.7,1002.4,63,11,11,53,13.3,128,30.2,0.0,960.0,-2.2,-1.0,20.2,-1.4,44.5,133,36.6,113,79,2025-08-18 13:00:00+00:00
27.6,87,25.3,1002.2,1002.9,99,1,5,99,13.4,121,28.8,0.0,830.0,-1.9,-3.0,20.0,-1.4,48.4,133,37.7,112,81,2025-08-18 14:00:00+00:00
27.2,89,25.2,1003.0,1003.7,99,3,5,99,12.4,121,28.4,0.0,780.0,-1.8,-2.0,20.2,-1.6,50.0,136,38.8,112,79,2025-08-18 15:00:00+00:00
26.9,91,25.2,1003.2,1003.9,100,4,1,100,10.8,123,26.3,0.0,780.0,-1.9,-2.0,19.8,-1.9,49.0,137,41.0,111,78,2025-08-18 16:00:00+00:00
26.8,91,25.2,1003.7,1004.4,96,16,1,95,9.7,112,22.7,0.0,630.0,-2.3,-8.0,20.0,-2.3,46.6,140,42.4,115,83,2025-08-18 17:00:00+00:00
26.6,92,25.2,1003.4,1004.1,94,24,15,91,10.6,116,21.6,0.1,750.0,-2.3,-19.0,19.9,-2.1,39.2,144,40.8,118,83,2025-08-18 18:00:00+00:00
26.4,91,24.8,1003.0,1003.7,99,25,15,99,10.7,119,24.8,0.3,780.0,-2.2,-20.0,19.8,-2.1,37.3,145,41.6,123,80,2025-08-18 19:00:00+00:00
26.0,91,24.4,1002.3,1003.0,100,45,22,100,10.2,114,23.0,0.3,680.0,-2.4,-23.0,19.6,-2.1,36.0,150,40.3,127,82,2025-08-18 20:00:00+00:00
26.2,92,24.7,1001.9,1002.6,100,55,21,100,11.3,112,22.0,0.0,490.0,-2.2,-30.0,19.4,-2.1,39.4,156,38.9,124,80,2025-08-18 21:00:00+00:00
26.0,91,24.4,1001.8,1002.5,100,14,32,100,11.7,110,23.8,0.0,450.0,-1.8,-32.0,19.3,-2.1,38.7,155,38.4,129,79,2025-08-18 22:00:00+00:00
25.7,93,24.4,1001.9,1002.6,100,82,18,100,10.9,109,24.5,0.0,510.0,-1.2,-39.0,19.2,-2.1,36.3,153,37.5,130,79,2025-08-18 23:00:00+00:00
25.7,93,24.5,1001.9,1002.6,100,33,3,100,11.0,111,23.0,0.0,730.0,-1.9,-31.0,19.3,-1.9,36.8,146,38.3,131,79,2025-08-19 00:00:00+00:00
27.2,89,25.2,1002.3,1003.0,93,18,16,91,13.6,98,28.1,0.1,610.0,-2.9,-15.0,19.2,-1.9,37.7,155,36.7,128,80,2025-08-19 01:00:00+00:00
27.5,88,25.3,1002.5,1003.2,93,29,7,89,15.6,104,36.4,0.2,720.0,-2.8,-4.0,19.2,-1.9,38.8,160,34.9,131,81,2025-08-19 02:00:00+00:00
28.6,85,25.8,1003.1,1003.8,94,28,13,91,17.1,116,42.8,0.4,770.0,-3.0,0.0,19.8,-2.1,37.6,157,34.9,139,80,2025-08-19 03:00:00+00:00
29.4,81,25.9,1003.1,1003.8,100,100,19,91,17.1,118,41.4,0.3,730.0,-3.4,0.0,19.7,-1.9,40.0,156,36.3,146,74,2025-08-19 04:00:00+00:00
29.8,78,25.6,1002.6,1003.3,99,89,37,86,17.8,123,47.5,0.3,920.0,-3.7,0.0,19.7,-2.6,36.9,154,37.9,162,80,2025-08-19 05:00:00+00:00
28.5,84,25.6,1001.9,1002.6,100,20,9,100,12.8,112,47.9,1.4,1700.0,-3.9,0.0,19.7,-1.6,39.2,144,27.4,151,76,2025-08-19 06:00:00+00:00
28.8,78,24.6,1001.5,1002.2,100,70,60,99,18.6,143,42.5,0.8,1390.0,-3.6,0.0,19.2,-1.6,42.0,148,26.3,150,77,2025-08-19 07:00:00+00:00
29.5,77,25.0,1000.3,1001.0,100,23,33,100,19.3,143,45.7,0.6,1490.0,-3.5,0.0,19.2,-1.4,42.8,153,23.3,145,78,2025-08-19 08:00:00+00:00
30.3,75,25.4,999.5,1000.2,100,17,12,100,16.4,157,43.9,0.2,940.0,-3.5,0.0,19.1,-1.6,40.8,155,23.1,141,78,2025-08-19 09:00:00+00:00
28.8,83,25.6,999.9,1000.6,100,25,12,100,11.1,141,44.6,1.5,1280.0,-3.6,0.0,19.3,-1.9,41.4,159,22.3,144,79,2025-08-19 10:00:00+00:00
28.7,80,25.0,999.7,1000.4,100,19,10,100,16.0,150,33.5,0.1,600.0,-3.7,0.0,19.7,-1.6,40.3,158,21.6,161,73,2025-08-19 11:00:00+00:00
28.2,84,25.3,1000.1,1000.8,61,3,1,59,12.8,145,34.9,0.0,980.0,-3.6,0.0,19.8,-1.4,37.5,162,25.0,145,80,2025-08-19 12:00:00+00:00
27.5,87,25.2,1001.5,1002.2,100,2,6,100,11.7,133,27.4,0.0,880.0,-3.1,-1.0,20.3,-1.4,39.6,165,25.8,152,79,2025-08-19 13:00:00+00:00
27.3,89,25.3,1001.9,1002.6,100,29,26,100,11.8,128,24.5,0.0,860.0,-3.0,-2.0,20.2,-1.4,39.0,169,25.3,149,80,2025-08-19 14:00:00+00:00
27.3,89,25.4,1002.3,1003.0,100,14,6,100,13.0,134,27.7,0.0,890.0,-2.9,-1.0,20.2,-1.2,39.0,169,25.8,158,78,2025-08-19 15:00:00+00:00
27.2,90,25.5,1003.2,1003.9,100,17,9,100,12.6,136,27.0,0.0,950.0,-2.7,-3.0,20.0,-0.9,39.6,171,25.1,163,78,2025-08-19 16:00:00+00:00
26.9,91,25.3,1003.7,1004.4,100,43,30,100,13.0,142,26.3,0.1,960.0,-2.6,-5.0,20.0,-1.2,38.1,173,25.9,167,82,2025-08-19 17:00:00+00:00
26.7,91,25.2,1003.5,1004.2,99,21,15,99,9.7,137,27.0,0.0,1060.0,-2.7,-7.0,20.0,-1.6,34.6,171,27.4,157,80,2025-08-19 18:00:00+00:00
26.5,92,25.1,1002.7,1003.4,95,23,11,93,9.9,135,20.2,0.0,860.0,-2.7,-12.0,19.9,-1.6,33.3,177,27.4,157,80,2025-08-19 19:00:00+00:00
26.4,92,25.0,1002.3,1003.0,100,35,22,99,9.5,129,20.2,0.0,700.0,-2.6,-14.0,19.7,-1.9,32.4,181,25.8,158,83,2025-08-19 20:00:00+00:00
26.1,92,24.8,1001.7,1002.4,100,10,16,100,9.3,126,20.5,0.0,630.0,-2.5,-20.0,19.7,-1.9,32.4,179,25.2,155,82,2025-08-19 21:00:00+00:00
26.0,92,24.7,1002.0,1002.7,100,52,23,100,11.2,128,22.7,0.0,630.0,-2.7,-23.0,19.2,-1.9,32.8,178,26.3,150,83,2025-08-19 22:00:00+00:00
25.7,93,24.5,1002.1,1002.8,100,30,37,100,9.8,122,24.1,0.0,540.0,-2.7,-23.0,19.4,-2.1,31.9,181,25.3,149,84,2025-08-19 23:00:00+00:00
25.7,93,24.4,1002.8,1003.5,100,22,9,100,11.6,133,24.8,0.0,730.0,-3.1,-27.0,19.6,-2.1,28.7,178,19.5,133,81,2025-08-20 00:00:00+00:00
26.9,91,25.3,1002.7,1003.4,100,2,29,100,10.3,134,26.3,0.0,830.0,-3.7,-13.0,19.6,-1.9,30.6,177,17.8,138,80,2025-08-20 01:00:00+00:00
27.7,86,25.1,1003.2,1003.9,100,39,6,99,14.4,144,31.3,0.1,780.0,-3.9,-2.0,19.8,-1.9,32.8,179,19.5,133,81,2025-08-20 02:00:00+00:00
28.6,82,25.2,1003.7,1004.4,100,16,15,100,13.6,152,35.3,0.0,930.0,-3.9,0.0,19.7,-2.1,35.1,181,19.7,142,80,2025-08-20 03:00:00+00:00
29.1,79,25.1,1003.9,1004.6,100,22,10,100,15.9,157,37.8,0.1,920.0,-4.0,0.0,19.6,-2.3,35.6,178,19.9,155,70,2025-08-20 04:00:00+00:00
29.5,78,25.2,1003.7,1004.4,100,10,35,100,17.5,154,40.0,0.1,930.0,-3.6,0.0,20.0,-2.3,36.0,181,21.6,161,69,2025-08-20 05:00:00+00:00
29.4,80,25.7,1002.9,1003.6,100,24,32,100,15.0,154,42.5,0.3,980.0,-3.9,0.0,20.0,-2.3,28.4,174,18.6,165,67,2025-08-20 06:00:00+00:00
29.5,77,25.1,1001.8,1002.5,100,25,12,100,16.9,160,37.4,0.2,1040.0,-4.2,0.0,20.0,-2.3,29.5,172,21.6,180,69,2025-08-20 07:00:00+00:00
29.3,81,25.7,1000.9,1001.6,100,1,27,100,15.2,164,40.3,0.1,970.0,-4.8,0.0,19.9,-2.3,29.6,170,22.9,186,70,2025-08-20 08:00:00+00:00
30.0,78,25.8,1000.1,1000.8,100,15,15,100,14.3,162,38.9,0.1,910.0,-5.1,0.0,20.0,-1.9,30.0,167,23.2,201,73,2025-08-20 09:00:00+00:00
29.7,79,25.7,999.5,1000.2,100,22,25,100,14.8,166,40.7,0.0,830.0,-5.3,0.0,19.9,-1.4,31.2,165,23.1,208,78,2025-08-20 10:00:00+00:00
29.2,79,25.2,999.7,1000.4,100,32,26,100,14.4,171,38.9,0.4,800.0,-6.0,0.0,19.6,-1.4,34.7,170,12.4,209,83,2025-08-20 11:00:00+00:00
28.6,81,25.1,1000.4,1001.1,99,13,7,99,14.3,170,32.4,0.1,1400.0,-5.3,0.0,20.3,-1.2,24.3,174,12.9,202,77,2025-08-20 12:00:00+00:00
27.6,91,26.0,1001.7,1002.4,100,19,100,100,7.5,125,19.4,0.0,810.0,-4.7,-5.0,20.3,-1.9,30.4,171,13.7,195,78,2025-08-20 13:00:00+00:00
27.6,90,25.9,1002.4,1003.1,100,13,100,100,9.6,142,19.4,0.0,910.0,-5.0,-7.0,20.3,-2.1,30.3,173,16.0,193,73,2025-08-20 14:00:00+00:00
27.4,91,25.8,1003.4,1004.1,100,0,100,100,8.8,147,19.4,0.0,950.0,-5.0,-10.0,20.4,-2.1,30.1,177,17.2,192,67,2025-08-20 15:00:00+00:00
27.2,91,25.6,1004.2,1004.9,100,13,99,100,9.1,155,19.4,0.0,940.0,-5.0,-9.0,20.3,-2.1,32.0,185,16.8,184,73,2025-08-20 16:00:00+00:00
27.0,91,25.5,1004.4,1005.1,100,10,100,100,8.3,153,18.4,0.0,1040.0,-5.1,-10.0,20.4,-2.3,32.2,192,19.2,184,70,2025-08-20 17:00:00+00:00
26.8,92,25.5,1003.7,1004.4,100,20,100,99,6.9,149,16.9,0.0,1590.0,-5.5,-8.0,20.5,-2.3,28.9,192,19.2,184,69,2025-08-20 18:00:00+00:00
26.3,95,25.4,1003.3,1004.0,100,46,72,98,7.5,143,14.8,0.8,1530.0,-5.0,-8.0,20.4,-2.3,27.8,198,23.3,192,71,2025-08-20 19:00:00+00:00
25.7,95,24.9,1003.4,1004.1,100,96,100,100,10.4,159,19.4,3.8,1090.0,-4.7,-10.0,20.3,-2.1,25.1,205,21.3,196,74,2025-08-20 20:00:00+00:00
25.4,97,24.9,1002.9,1003.6,100,30,33,100,5.9,157,20.2,1.1,890.0,-4.4,-10.0,20.0,-2.3,25.1,217,20.1,197,76,2025-08-20 21:00:00+00:00
25.0,99,24.8,1002.1,1002.8,100,2,100,100,5.0,136,15.1,1.1,770.0,-4.2,-11.0,20.0,-2.3,22.0,236,21.0,204,78,2025-08-20 22:00:00+00:00
25.0,99,24.8,1002.6,1003.3,100,46,30,100,6.3,117,11.9,0.4,610.0,-4.3,-14.0,20.0,-2.6,21.6,252,20.6,216,79,2025-08-20 23:00:00+00:00
24.8,99,24.6,1003.5,1004.2,100,100,74,100,8.4,118,16.6,4.7,920.0,-3.3,-20.0,20.2,-2.3,20.2,256,13.4,190,77,2025-08-21 00:00:00+00:00
26.6,95,25.8,1003.7,1004.4,100,4,66,100,7.3,163,16.6,0.7,720.0,-4.3,-8.0,20.3,-2.6,19.8,262,10.3,201,80,2025-08-21 01:00:00+00:00
26.7,93,25.5,1004.4,1005.1,100,32,100,100,5.4,178,14.0,7.3,560.0,-3.9,-5.0,20.0,-2.6,19.9,259,8.7,196,81,2025-08-21 02:00:00+00:00
26.8,94,25.8,1004.3,1005.0,100,0,100,100,7.5,130,16.9,0.4,600.0,-3.7,-6.0,20.0,-2.8,18.4,263,9.4,220,80,2025-08-21 03:00:00+00:00
28.3,89,26.4,1004.4,1005.1,100,0,100,100,8.2,158,19.8,0.6,770.0,-4.2,-1.0,20.2,-2.8,17.3,267,7.0,211,81,2025-08-21 04:00:00+00:00
27.3,89,25.3,1004.2,1004.9,100,41,100,100,11.6,188,31.3,8.1,980.0,-3.6,-4.0,20.0,-2.8,15.3,260,5.4,243,83,2025-08-21 05:00:00+00:00
27.3,92,25.9,1004.1,1004.8,100,10,92,100,7.1,201,25.2,1.1,1300.0,-2.9,-5.0,20.0,-2.8,8.6,295,2.4,360,86,2025-08-21 06:00:00+00:00
27.7,91,26.1,1002.2,1002.9,100,9,96,100,8.8,189,20.9,0.6,970.0,-2.7,-5.0,20.2,-2.8,8.2,243,3.6,360,84,2025-08-21 07:00:00+00:00
28.7,85,25.9,1001.3,1002.0,100,27,23,100,8.5,208,22.7,0.1,950.0,-2.9,-4.0,20.0,-2.8,13.5,222,6.0,37,83,2025-08-21 08:00:00+00:00
29.2,81,25.6,1000.2,1000.9,100,20,12,100,10.1,191,23.0,0.2,1080.0,-3.0,0.0,19.9,-2.8,18.1,221,6.8,45,78,2025-08-21 09:00:00+00:00
28.3,87,25.8,1000.1,1000.8,100,9,26,100,13.2,182,26.6,2.0,1050.0,-2.5,0.0,20.0,-2.8,22.6,223,7.7,51,74,2025-08-21 10:00:00+00:00
26.7,89,24.7,999.5,1000.2,100,1,74,100,5.2,243,30.2,2.2,910.0,-2.0,-2.0,20.0,-2.8,27.1,222,7.0,59,73,2025-08-21 11:00:00+00:00
26.2,95,25.4,1000.5,1001.2,100,0,100,100,5.4,195,17.6,1.0,680.0,-1.5,-69.0,19.8,-2.3,26.8,230,26.6,54,76,2025-08-21 12:00:00+00:00
26.2,96,25.5,1001.9,1002.6,100,0,100,100,7.4,193,15.5,1.6,650.0,-1.4,-32.0,20.2,-2.3,29.2,231,22.5,65,72,2025-08-21 13:00:00+00:00
26.3,96,25.6,1002.6,1003.3,100,0,100,100,6.2,188,13.7,2.8,650.0,-1.6,-5.0,20.2,-2.3,29.5,235,22.1,77,71,2025-08-21 14:00:00+00:00
26.3,96,25.7,1003.2,1003.9,100,1,100,100,6.9,171,14.0,3.6,640.0,-1.7,-1.0,19.9,-2.3,28.2,239,15.6,86,72,2025-08-21 15:00:00+00:00
26.4,96,25.7,1003.6,1004.3,100,0,100,100,10.2,201,18.7,1.5,650.0,-1.9,-2.0,19.7,-2.1,26.3,242,8.5,82,77,2025-08-21 16:00:00+00:00
26.4,96,25.7,1003.9,1004.6,100,0,100,100,8.9,198,19.4,0.7,590.0,-2.1,0.0,19.7,-2.6,25.9,244,3.8,72,77,2025-08-21 17:00:00+00:00
26.4,96,25.7,1003.2,1003.9,100,4,79,100,7.7,201,16.2,0.8,700.0,-2.3,-9.0,19.3,-2.6,25.5,254,10.2,135,79,2025-08-21 18:00:00+00:00
26.3,96,25.7,1002.3,1003.0,100,15,28,100,6.2,206,14.0,0.3,680.0,-1.0,-2.0,19.1,-2.8,24.2,258,7.6,162,82,2025-08-21 19:00:00+00:00
26.2,95,25.3,1001.5,1002.2,100,63,61,100,7.7,217,13.7,0.2,770.0,-1.3,0.0,19.1,-2.8,23.5,261,7.6,162,82,2025-08-21 20:00:00+00:00
25.6,96,25.0,1001.2,1001.9,100,73,100,100,7.2,252,14.4,1.0,710.0,-1.3,0.0,18.8,-2.8,23.5,261,5.4,153,80,2025-08-21 21:00:00+00:00
25.6,97,25.1,1001.1,1001.8,98,45,32,95,5.6,174,13.7,0.3,720.0,-1.3,-2.0,18.8,-2.8,23.3,258,6.0,127,80,2025-08-21 22:00:00+00:00
24.9,96,24.3,1001.2,1001.9,100,100,90,19,10.4,188,20.2,3.1,730.0,-1.6,-2.0,18.8,-2.6,22.1,256,7.0,121,81,2025-08-21 23:00:00+00:00
24.9,97,24.4,1001.2,1001.9,100,15,100,37,6.6,223,19.8,3.1,600.0,-2.5,-13.0,19.2,-2.3,27.4,275,7.2,180,87,2025-08-22 00:00:00+00:00
25.2,97,24.8,1000.7,1001.4,100,100,97,98,9.7,202,24.1,2.0,530.0,-2.6,-34.0,19.2,-2.3,22.8,273,8.0,153,88,2025-08-22 01:00:00+00:00
26.0,91,24.5,1001.1,1001.8,100,92,100,98,11.8,201,23.0,1.2,380.0,-2.2,-29.0,19.4,-2.1,21.0,274,9.6,180,84,2025-08-22 02:00:00+00:00
26.5,90,24.7,1001.6,1002.3,100,68,100,99,14.1,210,31.0,0.3,320.0,-1.0,-21.0,19.4,-2.1,15.8,258,9.6,180,88,2025-08-22 03:00:00+00:00
26.6,92,25.2,1001.5,1002.2,100,90,100,99,9.1,207,30.6,0.2,270.0,-0.6,-23.0,19.4,-2.1,13.5,237,8.4,180,93,2025-08-22 04:00:00+00:00
27.3,87,25.0,1001.5,1002.2,100,79,57,97,10.2,216,25.9,0.2,280.0,-0.7,-28.0,19.7,-2.1,13.9,224,8.4,180,82,2025-08-22 05:00:00+00:00
29.2,81,25.5,1000.3,1001.0,100,88,45,100,10.4,238,28.1,0.2,420.0,-1.0,-40.0,19.8,-1.9,10.2,190,12.0,143,81,2025-08-22 06:00:00+00:00
29.5,79,25.5,999.2,999.9,100,26,5,100,8.3,240,27.0,0.4,880.0,-1.6,-37.0,19.7,-1.6,13.9,189,14.4,132,79,2025-08-22 07:00:00+00:00
30.2,79,26.1,998.3,999.0,100,15,7,100,9.0,235,25.6,0.1,870.0,-2.2,0.0,19.6,-1.6,16.4,193,17.8,132,78,2025-08-22 08:00:00+00:00
29.9,78,25.6,996.8,997.5,99,22,39,98,10.0,231,26.3,0.2,680.0,-3.1,0.0,19.2,-1.6,17.2,202,20.4,135,78,2025-08-22 09:00:00+00:00
28.4,82,25.1,996.8,997.5,97,24,88,76,7.6,194,28.1,1.0,510.0,-3.3,0.0,19.4,-1.6,20.2,216,22.9,137,76,2025-08-22 10:00:00+00:00
27.1,88,25.0,996.9,997.6,100,1,28,100,7.9,196,21.2,0.8,480.0,-3.6,0.0,19.6,-1.9,20.7,230,23.8,139,77,2025-08-22 11:00:00+00:00
27.1,92,25.6,997.5,998.2,100,5,94,97,5.8,196,17.3,0.1,510.0,-2.7,-4.0,19.7,-1.6,15.7,240,32.8,118,79,2025-08-22 12:00:00+00:00
26.4,93,25.2,998.0,998.7,100,10,7,100,8.9,216,22.3,0.2,300.0,-2.0,-9.0,19.9,-1.9,16.5,246,32.2,117,79,2025-08-22 13:00:00+00:00
26.1,94,25.1,999.3,1000.0,100,1,30,100,9.1,212,18.0,0.0,280.0,-1.3,-13.0,19.9,-1.9,16.3,252,36.6,113,81,2025-08-22 14:00:00+00:00
26.1,94,25.1,1000.5,1001.2,100,6,34,99,6.5,214,17.6,0.0,270.0,-1.2,-21.0,19.8,-2.1,17.4,256,31.7,115,83,2025-08-22 15:00:00+00:00
25.9,95,25.1,1000.7,1001.4,100,3,53,100,5.8,189,14.4,0.1,280.0,-0.9,-22.0,19.7,-2.3,18.7,257,28.0,121,89,2025-08-22 16:00:00+00:00
25.5,94,24.4,1001.2,1001.9,100,100,100,100,9.6,193,16.9,0.7,300.0,-0.7,-23.0,19.9,-1.9,23.3,258,21.4,128,87,2025-08-22 17:00:00+00:00
25.1,96,24.5,1000.5,1001.2,100,94,62,99,8.4,195,20.2,1.0,350.0,-1.1,-14.0,19.8,-1.6,19.4,261,19.8,104,89,2025-08-22 18:00:00+00:00
24.9,97,24.4,999.7,1000.4,100,96,16,99,8.6,195,17.6,0.1,320.0,-0.9,-14.0,20.2,-1.6,21.9,258,19.0,108,84,2025-08-22 19:00:00+00:00
24.8,98,24.4,998.9,999.6,100,100,13,100,6.3,183,15.8,0.0,330.0,-0.3,-9.0,19.7,-1.9,20.9,254,29.6,148,81,2025-08-22 20:00:00+00:00
24.9,97,24.4,998.6,999.3,100,100,12,100,7.3,190,14.0,0.0,270.0,-0.6,-4.0,19.3,-2.1,22.9,253,24.1,174,81,2025-08-22 21:00:00+00:00
24.8,97,24.3,998.3,999.0,100,94,9,99,6.4,191,14.4,0.0,260.0,-0.7,-4.0,19.7,-2.1,23.0,245,26.8,190,80,2025-08-22 22:00:00+00:00
24.7,98,24.3,998.5,999.2,100,100,37,98,5.4,159,12.6,0.0,260.0,-0.9,-15.0,19.6,-2.3,23.1,248,24.7,203,81,2025-08-22 23:00:00+00:00
24.8,97,24.3,999.0,999.7,100,100,28,99,6.0,141,12.2,0.0,250.0,-1.3,-14.0,19.2,-2.3,20.7,237,21.0,193,82,2025-08-23 00:00:00+00:00
25.6,95,24.7,999.1,999.8,100,100,100,100,9.4,179,18.7,1.7,250.0,-1.3,-52.0,19.3,-2.1,19.4,231,19.2,180,82,2025-08-23 01:00:00+00:00
25.9,94,24.8,1000.0,1000.7,100,75,100,100,11.2,204,22.3,0.7,210.0,-1.3,-38.0,19.4,-2.1,20.3,224,22.4,164,82,2025-08-23 02:00:00+00:00
26.5,91,24.8,1000.3,1001.0,100,100,19,100,7.5,210,24.8,0.7,240.0,-1.5,-18.0,19.6,-2.1,22.1,212,22.0,151,80,2025-08-23 03:00:00+00:00
27.2,87,24.9,1000.5,1001.2,100,92,100,100,9.9,207,23.4,0.2,480.0,-1.9,-3.0,19.3,-2.3,23.8,206,21.2,137,81,2025-08-23 04:00:00+00:00
27.8,86,25.2,1000.1,1000.8,100,34,100,99,10.0,208,25.2,0.2,850.0,-2.4,-4.0,19.1,-2.3,23.7,203,23.1,129,84,2025-08-23 05:00:00+00:00
28.3,80,24.6,999.7,1000.4,100,69,97,100,11.6,213,29.2,0.6,740.0,-2.3,-2.0,19.4,-1.9,21.4,218,21.6,124,90,2025-08-23 06:00:00+00:00
27.9,85,25.2,998.8,999.5,100,32,100,100,8.9,205,27.4,1.8,850.0,-2.4,0.0,19.1,-1.6,21.3,222,22.9,133,84,2025-08-23 07:00:00+00:00
27.5,87,25.1,998.0,998.7,100,20,64,100,10.0,206,23.4,0.2,670.0,-2.5,-1.0,18.9,-1.9,21.0,228,19.0,125,84,2025-08-23 08:00:00+00:00
28.5,80,24.7,997.2,997.9,100,20,62,100,13.6,210,32.0,0.6,450.0,-2.2,-5.0,19.2,-1.9,24.9,235,16.7,120,91,2025-08-23 09:00:00+00:00
27.5,86,25.0,997.2,997.9,100,16,49,100,11.3,197,31.7,1.3,320.0,-2.9,-6.0,19.4,-1.6,27.6,248,17.2,115,90,2025-08-23 10:00:00+00:00
28.0,84,25.0,997.3,998.0,100,4,44,100,11.2,192,24.5,0.1,380.0,-2.7,-20.0,19.2,-1.6,28.1,253,16.3,107,86,2025-08-23 11:00:00+00:00
27.2,89,25.2,998.1,998.8,100,2,41,99,9.6,197,25.2,1.1,610.0,-1.4,-5.0,19.4,-1.9,35.4,255,13.4,100,79,2025-08-23 12:00:00+00:00
27.0,89,25.0,999.2,999.9,100,3,28,100,11.0,203,26.6,0.0,770.0,-1.0,-19.0,19.2,-2.1,34.2,251,16.0,77,82,2025-08-23 13:00:00+00:00
27.0,90,25.2,999.9,1000.6,98,5,14,98,11.1,193,22.3,0.0,670.0,-1.1,-30.0,19.3,-1.9,37.3,245,16.7,60,86,2025-08-23 14:00:00+00:00
27.0,90,25.2,1000.8,1001.5,100,0,9,100,10.6,203,23.4,0.0,630.0,-1.1,-29.0,19.4,-1.9,34.4,244,17.7,62,80,2025-08-23 15:00:00+00:00
26.7,90,25.0,1001.6,1002.3,100,2,14,100,10.5,209,21.6,0.0,670.0,-0.9,-76.0,19.2,-1.6,33.9,239,31.9,70,74,2025-08-23 16:00:00+00:00
26.4,90,24.7,1001.9,1002.6,100,6,99,100,10.5,204,22.0,0.0,550.0,-0.5,-54.0,19.3,-2.1,32.4,241,25.5,98,74,2025-08-23 17:00:00+00:00
26.2,90,24.4,1001.9,1002.6,100,4,50,100,9.4,200,21.6,0.0,950.0,-0.5,-61.0,19.1,-2.1,27.5,241,33.3,120,74,2025-08-23 18:00:00+00:00
26.1,90,24.3,1001.5,1002.2,100,4,100,99,9.0,195,19.1,0.0,770.0,-0.7,-58.0,19.1,-2.1,25.4,234,24.1,153,77,2025-08-23 19:00:00+00:00
26.2,90,24.5,1001.1,1001.8,100,11,100,100,8.7,193,18.4,0.0,660.0,-0.8,-42.0,18.9,-2.1,23.5,227,23.3,168,78,2025-08-23 20:00:00+00:00
26.1,91,24.6,1000.6,1001.3,94,7,15,94,8.3,182,18.0,0.2,420.0,-1.0,-51.0,18.8,-2.6,22.6,220,21.9,171,82,2025-08-23 21:00:00+00:00
25.3,95,24.4,1000.8,1001.5,100,29,99,100,10.0,162,20.2,0.4,330.0,-1.2,-69.0,18.7,-2.6,21.4,214,22.4,164,83,2025-08-23 22:00:00+00:00
24.8,96,24.2,1001.1,1001.8,99,12,41,98,9.6,157,20.2,0.9,270.0,-1.0,-91.0,18.3,-2.1,22.3,211,23.2,159,84,2025-08-23 23:00:00+00:00
24.6,97,24.1,1001.6,1002.3,100,10,57,99,7.7,169,21.2,0.5,350.0,-1.4,-46.0,18.5,-2.3,18.4,203,27.6,178,83,2025-08-24 00:00:00+00:00
25.1,97,24.6,1002.5,1003.2,100,34,67,100,7.1,153,19.1,0.7,470.0,-2.1,-73.0,18.9,-2.3,26.6,202,27.6,180,88,2025-08-24 01:00:00+00:00
25.9,93,24.7,1002.9,1003.6,100,92,68,100,12.9,186,25.9,0.3,450.0,-1.9,-39.0,19.1,-2.3,27.4,191,26.5,185,80,2025-08-24 02:00:00+00:00
27.4,88,25.3,1003.3,1004.0,100,19,40,99,9.5,201,27.4,0.4,350.0,-1.5,-28.0,19.3,-2.1,32.1,191,24.3,189,81,2025-08-24 03:00:00+00:00
28.9,81,25.3,1003.8,1004.5,100,99,82,100,13.4,206,32.0,0.1,330.0,-1.9,-3.0,18.9,-2.6,34.9,197,20.1,197,82,2025-08-24 04:00:00+00:00
29.4,75,24.6,1003.5,1004.2,100,90,23,100,14.1,210,38.5,0.1,120.0,-1.8,0.0,18.7,-2.6,41.2,209,17.2,192,82,2025-08-24 05:00:00+00:00
30.5,70,24.3,1002.7,1003.4,100,64,48,100,14.7,208,39.2,0.2,130.0,-1.8,-5.0,18.8,-2.3,34.9,209,28.5,158,87,2025-08-24 06:00:00+00:00
29.1,80,25.4,1002.0,1002.7,97,25,47,94,12.8,178,37.4,2.8,140.0,-2.1,-4.0,18.8,-2.1,36.2,220,26.3,156,89,2025-08-24 07:00:00+00:00
30.0,74,24.7,1001.1,1001.8,99,17,40,98,13.6,197,37.4,0.2,150.0,-2.2,-1.0,18.8,-2.1,31.6,229,27.4,151,82,2025-08-24 08:00:00+00:00
29.9,74,24.8,1000.2,1000.9,100,32,58,99,14.4,192,40.3,0.3,110.0,-2.0,-11.0,18.9,-2.1,25.9,236,28.4,152,76,2025-08-24 09:00:00+00:00
29.7,78,25.4,999.8,1000.5,99,12,44,98,12.5,187,34.2,0.5,90.0,-1.9,-4.0,19.2,-2.1,20.1,237,24.5,169,73,2025-08-24 10:00:00+00:00
29.1,79,25.0,999.7,1000.4,100,8,23,100,9.7,190,31.3,0.3,90.0,-1.8,-1.0,19.3,-1.6,15.8,224,25.2,177,74,2025-08-24 11:00:00+00:00
28.7,79,24.7,1000.0,1000.7,100,13,4,100,10.8,182,23.0,0.0,320.0,-2.3,0.0,19.6,-1.9,15.8,221,29.0,173,71,2025-08-24 12:00:00+00:00
27.3,88,25.2,1002.0,1002.7,100,10,38,99,6.8,158,14.4,0.6,410.0,-2.0,-4.0,19.6,-1.4,16.7,215,25.8,158,73,2025-08-24 13:00:00+00:00
27.1,91,25.4,1002.2,1002.9,99,3,15,99,6.7,160,15.1,0.0,540.0,-2.0,-7.0,19.4,-1.6,16.8,221,25.5,139,72,2025-08-24 14:00:00+00:00
26.9,92,25.5,1003.1,1003.8,99,0,11,99,6.0,163,12.6,0.0,590.0,-2.1,-7.0,19.4,-1.9,16.4,224,28.1,130,71,2025-08-24 15:00:00+00:00
26.7,93,25.4,1003.8,1004.5,100,0,2,100,6.1,157,11.9,0.0,690.0,-2.6,-7.0,19.4,-2.1,15.8,226,28.1,130,71,2025-08-24 16:00:00+00:00
26.4,94,25.3,1004.2,1004.9,28,1,25,8,7.4,158,14.4,0.0,700.0,-2.6,-5.0,19.4,-2.3,13.9,224,28.0,137,72,2025-08-24 17:00:00+00:00
26.1,95,25.3,1004.3,1005.0,100,6,2,100,5.7,156,14.4,0.0,800.0,-2.9,-7.0,19.3,-2.1,12.0,209,27.2,131,72,2025-08-24 18:00:00+00:00
25.9,96,25.2,1003.6,1004.3,100,2,2,100,4.6,144,10.8,0.0,650.0,-2.9,-6.0,19.2,-2.1,11.0,204,28.3,126,76,2025-08-24 19:00:00+00:00
25.6,97,25.1,1002.9,1003.6,100,9,2,100,4.8,112,9.4,0.0,550.0,-3.2,-10.0,19.2,-2.3,9.5,197,28.0,121,78,2025-08-24 20:00:00+00:00
25.5,97,25.1,1002.6,1003.3,100,5,1,100,5.1,100,10.4,0.0,510.0,-3.1,-11.0,19.3,-2.3,8.8,192,29.0,120,78,2025-08-24 21:00:00+00:00
25.0,97,24.5,1003.0,1003.7,100,38,56,100,7.6,104,15.1,0.3,460.0,-3.0,-10.0,19.1,-2.3,7.8,187,27.4,119,77,2025-08-24 22:00:00+00:00
24.9,97,24.4,1003.0,1003.7,100,3,24,100,4.8,115,16.2,0.9,450.0,-2.7,-9.0,19.1,-2.3,6.4,172,25.8,118,78,2025-08-24 23:00:00+00:00
25.0,98,24.7,1003.3,1004.0,100,10,16,100,6.0,119,10.8,0.0,500.0,-2.4,-13.0,19.1,-2.3,5.9,90,22.1,112,79,2025-08-25 00:00:00+00:00
26.5,91,25.0,1003.2,1003.9,100,41,52,100,5.0,111,11.9,0.5,510.0,-3.1,-7.0,19.2,-2.1,7.4,101,22.8,108,77,2025-08-25 01:00:00+00:00
27.6,89,25.5,1003.7,1004.4,100,16,20,100,3.1,111,13.0,0.1,510.0,-3.3,-1.0,19.1,-2.1,10.7,102,22.8,108,74,2025-08-25 02:00:00+00:00
28.9,84,26.0,1004.1,1004.8,95,4,12,94,4.1,113,15.1,0.1,580.0,-3.1,0.0,19.4,-2.3,13.5,114,22.8,108,74,2025-08-25 03:00:00+00:00
29.8,80,26.0,1003.8,1004.5,86,17,11,81,7.0,103,20.2,0.3,730.0,-3.2,0.0,19.4,-2.3,15.6,122,23.9,108,74,2025-08-25 04:00:00+00:00
30.6,77,26.1,1003.7,1004.4,82,16,12,76,6.7,124,20.9,0.2,660.0,-3.2,0.0,19.6,-2.1,16.7,125,25.1,107,73,2025-08-25 05:00:00+00:00
31.2,75,26.2,1003.1,1003.8,66,3,6,63,6.9,137,22.7,0.2,1590.0,-3.0,0.0,19.8,-1.9,18.7,124,30.4,108,77,2025-08-25 06:00:00+00:00
31.8,71,26.0,1001.6,1002.3,66,19,8,55,7.1,137,24.1,0.1,1760.0,-2.8,0.0,19.8,-1.9,21.2,125,30.4,108,76,2025-08-25 07:00:00+00:00
32.2,70,26.1,1000.4,1001.1,99,26,11,99,4.8,138,23.4,0.0,1920.0,-3.2,0.0,19.7,-1.6,20.2,121,31.5,108,73,2025-08-25 08:00:00+00:00
28.9,83,25.7,999.8,1000.5,100,27,39,99,9.4,167,25.9,3.2,1600.0,-3.3,0.0,19.8,-1.6,21.8,119,31.2,106,76,2025-08-25 09:00:00+00:00
29.8,80,25.9,999.0,999.7,68,1,13,64,4.7,176,23.8,0.1,1200.0,-3.2,0.0,20.0,-1.4,27.8,125,30.0,106,81,2025-08-25 10:00:00+00:00
28.9,83,25.7,999.1,999.8,78,0,11,75,6.5,148,20.5,0.2,1120.0,-3.1,0.0,20.0,-1.6,27.4,132,29.7,104,79,2025-08-25 11:00:00+00:00
28.8,84,25.8,999.6,1000.3,93,31,6,89,6.4,158,14.8,0.0,1670.0,-3.4,-1.0,20.0,-1.6,23.2,118,32.8,98,76,2025-08-25 12:00:00+00:00
28.3,90,26.5,1001.3,1002.0,99,11,14,99,2.4,153,8.6,0.1,1170.0,-2.9,-5.0,20.3,-1.6,23.5,126,32.8,98,72,2025-08-25 13:00:00+00:00
28.1,90,26.4,1002.0,1002.7,100,3,3,99,1.9,131,4.0,0.0,1330.0,-2.8,-6.0,20.3,-1.6,22.7,128,35.0,96,76,2025-08-25 14:00:00+00:00
27.9,90,26.2,1003.0,1003.7,97,4,4,97,2.8,140,5.8,0.0,1260.0,-3.1,-7.0,20.2,-1.9,22.3,131,37.4,96,74,2025-08-25 15:00:00+00:00
27.7,90,26.0,1003.7,1004.4,96,1,1,96,3.1,118,6.1,0.0,1250.0,-3.0,-7.0,20.3,-2.1,22.6,132,38.6,95,76,2025-08-25 16:00:00+00:00
27.3,91,25.7,1004.4,1005.1,97,0,4,96,5.6,130,10.4,0.0,1250.0,-2.9,-10.0,20.4,-2.3,22.2,134,40.1,99,76,2025-08-25 17:00:00+00:00
27.0,91,25.4,1004.1,1004.8,77,0,0,77,6.2,142,12.6,0.0,1400.0,-3.1,-8.0,20.0,-2.6,21.0,132,42.2,105,74,2025-08-25 18:00:00+00:00
26.6,93,25.3,1003.6,1004.3,90,0,0,90,5.1,122,11.9,0.0,1340.0,-3.2,-7.0,20.0,-2.6,20.0,131,38.7,106,77,2025-08-25 19:00:00+00:00
26.4,94,25.4,1003.1,1003.8,91,0,0,91,4.8,110,10.4,0.0,1300.0,-3.0,-6.0,19.8,-2.8,19.1,128,37.6,107,78,2025-08-25 20:00:00+00:00
26.2,95,25.4,1002.6,1003.3,97,3,0,97,4.5,97,9.4,0.0,1180.0,-3.2,-4.0,19.7,-2.6,18.2,127,36.4,107,78,2025-08-25 21:00:00+00:00
26.1,96,25.4,1002.6,1003.3,99,2,0,99,5.6,94,11.2,0.0,1140.0,-3.3,-6.0,19.6,-2.6,18.6,126,34.6,104,76,2025-08-25 22:00:00+00:00
26.0,97,25.5,1002.8,1003.5,100,0,0,100,6.1,92,12.2,0.0,1090.0,-3.1,-9.0,19.4,-2.8,19.5,123,34.4,102,76,2025-08-25 23:00:00+00:00
26.0,97,25.5,1003.4,1004.1,27,4,0,24,5.4,94,11.9,0.0,1080.0,-2.7,-11.0,19.2,-2.8,19.8,116,33.0,100,77,2025-08-26 00:00:00+00:00
27.6,92,26.2,1004.2,1004.9,95,3,15,94,5.6,83,13.3,0.0,990.0,-2.8,-5.0,19.2,-2.6,21.0,114,34.1,100,74,2025-08-26 01:00:00+00:00
28.8,86,26.2,1004.6,1005.3,87,6,13,85,7.6,98,19.1,0.0,950.0,-2.7,0.0,19.3,-2.3,21.2,113,35.3,100,71,2025-08-26 02:00:00+00:00
29.8,77,25.3,1004.4,1005.1,38,8,9,29,8.9,108,22.7,0.1,900.0,-2.6,0.0,19.2,-2.3,21.4,114,35.3,100,69,2025-08-26 03:00:00+00:00
30.7,72,25.0,1004.5,1005.2,58,17,9,46,10.1,114,25.9,0.1,860.0,-2.4,0.0,19.4,-2.3,22.6,115,35.1,98,69,2025-08-26 04:00:00+00:00
31.1,72,25.4,1004.4,1005.1,71,9,15,64,10.9,114,31.0,0.2,740.0,-2.2,0.0,19.6,-2.1,21.8,119,35.1,98,70,2025-08-26 05:00:00+00:00
31.6,71,25.8,1003.7,1004.4,92,6,8,91,8.9,108,31.0,0.0,1270.0,-2.0,0.0,19.9,-1.9,20.2,115,33.8,96,78,2025-08-26 06:00:00+00:00
32.0,71,26.1,1002.7,1003.4,45,1,9,39,9.2,110,29.9,0.0,1300.0,-1.6,0.0,20.0,-1.9,19.3,124,34.9,94,82,2025-08-26 07:00:00+00:00
32.0,71,26.0,1001.2,1001.9,83,3,15,80,7.6,109,29.9,0.1,1570.0,-2.0,0.0,20.2,-1.9,18.7,124,33.6,90,82,2025-08-26 08:00:00+00:00
28.8,82,25.5,1001.0,1001.7,97,6,43,95,9.2,141,32.0,1.5,1520.0,-2.4,0.0,20.2,-1.9,17.2,127,34.8,88,79,2025-08-26 09:00:00+00:00
30.1,77,25.6,999.9,1000.6,69,3,18,61,5.4,138,22.0,0.0,1710.0,-2.7,-3.0,19.8,-1.9,18.0,126,33.7,86,77,2025-08-26 10:00:00+00:00
30.5,75,25.5,999.9,1000.6,62,7,12,54,7.0,134,17.3,0.0,1580.0,-2.8,-3.0,20.4,-1.9,20.0,125,33.7,86,77,2025-08-26 11:00:00+00:00
29.7,78,25.5,1000.3,1001.0,76,8,7,72,6.9,143,18.4,0.0,1950.0,-3.4,-5.0,20.0,-1.9,18.2,122,36.1,86,70,2025-08-26 12:00:00+00:00
29.1,83,25.9,1001.3,1002.0,89,0,4,89,3.2,117,9.4,0.0,1750.0,-3.3,-9.0,20.4,-1.9,21.0,124,37.2,88,73,2025-08-26 13:00:00+00:00
28.6,84,25.7,1002.1,1002.8,97,4,3,96,4.6,111,8.6,0.0,1590.0,-3.1,-12.0,20.3,-1.9,23.2,126,37.2,92,71,2025-08-26 14:00:00+00:00
28.1,86,25.6,1002.8,1003.5,56,19,4,43,6.5,120,12.6,0.0,1400.0,-3.0,-18.0,20.2,-1.9,23.5,126,37.3,94,72,2025-08-26 15:00:00+00:00
27.6,89,25.6,1003.6,1004.3,46,0,3,46,5.9,135,13.3,0.0,1190.0,-2.6,-25.0,20.3,-2.1,24.2,126,37.3,94,69,2025-08-26 16:00:00+00:00
27.1,91,25.5,1004.0,1004.7,17,0,1,16,4.4,125,11.5,0.0,1180.0,-2.3,-24.0,20.3,-2.3,26.3,129,37.5,97,66,2025-08-26 17:00:00+00:00
26.8,92,25.4,1003.9,1004.6,93,0,0,93,4.9,98,9.4,0.0,1270.0,-2.3,-28.0,20.2,-2.6,24.7,118,36.3,98,63,2025-08-26 18:00:00+00:00
26.5,93,25.4,1003.3,1004.0,100,5,0,100,5.9,88,11.9,0.0,1260.0,-2.4,-29.0,20.2,-2.6,26.5,117,34.1,100,62,2025-08-26 19:00:00+00:00
26.3,95,25.3,1002.5,1003.2,100,8,0,100,6.8,78,13.7,0.0,1350.0,-2.4,-22.0,20.2,-2.6,27.1,117,31.8,101,58,2025-08-26 20:00:00+00:00
26.1,95,25.3,1002.0,1002.7,100,8,0,100,6.8,72,14.0,0.0,1250.0,-2.1,-21.0,19.9,-2.6,27.1,115,30.6,101,57,2025-08-26 21:00:00+00:00
25.9,96,25.3,1001.7,1002.4,100,19,3,100,7.8,75,15.1,0.0,1120.0,-2.0,-34.0,19.6,-2.6,26.9,116,29.4,102,57,2025-08-26 22:00:00+00:00
25.9,97,25.4,1001.9,1002.6,99,14,3,99,8.9,83,18.4,0.0,1160.0,-1.9,-59.0,19.6,-2.6,26.7,117,28.0,100,59,2025-08-26 23:00:00+00:00
25.8,97,25.3,1002.3,1003.0,96,17,2,95,8.6,80,17.6,0.0,1080.0,-2.0,-46.0,19.6,-2.8,25.7,120,26.8,100,60,2025-08-27 00:00:00+00:00
27.3,89,25.4,1002.5,1003.2,100,18,14,100,11.7,90,25.9,0.0,1100.0,-2.7,-18.0,19.6,-2.6,25.2,122,25.7,101,60,2025-08-27 01:00:00+00:00
28.1,85,25.3,1002.7,1003.4,100,19,2,100,13.0,92,28.1,0.1,1050.0,-3.4,0.0,19.6,-2.6,24.9,121,24.3,99,59,2025-08-27 02:00:00+00:00
29.0,80,25.2,1002.9,1003.6,100,19,1,100,13.1,99,30.2,0.1,870.0,-3.5,0.0,19.8,-2.6,30.5,125,24.3,99,59,2025-08-27 03:00:00+00:00
30.3,74,25.1,1002.9,1003.6,100,20,11,100,14.5,104,33.8,0.2,890.0,-3.7,0.0,19.6,-2.6,31.4,126,22.9,96,58,2025-08-27 04:00:00+00:00
31.0,73,25.7,1002.7,1003.4,27,13,19,1,14.3,118,40.0,0.1,790.0,-3.8,0.0,19.6,-2.3,27.7,126,22.9,96,60,2025-08-27 05:00:00+00:00
31.7,71,25.7,1002.0,1002.7,23,12,12,0,14.1,120,42.1,0.0,1750.0,-3.7,0.0,19.8,-2.3,30.0,123,20.5,97,78,2025-08-27 06:00:00+00:00
32.0,69,25.7,1001.2,1001.9,55,38,18,11,13.1,122,42.1,0.0,2220.0,-3.9,0.0,20.0,-2.1,30.6,123,20.4,93,74,2025-08-27 07:00:00+00:00
30.1,75,25.2,1000.5,1001.2,79,16,63,41,12.4,130,40.0,1.5,2140.0,-3.9,0.0,20.2,-2.1,29.7,126,21.6,93,73,2025-08-27 08:00:00+00:00
31.3,71,25.5,999.5,1000.2,98,93,9,72,11.2,136,33.8,0.1,1760.0,-3.9,0.0,20.4,-1.9,32.9,133,20.4,93,77,2025-08-27 09:00:00+00:00
29.2,79,25.2,999.5,1000.2,92,46,54,74,13.3,157,40.3,1.3,1570.0,-4.2,0.0,20.2,-1.9,30.3,143,21.6,90,79,2025-08-27 10:00:00+00:00
28.7,80,24.9,999.9,1000.6,89,27,37,78,11.9,170,28.8,1.4,1280.0,-4.2,0.0,20.2,-2.1,30.8,151,21.6,90,82,2025-08-27 11:00:00+00:00
27.8,85,25.1,1000.5,1001.2,100,19,7,99,9.9,158,25.6,0.1,1830.0,-3.7,0.0,19.2,-1.9,26.7,155,22.9,84,77,2025-08-27 12:00:00+00:00
28.2,84,25.2,1001.7,1002.4,48,10,19,33,10.2,152,25.2,0.0,1120.0,-3.4,-4.0,20.2,-2.1,30.6,160,25.2,87,77,2025-08-27 13:00:00+00:00
27.8,85,25.0,1002.5,1003.2,73,0,11,69,10.5,153,22.0,0.0,1090.0,-3.1,-4.0,20.3,-2.1,32.4,163,25.2,87,76,2025-08-27 14:00:00+00:00
27.5,87,25.0,1003.3,1004.0,14,2,10,4,9.6,159,21.6,0.0,940.0,-3.3,-3.0,20.4,-2.3,33.4,169,25.2,93,73,2025-08-27 15:00:00+00:00
27.2,88,25.0,1003.6,1004.3,51,12,8,40,8.7,166,19.8,0.0,890.0,-3.3,-3.0,20.2,-2.6,35.1,182,25.3,95,72,2025-08-27 16:00:00+00:00
26.9,89,25.0,1004.0,1004.7,58,3,3,55,8.0,162,18.0,0.0,870.0,-2.8,-3.0,19.9,-2.8,37.9,193,25.7,101,73,2025-08-27 17:00:00+00:00
26.6,90,24.9,1003.8,1004.5,97,3,2,97,7.0,145,16.2,0.0,1210.0,-3.5,-4.0,19.8,-2.8,35.8,195,26.4,93,74,2025-08-27 18:00:00+00:00
26.3,91,24.8,1003.2,1003.9,100,6,1,100,6.7,121,14.0,0.0,1130.0,-3.6,-5.0,19.7,-2.6,34.7,190,25.3,95,79,2025-08-27 19:00:00+00:00
26.1,92,24.7,1002.7,1003.4,99,7,3,99,6.8,127,13.7,0.0,1110.0,-3.6,-9.0,19.8,-2.6,33.8,185,24.3,99,77,2025-08-27 20:00:00+00:00
26.0,92,24.7,1002.4,1003.1,50,11,1,44,7.0,111,13.7,0.0,960.0,-3.3,-10.0,19.7,-2.6,32.8,178,23.1,99,80,2025-08-27 21:00:00+00:00
26.1,92,24.7,1002.4,1003.1,86,56,8,65,8.7,124,16.9,0.0,870.0,-3.1,-15.0,19.7,-2.6,33.0,174,21.3,106,76,2025-08-27 22:00:00+00:00
26.1,92,24.7,1002.5,1003.2,98,21,4,98,10.1,133,20.9,0.0,760.0,-2.5,-19.0,19.4,-2.6,33.8,175,19.4,112,74,2025-08-27 23:00:00+00:00
26.0,91,24.3,1003.2,1003.9,100,22,90,99,11.8,149,24.5,0.1,910.0,-2.7,-15.0,19.4,-2.6,32.0,185,17.1,129,76,2025-08-28 00:00:00+00:00
27.1,90,25.2,1003.3,1004.0,88,23,27,79,10.1,137,24.5,0.0,820.0,-3.2,-5.0,19.3,-2.6,30.6,183,16.1,132,74,2025-08-28 01:00:00+00:00
28.1,85,25.3,1003.8,1004.5,55,24,26,21,13.5,157,30.2,0.0,810.0,-3.5,-1.0,19.6,-2.6,30.7,186,15.3,135,74,2025-08-28 02:00:00+00:00
29.0,82,25.6,1004.2,1004.9,94,63,5,82,12.0,154,31.3,0.1,840.0,-3.5,0.0,19.6,-2.6,29.2,182,15.3,135,74,2025-08-28 03:00:00+00:00
30.2,77,25.8,1004.2,1004.9,100,100,11,100,12.9,161,34.2,0.0,880.0,-3.5,0.0,19.8,-2.3,31.5,182,14.4,138,79,2025-08-28 04:00:00+00:00
30.6,73,25.3,1003.9,1004.6,100,100,8,100,12.9,168,38.2,0.0,1030.0,-3.5,0.0,19.9,-2.3,32.2,187,14.6,145,78,2025-08-28 05:00:00+00:00
31.0,70,25.0,1003.0,1003.7,98,81,14,88,15.2,170,42.1,0.0,1710.0,-3.5,0.0,18.9,-2.1,28.7,181,11.3,148,71,2025-08-28 06:00:00+00:00
30.9,69,24.5,1002.0,1002.7,97,44,40,94,16.5,164,43.9,2.0,1450.0,-3.6,0.0,19.2,-1.9,28.5,187,12.4,151,77,2025-08-28 07:00:00+00:00
28.5,84,25.6,1001.7,1002.4,100,25,29,100,7.9,183,38.2,3.3,1450.0,-3.3,0.0,19.1,-2.1,29.3,184,10.3,159,77,2025-08-28 08:00:00+00:00
29.3,77,24.9,1001.0,1001.7,100,35,40,99,14.6,171,35.6,2.1,1100.0,-3.4,0.0,19.3,-1.9,26.4,180,8.7,164,80,2025-08-28 09:00:00+00:00
28.4,84,25.5,1000.5,1001.2,89,3,12,87,12.3,162,33.8,3.9,1170.0,-3.3,0.0,19.2,-1.9,27.8,183,7.6,162,79,2025-08-28 10:00:00+00:00
28.6,81,25.1,1000.6,1001.3,99,19,15,99,14.7,168,32.0,0.1,730.0,-3.4,0.0,19.3,-2.1,29.4,187,6.5,158,80,2025-08-28 11:00:00+00:00
27.8,86,25.2,1000.7,1001.4,99,7,5,99,12.5,159,32.0,0.0,1610.0,-3.6,0.0,19.4,-1.9,27.1,188,9.4,130,74,2025-08-28 12:00:00+00:00
28.1,86,25.4,1002.1,1002.8,100,17,14,100,9.4,145,19.4,0.0,1160.0,-3.4,-3.0,20.3,-2.1,29.4,187,10.3,126,74,2025-08-28 13:00:00+00:00
27.7,88,25.5,1003.0,1003.7,100,2,10,100,9.9,155,20.9,0.0,1130.0,-3.4,-4.0,20.4,-2.3,31.8,188,11.1,131,73,2025-08-28 14:00:00+00:00
27.4,89,25.4,1003.8,1004.5,100,0,13,100,9.6,150,20.5,0.0,1150.0,-3.5,-5.0,20.6,-2.3,33.6,189,11.9,135,73,2025-08-28 15:00:00+00:00
27.0,91,25.4,1004.4,1005.1,98,0,7,97,9.7,149,19.8,0.0,1120.0,-3.7,-6.0,20.4,-2.6,33.6,189,11.9,135,73,2025-08-28 16:00:00+00:00
26.8,91,25.3,1004.9,1005.6,100,6,9,100,9.2,145,19.8,0.0,1160.0,-3.8,-6.0,20.3,-2.6,33.6,189,12.0,143,71,2025-08-28 17:00:00+00:00
26.7,92,25.2,1004.5,1005.2,94,20,20,91,10.0,154,20.5,0.0,1210.0,-4.2,-8.0,20.2,-2.8,30.4,188,12.4,151,73,2025-08-28 18:00:00+00:00
26.5,92,25.1,1003.8,1004.5,99,16,12,99,8.6,160,20.5,0.0,1160.0,-4.3,-6.0,20.0,-2.8,29.9,188,10.7,153,76,2025-08-28 19:00:00+00:00
26.4,92,25.0,1003.6,1004.3,100,13,10,100,8.0,160,17.6,0.0,990.0,-3.8,-6.0,19.8,-2.6,28.5,188,9.7,150,78,2025-08-28 20:00:00+00:00
26.2,93,24.9,1003.5,1004.2,100,16,28,100,7.7,159,16.6,0.0,810.0,-3.6,-7.0,19.7,-2.6,28.7,190,9.1,157,80,2025-08-28 21:00:00+00:00
26.1,92,24.8,1003.7,1004.4,100,17,16,100,8.0,152,16.9,0.0,660.0,-3.5,-7.0,19.7,-2.6,27.4,191,8.7,164,79,2025-08-28 22:00:00+00:00
25.8,94,24.7,1003.9,1004.6,100,11,26,100,7.4,148,16.2,0.0,650.0,-3.1,-11.0,19.6,-2.6,26.5,192,6.5,158,77,2025-08-28 23:00:00+00:00
25.7,94,24.7,1004.5,1005.2,99,14,14,99,6.6,139,15.1,0.0,810.0,-3.0,-13.0,19.6,-2.6,29.6,194,8.7,164,72,2025-08-29 00:00:00+00:00
27.1,91,25.5,1004.9,1005.6,100,2,18,100,5.6,132,13.7,0.0,810.0,-3.4,-14.0,19.6,-2.3,28.0,196,7.0,149,73,2025-08-29 01:00:00+00:00
28.4,85,25.7,1005.6,1006.3,98,4,12,98,8.7,156,21.6,0.1,920.0,-3.5,-3.0,19.4,-2.6,26.9,195,7.7,141,72,2025-08-29 02:00:00+00:00
29.3,83,26.2,1005.6,1006.3,74,15,4,69,8.1,155,23.8,0.2,1310.0,-3.5,0.0,19.4,-2.6,26.7,194,9.4,130,74,2025-08-29 03:00:00+00:00
29.6,81,26.0,1006.0,1006.7,100,100,28,75,12.4,167,31.3,0.5,1510.0,-3.4,0.0,19.7,-2.6,27.0,196,10.3,126,74,2025-08-29 04:00:00+00:00
27.1,87,24.7,1006.1,1006.8,100,43,3,100,13.8,164,36.4,11.0,1610.0,-3.7,0.0,19.4,-2.6,28.2,198,11.1,131,77,2025-08-29 05:00:00+00:00
27.8,86,25.2,1005.4,1006.1,100,24,3,99,12.1,180,33.1,0.4,1930.0,-3.8,0.0,19.1,-2.1,18.0,189,12.8,131,78,2025-08-29 06:00:00+00:00
30.3,79,26.2,1004.3,1005.0,100,80,2,100,12.2,179,31.0,0.1,2040.0,-4.0,0.0,19.2,-2.3,18.3,186,12.8,139,73,2025-08-29 07:00:00+00:00
27.8,83,24.7,1003.8,1004.5,100,66,42,100,13.7,184,32.4,4.2,1950.0,-4.2,0.0,19.3,-2.1,18.3,184,11.1,131,76,2025-08-29 08:00:00+00:00
29.3,80,25.5,1002.7,1003.4,99,29,5,98,8.3,174,30.6,0.9,1590.0,-4.2,0.0,19.2,-2.3,17.1,171,10.3,144,71,2025-08-29 09:00:00+00:00
29.6,81,25.9,1002.6,1003.3,100,70,16,100,10.4,178,27.4,0.3,1080.0,-4.2,0.0,19.9,-2.3,17.9,173,8.7,146,67,2025-08-29 10:00:00+00:00
27.5,87,25.2,1003.2,1003.9,100,6,15,100,8.6,149,26.6,4.4,1040.0,-4.7,0.0,20.0,-2.3,21.4,182,8.5,135,66,2025-08-29 11:00:00+00:00
27.5,89,25.6,1003.6,1004.3,100,3,6,100,9.0,151,18.7,0.0,1310.0,-4.5,-3.0,20.2,-2.3,21.8,200,8.7,106,70,2025-08-29 12:00:00+00:00
26.7,91,25.2,1004.7,1005.4,100,0,60,100,8.9,159,19.4,0.1,1030.0,-4.2,-6.0,20.3,-2.3,22.0,204,10.3,111,68,2025-08-29 13:00:00+00:00
26.6,92,25.2,1005.2,1005.9,100,0,19,100,8.1,145,18.0,0.1,1000.0,-3.8,-8.0,20.3,-2.3,22.0,210,11.8,114,66,2025-08-29 14:00:00+00:00
26.4,94,25.3,1005.7,1006.4,100,0,0,100,8.4,149,17.3,0.0,1040.0,-3.5,-8.0,20.5,-2.1,21.2,208,12.4,119,64,2025-08-29 15:00:00+00:00
26.3,95,25.3,1006.2,1006.9,100,4,3,100,7.9,153,17.3,0.0,1050.0,-3.6,-8.0,20.6,-2.3,20.2,205,13.7,128,63,2025-08-29 16:00:00+00:00
26.1,95,25.3,1006.3,1007.0,100,2,11,100,7.2,145,15.5,0.0,1090.0,-3.4,-7.0,20.4,-2.6,20.2,205,14.4,132,63,2025-08-29 17:00:00+00:00
26.0,96,25.3,1006.2,1006.9,100,4,16,100,6.6,133,14.4,0.0,1340.0,-3.6,-10.0,20.2,-2.6,16.6,212,14.0,121,63,2025-08-29 18:00:00+00:00
25.9,97,25.3,1006.1,1006.8,100,7,7,100,6.3,149,13.0,0.0,1330.0,-4.0,-9.0,20.0,-2.6,18.1,208,12.0,127,66,2025-08-29 19:00:00+00:00
25.9,97,25.4,1006.0,1006.7,100,7,14,100,6.1,133,11.9,0.0,1290.0,-4.2,-8.0,19.9,-2.6,18.5,208,9.7,120,69,2025-08-29 20:00:00+00:00
25.8,97,25.4,1005.5,1006.2,100,6,23,100,6.4,130,12.2,0.0,1270.0,-4.3,-7.0,19.8,-2.6,17.2,202,8.0,117,70,2025-08-29 21:00:00+00:00
25.8,97,25.4,1005.6,1006.3,99,33,3,98,5.2,139,12.6,0.0,1120.0,-4.2,-7.0,19.7,-2.6,17.6,197,7.3,99,74,2025-08-29 22:00:00+00:00
25.8,97,25.3,1005.6,1006.3,100,35,10,100,5.8,141,11.2,0.0,1040.0,-4.3,-6.0,19.6,-2.6,17.0,196,8.5,98,74,2025-08-29 23:00:00+00:00
25.7,96,25.0,1005.9,1006.6,100,2,30,100,5.9,125,13.3,0.1,1390.0,-4.4,-6.0,19.8,-2.8,16.9,194,10.3,111,71,2025-08-30 00:00:00+00:00
27.0,94,25.9,1006.5,1007.2,100,8,15,100,4.3,112,11.5,0.0,1310.0,-4.4,-5.0,19.8,-2.8,15.4,192,11.4,108,71,2025-08-30 01:00:00+00:00
28.3,89,26.3,1006.9,1007.6,100,17,0,100,4.8,119,14.8,0.0,1480.0,-4.2,0.0,19.9,-2.8,14.3,189,12.9,112,70,2025-08-30 02:00:00+00:00
29.4,84,26.5,1007.0,1007.7,100,13,5,100,6.5,150,18.7,0.1,1890.0,-3.9,0.0,19.8,-2.8,14.2,187,13.7,105,73,2025-08-30 03:00:00+00:00
30.3,79,26.1,1007.1,1007.8,100,100,3,99,5.9,145,19.1,0.3,1790.0,-3.7,0.0,19.6,-2.8,14.2,184,13.7,105,76,2025-08-30 04:00:00+00:00
30.8,77,26.4,1006.5,1007.2,100,100,5,97,8.4,132,22.7,0.2,1810.0,-3.7,0.0,19.3,-2.8,13.2,182,13.4,100,76,2025-08-30 05:00:00+00:00
27.8,84,24.8,1006.2,1006.9,100,25,34,100,9.2,137,32.0,8.4,2390.0,-3.8,0.0,19.3,-2.3,8.8,159,15.8,99,76,2025-08-30 06:00:00+00:00
29.0,83,25.9,1005.8,1006.5,100,77,12,100,7.9,167,23.4,0.1,2090.0,-3.7,0.0,19.3,-2.1,9.2,147,15.8,99,73,2025-08-30 07:00:00+00:00
27.5,87,25.1,1004.6,1005.3,100,19,35,100,11.0,166,27.0,3.5,2230.0,-3.6,0.0,19.2,-2.1,8.4,135,14.6,99,70,2025-08-30 08:00:00+00:00
28.5,84,25.5,1003.3,1004.0,100,19,7,100,8.0,188,24.8,0.1,2290.0,-3.9,0.0,19.2,-2.1,11.1,125,12.1,96,68,2025-08-30 09:00:00+00:00
29.0,81,25.4,1003.1,1003.8,100,17,10,100,10.7,194,25.9,0.0,2200.0,-4.0,0.0,19.3,-2.1,11.9,122,13.3,85,64,2025-08-30 10:00:00+00:00
28.7,81,25.2,1002.9,1003.6,100,40,1,100,10.0,167,24.8,0.0,1740.0,-4.2,0.0,19.8,-1.9,13.6,130,13.7,75,67,2025-08-30 11:00:00+00:00
27.9,87,25.5,1003.3,1004.0,100,17,1,100,7.9,164,23.0,0.0,1730.0,-4.5,-3.0,20.6,-1.9,14.2,138,17.5,74,72,2025-08-30 12:00:00+00:00
27.7,91,26.1,1004.2,1004.9,100,0,4,100,5.8,146,13.7,0.0,1640.0,-4.2,-7.0,20.4,-1.9,15.0,145,17.5,74,63,2025-08-30 13:00:00+00:00
27.3,92,25.9,1005.0,1005.7,100,0,3,100,6.6,139,13.7,0.0,1670.0,-4.3,-9.0,20.5,-1.9,13.2,139,18.6,75,64,2025-08-30 14:00:00+00:00
26.9,93,25.7,1005.7,1006.4,98,0,8,98,7.3,115,14.4,0.0,1740.0,-3.9,-12.0,20.5,-2.1,13.5,132,18.4,79,64,2025-08-30 15:00:00+00:00
26.7,94,25.7,1006.2,1006.9,100,0,16,100,7.4,119,14.8,0.0,1710.0,-3.4,-27.0,20.5,-2.3,14.9,128,18.2,82,63,2025-08-30 16:00:00+00:00
26.7,95,25.8,1006.2,1006.9,95,0,1,95,5.4,130,14.8,0.0,1660.0,-3.1,-24.0,20.8,-2.6,17.5,129,18.0,86,63,2025-08-30 17:00:00+00:00
26.3,97,25.7,1006.0,1006.7,70,5,0,68,2.1,110,9.7,0.0,1890.0,-3.1,-18.0,20.5,-3.0,14.9,128,19.2,94,67,2025-08-30 18:00:00+00:00
26.1,98,25.7,1005.3,1006.0,85,8,0,83,2.2,90,4.3,0.0,1810.0,-3.5,-15.0,20.4,-2.8,15.6,128,19.2,94,66,2025-08-30 19:00:00+00:00
26.0,99,25.8,1004.9,1005.6,66,9,0,62,2.3,72,4.7,0.0,1710.0,-3.8,-15.0,20.3,-2.8,15.2,129,19.3,97,64,2025-08-30 20:00:00+00:00
25.9,99,25.8,1004.1,1004.8,97,19,0,97,2.5,94,5.0,0.0,1520.0,-3.8,-14.0,20.0,-2.6,16.5,129,19.3,97,63,2025-08-30 21:00:00+00:00
26.0,99,25.9,1003.9,1004.6,99,87,0,96,4.2,133,7.9,0.0,1340.0,-3.3,-13.0,19.9,-2.3,16.8,133,18.0,94,64,2025-08-30 22:00:00+00:00
25.9,95,25.0,1004.4,1005.1,99,55,21,97,3.5,141,9.7,0.1,1290.0,-3.0,-16.0,19.8,-2.3,16.5,138,19.2,94,67,2025-08-30 23:00:00+00:00
25.6,97,25.1,1004.8,1005.5,99,70,25,95,5.3,102,10.8,0.2,1170.0,-2.8,-25.0,19.7,-2.6,14.8,133,19.0,108,68,2025-08-31 00:00:00+00:00
27.1,93,25.9,1005.4,1006.1,67,28,22,42,5.0,139,12.6,0.0,1190.0,-3.2,-24.0,19.7,-2.3,14.2,135,19.0,108,67,2025-08-31 01:00:00+00:00
28.2,88,25.9,1006.0,1006.7,68,41,29,25,3.4,164,14.0,0.0,1010.0,-3.2,-3.0,19.7,-2.1,12.6,131,18.3,113,68,2025-08-31 02:00:00+00:00
29.2,84,26.2,1005.8,1006.5,40,13,6,29,2.6,129,14.0,0.1,1020.0,-2.9,0.0,19.9,-2.1,11.4,127,17.2,115,69,2025-08-31 03:00:00+00:00
30.6,75,25.8,1005.5,1006.2,79,18,5,74,3.1,103,14.8,0.1,860.0,-3.1,0.0,19.6,-2.1,10.8,118,16.1,117,71,2025-08-31 04:00:00+00:00
31.5,71,25.6,1005.1,1005.8,55,8,5,50,4.1,105,19.8,0.0,800.0,-3.7,0.0,19.8,-2.6,9.8,112,16.1,117,73,2025-08-31 05:00:00+00:00
32.0,71,26.2,1004.6,1005.3,57,15,4,47,5.2,117,21.6,0.0,1920.0,-2.8,0.0,19.9,-2.6,9.1,90,14.0,110,78,2025-08-31 06:00:00+00:00
32.4,71,26.5,1003.1,1003.8,100,100,3,63,6.3,105,22.7,0.2,1780.0,-2.8,0.0,20.0,-2.3,9.6,87,12.9,112,77,2025-08-31 07:00:00+00:00
32.2,72,26.5,1001.3,1002.0,95,66,5,84,5.9,108,23.8,0.3,1740.0,-3.1,0.0,19.7,-2.3,9.1,87,11.8,114,74,2025-08-31 08:00:00+00:00
32.0,72,26.4,1000.3,1001.0,100,3,3,100,2.5,120,21.6,0.0,1600.0,-2.9,0.0,19.9,-2.1,8.7,96,9.9,104,74,2025-08-31 09:00:00+00:00
31.4,74,26.2,999.6,1000.3,100,12,3,100,5.6,111,16.2,0.1,1550.0,-4.0,0.0,20.6,-1.6,9.0,105,9.7,97,77,2025-08-31 10:00:00+00:00
31.0,74,25.8,999.7,1000.4,99,10,3,98,5.1,170,16.9,0.1,1320.0,-3.9,-1.0,20.3,-1.4,9.4,113,9.7,83,73,2025-08-31 11:00:00+00:00
29.1,84,26.1,1000.5,1001.2,100,7,29,100,4.8,209,16.9,0.7,1790.0,-4.5,-3.0,20.5,-1.4,6.2,107,11.1,77,71,2025-08-31 12:00:00+00:00
29.7,85,27.0,1001.2,1001.9,100,0,6,100,2.8,145,11.9,0.0,1970.0,-3.9,-16.0,20.6,-1.6,10.2,100,11.4,72,64,2025-08-31 13:00:00+00:00
29.4,87,27.0,1001.7,1002.4,100,1,3,100,1.8,143,4.7,0.0,1990.0,-3.8,-23.0,20.6,-1.9,13.3,98,11.1,77,63,2025-08-31 14:00:00+00:00
29.0,89,27.0,1002.5,1003.2,100,4,4,100,1.3,172,2.9,0.0,1910.0,-3.8,-24.0,20.9,-2.1,15.7,100,13.4,80,64,2025-08-31 15:00:00+00:00
28.6,92,27.1,1002.9,1003.6,100,6,6,100,2.3,219,4.3,0.0,2030.0,-4.1,-23.0,21.1,-2.1,17.4,104,13.4,80,69,2025-08-31 16:00:00+00:00
28.3,93,27.1,1002.8,1003.5,100,2,4,100,2.3,231,4.7,0.0,1940.0,-4.4,-26.0,20.9,-2.1,18.2,112,12.2,79,73,2025-08-31 17:00:00+00:00
28.1,93,27.0,1002.5,1003.2,100,3,4,100,2.7,247,4.7,0.0,1900.0,-4.5,-20.0,20.6,-2.6,16.9,109,15.6,94,73,2025-08-31 18:00:00+00:00
28.0,93,26.8,1001.9,1002.6,100,4,2,100,3.8,251,7.6,0.0,1750.0,-4.6,-18.0,20.6,-2.3,17.3,108,15.6,94,74,2025-08-31 19:00:00+00:00
27.5,94,26.5,1001.2,1001.9,100,8,3,100,2.7,247,7.6,0.0,1810.0,-4.5,-21.0,20.8,-2.3,17.3,102,18.0,94,72,2025-08-31 20:00:00+00:00
27.1,94,26.0,1001.2,1001.9,100,12,58,100,1.5,315,7.2,0.1,1800.0,-4.2,-18.0,20.5,-2.3,17.9,96,18.0,94,71,2025-08-31 21:00:00+00:00
26.5,95,25.7,1001.1,1001.8,100,1,20,100,8.1,301,15.8,0.3,1760.0,-4.0,-25.0,20.2,-2.6,17.3,93,19.3,97,71,2025-08-31 22:00:00+00:00
26.0,97,25.5,1001.1,1001.8,100,17,9,100,6.1,330,17.3,0.0,1500.0,-3.7,-29.0,20.2,-2.3,16.9,95,21.7,96,68,2025-08-31 23:00:00+00:00
26.0,97,25.5,1001.5,1002.2,100,11,16,100,5.9,301,14.0,0.0,1830.0,-3.3,-30.0,20.0,-2.6,14.7,83,23.1,99,68,2025-09-01 00:00:00+00:00
28.1,92,26.7,1001.5,1002.2,97,1,2,96,4.5,360,12.2,0.0,1550.0,-3.6,-20.0,20.2,-2.3,15.7,82,24.1,96,66,2025-09-01 01:00:00+00:00
29.2,86,26.6,1001.9,1002.6,100,0,1,100,5.0,347,14.8,0.0,1640.0,-4.0,-9.0,20.3,-2.3,15.9,72,24.3,99,67,2025-09-01 02:00:00+00:00
30.6,78,26.2,1001.8,1002.5,100,14,0,100,6.5,2,18.7,0.0,1610.0,-4.3,0.0,20.6,-2.1,13.1,70,24.3,99,66,2025-09-01 03:00:00+00:00
31.7,70,25.7,1001.6,1002.3,100,9,0,100,6.9,23,20.2,0.0,2050.0,-4.7,0.0,20.6,-2.1,14.9,67,24.3,99,68,2025-09-01 04:00:00+00:00
32.6,67,25.8,1001.1,1001.8,99,8,1,99,6.9,23,22.7,0.0,2060.0,-5.0,0.0,21.0,-2.3,15.3,63,23.1,99,69,2025-09-01 05:00:00+00:00
33.4,64,25.7,1000.2,1000.9,84,17,6,80,6.4,38,22.7,0.0,2390.0,-5.9,0.0,21.2,-2.6,15.8,57,22.9,96,69,2025-09-01 06:00:00+00:00
33.7,63,25.7,999.2,999.9,100,14,5,100,6.0,27,21.2,0.0,2600.0,-5.1,0.0,21.1,-2.6,17.2,58,22.9,96,71,2025-09-01 07:00:00+00:00
33.9,63,26.0,998.0,998.7,100,8,5,100,6.3,18,21.2,0.0,2650.0,-5.1,0.0,21.2,-2.6,17.6,59,24.0,93,71,2025-09-01 08:00:00+00:00
33.6,66,26.4,996.6,997.3,100,14,14,100,6.5,28,22.3,0.0,2470.0,-5.3,0.0,21.4,-2.3,15.6,58,24.0,90,66,2025-09-01 09:00:00+00:00
33.0,67,26.0,995.9,996.6,100,14,11,100,5.3,35,19.8,0.5,2300.0,-5.9,0.0,21.6,-1.9,14.3,59,27.6,92,66,2025-09-01 10:00:00+00:00
31.7,75,26.8,995.9,996.6,100,25,51,100,5.7,114,14.0,0.7,2250.0,-5.5,-4.0,21.6,-1.4,14.7,60,30.0,88,62,2025-09-01 11:00:00+00:00
30.1,84,27.1,996.9,997.6,100,2,17,100,6.1,140,14.4,0.1,3310.0,-5.3,-9.0,21.1,-1.2,11.6,59,32.5,86,66,2025-09-01 12:00:00+00:00
30.4,84,27.4,997.4,998.1,100,1,11,100,4.4,210,6.8,0.0,2770.0,-4.9,-17.0,20.9,-1.4,15.7,68,33.7,86,68,2025-09-01 13:00:00+00:00
29.6,86,27.1,998.3,999.0,100,0,14,100,8.3,202,16.2,0.0,2210.0,-3.8,-26.0,20.9,-1.4,18.9,75,36.2,84,70,2025-09-01 14:00:00+00:00
29.1,86,26.5,999.2,999.9,100,4,15,100,9.1,229,17.6,0.0,1730.0,-3.9,-32.0,21.0,-1.6,19.8,75,37.3,86,68,2025-09-01 15:00:00+00:00
27.0,94,25.9,1001.1,1001.8,100,35,56,100,12.1,123,28.1,13.2,1290.0,-4.0,-50.0,20.9,-1.6,22.0,83,37.2,90,74,2025-09-01 16:00:00+00:00
26.9,95,26.0,1000.7,1001.4,99,9,26,98,7.7,254,23.8,0.5,1440.0,-4.1,-52.0,21.2,-1.6,29.2,86,39.8,95,76,2025-09-01 17:00:00+00:00
26.8,96,26.1,1000.0,1000.7,100,0,10,100,1.6,117,13.7,0.1,1390.0,-3.7,-49.0,20.8,-1.9,32.0,85,44.5,95,72,2025-09-01 18:00:00+00:00
26.7,97,26.1,999.9,1000.6,100,12,33,100,6.3,270,12.2,0.0,950.0,-3.9,-40.0,20.8,-1.9,33.3,100,48.1,94,78,2025-09-01 19:00:00+00:00
25.8,97,25.3,999.9,1000.6,100,100,99,100,4.2,155,15.1,3.6,620.0,-4.3,-39.0,20.3,-2.1,33.6,99,50.6,95,83,2025-09-01 20:00:00+00:00
25.9,95,25.0,999.1,999.8,100,36,100,100,0.5,90,13.3,0.1,630.0,-4.2,-36.0,20.2,-2.3,32.1,105,50.4,102,84,2025-09-01 21:00:00+00:00
25.9,95,25.0,998.8,999.5,100,99,38,100,2.9,86,11.9,0.3,650.0,-4.1,-4.0,19.9,-2.3,28.4,109,47.8,115,76,2025-09-01 22:00:00+00:00
25.8,96,25.0,999.0,999.7,100,35,100,100,5.2,96,13.7,0.3,610.0,-4.1,-1.0,19.8,-2.1,25.5,125,47.6,124,76,2025-09-01 23:00:00+00:00
25.7,97,25.2,999.4,1000.1,100,100,93,100,6.9,81,13.0,3.9,670.0,-3.9,-2.0,19.8,-2.1,24.5,137,49.7,127,77,2025-09-02 00:00:00+00:00
26.1,93,24.9,1000.5,1001.2,100,3,41,100,7.5,117,24.5,0.5,480.0,-4.0,-2.0,19.8,-2.1,28.6,146,49.0,126,77,2025-09-02 01:00:00+00:00
27.1,89,25.1,1001.3,1002.0,100,20,79,100,13.7,113,29.5,0.1,530.0,-4.2,-1.0,19.7,-2.1,31.1,145,49.0,126,80,2025-09-02 02:00:00+00:00
27.6,84,24.7,1001.6,1002.3,100,27,26,100,16.1,120,33.5,0.2,570.0,-4.4,-1.0,19.8,-2.1,32.5,142,46.9,130,77,2025-09-02 03:00:00+00:00
28.9,83,25.6,1001.8,1002.5,99,7,21,98,14.1,121,36.4,0.1,610.0,-4.3,0.0,19.6,-2.1,36.2,139,45.0,134,79,2025-09-02 04:00:00+00:00
30.3,77,25.9,1001.7,1002.4,100,94,14,100,15.4,124,42.1,0.1,760.0,-4.5,0.0,19.6,-2.1,38.0,136,45.0,134,81,2025-09-02 05:00:00+00:00
29.1,79,25.0,1001.1,1001.8,100,55,36,100,19.1,124,46.8,2.8,860.0,-4.1,0.0,19.3,-1.9,30.8,128,40.7,135,83,2025-09-02 06:00:00+00:00
28.3,86,25.8,999.9,1000.6,100,88,8,99,10.2,103,44.3,1.6,1220.0,-3.6,0.0,19.1,-1.9,33.9,123,37.4,138,80,2025-09-02 07:00:00+00:00
27.8,86,25.2,999.4,1000.1,100,4,5,100,10.1,114,42.5,2.9,1320.0,-3.4,0.0,19.2,-1.9,29.2,119,33.9,135,78,2025-09-02 08:00:00+00:00
29.1,84,26.2,998.4,999.1,100,100,18,100,11.5,110,29.9,0.1,1380.0,-3.4,0.0,19.4,-1.9,31.9,112,32.2,135,81,2025-09-02 09:00:00+00:00
29.1,80,25.2,998.3,999.0,100,6,11,100,10.9,135,40.3,0.2,900.0,-3.2,-1.0,19.2,-1.9,35.9,114,33.2,131,82,2025-09-02 10:00:00+00:00
29.4,79,25.3,998.5,999.2,100,22,21,100,12.4,116,33.1,0.1,800.0,-3.2,0.0,19.8,-1.9,37.8,121,32.4,129,83,2025-09-02 11:00:00+00:00
28.4,82,25.0,999.2,999.9,95,26,21,92,10.5,123,31.3,0.2,1030.0,-2.1,-4.0,20.0,-1.9,39.6,123,36.0,127,79,2025-09-02 12:00:00+00:00
27.8,85,25.0,999.6,1000.3,98,1,17,98,11.3,107,24.1,0.0,780.0,-1.9,-10.0,19.9,-1.6,39.5,126,36.3,124,80,2025-09-02 13:00:00+00:00
27.5,85,24.8,1000.9,1001.6,91,10,36,84,10.7,107,23.0,0.0,850.0,-2.5,-15.0,19.9,-1.6,40.8,125,37.7,121,80,2025-09-02 14:00:00+00:00
27.3,86,24.8,1002.0,1002.7,100,8,22,100,10.8,105,23.4,0.0,770.0,-3.0,-9.0,19.8,-1.9,43.3,127,39.7,119,78,2025-09-02 15:00:00+00:00
27.1,88,24.9,1002.3,1003.0,100,26,12,100,10.0,97,22.3,0.0,800.0,-2.7,-9.0,19.8,-1.9,44.5,128,41.0,122,78,2025-09-02 16:00:00+00:00
26.9,90,25.0,1002.1,1002.8,98,18,5,97,10.4,98,21.6,0.0,820.0,-2.5,-12.0,19.6,-2.1,43.9,131,43.6,122,68,2025-09-02 17:00:00+00:00
26.8,90,25.1,1002.2,1002.9,84,16,13,78,9.8,95,21.6,0.0,910.0,-2.8,-16.0,19.7,-2.3,39.0,135,48.4,120,80,2025-09-02 18:00:00+00:00
26.6,91,25.0,1002.0,1002.7,97,65,40,87,10.9,102,22.0,0.0,800.0,-2.5,-15.0,19.6,-2.3,40.3,135,48.8,118,82,2025-09-02 19:00:00+00:00
26.2,92,24.8,1001.5,1002.2,100,69,58,100,10.1,93,24.8,0.1,710.0,-2.6,-16.0,19.6,-2.3,41.0,131,49.4,119,82,2025-09-02 20:00:00+00:00
25.8,93,24.6,1000.8,1001.5,100,44,19,100,12.8,96,25.9,0.7,720.0,-2.7,-21.0,19.7,-2.3,42.5,125,49.4,119,81,2025-09-02 21:00:00+00:00
25.6,94,24.6,1001.0,1001.7,99,20,13,99,13.7,92,28.4,0.0,680.0,-2.6,-29.0,19.4,-2.3,45.6,122,48.4,120,80,2025-09-02 22:00:00+00:00
25.4,95,24.5,1001.2,1001.9,100,100,13,99,13.3,81,27.4,0.1,620.0,-2.4,-33.0,19.3,-2.3,48.0,120,50.0,120,80,2025-09-02 23:00:00+00:00
25.3,94,24.4,1001.3,1002.0,100,47,14,100,15.5,88,32.0,0.0,780.0,-2.7,-34.0,19.7,-2.1,51.6,119,53.2,118,74,2025-09-03 00:00:00+00:00
26.3,93,25.1,1002.0,1002.7,100,61,29,100,19.5,81,38.9,0.8,700.0,-3.5,-17.0,19.2,-2.3,53.5,120,54.2,118,79,2025-09-03 01:00:00+00:00
27.0,90,25.2,1002.4,1003.1,99,40,38,97,16.8,87,39.2,0.2,750.0,-4.1,0.0,19.3,-2.1,57.5,118,55.3,117,78,2025-09-03 02:00:00+00:00
27.4,89,25.4,1002.8,1003.5,94,11,28,90,18.9,93,40.3,0.9,730.0,-4.6,0.0,19.8,-2.1,56.1,119,55.8,118,79,2025-09-03 03:00:00+00:00
28.8,86,26.2,1002.6,1003.3,97,53,35,91,20.5,103,49.3,0.4,800.0,-4.5,0.0,19.8,-2.1,54.4,121,55.0,122,80,2025-09-03 04:00:00+00:00
28.9,84,25.9,1002.0,1002.7,100,96,23,85,19.8,105,55.1,1.1,830.0,-4.7,0.0,19.8,-1.9,51.2,129,54.3,125,82,2025-09-03 05:00:00+00:00
28.1,85,25.3,1001.9,1002.6,99,22,63,98,18.8,114,58.3,4.7,1530.0,-4.7,0.0,19.2,-1.9,48.2,123,49.0,126,83,2025-09-03 06:00:00+00:00
29.2,79,25.3,1000.8,1001.5,93,20,35,86,17.8,113,48.2,0.1,1130.0,-4.3,0.0,19.4,-2.1,47.5,127,49.5,129,83,2025-09-03 07:00:00+00:00
28.7,86,26.0,1000.2,1000.9,99,44,55,96,16.6,129,55.8,5.9,1040.0,-4.1,0.0,19.4,-2.1,46.8,133,47.6,131,82,2025-09-03 08:00:00+00:00
28.3,83,25.1,999.5,1000.2,98,34,10,97,15.0,134,49.3,2.4,950.0,-3.8,0.0,19.3,-1.9,46.6,141,46.7,132,82,2025-09-03 09:00:00+00:00
29.2,79,25.2,999.1,999.8,99,8,9,99,15.4,127,43.2,0.1,910.0,-4.1,0.0,18.9,-1.9,43.1,141,45.0,136,81,2025-09-03 10:00:00+00:00
27.6,87,25.3,999.5,1000.2,100,25,15,100,9.3,139,43.6,2.7,490.0,-3.9,0.0,19.4,-1.9,43.9,149,42.7,142,76,2025-09-03 11:00:00+00:00
27.7,86,25.2,1000.1,1000.8,100,12,6,99,11.6,139,23.8,0.0,780.0,-2.7,-1.0,19.8,-1.9,44.2,155,45.2,140,74,2025-09-03 12:00:00+00:00
27.8,86,25.1,1000.9,1001.6,100,24,100,96,11.5,113,25.6,0.1,700.0,-2.3,-6.0,19.7,-2.1,41.2,152,46.3,143,81,2025-09-03 13:00:00+00:00
27.2,88,25.0,1002.1,1002.8,100,20,41,100,11.7,131,28.4,0.5,620.0,-2.5,-8.0,19.9,-1.9,43.0,153,48.3,145,74,2025-09-03 14:00:00+00:00
27.0,90,25.2,1003.2,1003.9,100,44,63,100,12.9,132,27.0,0.2,680.0,-3.1,-9.0,19.8,-1.6,43.6,155,49.3,146,68,2025-09-03 15:00:00+00:00
26.5,91,25.0,1004.1,1004.8,100,56,49,100,12.9,141,26.3,0.2,790.0,-2.9,-11.0,19.8,-1.9,43.0,154,49.0,149,70,2025-09-03 16:00:00+00:00
26.2,93,24.9,1004.0,1004.7,100,23,42,100,12.0,139,26.6,0.1,890.0,-2.7,-12.0,20.0,-2.1,42.8,155,48.3,153,73,2025-09-03 17:00:00+00:00
26.1,93,24.9,1003.9,1004.6,100,5,14,100,11.8,141,25.6,0.0,920.0,-2.4,-12.0,19.6,-2.3,41.4,155,48.9,155,79,2025-09-03 18:00:00+00:00
25.8,93,24.6,1003.6,1004.3,100,48,22,100,10.4,136,23.8,0.1,790.0,-2.0,-12.0,19.6,-2.3,38.7,155,47.8,155,78,2025-09-03 19:00:00+00:00
25.7,95,24.8,1002.7,1003.4,100,38,25,100,9.9,136,21.2,0.2,690.0,-2.0,-13.0,19.6,-2.3,35.1,157,46.2,155,76,2025-09-03 20:00:00+00:00
25.8,96,25.0,1002.4,1003.1,100,18,22,100,9.1,112,19.8,0.0,650.0,-2.0,-16.0,19.2,-2.3,32.4,160,43.0,157,78,2025-09-03 21:00:00+00:00
25.8,96,25.1,1002.4,1003.1,100,17,32,100,9.3,106,18.4,0.0,590.0,-2.0,-25.0,18.8,-2.3,29.9,159,41.0,159,77,2025-09-03 22:00:00+00:00
25.7,96,25.0,1002.7,1003.4,100,19,11,100,9.3,106,19.1,0.0,530.0,-2.4,-16.0,18.9,-2.6,26.9,156,39.1,162,80,2025-09-03 23:00:00+00:00
25.9,94,24.9,1003.8,1004.5,100,100,25,100,11.3,110,20.5,0.1,860.0,-2.5,-23.0,19.3,-2.6,20.9,160,38.1,167,77,2025-09-04 00:00:00+00:00
26.9,92,25.5,1004.2,1004.9,100,9,3,100,11.4,102,23.4,0.0,780.0,-3.1,-5.0,19.7,-2.8,21.4,156,35.8,166,74,2025-09-04 01:00:00+00:00
28.0,87,25.5,1004.8,1005.5,100,17,9,100,12.7,111,27.7,0.0,940.0,-3.3,0.0,19.8,-2.6,21.0,150,35.8,166,67,2025-09-04 02:00:00+00:00
29.0,84,26.0,1005.4,1006.1,100,12,17,100,13.4,119,33.5,0.1,1080.0,-3.6,0.0,19.9,-2.6,23.0,146,33.5,165,69,2025-09-04 03:00:00+00:00
29.7,81,26.0,1005.1,1005.8,100,15,11,100,13.5,120,32.0,0.2,1270.0,-4.0,0.0,19.9,-2.8,24.9,145,31.5,162,72,2025-09-04 04:00:00+00:00
28.9,82,25.6,1005.0,1005.7,100,16,2,100,14.8,127,36.4,0.7,1330.0,-3.8,0.0,19.9,-2.6,26.0,147,30.0,164,69,2025-09-04 05:00:00+00:00
29.1,82,25.7,1004.4,1005.1,100,22,2,100,13.6,136,35.3,0.2,1950.0,-3.8,0.0,19.9,-2.3,23.2,144,25.8,158,70,2025-09-04 06:00:00+00:00
30.7,76,26.1,1003.1,1003.8,100,16,16,100,13.6,136,33.8,0.2,1900.0,-4.2,0.0,20.2,-2.1,25.9,146,23.9,162,72,2025-09-04 07:00:00+00:00
28.3,86,25.7,1002.5,1003.2,100,8,4,100,7.9,177,38.5,5.9,1780.0,-4.3,0.0,19.9,-2.1,27.3,147,20.5,159,72,2025-09-04 08:00:00+00:00
29.0,82,25.6,1001.6,1002.3,100,20,11,100,3.8,197,20.5,0.1,1820.0,-3.7,-2.0,19.9,-2.1,27.8,148,18.3,157,71,2025-09-04 09:00:00+00:00
29.9,75,25.0,1001.2,1001.9,100,19,25,100,11.3,155,25.2,0.2,1360.0,-3.8,0.0,20.3,-1.9,29.2,149,19.4,158,72,2025-09-04 10:00:00+00:00
29.2,79,25.1,1001.2,1001.9,99,18,2,99,10.3,158,26.6,0.1,1300.0,-4.7,0.0,20.3,-1.6,29.1,153,17.8,160,71,2025-09-04 11:00:00+00:00
28.6,82,25.3,1001.5,1002.2,100,11,1,100,10.3,164,22.7,0.0,1530.0,-4.3,-1.0,20.4,-1.6,27.9,154,20.4,130,71,2025-09-04 12:00:00+00:00
27.8,88,25.5,1002.5,1003.2,75,3,7,73,6.0,117,18.0,0.0,1300.0,-3.9,-7.0,20.4,-1.6,27.9,156,20.4,130,69,2025-09-04 13:00:00+00:00
27.7,89,25.6,1003.1,1003.8,63,0,1,63,7.8,157,15.5,0.0,1540.0,-3.6,-8.0,20.6,-1.6,27.7,160,21.6,124,66,2025-09-04 14:00:00+00:00
27.4,90,25.6,1004.2,1004.9,99,2,0,99,6.3,160,15.5,0.0,1450.0,-3.2,-11.0,20.4,-1.9,25.9,166,21.6,124,68,2025-09-04 15:00:00+00:00
27.0,92,25.5,1004.6,1005.3,91,2,0,91,5.8,141,12.6,0.0,1520.0,-3.1,-12.0,20.3,-2.1,25.9,170,21.4,128,66,2025-09-04 16:00:00+00:00
26.7,93,25.5,1004.9,1005.6,49,2,0,48,4.1,124,11.2,0.0,1580.0,-3.6,-11.0,20.3,-2.3,24.4,171,20.6,126,64,2025-09-04 17:00:00+00:00
26.4,95,25.5,1005.1,1005.8,29,8,1,23,4.7,108,9.0,0.0,1580.0,-3.5,-8.0,20.3,-2.8,20.0,168,20.4,118,66,2025-09-04 18:00:00+00:00
26.3,95,25.4,1005.0,1005.7,27,22,11,1,5.5,109,10.8,0.0,1590.0,-3.7,-7.0,20.3,-2.8,18.8,173,17.3,124,63,2025-09-04 19:00:00+00:00
26.2,95,25.4,1004.5,1005.2,21,18,2,1,5.1,113,11.2,0.0,1500.0,-3.9,-6.0,20.2,-2.8,16.6,172,17.3,124,63,2025-09-04 20:00:00+00:00
26.1,97,25.5,1004.0,1004.7,45,17,16,26,5.6,90,10.8,0.0,1510.0,-4.3,-10.0,20.2,-3.0,15.7,172,15.6,122,67,2025-09-04 21:00:00+00:00
26.0,95,25.2,1004.2,1004.9,92,50,27,79,7.7,114,14.8,0.4,1480.0,-4.5,-10.0,20.0,-3.0,14.5,167,14.0,121,67,2025-09-04 22:00:00+00:00
26.1,95,25.2,1004.5,1005.2,47,19,13,31,8.1,118,15.8,0.0,1380.0,-4.4,-13.0,19.8,-3.0,14.4,169,15.6,113,69,2025-09-04 23:00:00+00:00
25.8,96,25.1,1005.1,1005.8,98,30,4,97,6.2,142,15.8,0.0,1340.0,-4.1,-15.0,19.7,-3.3,15.3,170,16.7,120,70,2025-09-05 00:00:00+00:00
26.9,94,25.9,1005.6,1006.3,99,3,6,99,6.9,127,18.0,0.0,1210.0,-4.2,-5.0,19.6,-3.0,13.9,169,15.6,122,69,2025-09-05 01:00:00+00:00
27.9,88,25.8,1006.2,1006.9,94,16,1,92,8.5,152,19.4,0.0,1190.0,-4.3,0.0,19.8,-3.3,14.7,164,15.6,122,64,2025-09-05 02:00:00+00:00
29.2,81,25.5,1006.6,1007.3,97,39,1,95,11.3,163,27.4,0.0,1200.0,-4.4,0.0,19.9,-3.3,16.4,161,15.6,122,66,2025-09-05 03:00:00+00:00
30.2,75,25.4,1006.9,1007.6,77,32,3,66,9.3,165,28.4,0.1,1220.0,-4.6,0.0,20.0,-3.0,17.2,158,17.1,129,67,2025-09-05 04:00:00+00:00
31.1,75,26.1,1006.3,1007.0,49,26,27,21,9.2,157,25.9,0.2,1180.0,-4.9,0.0,19.9,-2.8,18.4,157,16.1,132,67,2025-09-05 05:00:00+00:00
31.8,73,26.4,1005.4,1006.1,35,5,11,24,8.7,167,27.0,0.1,2310.0,-5.0,0.0,19.4,-3.0,17.1,146,19.0,125,67,2025-09-05 06:00:00+00:00
32.1,72,26.5,1004.3,1005.0,100,100,13,39,8.9,167,27.7,0.1,2200.0,-5.0,0.0,19.3,-3.0,16.7,151,18.3,122,66,2025-09-05 07:00:00+00:00
32.0,73,26.4,1003.1,1003.8,98,85,6,83,9.4,160,27.4,0.2,2230.0,-4.9,0.0,19.4,-2.8,17.0,149,18.3,122,61,2025-09-05 08:00:00+00:00
27.8,87,25.4,1003.1,1003.8,50,17,14,32,6.3,215,28.1,6.4,2080.0,-4.6,0.0,19.8,-2.6,15.8,139,18.0,127,59,2025-09-05 09:00:00+00:00
28.9,83,25.8,1001.8,1002.5,44,1,3,42,4.0,159,17.3,0.0,2210.0,-4.3,0.0,19.9,-2.6,17.8,140,16.7,120,62,2025-09-05 10:00:00+00:00
29.6,82,26.1,1001.8,1002.5,48,3,2,46,6.3,149,15.1,0.0,1580.0,-4.9,0.0,20.5,-2.3,19.4,153,17.3,124,67,2025-09-05 11:00:00+00:00
28.7,83,25.5,1002.6,1003.3,82,8,34,72,7.5,170,18.4,0.2,1770.0,-5.0,-5.0,20.3,-2.3,14.7,158,18.3,113,66,2025-09-05 12:00:00+00:00
28.4,86,25.9,1003.9,1004.6,57,0,1,57,4.7,182,13.7,0.0,1870.0,-4.6,-11.0,20.6,-1.9,18.7,167,18.3,113,67,2025-09-05 13:00:00+00:00
28.0,89,26.0,1004.6,1005.3,87,0,0,87,3.5,165,9.0,0.0,2000.0,-4.4,-13.0,20.6,-2.1,18.3,174,17.2,115,68,2025-09-05 14:00:00+00:00
27.9,89,25.9,1005.4,1006.1,30,0,1,29,6.0,159,11.2,0.0,1940.0,-4.0,-23.0,20.8,-2.1,17.9,174,17.2,115,68,2025-09-05 15:00:00+00:00
27.6,90,25.8,1006.0,1006.7,62,0,2,61,6.6,163,13.0,0.0,1800.0,-3.6,-40.0,20.9,-2.1,18.7,176,17.2,115,67,2025-09-05 16:00:00+00:00
27.3,91,25.6,1006.4,1007.1,15,0,1,14,6.4,172,13.0,0.0,1770.0,-3.6,-30.0,20.9,-2.3,18.2,179,18.8,117,66,2025-09-05 17:00:00+00:00
27.0,92,25.5,1006.3,1007.0,1,0,1,1,5.2,178,12.2,0.0,2170.0,-3.7,-33.0,20.6,-3.0,13.6,166,20.0,123,66,2025-09-05 18:00:00+00:00
26.7,93,25.5,1006.1,1006.8,0,0,0,0,3.8,177,10.1,0.0,2040.0,-4.1,-32.0,20.6,-3.0,13.4,170,19.0,125,67,2025-09-05 19:00:00+00:00
26.6,94,25.5,1005.8,1006.5,2,0,0,2,4.7,164,9.4,0.0,2010.0,-4.1,-32.0,20.5,-3.3,11.8,164,18.0,127,67,2025-09-05 20:00:00+00:00
26.3,95,25.4,1005.3,1006.0,7,0,0,7,3.6,153,9.4,0.0,1970.0,-4.0,-28.0,20.4,-3.0,11.0,163,16.3,126,67,2025-09-05 21:00:00+00:00
26.1,96,25.4,1005.2,1005.9,5,0,0,5,4.6,138,9.0,0.0,1900.0,-3.7,-19.0,20.2,-3.0,10.7,160,16.3,126,68,2025-09-05 22:00:00+00:00
25.9,96,25.3,1005.6,1006.3,6,0,0,6,5.1,138,10.1,0.0,1880.0,-3.5,-18.0,20.0,-3.0,9.8,158,16.7,120,68,2025-09-05 23:00:00+00:00
25.8,97,25.3,1006.3,1007.0,15,0,3,13,5.2,149,10.4,0.0,2060.0,-3.8,-8.0,19.9,-3.3,9.7,161,19.7,128,71,2025-09-06 00:00:00+00:00
28.2,92,26.7,1006.9,1007.6,42,1,7,37,3.6,160,9.7,0.0,1830.0,-4.2,-3.0,19.9,-3.3,9.8,152,19.0,125,69,2025-09-06 01:00:00+00:00
29.5,86,26.9,1007.7,1008.4,66,0,1,65,4.3,165,13.0,0.0,1790.0,-4.4,0.0,19.9,-3.0,10.0,150,19.0,125,63,2025-09-06 02:00:00+00:00
30.3,80,26.5,1007.8,1008.5,74,12,9,69,5.4,176,17.6,0.1,1730.0,-4.1,0.0,20.0,-2.8,11.6,149,20.6,126,61,2025-09-06 03:00:00+00:00
31.2,75,26.4,1007.7,1008.4,30,5,7,21,5.8,182,19.1,0.1,1480.0,-3.9,0.0,20.2,-2.8,11.8,152,20.4,130,60,2025-09-06 04:00:00+00:00
32.0,70,25.8,1007.2,1007.9,59,10,10,52,5.9,180,19.4,0.0,1370.0,-3.8,0.0,20.0,-2.8,11.6,154,20.4,130,69,2025-09-06 05:00:00+00:00
32.4,67,25.5,1006.7,1007.4,50,14,15,33,6.7,161,19.8,0.0,1780.0,-3.2,0.0,19.8,-2.8,13.3,149,22.9,133,68,2025-09-06 06:00:00+00:00
32.5,67,25.7,1005.6,1006.3,24,3,15,8,7.4,173,23.8,0.0,1980.0,-3.0,0.0,20.0,-2.8,12.7,159,21.2,133,70,2025-09-06 07:00:00+00:00
32.7,67,25.8,1003.8,1004.5,27,18,14,3,6.0,187,21.2,0.1,1990.0,-2.9,0.0,19.4,-2.6,11.5,173,20.4,135,66,2025-09-06 08:00:00+00:00
30.4,76,25.7,1003.0,1003.7,85,57,47,34,11.1,157,27.4,1.2,2420.0,-2.9,0.0,19.7,-2.3,9.6,175,19.5,133,63,2025-09-06 09:00:00+00:00
29.7,81,26.1,1002.7,1003.4,41,18,4,27,5.3,213,28.4,0.2,2110.0,-2.8,-4.0,19.9,-2.1,6.2,163,16.1,132,62,2025-09-06 10:00:00+00:00
29.7,81,26.2,1002.9,1003.6,67,8,17,58,5.8,187,18.7,0.0,1690.0,-3.3,-6.0,20.8,-1.9,8.6,155,16.3,126,64,2025-09-06 11:00:00+00:00
29.4,84,26.4,1003.3,1004.0,97,1,8,97,4.1,151,14.4,0.0,2630.0,-3.9,-6.0,20.2,-2.3,7.8,130,15.0,119,63,2025-09-06 12:00:00+00:00
29.7,82,26.3,1004.5,1005.2,72,0,11,68,3.1,183,9.7,0.0,2100.0,-3.2,-13.0,21.0,-2.1,12.3,141,17.2,115,68,2025-09-06 13:00:00+00:00
29.4,82,26.1,1005.3,1006.0,100,0,3,100,5.8,185,10.1,0.0,2150.0,-3.3,-15.0,21.0,-2.1,14.1,155,17.2,115,67,2025-09-06 14:00:00+00:00
28.8,84,25.7,1006.1,1006.8,100,0,3,100,7.9,191,15.8,0.0,1940.0,-3.5,-33.0,20.8,-2.1,13.7,165,16.1,117,63,2025-09-06 15:00:00+00:00
28.2,86,25.7,1006.6,1007.3,100,0,2,100,7.3,191,15.8,0.0,1660.0,-3.4,-44.0,20.8,-2.3,13.0,170,15.0,119,58,2025-09-06 16:00:00+00:00
27.8,88,25.7,1006.7,1007.4,100,0,0,100,6.2,197,14.4,0.0,1620.0,-3.2,-44.0,20.9,-2.3,12.9,172,14.0,121,52,2025-09-06 17:00:00+00:00
27.4,91,25.7,1006.5,1007.2,100,0,0,100,5.0,210,12.2,0.0,1790.0,-2.9,-41.0,20.5,-3.0,11.4,164,16.3,107,56,2025-09-06 18:00:00+00:00
27.1,92,25.7,1005.9,1006.6,100,0,0,100,5.0,206,10.4,0.0,1630.0,-2.9,-38.0,20.5,-3.0,10.2,170,14.0,110,54,2025-09-06 19:00:00+00:00
26.9,93,25.7,1005.1,1005.8,89,0,0,89,5.1,198,10.1,0.0,1580.0,-3.0,-31.0,20.4,-3.0,9.3,169,12.2,101,56,2025-09-06 20:00:00+00:00
26.6,95,25.7,1005.1,1005.8,81,0,0,81,4.1,193,10.1,0.0,1620.0,-2.9,-36.0,20.4,-3.3,8.8,168,12.1,96,57,2025-09-06 21:00:00+00:00
26.5,95,25.7,1005.0,1005.7,69,0,0,69,4.0,180,7.9,0.0,1640.0,-2.9,-39.0,20.3,-3.3,8.2,161,12.0,90,58,2025-09-06 22:00:00+00:00
26.4,96,25.6,1005.4,1006.1,91,0,0,91,4.0,183,8.3,0.0,1670.0,-2.9,-61.0,20.2,-3.3,8.2,153,13.3,85,59,2025-09-06 23:00:00+00:00
26.3,96,25.6,1005.8,1006.5,85,0,0,85,4.9,174,9.7,0.0,1780.0,-2.9,-57.0,19.9,-3.7,8.4,151,11.4,72,63,2025-09-07 00:00:00+00:00
28.0,93,26.8,1006.5,1007.2,100,2,0,100,4.5,166,11.2,0.0,1770.0,-3.4,-33.0,19.9,-3.5,9.4,141,14.8,76,62,2025-09-07 01:00:00+00:00
29.2,86,26.6,1007.1,1007.8,100,7,1,100,4.3,195,13.0,0.0,1760.0,-3.5,-22.0,20.0,-3.5,9.8,143,16.0,77,61,2025-09-07 02:00:00+00:00
30.2,77,25.8,1007.3,1008.0,100,7,3,100,4.0,201,14.0,0.0,1590.0,-3.1,-19.0,20.2,-3.3,10.2,148,17.0,82,58,2025-09-07 03:00:00+00:00
31.1,70,25.1,1007.0,1007.7,96,4,2,96,4.5,185,15.1,0.0,1000.0,-2.8,-40.0,19.8,-3.0,9.0,156,17.0,82,56,2025-09-07 04:00:00+00:00
32.1,65,24.8,1006.1,1006.8,69,7,3,66,4.2,173,16.6,0.0,740.0,-2.6,-18.0,19.7,-3.0,6.5,168,15.6,86,54,2025-09-07 05:00:00+00:00
32.8,61,24.3,1005.3,1006.0,34,14,5,22,4.9,170,16.9,0.0,730.0,-2.4,-48.0,20.2,-2.8,8.4,167,13.2,90,58,2025-09-07 06:00:00+00:00
33.2,59,24.2,1004.0,1004.7,43,17,8,28,5.9,178,18.7,0.0,720.0,-2.3,-34.0,20.4,-2.6,7.2,162,12.1,96,68,2025-09-07 07:00:00+00:00
33.4,58,24.0,1002.5,1003.2,94,17,6,93,6.5,194,19.1,0.1,710.0,-2.5,-44.0,20.5,-2.3,5.6,166,10.9,96,74,2025-09-07 08:00:00+00:00
33.3,58,23.9,1001.5,1002.2,100,15,7,100,7.2,192,19.4,0.0,680.0,-2.2,-25.0,20.4,-2.1,4.9,146,8.4,90,73,2025-09-07 09:00:00+00:00
32.0,63,24.1,1001.3,1002.0,93,24,13,91,9.6,206,23.0,0.0,610.0,-2.0,-13.0,20.5,-1.6,4.8,131,7.6,72,71,2025-09-07 10:00:00+00:00
30.6,74,25.4,1001.5,1002.2,86,35,23,74,8.8,203,23.4,0.2,790.0,-3.2,0.0,20.5,-1.6,6.5,115,7.7,51,72,2025-09-07 11:00:00+00:00
29.8,80,25.9,1002.2,1002.9,70,14,14,63,5.8,184,19.8,0.0,2210.0,-4.0,-7.0,20.3,-2.3,5.3,110,6.8,45,63,2025-09-07 12:00:00+00:00
29.2,81,25.6,1003.6,1004.3,32,0,11,26,7.1,195,17.6,0.0,1670.0,-3.4,-28.0,20.4,-2.3,8.0,121,7.7,39,64,2025-09-07 13:00:00+00:00
28.6,84,25.6,1004.3,1005.0,18,0,8,14,5.2,184,14.4,0.0,1600.0,-3.1,-41.0,20.6,-2.1,11.3,133,10.3,36,62,2025-09-07 14:00:00+00:00
28.3,85,25.6,1005.3,1006.0,91,0,2,91,5.2,192,10.1,0.0,1500.0,-3.1,-49.0,20.6,-2.3,11.8,144,12.8,41,61,2025-09-07 15:00:00+00:00
28.1,85,25.4,1005.9,1006.6,100,0,1,100,5.3,190,10.4,0.0,1250.0,-2.9,-51.0,20.6,-2.8,11.4,157,13.7,52,62,2025-09-07 16:00:00+00:00
27.8,86,25.3,1006.1,1006.8,100,0,4,100,6.8,182,13.7,0.0,1340.0,-3.0,-53.0,20.4,-3.0,11.8,164,13.4,63,66,2025-09-07 17:00:00+00:00
27.5,89,25.4,1006.1,1006.8,100,0,3,100,6.8,182,13.7,0.0,1350.0,-2.8,-49.0,20.0,-3.7,10.7,160,15.2,72,73,2025-09-07 18:00:00+00:00
27.2,90,25.4,1005.5,1006.2,100,0,4,100,6.2,190,13.3,0.0,1240.0,-3.1,-37.0,20.0,-3.7,10.7,160,16.0,77,76,2025-09-07 19:00:00+00:00
27.0,90,25.3,1004.8,1005.5,99,0,0,99,5.8,194,12.2,0.0,1210.0,-3.2,-35.0,20.0,-4.0,10.4,165,16.0,77,74,2025-09-07 20:00:00+00:00
26.7,92,25.2,1004.2,1004.9,99,0,5,99,4.7,189,11.5,0.0,1210.0,-3.4,-34.0,20.0,-4.0,10.0,164,14.6,81,72,2025-09-07 21:00:00+00:00
26.5,93,25.2,1004.3,1005.0,100,0,0,100,4.5,187,9.4,0.0,1270.0,-3.4,-30.0,20.2,-3.7,9.2,160,14.6,81,70,2025-09-07 22:00:00+00:00
26.1,94,25.1,1004.7,1005.4,100,0,2,100,3.0,194,9.0,0.0,1280.0,-3.3,-32.0,20.2,-3.5,8.8,152,14.4,85,68,2025-09-07 23:00:00+00:00
26.0,95,25.1,1005.3,1006.0,99,0,13,98,2.0,153,5.0,0.0,1540.0,-3.9,-21.0,20.2,-4.0,9.2,153,12.0,90,62,2025-09-08 00:00:00+00:00
28.6,88,26.5,1005.6,1006.3,34,0,14,23,2.6,141,7.9,0.0,1510.0,-4.7,-8.0,20.2,-3.7,9.2,147,13.2,90,61,2025-09-08 01:00:00+00:00
29.9,82,26.4,1006.5,1007.2,41,17,9,22,3.6,177,12.2,0.1,1580.0,-4.9,0.0,20.2,-3.7,9.5,145,12.0,90,58,2025-09-08 02:00:00+00:00
30.8,75,25.8,1006.5,1007.2,72,9,22,63,3.6,189,14.0,0.0,1350.0,-4.3,0.0,20.0,-3.7,9.5,145,12.0,90,54,2025-09-08 03:00:00+00:00
31.8,68,25.2,1006.4,1007.1,88,8,20,84,2.8,153,13.7,0.0,980.0,-3.5,0.0,19.3,-3.5,7.6,147,14.4,95,53,2025-09-08 04:00:00+00:00
32.4,65,24.8,1005.9,1006.6,61,8,13,51,4.4,128,16.2,0.0,740.0,-3.2,0.0,19.8,-3.0,7.1,153,15.8,99,53,2025-09-08 05:00:00+00:00
32.8,62,24.6,1005.2,1005.9,72,22,9,63,6.1,135,19.4,0.0,1030.0,-2.7,0.0,20.5,-3.3,4.7,151,12.9,112,68,2025-09-08 06:00:00+00:00
32.9,61,24.5,1004.0,1004.7,90,16,13,87,6.5,148,20.5,0.1,860.0,-2.4,0.0,20.8,-3.0,5.2,135,11.8,114,69,2025-09-08 07:00:00+00:00
32.9,63,24.8,1002.9,1003.6,100,9,13,100,5.7,167,20.2,0.1,890.0,-2.1,0.0,21.0,-2.6,5.5,132,11.3,122,69,2025-09-08 08:00:00+00:00
32.1,66,24.9,1002.1,1002.8,100,34,69,100,7.4,177,20.5,0.2,910.0,-1.8,-1.0,21.2,-2.3,6.6,124,9.1,113,66,2025-09-08 09:00:00+00:00
31.3,71,25.3,1001.6,1002.3,100,13,47,100,5.9,200,19.8,0.5,600.0,-1.8,0.0,21.1,-2.1,7.0,122,8.7,106,62,2025-09-08 10:00:00+00:00
30.7,75,25.7,1001.5,1002.2,100,6,13,100,7.1,196,16.9,0.1,530.0,-2.9,-2.0,20.9,-1.9,9.0,120,8.5,98,59,2025-09-08 11:00:00+00:00
30.0,79,26.0,1002.2,1002.9,100,4,4,100,5.8,200,16.2,0.0,1080.0,-3.3,-12.0,21.1,-1.9,9.4,133,6.5,112,59,2025-09-08 12:00:00+00:00
29.8,78,25.6,1003.4,1004.1,98,1,0,98,5.0,178,16.2,0.0,1860.0,-3.0,-24.0,20.4,-1.6,9.5,125,8.5,98,50,2025-09-08 13:00:00+00:00
29.5,80,25.7,1004.3,1005.0,99,0,0,99,6.7,189,13.0,0.0,2280.0,-2.9,-29.0,20.0,-1.4,9.9,124,9.6,90,49,2025-09-08 14:00:00+00:00
29.1,81,25.5,1005.9,1006.6,90,0,0,90,7.1,195,14.8,0.0,2220.0,-2.8,-35.0,20.0,-1.6,8.5,126,9.6,90,51,2025-09-08 15:00:00+00:00
28.5,84,25.5,1006.8,1007.5,88,2,11,87,6.5,204,14.4,0.0,2130.0,-2.3,-47.0,20.6,-1.9,8.0,149,10.8,90,53,2025-09-08 16:00:00+00:00
28.0,86,25.3,1006.8,1007.5,99,0,8,98,7.0,201,14.0,0.0,1750.0,-2.2,-53.0,20.9,-2.1,11.2,168,12.0,90,57,2025-09-08 17:00:00+00:00
27.6,88,25.3,1006.7,1007.4,98,0,8,98,6.4,198,14.0,0.0,1610.0,-1.9,-52.0,20.8,-2.6,10.7,160,10.8,90,62,2025-09-08 18:00:00+00:00
27.3,89,25.3,1006.1,1006.8,100,0,1,100,6.0,197,13.0,0.0,1490.0,-1.9,-49.0,20.5,-2.6,11.1,161,12.0,90,63,2025-09-08 19:00:00+00:00
27.0,90,25.3,1005.6,1006.3,100,0,1,100,5.3,204,11.9,0.0,1470.0,-1.9,-42.0,20.4,-2.8,10.8,158,12.0,90,64,2025-09-08 20:00:00+00:00
26.8,92,25.4,1005.2,1005.9,100,0,0,100,3.9,208,10.1,0.0,1440.0,-2.0,-43.0,20.4,-2.8,10.7,160,12.1,84,63,2025-09-08 21:00:00+00:00
26.5,94,25.5,1005.1,1005.8,100,0,0,100,3.3,225,7.9,0.0,1420.0,-2.1,-45.0,20.4,-2.8,9.8,158,13.3,85,63,2025-09-08 22:00:00+00:00
26.5,94,25.4,1005.2,1005.9,100,0,0,100,1.5,187,6.1,0.0,1450.0,-2.0,-44.0,20.3,-2.6,8.4,151,13.2,90,63,2025-09-08 23:00:00+00:00
26.3,95,25.5,1005.8,1006.5,100,0,0,100,2.5,172,5.0,0.0,1610.0,-2.5,-41.0,20.3,-3.0,8.0,156,12.2,101,62,2025-09-09 00:00:00+00:00
28.4,90,26.6,1006.4,1007.1,100,9,0,100,2.3,162,8.3,0.0,1610.0,-3.3,-27.0,20.3,-2.8,7.0,148,12.5,107,62,2025-09-09 01:00:00+00:00
29.6,84,26.6,1007.0,1007.7,90,17,3,88,4.2,216,12.6,0.1,1710.0,-3.6,-17.0,20.3,-2.8,6.6,146,13.7,105,62,2025-09-09 02:00:00+00:00
31.0,75,26.0,1007.3,1008.0,96,9,5,96,5.2,226,16.6,0.1,1590.0,-3.4,-10.0,20.4,-2.6,6.6,146,12.9,112,62,2025-09-09 03:00:00+00:00
31.9,68,25.2,1007.1,1007.8,100,7,3,100,4.6,222,16.6,0.0,1150.0,-3.3,-1.0,20.3,-2.8,7.2,145,10.3,111,61,2025-09-09 04:00:00+00:00
32.8,63,24.8,1006.9,1007.6,99,10,3,99,3.7,191,16.2,0.0,900.0,-3.5,0.0,19.8,-2.6,7.1,153,8.7,106,60,2025-09-09 05:00:00+00:00
33.3,60,24.4,1006.2,1006.9,100,8,3,100,4.3,182,16.2,0.0,750.0,-3.9,0.0,20.6,-3.0,6.4,172,7.6,108,66,2025-09-09 06:00:00+00:00
33.7,57,24.1,1005.0,1005.7,100,6,4,100,5.8,173,18.7,0.0,680.0,-3.9,0.0,20.9,-2.8,6.9,172,6.1,101,71,2025-09-09 07:00:00+00:00
33.8,57,24.2,1003.2,1003.9,98,5,3,97,5.9,178,18.7,0.0,540.0,-3.1,0.0,21.1,-2.6,6.4,176,4.9,76,71,2025-09-09 08:00:00+00:00
33.7,57,24.1,1002.4,1003.1,100,17,7,99,6.4,190,18.7,0.0,440.0,-3.6,-1.0,20.6,-2.1,6.4,172,6.0,53,69,2025-09-09 09:00:00+00:00
33.3,58,24.0,1001.9,1002.6,99,18,7,99,7.1,195,18.4,0.0,540.0,-3.0,-2.0,20.8,-1.9,4.6,180,7.7,39,73,2025-09-09 10:00:00+00:00
32.2,64,24.5,1002.1,1002.8,99,19,6,99,9.5,209,19.8,0.0,1440.0,-3.2,-2.0,20.8,-1.9,2.5,202,9.7,30,79,2025-09-09 11:00:00+00:00
30.4,76,25.6,1002.8,1003.5,100,11,5,100,10.0,203,22.3,0.0,2310.0,-3.7,-9.0,20.2,-1.6,5.9,212,11.9,45,68,2025-09-09 12:00:00+00:00
29.8,80,25.9,1004.2,1004.9,98,1,5,98,5.8,180,16.6,0.0,2390.0,-3.8,-19.0,20.5,-1.6,2.7,211,12.8,49,66,2025-09-09 13:00:00+00:00
29.6,80,25.8,1004.9,1005.6,100,0,2,100,6.7,196,13.3,0.0,2330.0,-3.9,-30.0,20.6,-1.9,2.3,191,13.0,56,66,2025-09-09 14:00:00+00:00
29.2,82,25.9,1006.1,1006.8,100,0,2,100,6.0,183,13.3,0.0,2380.0,-3.4,-45.0,20.9,-1.9,1.6,214,14.0,59,67,2025-09-09 15:00:00+00:00
28.9,85,26.0,1006.3,1007.0,100,0,4,100,6.8,192,13.7,0.0,1960.0,-3.1,-52.0,21.1,-1.9,3.9,216,14.0,59,70,2025-09-09 16:00:00+00:00
28.5,87,26.1,1006.5,1007.2,100,0,6,100,7.4,203,15.1,0.0,1670.0,-3.0,-56.0,21.2,-1.9,8.8,208,13.4,63,73,2025-09-09 17:00:00+00:00
28.2,88,26.0,1006.1,1006.8,97,0,7,97,7.5,197,15.1,0.0,1630.0,-3.2,-46.0,20.8,-2.3,5.9,180,12.9,68,71,2025-09-09 18:00:00+00:00
27.8,90,26.0,1005.7,1006.4,37,0,6,33,6.8,209,15.1,0.0,1530.0,-3.2,-44.0,20.8,-2.3,6.5,192,13.4,63,71,2025-09-09 19:00:00+00:00
27.5,91,26.0,1004.8,1005.5,100,0,4,100,6.8,207,13.7,0.0,1540.0,-3.2,-50.0,20.6,-2.3,6.2,197,12.4,61,73,2025-09-09 20:00:00+00:00
27.3,92,26.0,1004.6,1005.3,89,0,3,88,5.1,212,13.7,0.0,1510.0,-3.1,-48.0,20.5,-2.3,6.8,200,12.4,61,73,2025-09-09 21:00:00+00:00
27.2,93,26.0,1004.8,1005.5,84,0,0,84,4.8,209,9.7,0.0,1530.0,-3.0,-50.0,20.5,-2.3,6.3,201,14.0,59,73,2025-09-09 22:00:00+00:00
27.0,94,25.9,1005.0,1005.7,99,0,0,99,4.9,204,9.7,0.0,1510.0,-3.3,-50.0,20.4,-2.3,5.9,203,14.0,59,74,2025-09-09 23:00:00+00:00
26.9,94,25.8,1005.4,1006.1,84,0,0,84,4.7,212,9.7,0.0,1890.0,-3.5,-53.0,20.6,-3.0,4.6,233,12.5,73,74,2025-09-10 00:00:00+00:00
28.9,89,26.9,1005.8,1006.5,92,0,0,92,4.1,209,10.4,0.0,1800.0,-4.0,-44.0,20.6,-2.8,4.8,221,14.0,70,73,2025-09-10 01:00:00+00:00
30.1,83,26.9,1006.6,1007.3,99,0,0,99,5.0,232,14.4,0.0,1730.0,-3.7,-34.0,20.8,-2.8,4.6,217,13.7,75,71,2025-09-10 02:00:00+00:00
31.3,75,26.4,1006.7,1007.4,99,0,0,99,6.3,233,18.7,0.0,1600.0,-3.3,-30.0,20.9,-2.6,5.6,215,14.6,81,70,2025-09-10 03:00:00+00:00
32.5,67,25.5,1006.6,1007.3,93,0,0,93,4.5,233,18.7,0.0,1240.0,-3.5,-17.0,20.8,-2.6,5.6,215,14.4,85,69,2025-09-10 04:00:00+00:00
33.5,58,24.2,1006.0,1006.7,100,7,6,100,3.5,201,16.2,0.0,710.0,-3.7,-2.0,20.3,-2.3,5.2,218,13.2,90,67,2025-09-10 05:00:00+00:00
34.3,54,23.8,1005.2,1005.9,11,4,5,4,2.5,210,15.1,0.0,820.0,-4.1,0.0,20.5,-2.6,4.1,243,13.2,90,76,2025-09-10 06:00:00+00:00
34.5,55,24.1,1003.8,1004.5,99,4,4,99,3.1,173,14.8,0.0,650.0,-3.9,0.0,20.8,-2.6,3.8,256,12.0,90,77,2025-09-10 07:00:00+00:00
34.6,54,23.9,1002.4,1003.1,100,16,15,100,3.6,213,14.8,0.0,960.0,-3.2,-1.0,20.6,-2.3,3.3,254,10.8,90,71,2025-09-10 08:00:00+00:00
34.3,55,24.0,1001.5,1002.2,100,11,10,99,3.6,200,14.8,0.0,1630.0,-4.2,-1.0,20.4,-2.1,4.3,238,9.7,83,66,2025-09-10 09:00:00+00:00
34.0,55,23.8,1000.8,1001.5,100,11,5,100,5.3,172,15.8,0.0,2240.0,-4.5,-1.0,20.4,-1.9,4.2,229,12.2,79,70,2025-09-10 10:00:00+00:00
32.3,63,24.3,1001.1,1001.8,100,6,13,100,10.0,172,22.7,0.1,2500.0,-4.9,-3.0,20.8,-1.6,4.2,283,12.2,79,64,2025-09-10 11:00:00+00:00
30.8,75,25.8,1002.0,1002.7,100,6,22,100,9.1,188,23.0,0.0,2280.0,-5.2,-14.0,20.6,-1.6,1.9,256,13.4,80,60,2025-09-10 12:00:00+00:00
30.8,73,25.4,1003.0,1003.7,100,2,3,100,8.4,190,18.4,0.0,2130.0,-4.5,-30.0,20.4,-1.9,2.7,270,13.7,75,67,2025-09-10 13:00:00+00:00
30.3,76,25.7,1003.5,1004.2,100,3,4,100,9.3,202,19.4,0.0,1930.0,-4.4,-33.0,20.4,-1.9,2.9,288,14.6,81,69,2025-09-10 14:00:00+00:00
29.8,79,25.8,1004.6,1005.3,100,3,3,100,7.1,210,19.4,0.0,1680.0,-3.9,-58.0,20.5,-2.1,3.2,278,13.3,85,72,2025-09-10 15:00:00+00:00
29.4,82,26.1,1005.3,1006.0,100,2,2,100,5.9,198,14.8,0.0,1970.0,-3.5,-75.0,20.4,-2.3,3.3,254,13.2,90,73,2025-09-10 16:00:00+00:00
29.0,85,26.3,1005.4,1006.1,100,2,5,100,7.2,194,14.8,0.0,2080.0,-3.7,-76.0,20.3,-2.3,5.7,209,12.1,96,73,2025-09-10 17:00:00+00:00
28.6,88,26.4,1004.8,1005.5,100,0,2,100,6.4,202,14.8,0.0,2230.0,-4.0,-65.0,20.2,-2.3,6.8,180,15.2,108,76,2025-09-10 18:00:00+00:00
28.3,90,26.5,1004.3,1005.0,100,0,0,100,5.2,196,13.0,0.0,2080.0,-4.3,-51.0,20.0,-2.3,8.3,186,12.9,112,74,2025-09-10 19:00:00+00:00
28.0,91,26.4,1003.3,1004.0,100,0,0,100,6.1,203,12.6,0.0,2140.0,-4.5,-40.0,20.0,-2.3,8.8,189,12.5,107,72,2025-09-10 20:00:00+00:00
27.7,93,26.4,1003.4,1004.1,100,1,0,100,3.3,202,11.9,0.0,2140.0,-4.4,-33.0,19.9,-2.3,9.2,186,11.1,103,72,2025-09-10 21:00:00+00:00
27.6,93,26.3,1003.6,1004.3,100,0,2,100,3.6,171,7.6,0.0,1930.0,-4.6,-36.0,19.9,-2.3,8.7,180,10.8,90,72,2025-09-10 22:00:00+00:00
27.3,94,26.3,1003.8,1004.5,100,0,3,100,3.1,159,7.6,0.0,1930.0,-4.7,-41.0,20.2,-2.1,8.8,171,12.1,84,71,2025-09-10 23:00:00+00:00
27.0,95,26.2,1004.5,1005.2,99,1,0,98,2.5,159,6.5,0.0,2110.0,-4.6,-43.0,20.4,-2.8,7.5,166,13.4,100,71,2025-09-11 00:00:00+00:00
29.0,89,27.0,1005.2,1005.9,100,14,3,100,4.0,111,10.8,0.0,2060.0,-5.1,-24.0,20.3,-2.6,7.8,159,15.8,99,72,2025-09-11 01:00:00+00:00
30.5,78,26.2,1005.7,1006.4,100,0,3,100,1.1,180,11.2,0.0,2070.0,-5.6,-10.0,20.4,-2.3,8.8,159,15.8,99,72,2025-09-11 02:00:00+00:00
31.8,71,26.0,1005.9,1006.6,100,1,2,100,1.3,225,11.2,0.0,1760.0,-4.8,-15.0,20.3,-2.3,9.7,161,17.2,102,74,2025-09-11 03:00:00+00:00
32.8,66,25.6,1006.0,1006.7,100,5,5,100,4.0,141,16.2,0.0,1880.0,-4.3,-7.0,20.2,-2.3,9.1,162,19.8,104,74,2025-09-11 04:00:00+00:00
33.5,62,25.4,1005.9,1006.6,99,13,7,99,4.6,138,18.7,0.0,1940.0,-4.2,0.0,20.2,-2.3,9.4,166,19.8,104,74,2025-09-11 05:00:00+00:00
34.4,58,24.9,1004.5,1005.2,100,100,9,98,2.8,145,19.1,0.0,1340.0,-4.0,1.0,19.4,-2.6,5.6,166,19.8,104,73,2025-09-11 06:00:00+00:00
33.2,61,24.7,1003.7,1004.4,100,100,100,100,9.2,154,23.4,0.0,1510.0,-4.1,0.0,19.8,-2.6,5.9,184,18.6,105,72,2025-09-11 07:00:00+00:00
27.0,91,25.4,1003.3,1004.0,100,0,32,100,3.0,205,33.5,8.7,1560.0,-3.7,0.0,19.9,-2.3,4.3,212,17.5,106,72,2025-09-11 08:00:00+00:00
29.0,84,26.0,1002.7,1003.4,100,4,1,100,3.8,197,15.5,0.3,1280.0,-3.8,0.0,19.9,-2.1,2.8,261,18.4,101,72,2025-09-11 09:00:00+00:00
29.7,79,25.7,1002.1,1002.8,100,1,2,100,1.5,210,13.7,0.0,1340.0,-3.5,0.0,19.9,-1.9,1.3,225,18.4,101,71,2025-09-11 10:00:00+00:00
29.7,79,25.6,1002.5,1003.2,100,0,16,100,3.7,209,11.2,0.0,1380.0,-3.9,-1.0,19.7,-2.1,2.9,162,17.0,98,76,2025-09-11 11:00:00+00:00
29.3,81,25.8,1002.7,1003.4,100,6,8,100,6.1,140,12.6,0.0,1380.0,-4.3,-11.0,20.2,-1.6,3.1,117,20.5,97,76,2025-09-11 12:00:00+00:00
30.3,74,25.1,1003.9,1004.6,100,0,88,100,6.9,152,15.5,0.0,1530.0,-3.9,-25.0,20.4,-1.9,3.9,111,20.5,97,76,2025-09-11 13:00:00+00:00
29.7,77,25.3,1004.5,1005.2,99,0,6,98,7.7,150,16.9,0.0,1400.0,-3.9,-34.0,20.6,-1.9,5.5,114,21.9,99,77,2025-09-11 14:00:00+00:00
29.3,80,25.5,1005.8,1006.5,100,0,22,100,7.4,154,16.2,0.0,1350.0,-3.8,-53.0,20.8,-2.1,7.5,128,20.7,100,72,2025-09-11 15:00:00+00:00
29.0,83,25.8,1006.1,1006.8,100,0,33,100,5.8,160,15.5,0.0,1640.0,-3.5,-64.0,20.8,-2.1,8.4,131,19.8,104,70,2025-09-11 16:00:00+00:00
28.9,84,25.9,1006.1,1006.8,100,0,16,100,7.0,148,14.0,0.0,1640.0,-3.2,-56.0,20.8,-2.3,9.9,146,18.6,105,71,2025-09-11 17:00:00+00:00
28.5,86,25.9,1005.7,1006.4,100,0,21,100,6.1,156,15.1,0.0,1690.0,-3.4,-32.0,20.4,-2.6,11.8,152,19.5,101,76,2025-09-11 18:00:00+00:00
28.2,88,26.1,1005.0,1005.7,100,5,4,100,4.5,151,12.2,0.0,1540.0,-3.4,-23.0,20.3,-2.6,11.3,159,19.8,104,76,2025-09-11 19:00:00+00:00
27.4,87,24.9,1005.0,1005.7,100,55,25,100,4.4,232,9.0,1.0,1530.0,-3.5,-19.0,20.0,-2.3,9.5,163,18.6,105,77,2025-09-11 20:00:00+00:00
26.3,91,24.8,1004.7,1005.4,100,55,31,100,8.0,198,15.1,4.9,1510.0,-3.5,-19.0,19.9,-2.3,8.8,159,18.6,105,77,2025-09-11 21:00:00+00:00
25.6,94,24.6,1004.5,1005.2,100,19,62,100,4.1,146,15.8,2.3,1310.0,-3.1,-18.0,19.8,-2.6,8.8,152,17.5,106,78,2025-09-11 22:00:00+00:00
25.6,95,24.8,1004.8,1005.5,100,38,0,100,2.8,195,10.8,0.1,1090.0,-3.1,-21.0,19.8,-2.6,8.0,149,18.6,105,78,2025-09-11 23:00:00+00:00
25.4,97,24.9,1005.2,1005.9,100,0,6,100,5.2,86,11.2,0.0,1440.0,-2.9,-24.0,19.9,-2.6,6.9,157,16.7,120,79,2025-09-12 00:00:00+00:00
27.3,94,26.2,1005.7,1006.4,100,10,0,100,4.4,122,11.5,0.1,1170.0,-3.4,-13.0,19.9,-2.6,6.2,144,15.0,119,77,2025-09-12 01:00:00+00:00
28.3,90,26.5,1006.5,1007.2,99,6,1,99,3.5,118,12.6,0.0,1120.0,-3.3,-7.0,19.8,-2.3,6.2,126,14.6,125,79,2025-09-12 02:00:00+00:00
29.8,83,26.7,1007.2,1007.9,100,5,6,100,4.1,131,14.8,0.1,1140.0,-3.3,-3.0,19.9,-2.3,7.7,118,13.0,124,80,2025-09-12 03:00:00+00:00
30.8,79,26.6,1007.5,1008.2,100,4,4,100,5.6,119,19.1,0.2,1420.0,-3.1,0.0,19.8,-2.3,9.5,125,13.4,117,83,2025-09-12 04:00:00+00:00
31.1,76,26.3,1007.1,1007.8,100,7,3,100,6.0,123,20.2,0.1,1610.0,-3.8,0.0,19.7,-2.1,10.0,129,13.4,117,82,2025-09-12 05:00:00+00:00
32.2,70,26.0,1006.3,1007.0,99,21,6,99,6.3,129,22.7,0.0,1590.0,-4.2,0.0,19.3,-2.1,8.4,119,14.0,110,81,2025-09-12 06:00:00+00:00
31.0,72,25.4,1005.0,1005.7,100,78,29,99,10.9,130,27.7,1.4,1530.0,-4.2,0.0,19.2,-2.1,7.5,128,14.5,114,79,2025-09-12 07:00:00+00:00
29.2,82,25.8,1004.2,1004.9,100,0,14,100,3.6,210,29.9,2.4,1440.0,-4.2,0.0,19.2,-1.9,7.1,140,14.5,114,77,2025-09-12 08:00:00+00:00
29.9,77,25.4,1003.5,1004.2,100,20,28,100,6.4,158,24.5,0.3,1250.0,-3.7,0.0,19.1,-1.9,9.4,151,12.5,107,73,2025-09-12 09:00:00+00:00
30.6,75,25.6,1003.1,1003.8,100,19,17,100,8.9,172,21.2,0.2,990.0,-3.9,0.0,19.4,-1.9,9.4,157,13.7,105,76,2025-09-12 10:00:00+00:00
27.1,88,24.9,1004.0,1004.7,100,14,71,100,8.5,136,27.4,3.3,850.0,-4.2,-4.0,20.0,-1.9,10.8,158,13.3,95,79,2025-09-12 11:00:00+00:00
27.0,91,25.3,1004.1,1004.8,100,1,17,100,3.9,127,18.4,0.4,1540.0,-4.2,-3.0,20.0,-1.6,9.1,162,12.2,101,74,2025-09-12 12:00:00+00:00
27.8,90,26.0,1005.4,1006.1,100,5,26,100,4.9,152,12.2,0.0,970.0,-3.9,-9.0,20.2,-1.9,9.4,157,12.2,101,78,2025-09-12 13:00:00+00:00
27.8,91,26.1,1006.3,1007.0,100,4,22,100,3.1,152,9.7,0.0,900.0,-4.0,-10.0,20.3,-1.9,13.1,160,12.1,96,78,2025-09-12 14:00:00+00:00
27.7,90,26.0,1006.8,1007.5,100,3,4,100,4.9,141,10.1,0.0,970.0,-3.9,-8.0,20.2,-2.1,13.7,165,12.1,84,78,2025-09-12 15:00:00+00:00
27.5,91,26.0,1007.4,1008.1,100,1,18,100,3.4,133,9.7,0.0,990.0,-3.3,-11.0,20.2,-2.3,12.4,174,13.3,95,76,2025-09-12 16:00:00+00:00
27.4,92,26.0,1007.2,1007.9,100,0,11,100,3.1,156,6.8,0.0,940.0,-3.0,-17.0,20.3,-2.3,13.2,180,14.0,110,77,2025-09-12 17:00:00+00:00
27.3,92,25.8,1007.1,1007.8,100,0,11,100,4.7,148,9.0,0.0,1190.0,-3.1,-20.0,20.3,-2.6,11.9,173,12.5,107,78,2025-09-12 18:00:00+00:00
27.1,92,25.7,1006.6,1007.3,100,0,17,100,5.6,151,10.8,0.0,1180.0,-3.3,-17.0,20.3,-2.6,11.9,178,13.4,117,78,2025-09-12 19:00:00+00:00
27.0,92,25.6,1006.2,1006.9,100,0,19,100,5.2,149,10.8,0.0,1250.0,-3.1,-8.0,20.2,-2.6,10.5,180,12.4,119,79,2025-09-12 20:00:00+00:00
26.7,93,25.5,1005.9,1006.6,99,0,12,99,5.1,153,10.4,0.0,1220.0,-2.9,-6.0,20.2,-2.3,9.6,177,11.8,114,79,2025-09-12 21:00:00+00:00
26.6,93,25.4,1006.0,1006.7,34,1,14,26,4.8,151,9.7,0.0,1190.0,-3.4,-7.0,20.2,-2.3,9.2,174,9.9,104,80,2025-09-12 22:00:00+00:00
26.4,94,25.3,1006.0,1006.7,93,0,0,93,5.0,145,10.4,0.0,1160.0,-3.1,-8.0,20.0,-2.3,9.0,165,9.6,90,80,2025-09-12 23:00:00+00:00
26.3,94,25.2,1006.6,1007.3,80,1,7,78,4.3,135,10.1,0.0,1120.0,-2.4,-42.0,19.8,-2.8,12.5,170,7.0,121,81,2025-09-13 00:00:00+00:00
28.3,89,26.3,1007.2,1007.9,100,8,6,100,5.0,128,11.9,0.0,980.0,-2.7,-12.0,19.7,-2.6,11.8,164,7.2,90,80,2025-09-13 01:00:00+00:00
29.5,82,26.2,1008.2,1008.9,100,2,18,100,4.6,135,13.3,0.0,810.0,-3.4,-1.0,19.7,-2.6,12.3,158,7.2,90,80,2025-09-13 02:00:00+00:00
30.3,77,25.8,1008.1,1008.8,100,6,22,100,5.8,141,17.3,0.2,860.0,-3.6,0.0,19.6,-2.6,13.9,157,7.3,81,81,2025-09-13 03:00:00+00:00
30.0,75,25.0,1008.5,1009.2,100,18,57,100,8.1,145,22.3,1.9,1220.0,-3.3,0.0,19.6,-2.8,14.7,158,9.7,83,81,2025-09-13 04:00:00+00:00
28.8,83,25.7,1008.7,1009.4,100,15,44,100,2.2,104,22.0,1.4,1100.0,-3.4,0.0,19.9,-2.6,15.7,154,8.5,98,78,2025-09-13 05:00:00+00:00
29.2,83,25.9,1007.0,1007.7,85,10,9,83,2.3,72,13.0,0.0,1540.0,-3.5,0.0,19.2,-2.3,11.6,154,6.8,135,79,2025-09-13 06:00:00+00:00
31.1,76,26.4,1006.0,1006.7,100,66,9,100,8.7,117,24.5,0.0,1620.0,-3.4,0.0,18.9,-2.3,10.4,165,7.7,129,77,2025-09-13 07:00:00+00:00
27.4,89,25.3,1006.0,1006.7,100,72,38,100,10.6,189,31.7,3.1,1680.0,-3.4,0.0,19.2,-2.1,10.6,173,7.7,129,78,2025-09-13 08:00:00+00:00
27.8,85,25.1,1004.7,1005.4,100,10,26,100,4.6,154,24.8,0.9,1590.0,-3.7,0.0,19.7,-1.9,9.6,180,8.7,124,73,2025-09-13 09:00:00+00:00
28.5,84,25.5,1004.4,1005.1,100,30,15,100,6.8,182,17.3,0.1,1610.0,-3.6,0.0,20.0,-1.9,10.1,175,6.5,112,69,2025-09-13 10:00:00+00:00
28.2,86,25.6,1004.4,1005.1,100,13,5,100,7.8,175,18.4,0.0,1810.0,-4.2,0.0,20.2,-1.9,12.0,162,6.0,90,67,2025-09-13 11:00:00+00:00
27.8,88,25.6,1004.8,1005.5,100,2,1,100,5.8,178,17.3,0.1,1820.0,-4.1,-4.0,20.2,-1.9,12.7,195,3.6,90,70,2025-09-13 12:00:00+00:00
28.1,89,26.1,1005.6,1006.3,100,6,1,100,5.0,150,11.9,0.0,1480.0,-3.9,-7.0,20.3,-1.9,16.1,188,4.8,90,67,2025-09-13 13:00:00+00:00
27.8,90,26.0,1006.7,1007.4,100,3,8,100,5.8,144,11.2,0.0,1430.0,-3.8,-9.0,20.5,-1.9,17.4,194,6.1,79,67,2025-09-13 14:00:00+00:00
27.5,89,25.6,1007.5,1008.2,100,0,15,100,6.5,146,13.0,0.0,1340.0,-3.5,-10.0,20.5,-2.1,18.3,199,7.3,81,68,2025-09-13 15:00:00+00:00
27.3,90,25.4,1007.8,1008.5,100,0,14,100,6.7,156,13.3,0.0,1350.0,-3.6,-10.0,20.5,-2.1,18.8,203,7.2,90,69,2025-09-13 16:00:00+00:00
27.1,91,25.6,1007.8,1008.5,100,0,20,100,6.8,151,13.7,0.0,1270.0,-3.5,-10.0,20.4,-2.3,19.8,206,7.2,90,68,2025-09-13 17:00:00+00:00
27.0,93,25.7,1007.3,1008.0,41,1,8,35,6.2,158,13.0,0.0,1460.0,-3.6,-11.0,20.2,-2.3,15.3,210,6.5,68,70,2025-09-13 18:00:00+00:00
26.9,94,25.8,1006.8,1007.5,100,1,16,100,5.9,166,12.6,0.0,1420.0,-3.7,-9.0,20.2,-2.3,15.9,211,6.5,68,71,2025-09-13 19:00:00+00:00
26.8,94,25.8,1006.3,1007.0,100,4,2,100,6.1,168,11.9,0.0,1340.0,-3.9,-13.0,19.9,-2.3,14.4,215,5.4,63,71,2025-09-13 20:00:00+00:00
26.8,95,25.8,1005.7,1006.4,100,5,8,100,5.5,169,12.2,0.0,1300.0,-4.1,-10.0,19.8,-2.3,13.5,213,6.0,53,71,2025-09-13 21:00:00+00:00
26.7,94,25.7,1005.8,1006.5,100,8,10,100,5.4,180,10.4,0.0,1310.0,-4.2,-8.0,20.0,-2.1,13.5,213,6.0,53,72,2025-09-13 22:00:00+00:00
26.7,94,25.6,1006.0,1006.7,100,0,2,100,5.4,186,10.8,0.0,1300.0,-4.0,-9.0,20.0,-2.3,13.7,210,5.4,27,74,2025-09-13 23:00:00+00:00
26.6,94,25.5,1006.5,1007.2,100,1,1,100,5.2,184,10.8,0.0,1510.0,-3.8,-10.0,19.8,-2.8,18.5,213,3.8,18,74,2025-09-14 00:00:00+00:00
28.0,90,26.2,1007.4,1008.1,100,0,38,100,3.1,149,7.9,0.0,1390.0,-4.0,-14.0,19.8,-2.8,14.8,214,3.4,45,76,2025-09-14 01:00:00+00:00
28.3,90,26.5,1008.3,1009.0,100,2,26,100,1.4,157,7.2,0.0,1370.0,-4.4,-5.0,19.8,-2.8,13.8,214,2.7,27,76,2025-09-14 02:00:00+00:00
29.2,86,26.5,1008.3,1009.0,100,1,11,100,3.1,140,11.2,0.3,1540.0,-4.6,0.0,19.9,-3.0,14.1,209,2.7,27,76,2025-09-14 03:00:00+00:00
30.0,82,26.6,1008.3,1009.0,100,4,59,100,5.5,199,18.7,0.4,1580.0,-4.8,0.0,19.8,-2.8,14.7,210,2.7,27,78,2025-09-14 04:00:00+00:00
31.1,76,26.5,1007.9,1008.6,100,100,11,100,3.4,177,19.1,0.2,1570.0,-4.4,0.0,19.6,-3.0,15.3,217,2.4,360,80,2025-09-14 05:00:00+00:00
31.5,73,26.2,1007.1,1007.8,100,100,3,99,5.8,202,20.5,0.2,1570.0,-4.2,0.0,18.9,-2.6,12.4,204,3.8,342,79,2025-09-14 06:00:00+00:00
29.7,78,25.4,1006.3,1007.0,99,63,24,96,12.3,195,25.2,3.3,1660.0,-4.2,0.0,19.1,-2.6,11.6,211,3.8,342,81,2025-09-14 07:00:00+00:00
27.1,89,25.1,1005.7,1006.4,100,3,71,100,11.2,185,29.2,3.3,1390.0,-4.3,0.0,19.2,-2.8,8.8,215,3.4,315,72,2025-09-14 08:00:00+00:00
27.4,87,25.1,1005.0,1005.7,100,29,0,100,8.0,175,25.2,0.9,1700.0,-4.5,0.0,19.6,-2.8,6.6,214,5.1,315,67,2025-09-14 09:00:00+00:00
27.8,87,25.4,1004.4,1005.1,100,69,1,100,7.9,176,21.6,0.5,1660.0,-4.2,0.0,19.4,-2.6,6.4,188,5.1,315,67,2025-09-14 10:00:00+00:00
27.9,87,25.6,1004.3,1005.0,100,3,0,100,4.5,175,16.6,0.4,1080.0,-4.0,-1.0,19.9,-2.6,9.1,180,6.8,315,67,2025-09-14 11:00:00+00:00
27.3,89,25.3,1005.2,1005.9,100,46,30,100,5.9,178,10.8,0.6,1420.0,-3.8,-15.0,20.0,-2.6,11.1,199,7.6,342,70,2025-09-14 12:00:00+00:00
27.6,90,25.8,1006.2,1006.9,100,0,11,100,5.4,146,13.3,0.0,920.0,-3.2,-37.0,20.0,-2.6,14.3,197,7.6,342,67,2025-09-14 13:00:00+00:00
27.3,92,25.9,1006.6,1007.3,100,1,90,100,5.3,147,11.2,0.0,830.0,-2.9,-42.0,19.9,-2.6,15.3,207,8.5,352,67,2025-09-14 14:00:00+00:00
27.2,92,25.8,1007.4,1008.1,100,3,5,100,6.3,162,13.0,0.0,890.0,-2.8,-33.0,20.0,-2.8,15.3,210,7.3,351,67,2025-09-14 15:00:00+00:00
27.0,93,25.8,1007.4,1008.1,100,0,38,100,6.1,140,12.6,0.0,970.0,-2.1,-19.0,20.0,-2.8,16.3,216,6.5,338,70,2025-09-14 16:00:00+00:00
26.9,94,25.8,1007.4,1008.1,100,5,23,100,5.8,146,12.6,0.0,1030.0,-2.2,-31.0,20.0,-2.8,16.7,215,6.5,338,70,2025-09-14 17:00:00+00:00
26.7,94,25.7,1007.1,1007.8,100,4,23,100,5.8,146,11.9,0.0,1040.0,-2.2,-31.0,19.6,-2.8,16.9,218,5.4,333,72,2025-09-14 18:00:00+00:00
26.6,94,25.6,1006.5,1007.2,100,15,34,100,5.8,158,11.9,0.1,950.0,-2.7,-42.0,19.6,-2.8,16.5,219,3.8,342,74,2025-09-14 19:00:00+00:00
26.4,95,25.5,1005.7,1006.4,98,26,19,97,7.2,155,14.4,0.1,880.0,-2.9,-38.0,19.4,-2.8,15.9,219,3.8,342,77,2025-09-14 20:00:00+00:00
26.1,95,25.3,1004.9,1005.6,99,17,25,98,6.1,161,15.1,0.1,800.0,-3.1,-30.0,19.3,-2.8,16.3,216,3.6,360,78,2025-09-14 21:00:00+00:00
25.6,95,24.8,1005.3,1006.0,100,100,96,100,4.7,152,12.2,0.4,720.0,-2.9,-39.0,19.2,-2.8,15.0,215,2.4,360,78,2025-09-14 22:00:00+00:00
25.3,96,24.7,1005.9,1006.6,100,100,100,100,11.1,146,20.9,0.7,640.0,-3.4,-39.0,19.1,-2.8,14.5,208,2.4,360,78,2025-09-14 23:00:00+00:00
24.8,97,24.2,1006.4,1007.1,100,37,99,100,11.2,180,27.7,0.5,960.0,-3.2,-41.0,19.3,-2.8,12.3,211,2.7,333,77,2025-09-15 00:00:00+00:00
25.1,97,24.6,1006.7,1007.4,100,6,77,100,7.3,200,15.5,2.1,850.0,-3.7,-36.0,19.1,-2.8,13.0,205,2.4,360,78,2025-09-15 01:00:00+00:00
25.7,92,24.3,1007.9,1008.6,100,14,100,100,8.2,189,18.4,0.9,860.0,-3.7,-26.0,19.2,-2.8,13.1,200,3.8,18,79,2025-09-15 02:00:00+00:00
26.0,91,24.5,1007.2,1007.9,100,4,100,100,6.8,180,20.5,0.7,1030.0,-3.4,-31.0,19.3,-3.0,15.5,204,4.3,34,80,2025-09-15 03:00:00+00:00
26.8,88,24.6,1007.5,1008.2,100,92,100,99,7.6,172,19.1,0.4,1270.0,-3.3,-21.0,19.2,-3.0,16.2,212,4.9,76,80,2025-09-15 04:00:00+00:00
27.2,88,25.0,1007.5,1008.2,100,100,97,98,8.3,174,21.6,0.4,1310.0,-3.1,-16.0,19.2,-2.8,16.6,217,7.3,81,78,2025-09-15 05:00:00+00:00
27.8,84,24.9,1006.4,1007.1,100,97,48,100,6.4,198,20.2,0.3,1340.0,-3.1,-4.0,19.1,-2.6,13.5,204,6.1,101,78,2025-09-15 06:00:00+00:00
28.5,84,25.6,1005.2,1005.9,100,91,42,99,7.3,187,22.0,0.3,1270.0,-2.8,-8.0,18.9,-2.3,15.7,206,6.5,112,77,2025-09-15 07:00:00+00:00
28.4,86,25.7,1003.7,1004.4,98,60,39,90,7.7,180,21.6,0.1,1230.0,-2.8,-10.0,18.9,-2.6,16.3,198,8.0,117,73,2025-09-15 08:00:00+00:00
29.1,83,25.9,1003.1,1003.8,91,23,32,83,6.9,171,22.3,0.1,1440.0,-2.9,-21.0,18.9,-2.6,17.2,202,9.4,130,70,2025-09-15 09:00:00+00:00
29.4,81,25.7,1003.0,1003.7,100,100,17,94,8.6,169,22.3,0.0,940.0,-2.5,-21.0,19.1,-2.6,20.6,208,7.7,141,70,2025-09-15 10:00:00+00:00
26.4,91,24.8,1003.8,1004.5,100,100,95,98,9.9,184,23.8,4.8,460.0,-2.4,-30.0,19.4,-2.8,23.9,209,6.0,127,73,2025-09-15 11:00:00+00:00
26.2,94,25.1,1003.8,1004.5,100,4,1,100,7.4,174,20.5,0.1,670.0,-2.6,-35.0,19.7,-2.6,28.3,218,9.4,130,72,2025-09-15 12:00:00+00:00
26.5,94,25.5,1004.8,1005.5,100,1,100,100,9.2,152,17.6,0.1,630.0,-2.5,-31.0,19.6,-2.3,26.2,211,12.0,127,71,2025-09-15 13:00:00+00:00
26.4,94,25.3,1005.6,1006.3,100,17,48,100,9.4,169,18.4,0.0,850.0,-2.7,-28.0,19.7,-2.3,24.4,213,14.0,121,70,2025-09-15 14:00:00+00:00
26.2,95,25.2,1006.4,1007.1,100,9,84,100,9.3,172,19.1,0.0,930.0,-2.8,-23.0,19.8,-2.6,23.4,213,15.6,122,71,2025-09-15 15:00:00+00:00
25.8,95,24.9,1007.3,1008.0,100,16,100,100,10.6,159,21.2,0.0,820.0,-2.5,-21.0,19.7,-2.8,23.1,212,17.3,124,74,2025-09-15 16:00:00+00:00
25.3,94,24.3,1006.9,1007.6,100,78,100,100,7.5,138,21.2,0.3,820.0,-2.5,-22.0,19.4,-2.8,22.9,211,14.4,132,77,2025-09-15 17:00:00+00:00
24.4,99,24.3,1007.1,1007.8,100,100,99,100,8.8,49,19.1,3.8,840.0,-2.3,-20.0,19.3,-2.8,18.2,202,13.6,135,81,2025-09-15 18:00:00+00:00
24.5,100,24.4,1006.2,1006.9,100,100,100,100,7.1,173,17.3,2.6,710.0,-2.2,-21.0,19.4,-2.8,19.6,198,9.9,166,82,2025-09-15 19:00:00+00:00
25.0,98,24.6,1005.4,1006.1,100,100,100,100,8.6,164,13.7,0.5,660.0,-2.5,-23.0,19.3,-3.0,19.9,196,6.1,169,82,2025-09-15 20:00:00+00:00
25.2,97,24.7,1005.0,1005.7,100,24,98,100,10.9,174,23.4,0.2,570.0,-2.1,-28.0,19.2,-3.3,21.8,196,4.3,214,81,2025-09-15 21:00:00+00:00
25.0,96,24.4,1004.9,1005.6,100,21,80,100,7.9,191,19.8,0.2,560.0,-2.3,-25.0,19.3,-3.3,23.3,192,4.9,284,80,2025-09-15 22:00:00+00:00
24.5,98,24.1,1005.3,1006.0,100,96,95,100,6.9,171,15.5,0.7,680.0,-2.2,-29.0,19.2,-3.5,23.8,197,6.0,323,78,2025-09-15 23:00:00+00:00
24.6,98,24.2,1005.6,1006.3,100,20,100,100,6.4,153,15.1,0.2,650.0,-2.3,-25.0,19.2,-3.0,24.0,213,4.3,326,78,2025-09-16 00:00:00+00:00
25.5,99,25.3,1006.4,1007.1,100,37,77,100,8.1,179,15.8,0.7,690.0,-2.1,-26.0,18.9,-3.3,23.9,209,8.0,333,78,2025-09-16 01:00:00+00:00
26.3,94,25.3,1007.6,1008.3,100,59,30,100,10.0,193,19.4,0.2,830.0,-2.2,-15.0,18.9,-3.3,23.8,206,10.3,324,78,2025-09-16 02:00:00+00:00
27.1,90,25.4,1008.1,1008.8,100,25,100,100,10.6,203,23.4,0.1,720.0,-2.2,-16.0,19.3,-3.0,24.5,207,10.3,306,78,2025-09-16 03:00:00+00:00
28.4,86,25.9,1008.0,1008.7,100,4,15,100,8.1,193,23.0,0.1,740.0,-2.5,-11.0,19.1,-3.0,23.6,208,11.8,294,78,2025-09-16 04:00:00+00:00
30.0,79,25.9,1007.7,1008.4,100,100,39,100,11.6,198,30.6,0.1,730.0,-2.6,-3.0,19.4,-2.8,22.6,208,15.2,288,76,2025-09-16 05:00:00+00:00
29.7,78,25.3,1006.8,1007.5,99,19,38,99,9.1,194,31.0,0.0,780.0,-2.2,-3.0,19.6,-3.0,14.5,212,18.6,285,76,2025-09-16 06:00:00+00:00
29.8,76,25.1,1005.4,1006.1,100,16,5,100,10.6,194,25.6,0.0,870.0,-3.0,0.0,19.3,-3.0,15.3,210,19.8,284,77,2025-09-16 07:00:00+00:00
30.0,77,25.5,1004.1,1004.8,100,4,14,100,10.3,187,27.4,0.2,1080.0,-3.4,0.0,19.4,-2.8,15.8,213,21.6,270,80,2025-09-16 08:00:00+00:00
28.3,81,24.8,1003.8,1004.5,100,12,58,100,10.3,199,30.6,0.5,1480.0,-3.5,-1.0,19.1,-3.0,15.9,207,28.5,255,72,2025-09-16 09:00:00+00:00
28.2,84,25.3,1003.5,1004.2,99,38,31,98,10.5,187,24.1,0.2,1210.0,-3.9,0.0,19.2,-2.8,18.0,204,29.2,251,78,2025-09-16 10:00:00+00:00
27.9,85,25.1,1003.6,1004.3,93,13,30,90,9.4,188,26.3,0.1,990.0,-3.3,0.0,19.7,-2.6,17.9,199,28.2,258,76,2025-09-16 11:00:00+00:00
27.3,87,24.9,1004.7,1005.4,100,8,43,99,10.2,193,25.2,0.1,1680.0,-3.3,-5.0,19.9,-2.6,19.4,219,19.4,248,73,2025-09-16 12:00:00+00:00
26.9,88,24.7,1005.8,1006.5,100,10,21,100,7.0,183,19.1,0.0,1260.0,-2.5,-10.0,19.9,-2.6,21.1,217,18.3,247,76,2025-09-16 13:00:00+00:00
26.2,91,24.6,1006.6,1007.3,100,14,6,100,7.2,112,14.8,0.0,1130.0,-2.5,-17.0,19.7,-2.3,23.2,222,13.4,243,77,2025-09-16 14:00:00+00:00
26.2,91,24.7,1007.1,1007.8,100,9,6,100,8.6,147,16.9,0.0,1060.0,-1.8,-35.0,19.7,-2.1,24.6,220,10.7,243,76,2025-09-16 15:00:00+00:00
26.3,91,24.8,1007.7,1008.4,100,6,23,100,9.0,168,18.0,0.0,1120.0,-2.5,-32.0,19.6,-2.3,26.0,218,9.7,240,76,2025-09-16 16:00:00+00:00
26.2,92,24.8,1007.6,1008.3,100,0,100,100,8.3,166,18.4,0.0,1110.0,-2.5,-24.0,19.7,-2.3,26.3,219,10.7,243,78,2025-09-16 17:00:00+00:00
26.1,91,24.6,1007.2,1007.9,100,2,100,100,8.7,167,17.6,0.0,1130.0,-2.7,-27.0,19.6,-2.8,24.0,219,12.8,229,79,2025-09-16 18:00:00+00:00
25.9,91,24.3,1006.7,1007.4,100,9,99,100,8.9,173,18.7,0.0,1140.0,-2.8,-36.0,19.7,-3.3,24.9,221,13.7,232,81,2025-09-16 19:00:00+00:00
25.7,92,24.2,1005.9,1006.6,100,0,38,100,9.9,183,20.2,0.0,1100.0,-2.9,-34.0,19.7,-3.3,25.1,225,14.4,228,81,2025-09-16 20:00:00+00:00
25.6,92,24.2,1005.7,1006.4,100,2,33,100,11.1,197,23.0,0.0,1060.0,-3.2,-35.0,19.7,-3.5,25.5,227,14.4,228,79,2025-09-16 21:00:00+00:00
25.5,94,24.4,1005.3,1006.0,100,10,34,100,9.3,196,23.0,0.0,1070.0,-2.9,-28.0,19.7,-3.5,25.3,231,14.4,222,77,2025-09-16 22:00:00+00:00
25.6,94,24.5,1005.4,1006.1,100,6,0,100,8.6,195,19.1,0.0,1080.0,-2.9,-28.0,19.8,-3.3,24.0,231,14.4,222,74,2025-09-16 23:00:00+00:00
25.5,94,24.4,1006.2,1006.9,85,7,5,83,7.2,180,17.3,0.0,1400.0,-3.1,-25.0,19.7,-3.7,27.3,232,19.0,215,74,2025-09-17 00:00:00+00:00
26.7,93,25.4,1007.2,1007.9,100,1,100,16,6.5,156,16.9,0.1,1390.0,-3.8,-20.0,19.7,-3.7,24.9,230,18.0,217,72,2025-09-17 01:00:00+00:00
27.8,89,25.8,1008.3,1009.0,44,12,17,23,8.5,167,20.2,0.1,1310.0,-4.0,-14.0,19.6,-3.5,23.2,227,18.7,220,71,2025-09-17 02:00:00+00:00
28.8,87,26.3,1008.6,1009.3,21,1,8,14,8.5,168,22.3,0.2,1200.0,-3.4,-4.0,19.6,-3.5,21.6,222,18.7,225,71,2025-09-17 03:00:00+00:00
30.0,82,26.5,1008.3,1009.0,48,17,2,36,9.2,178,26.6,0.2,1430.0,-3.8,0.0,19.6,-3.3,22.1,218,18.7,225,73,2025-09-17 04:00:00+00:00
30.9,76,26.1,1007.9,1008.6,99,97,7,66,10.4,182,29.9,0.2,1540.0,-3.7,0.0,19.3,-3.3,22.3,221,17.1,231,76,2025-09-17 05:00:00+00:00
31.0,74,25.7,1007.0,1007.7,100,100,8,77,11.0,183,31.7,0.2,1910.0,-3.4,0.0,18.8,-3.0,18.6,211,16.3,234,79,2025-09-17 06:00:00+00:00
26.9,90,25.2,1006.2,1006.9,100,3,87,100,9.8,194,37.1,6.3,1860.0,-3.0,0.0,18.8,-2.8,18.0,216,14.6,235,77,2025-09-17 07:00:00+00:00
27.4,88,25.2,1004.5,1005.2,100,20,2,99,10.4,163,26.3,1.0,1960.0,-3.2,0.0,18.9,-2.8,19.6,216,15.6,238,74,2025-09-17 08:00:00+00:00
28.9,84,25.9,1004.0,1004.7,99,6,0,99,9.5,207,26.3,0.2,1770.0,-3.7,0.0,19.4,-2.6,20.5,217,14.6,235,73,2025-09-17 09:00:00+00:00
29.2,82,25.9,1003.3,1004.0,100,14,7,100,10.3,199,25.9,0.1,1500.0,-3.5,0.0,19.4,-2.3,21.2,215,14.0,239,68,2025-09-17 10:00:00+00:00
28.6,86,26.0,1003.5,1004.2,99,8,14,99,9.7,215,24.1,1.9,1310.0,-4.1,0.0,20.0,-2.3,24.9,220,13.4,243,69,2025-09-17 11:00:00+00:00
27.8,89,25.9,1004.3,1005.0,100,5,7,100,8.7,194,20.9,1.1,1500.0,-3.4,-6.0,20.2,-1.9,24.9,220,11.1,257,73,2025-09-17 12:00:00+00:00
28.6,83,25.5,1005.1,1005.8,86,12,10,84,7.3,190,15.5,0.0,1370.0,-2.4,-18.0,20.2,-2.1,26.2,220,10.3,249,70,2025-09-17 13:00:00+00:00
28.2,84,25.2,1005.8,1006.5,99,3,12,99,7.2,177,14.4,0.0,1380.0,-2.6,-8.0,20.3,-2.1,25.5,221,10.3,249,67,2025-09-17 14:00:00+00:00
27.9,85,25.0,1006.5,1007.2,84,0,8,83,6.8,178,14.0,0.0,1280.0,-3.1,-11.0,20.2,-2.3,25.8,224,10.3,249,64,2025-09-17 15:00:00+00:00
27.6,86,25.0,1006.7,1007.4,100,0,0,100,7.2,183,14.0,0.0,1180.0,-3.0,-12.0,20.2,-2.3,26.1,227,10.3,249,66,2025-09-17 16:00:00+00:00
27.3,87,25.0,1006.8,1007.5,100,0,5,100,7.4,180,14.4,0.0,1180.0,-3.1,-13.0,20.3,-2.6,25.6,230,11.4,252,68,2025-09-17 17:00:00+00:00
27.1,89,25.0,1006.6,1007.3,100,0,6,100,6.5,180,14.4,0.0,1490.0,-3.2,-14.0,20.2,-3.0,22.1,232,10.7,243,69,2025-09-17 18:00:00+00:00
26.9,90,25.1,1006.2,1006.9,99,0,11,99,6.1,185,12.6,0.0,1540.0,-3.3,-17.0,20.0,-3.0,22.4,232,10.7,243,68,2025-09-17 19:00:00+00:00
26.9,90,25.2,1005.6,1006.3,100,0,0,100,7.0,192,13.7,0.0,1480.0,-3.1,-19.0,20.0,-3.0,21.8,233,11.8,246,72,2025-09-17 20:00:00+00:00
26.9,91,25.3,1005.3,1006.0,98,0,2,98,7.3,205,14.4,0.0,1430.0,-2.8,-36.0,19.9,-2.8,21.2,235,10.7,243,72,2025-09-17 21:00:00+00:00
26.9,90,25.2,1005.1,1005.8,84,0,0,84,8.6,210,16.9,0.0,1360.0,-2.5,-33.0,20.0,-2.8,20.0,235,11.4,252,71,2025-09-17 22:00:00+00:00
26.9,90,25.2,1005.3,1006.0,98,0,0,98,8.7,212,17.6,0.0,1310.0,-2.6,-30.0,19.9,-2.8,18.5,237,10.3,249,70,2025-09-17 23:00:00+00:00
26.8,90,25.1,1006.0,1006.7,99,0,0,99,7.6,214,17.6,0.0,1690.0,-2.9,-29.0,19.8,-3.3,21.4,241,12.0,233,72,2025-09-18 00:00:00+00:00
28.1,88,25.9,1006.7,1007.4,100,0,4,100,6.0,189,14.8,0.0,1710.0,-3.5,-14.0,19.9,-3.0,18.6,245,10.3,234,70,2025-09-18 01:00:00+00:00
29.2,84,26.2,1007.0,1007.7,81,0,0,81,7.5,204,18.4,0.0,1890.0,-3.8,-1.0,20.0,-3.0,16.6,249,8.5,225,69,2025-09-18 02:00:00+00:00
30.4,78,26.2,1007.5,1008.2,100,0,5,100,8.9,220,23.0,0.0,1750.0,-3.7,0.0,20.3,-2.8,15.3,247,7.0,211,68,2025-09-18 03:00:00+00:00
31.2,73,25.9,1007.3,1008.0,99,9,4,99,9.3,227,24.1,0.1,1520.0,-3.7,0.0,20.4,-2.6,12.8,253,7.6,198,69,2025-09-18 04:00:00+00:00
31.8,70,25.6,1007.1,1007.8,97,14,3,96,8.7,228,24.1,0.2,1130.0,-4.1,0.0,20.0,-2.8,11.3,249,7.6,198,68,2025-09-18 05:00:00+00:00
32.2,70,26.0,1006.2,1006.9,93,12,3,92,6.7,226,23.0,0.1,1550.0,-4.0,0.0,20.4,-2.8,10.4,241,8.0,243,76,2025-09-18 06:00:00+00:00
32.2,70,26.0,1004.7,1005.4,100,4,15,100,7.5,222,22.3,0.1,1740.0,-3.7,0.0,20.0,-2.6,11.0,240,6.5,248,77,2025-09-18 07:00:00+00:00
32.2,71,26.2,1003.2,1003.9,100,12,9,100,6.7,224,22.7,0.3,1770.0,-3.8,0.0,19.7,-2.6,10.9,237,6.0,270,72,2025-09-18 08:00:00+00:00
31.1,75,26.2,1002.4,1003.1,100,77,30,100,7.6,194,20.5,0.1,1620.0,-3.9,0.0,19.9,-2.3,9.6,245,6.1,281,68,2025-09-18 09:00:00+00:00
28.2,86,25.6,1003.2,1003.9,100,2,21,100,9.3,245,24.5,1.4,1680.0,-4.3,-1.0,19.8,-2.1,7.3,263,5.4,297,71,2025-09-18 10:00:00+00:00
28.1,86,25.5,1002.5,1003.2,100,0,24,100,2.7,184,22.0,0.1,1650.0,-5.1,-3.0,20.4,-1.9,7.8,267,3.4,315,79,2025-09-18 11:00:00+00:00
27.8,89,25.9,1003.8,1004.5,100,2,7,100,3.2,232,11.9,0.0,2230.0,-4.5,-21.0,20.6,-2.1,8.4,257,4.3,326,70,2025-09-18 12:00:00+00:00
29.7,84,26.8,1003.8,1004.5,100,0,4,100,3.4,162,6.1,0.0,2190.0,-3.9,-38.0,20.6,-1.9,7.5,245,4.9,14,71,2025-09-18 13:00:00+00:00
29.2,86,26.6,1004.4,1005.1,100,0,3,100,4.0,175,8.6,0.0,2340.0,-3.8,-48.0,20.9,-2.1,7.8,234,6.5,22,72,2025-09-18 14:00:00+00:00
29.0,86,26.5,1005.9,1006.6,100,0,2,100,4.7,171,8.6,0.0,2300.0,-3.6,-57.0,21.1,-2.3,7.0,238,4.3,34,70,2025-09-18 15:00:00+00:00
28.5,89,26.5,1006.4,1007.1,100,2,4,100,3.9,167,9.0,0.0,2150.0,-3.4,-66.0,21.1,-2.6,8.6,238,3.4,45,69,2025-09-18 16:00:00+00:00
28.0,91,26.4,1006.6,1007.3,94,1,1,93,3.3,167,7.9,0.0,1930.0,-3.3,-70.0,20.9,-2.8,9.8,233,2.7,63,70,2025-09-18 17:00:00+00:00
27.7,93,26.4,1006.7,1007.4,100,10,1,100,2.9,313,5.8,0.0,2400.0,-2.9,-71.0,20.5,-2.8,11.0,210,2.7,27,71,2025-09-18 18:00:00+00:00
27.5,95,26.6,1006.3,1007.0,94,1,1,94,4.4,339,8.3,0.0,2470.0,-3.0,-54.0,20.4,-2.6,11.9,212,2.7,27,72,2025-09-18 19:00:00+00:00
27.1,96,26.5,1005.5,1006.2,88,0,0,88,2.8,40,9.0,0.0,2400.0,-3.1,-47.0,20.4,-2.6,12.6,224,2.7,27,72,2025-09-18 20:00:00+00:00
26.8,98,26.4,1005.2,1005.9,44,4,5,41,2.8,79,6.8,0.0,2250.0,-3.3,-46.0,20.3,-2.6,12.6,226,2.7,63,71,2025-09-18 21:00:00+00:00
26.5,98,26.2,1004.8,1005.5,10,0,0,10,2.3,86,5.8,0.0,1790.0,-3.4,-45.0,20.0,-2.6,13.1,236,4.3,56,69,2025-09-18 22:00:00+00:00
26.4,99,26.2,1004.8,1005.5,15,14,0,1,2.6,124,5.8,0.0,1720.0,-3.4,-43.0,20.2,-2.8,11.8,242,2.7,63,66,2025-09-18 23:00:00+00:00
26.5,98,26.1,1005.5,1006.2,77,0,0,77,3.4,122,6.8,0.0,2310.0,-3.8,-37.0,20.4,-2.8,8.0,239,2.7,63,67,2025-09-19 00:00:00+00:00
27.5,94,26.5,1006.3,1007.0,15,3,14,1,3.0,163,9.7,0.0,2010.0,-4.6,-24.0,20.4,-2.8,7.5,245,4.3,56,63,2025-09-19 01:00:00+00:00
28.8,91,27.3,1007.0,1007.7,12,9,10,1,3.9,158,13.0,0.0,1760.0,-5.0,-13.0,20.5,-2.8,6.6,254,3.8,72,62,2025-09-19 02:00:00+00:00
30.3,84,27.3,1007.4,1008.1,66,14,7,58,5.4,186,16.9,0.2,1500.0,-4.8,-9.0,20.4,-2.8,7.3,266,3.8,108,67,2025-09-19 03:00:00+00:00
30.9,80,27.1,1007.4,1008.1,85,9,6,83,1.6,276,16.9,0.6,1580.0,-5.0,-4.0,20.2,-2.6,6.8,270,5.4,117,71,2025-09-19 04:00:00+00:00
29.8,83,26.7,1007.3,1008.0,100,10,14,100,4.6,11,18.4,4.3,1600.0,-5.0,0.0,20.3,-2.6,5.9,247,2.7,117,68,2025-09-19 05:00:00+00:00
29.1,86,26.5,1006.6,1007.3,100,8,6,100,6.8,145,19.8,0.5,2760.0,-5.1,0.0,20.2,-2.8,7.0,259,2.7,27,72,2025-09-19 06:00:00+00:00
29.5,85,26.8,1005.4,1006.1,99,6,7,99,3.3,139,19.8,0.0,2760.0,-4.8,0.0,19.9,-2.6,6.8,250,3.8,18,69,2025-09-19 07:00:00+00:00
30.5,82,27.1,1004.1,1004.8,100,8,1,100,5.2,186,18.4,0.3,2520.0,-4.6,0.0,19.9,-2.3,5.9,247,4.3,34,68,2025-09-19 08:00:00+00:00
29.7,86,27.0,1003.2,1003.9,100,25,3,100,6.8,270,21.2,0.4,2400.0,-4.2,0.0,19.9,-2.1,6.4,262,4.3,34,63,2025-09-19 09:00:00+00:00
29.2,87,26.8,1002.5,1003.2,100,27,6,100,3.7,321,19.8,0.3,2400.0,-4.6,-1.0,20.0,-2.1,7.8,273,5.4,27,61,2025-09-19 10:00:00+00:00
29.0,86,26.4,1002.8,1003.5,100,26,8,99,5.2,266,14.0,0.1,2060.0,-5.3,-8.0,20.0,-2.1,9.7,278,7.6,18,59,2025-09-19 11:00:00+00:00
28.4,90,26.6,1003.4,1004.1,99,15,5,99,3.8,281,12.6,0.0,3710.0,-4.8,-10.0,20.9,-2.1,8.7,264,7.7,39,63,2025-09-19 12:00:00+00:00
29.5,87,27.2,1003.7,1004.4,90,0,1,90,2.9,169,6.1,0.0,2380.0,-4.4,-17.0,21.0,-2.3,9.1,288,8.7,34,60,2025-09-19 13:00:00+00:00
29.0,90,27.3,1005.2,1005.9,84,0,2,84,2.9,176,6.1,0.0,1230.0,-4.2,-26.0,22.2,-2.6,10.4,299,7.7,39,59,2025-09-19 14:00:00+00:00
28.7,92,27.2,1005.6,1006.3,91,0,0,91,3.1,177,6.5,0.0,1190.0,-4.1,-32.0,21.7,-2.6,7.8,310,8.0,27,60,2025-09-19 15:00:00+00:00
28.6,91,27.0,1006.2,1006.9,100,0,0,100,0.4,207,6.1,0.0,1260.0,-4.1,-38.0,21.2,-2.6,6.1,312,8.7,16,63,2025-09-19 16:00:00+00:00
28.3,92,27.0,1005.5,1006.2,98,0,1,98,3.4,252,6.8,0.0,1380.0,-4.3,-39.0,21.1,-2.6,4.3,302,8.7,16,64,2025-09-19 17:00:00+00:00
28.0,93,26.9,1005.2,1005.9,100,0,2,100,2.9,248,6.8,0.0,2310.0,-4.7,-44.0,21.2,-2.8,3.9,249,8.5,8,64,2025-09-19 18:00:00+00:00
27.7,95,26.8,1004.7,1005.4,100,0,2,100,2.8,285,6.5,0.0,2140.0,-4.8,-38.0,21.1,-2.6,5.0,275,9.9,14,66,2025-09-19 19:00:00+00:00
27.5,96,26.9,1004.2,1004.9,99,0,2,99,4.2,320,7.9,0.0,1870.0,-4.9,-36.0,21.2,-2.6,4.6,270,10.9,6,68,2025-09-19 20:00:00+00:00
27.2,98,26.8,1004.0,1004.7,99,1,2,99,3.8,329,9.7,0.0,1920.0,-4.8,-31.0,21.0,-2.6,6.4,278,10.7,27,72,2025-09-19 21:00:00+00:00
26.9,99,26.7,1003.7,1004.4,100,3,1,100,2.3,356,7.9,0.0,1800.0,-4.6,-30.0,20.8,-2.6,4.8,287,11.4,18,71,2025-09-19 22:00:00+00:00
26.8,99,26.7,1004.0,1004.7,100,29,1,100,3.2,38,6.5,0.0,1810.0,-4.5,-29.0,20.5,-2.8,6.8,290,12.4,29,72,2025-09-19 23:00:00+00:00
26.7,99,26.6,1004.3,1005.0,100,100,0,100,3.0,65,6.5,0.0,2170.0,-4.6,-32.0,20.3,-2.8,7.7,298,12.9,22,66,2025-09-20 00:00:00+00:00
28.2,94,27.2,1004.9,1005.6,100,0,2,100,6.1,118,13.7,0.0,1960.0,-5.0,-30.0,20.5,-2.8,7.5,308,13.4,27,69,2025-09-20 01:00:00+00:00
28.9,91,27.2,1005.5,1006.2,100,0,0,100,2.8,108,12.6,0.0,1740.0,-4.8,-30.0,20.5,-2.8,8.1,317,14.0,31,70,2025-09-20 02:00:00+00:00
29.3,88,27.2,1005.7,1006.4,100,4,0,100,5.3,123,15.1,0.0,1620.0,-5.2,-10.0,20.5,-2.8,7.0,328,13.7,38,69,2025-09-20 03:00:00+00:00
30.8,81,27.3,1006.1,1006.8,99,6,1,98,5.0,111,18.7,0.2,1630.0,-5.5,-2.0,20.5,-2.8,5.6,325,16.1,42,70,2025-09-20 04:00:00+00:00
31.8,78,27.4,1005.5,1006.2,95,3,1,94,2.7,110,17.3,0.2,1710.0,-5.6,0.0,20.5,-3.0,5.2,315,16.1,42,69,2025-09-20 05:00:00+00:00
32.5,74,27.3,1004.4,1005.1,94,5,3,93,1.2,141,14.4,0.1,2860.0,-5.7,0.0,20.5,-3.0,3.5,247,14.6,55,68,2025-09-20 06:00:00+00:00
32.1,76,27.3,1003.1,1003.8,90,9,19,86,1.1,171,12.6,0.3,2510.0,-5.5,0.0,20.4,-3.0,5.3,250,14.6,55,68,2025-09-20 07:00:00+00:00
31.7,78,27.5,1001.6,1002.3,100,100,17,96,1.1,279,12.6,0.8,2600.0,-5.1,0.0,20.4,-2.8,5.5,246,14.4,48,64,2025-09-20 08:00:00+00:00
31.9,77,27.4,1000.6,1001.3,100,3,10,100,4.7,298,16.9,0.0,2280.0,-4.8,0.0,20.9,-2.6,3.9,249,13.7,52,62,2025-09-20 09:00:00+00:00
31.8,76,27.0,1000.6,1001.3,94,11,4,93,1.9,209,15.8,0.3,1940.0,-4.8,0.0,21.0,-2.3,4.1,276,14.6,55,60,2025-09-20 10:00:00+00:00
28.0,87,25.5,1001.6,1002.3,99,6,5,99,5.2,272,22.0,5.8,1870.0,-5.9,0.0,21.0,-2.3,5.3,301,15.4,51,59,2025-09-20 11:00:00+00:00
27.9,86,25.4,1002.0,1002.7,100,0,0,100,2.9,4,11.9,0.1,2070.0,-6.1,-5.0,21.2,-2.3,6.5,335,19.7,52,63,2025-09-20 12:00:00+00:00
27.8,89,25.8,1003.1,1003.8,100,0,0,100,2.8,281,10.4,0.0,2220.0,-5.4,-21.0,21.0,-2.6,7.5,335,17.7,62,63,2025-09-20 13:00:00+00:00
27.6,91,25.9,1003.3,1004.0,100,0,4,100,2.7,266,6.8,0.0,2100.0,-4.6,-56.0,21.0,-2.6,7.5,335,17.2,65,61,2025-09-20 14:00:00+00:00
27.5,92,26.0,1004.1,1004.8,100,0,4,100,2.5,266,6.1,0.0,1920.0,-4.0,-67.0,21.1,-2.6,6.9,337,15.6,67,60,2025-09-20 15:00:00+00:00
27.3,93,26.0,1004.4,1005.1,100,0,1,100,3.9,286,8.6,0.0,1770.0,-3.7,-54.0,21.1,-2.6,6.8,340,12.9,68,60,2025-09-20 16:00:00+00:00
27.0,94,25.9,1004.6,1005.3,100,0,0,100,3.7,299,8.6,0.0,1630.0,-3.7,-41.0,21.1,-2.6,7.6,343,11.8,66,60,2025-09-20 17:00:00+00:00
26.7,95,25.8,1004.2,1004.9,100,0,0,100,4.3,287,9.0,0.0,1310.0,-3.7,-49.0,20.8,-2.6,6.4,360,12.2,79,63,2025-09-20 18:00:00+00:00
26.5,95,25.7,1003.9,1004.6,100,0,3,100,4.0,297,9.0,0.0,1300.0,-3.6,-46.0,20.6,-2.6,7.4,11,11.4,72,63,2025-09-20 19:00:00+00:00
26.3,96,25.6,1003.7,1004.4,100,0,5,100,4.0,302,8.3,0.0,1300.0,-3.3,-47.0,20.4,-2.6,7.2,18,11.4,72,64,2025-09-20 20:00:00+00:00
26.1,97,25.5,1003.0,1003.7,99,0,0,99,3.8,295,8.3,0.0,1320.0,-3.0,-55.0,20.5,-2.3,7.1,27,11.4,72,64,2025-09-20 21:00:00+00:00
25.9,97,25.4,1002.5,1003.2,100,0,0,100,4.0,324,7.9,0.0,1160.0,-2.8,-54.0,20.4,-2.3,7.0,32,11.4,72,64,2025-09-20 22:00:00+00:00
25.9,97,25.4,1002.3,1003.0,100,0,0,100,4.5,326,10.8,0.0,1160.0,-2.6,-54.0,20.4,-2.6,7.1,40,11.4,72,64,2025-09-20 23:00:00+00:00
25.7,98,25.3,1003.4,1004.1,100,1,3,100,2.3,356,9.0,0.0,1350.0,-3.0,-51.0,20.5,-3.0,7.3,30,9.9,76,66,2025-09-21 00:00:00+00:00
27.7,95,26.7,1003.6,1004.3,100,1,2,100,2.6,348,7.9,0.0,1220.0,-3.8,-38.0,20.5,-3.0,6.8,48,10.9,84,64,2025-09-21 01:00:00+00:00
29.2,88,27.0,1003.8,1004.5,100,7,4,99,2.3,32,10.4,0.0,1160.0,-4.3,-21.0,20.6,-2.8,6.5,51,10.8,90,62,2025-09-21 02:00:00+00:00
30.2,82,26.8,1004.5,1005.2,100,15,10,100,4.6,13,17.3,0.3,1210.0,-4.9,-6.0,20.6,-2.6,6.8,70,10.9,96,62,2025-09-21 03:00:00+00:00
30.8,82,27.4,1004.2,1004.9,96,3,6,96,4.4,30,16.6,0.4,1260.0,-4.8,-1.0,20.4,-2.8,5.5,85,9.9,104,61,2025-09-21 04:00:00+00:00
31.5,79,27.4,1004.1,1004.8,94,3,7,94,2.3,356,16.9,0.3,990.0,-4.7,0.0,19.9,-2.8,3.7,83,10.3,111,61,2025-09-21 05:00:00+00:00
32.1,77,27.6,1002.9,1003.6,93,8,2,93,2.6,16,15.8,0.3,1200.0,-5.3,0.0,20.6,-2.8,2.9,18,11.1,103,64,2025-09-21 06:00:00+00:00
32.5,75,27.5,1001.5,1002.2,95,6,8,94,3.7,47,18.0,0.4,990.0,-5.3,0.0,20.8,-2.8,2.6,45,8.7,106,66,2025-09-21 07:00:00+00:00
32.2,75,27.1,1000.3,1001.0,100,13,4,100,1.5,30,17.3,0.1,1020.0,-5.0,-1.0,20.4,-2.6,2.9,51,9.6,90,69,2025-09-21 08:00:00+00:00
32.3,74,27.1,999.1,999.8,99,5,3,99,0.9,349,10.8,0.0,1350.0,-5.1,-1.0,20.2,-2.3,0.0,270,8.5,82,67,2025-09-21 09:00:00+00:00
32.4,71,26.5,998.7,999.4,98,12,10,98,2.7,188,11.9,0.0,1600.0,-5.0,0.0,20.4,-2.3,0.6,225,8.7,74,66,2025-09-21 10:00:00+00:00
31.2,74,26.0,999.4,1000.1,100,32,24,100,6.8,178,15.8,0.3,1550.0,-5.3,-5.0,20.2,-1.9,1.0,153,7.3,81,68,2025-09-21 11:00:00+00:00
30.0,85,27.1,1000.6,1001.3,100,18,15,100,5.6,211,16.2,0.0,2680.0,-4.8,-14.0,20.6,-2.1,7.1,27,12.5,73,60,2025-09-21 12:00:00+00:00
27.2,97,26.6,1001.8,1002.5,97,2,10,97,6.9,229,13.0,0.0,1540.0,-4.8,-26.0,20.3,-2.1,7.8,40,12.5,73,62,2025-09-21 13:00:00+00:00
27.1,97,26.5,1002.8,1003.5,98,10,15,98,9.8,227,17.6,0.1,1170.0,-4.5,-36.0,20.3,-2.1,8.2,34,13.7,75,67,2025-09-21 14:00:00+00:00
27.4,94,26.3,1003.8,1004.5,100,7,31,100,7.4,229,16.2,1.8,560.0,-4.6,-39.0,20.4,-2.3,6.2,36,14.8,76,67,2025-09-21 15:00:00+00:00
27.3,95,26.4,1004.0,1004.7,100,3,8,100,7.5,233,14.8,0.0,330.0,-4.6,-42.0,20.2,-2.3,2.9,39,14.6,81,70,2025-09-21 16:00:00+00:00
27.0,95,26.1,1003.8,1004.5,100,4,4,100,7.1,232,13.7,0.0,360.0,-4.7,-44.0,19.9,-2.1,1.0,27,14.6,81,72,2025-09-21 17:00:00+00:00
26.3,96,25.7,1004.0,1004.7,100,9,13,100,8.6,292,16.9,0.0,600.0,-4.3,-45.0,19.8,-2.3,3.5,67,15.6,90,72,2025-09-21 18:00:00+00:00
26.1,96,25.3,1003.1,1003.8,100,0,12,99,5.6,277,16.9,0.0,470.0,-4.1,-47.0,19.7,-2.3,3.3,56,14.4,85,71,2025-09-21 19:00:00+00:00
25.9,96,25.2,1002.6,1003.3,100,5,13,100,5.5,314,11.2,0.0,310.0,-3.3,-46.0,19.7,-2.3,4.5,45,13.2,90,72,2025-09-21 20:00:00+00:00
25.9,96,25.2,1002.6,1003.3,100,4,51,100,5.8,334,11.9,0.0,150.0,-3.0,-29.0,19.7,-2.6,6.2,36,10.8,90,71,2025-09-21 21:00:00+00:00
25.8,97,25.3,1002.2,1002.9,100,0,11,100,3.2,344,12.2,0.0,60.0,-2.8,-51.0,19.7,-2.8,7.5,38,10.9,84,66,2025-09-21 22:00:00+00:00
25.7,98,25.3,1002.3,1003.0,100,6,1,100,4.3,355,10.1,0.0,20.0,-3.1,-47.0,19.8,-2.8,8.7,43,12.5,73,66,2025-09-21 23:00:00+00:00
25.6,98,25.2,1003.0,1003.7,100,0,18,100,3.5,28,9.0,0.0,530.0,-3.5,-58.0,19.9,-3.0,12.4,6,12.2,79,72,2025-09-22 00:00:00+00:00
27.5,96,26.8,1003.0,1003.7,100,0,1,100,4.1,23,13.0,0.2,440.0,-3.5,-59.0,19.9,-3.0,13.0,25,13.7,75,72,2025-09-22 01:00:00+00:00
28.0,94,26.9,1004.1,1004.8,100,0,100,100,3.0,57,9.4,0.5,550.0,-5.0,-25.0,20.3,-3.0,13.8,34,16.1,63,73,2025-09-22 02:00:00+00:00
28.4,88,26.1,1004.8,1005.5,100,17,84,100,4.9,39,12.6,1.0,580.0,-5.0,-21.0,20.4,-2.8,14.8,47,18.3,58,76,2025-09-22 03:00:00+00:00
28.6,86,26.0,1004.7,1005.4,100,13,7,100,4.2,40,12.6,1.2,710.0,-4.5,-16.0,20.4,-2.6,13.3,59,22.0,61,74,2025-09-22 04:00:00+00:00
29.1,86,26.4,1004.0,1004.7,100,8,4,100,4.7,43,14.0,0.7,1200.0,-4.7,-14.0,19.9,-2.8,11.3,58,24.7,61,76,2025-09-22 05:00:00+00:00
29.7,83,26.4,1003.2,1003.9,100,1,3,100,3.9,103,16.2,0.4,1510.0,-4.8,-6.0,19.3,-2.8,10.0,51,28.6,57,79,2025-09-22 06:00:00+00:00
27.9,88,25.8,1002.4,1003.1,100,14,56,100,7.2,84,22.3,0.4,1240.0,-4.7,-3.0,19.2,-2.6,8.4,45,26.0,56,71,2025-09-22 07:00:00+00:00
28.3,87,25.8,1000.9,1001.6,100,13,2,100,3.5,35,19.8,0.8,1260.0,-3.9,-1.0,19.4,-2.6,10.8,36,26.6,54,69,2025-09-22 08:00:00+00:00
29.3,81,25.8,1000.0,1000.7,100,22,10,100,3.8,3,13.7,0.3,1100.0,-4.3,-4.0,19.6,-2.3,8.8,35,26.6,54,71,2025-09-22 09:00:00+00:00
29.1,82,25.7,999.7,1000.4,100,11,78,100,5.5,337,15.5,0.1,1100.0,-4.1,-11.0,19.6,-1.9,6.3,21,26.0,56,70,2025-09-22 10:00:00+00:00
28.8,84,25.8,1000.0,1000.7,100,11,15,100,4.2,342,15.5,0.0,940.0,-4.0,-13.0,19.4,-2.1,7.0,11,27.0,58,70,2025-09-22 11:00:00+00:00
28.2,88,26.1,1001.0,1001.7,100,6,27,100,3.4,328,10.8,0.0,1170.0,-3.8,-8.0,19.6,-2.1,13.4,35,31.1,62,76,2025-09-22 12:00:00+00:00
27.6,89,25.7,1002.4,1003.1,100,8,100,100,2.9,173,11.2,0.1,1000.0,-3.6,-9.0,19.7,-2.3,11.9,32,30.6,64,71,2025-09-22 13:00:00+00:00
27.4,92,25.9,1003.1,1003.8,100,19,100,100,3.7,169,8.3,0.0,850.0,-3.3,-16.0,19.8,-2.3,11.3,21,31.2,67,76,2025-09-22 14:00:00+00:00
26.8,93,25.6,1004.3,1005.0,100,30,99,100,2.0,90,8.6,2.5,770.0,-3.7,-25.0,19.8,-2.3,10.6,10,30.8,69,78,2025-09-22 15:00:00+00:00
26.6,95,25.7,1004.4,1005.1,100,43,96,100,0.3,45,5.0,0.8,730.0,-3.4,-28.0,19.7,-2.3,11.3,14,32.6,73,81,2025-09-22 16:00:00+00:00
26.3,95,25.5,1004.2,1004.9,100,19,97,100,3.5,99,9.0,0.7,680.0,-3.0,-27.0,19.3,-2.3,10.1,18,33.5,75,86,2025-09-22 17:00:00+00:00
26.2,92,24.7,1004.0,1004.7,100,48,100,100,1.9,68,10.8,1.7,510.0,-1.9,-29.0,18.9,-2.3,10.5,34,37.3,75,82,2025-09-22 18:00:00+00:00
25.6,97,25.1,1003.4,1004.1,100,100,92,100,4.8,56,11.5,3.6,360.0,-1.7,-28.0,18.8,-2.3,8.8,35,35.0,84,83,2025-09-22 19:00:00+00:00
25.2,98,24.8,1002.8,1003.5,100,100,92,100,5.3,66,13.3,2.5,300.0,-1.1,-26.0,18.8,-2.6,8.8,39,32.4,90,86,2025-09-22 20:00:00+00:00
25.0,99,24.9,1002.1,1002.8,100,100,94,100,5.4,84,14.8,1.6,250.0,-0.5,-26.0,18.9,-2.6,7.7,45,35.1,98,86,2025-09-22 21:00:00+00:00
24.9,99,24.7,1001.7,1002.4,100,100,37,100,5.1,94,12.2,0.5,190.0,-0.5,-24.0,18.8,-2.3,8.1,52,37.3,105,84,2025-09-22 22:00:00+00:00
24.8,99,24.7,1001.9,1002.6,100,98,49,100,5.5,122,11.5,0.1,130.0,-0.3,-26.0,18.9,-2.3,8.2,63,39.5,110,82,2025-09-22 23:00:00+00:00
24.8,98,24.4,1002.3,1003.0,100,100,78,100,6.0,131,13.0,0.4,320.0,-0.7,-12.0,18.9,-2.6,8.7,84,36.4,107,87,2025-09-23 00:00:00+00:00
26.0,93,24.7,1002.5,1003.2,100,21,62,100,6.4,142,13.0,0.9,370.0,-1.5,-8.0,18.9,-2.3,10.2,100,40.6,109,84,2025-09-23 01:00:00+00:00
26.2,92,24.8,1003.1,1003.8,100,4,73,100,7.8,122,17.6,0.5,420.0,-1.7,-4.0,19.2,-2.1,12.3,105,41.9,114,80,2025-09-23 02:00:00+00:00
27.1,87,24.8,1003.5,1004.2,100,11,99,100,9.7,135,22.7,0.2,280.0,-2.3,-1.0,19.1,-2.1,15.9,108,43.5,118,83,2025-09-23 03:00:00+00:00
28.2,79,24.2,1003.8,1004.5,100,37,80,100,12.9,139,29.2,0.0,340.0,-2.5,0.0,18.9,-2.3,16.7,116,46.3,121,81,2025-09-23 04:00:00+00:00
28.2,81,24.5,1003.7,1004.4,100,18,40,100,11.7,133,30.6,0.3,590.0,-3.1,0.0,19.1,-2.1,18.0,120,45.4,127,79,2025-09-23 05:00:00+00:00
29.3,79,25.3,1002.6,1003.3,100,10,51,100,10.6,116,29.2,0.0,1030.0,-3.4,0.0,18.7,-2.3,18.0,126,39.2,130,80,2025-09-23 06:00:00+00:00
30.4,74,25.3,1001.1,1001.8,100,8,11,100,10.9,119,31.0,0.0,1170.0,-3.3,0.0,18.5,-2.1,19.4,131,34.9,131,76,2025-09-23 07:00:00+00:00
30.7,71,25.0,999.8,1000.5,80,4,21,73,10.6,140,31.0,0.0,1130.0,-3.1,0.0,18.9,-2.1,18.4,134,32.2,135,77,2025-09-23 08:00:00+00:00
30.7,74,25.5,998.7,999.4,95,14,30,92,9.3,146,29.2,0.1,760.0,-3.4,0.0,19.4,-2.1,20.8,142,30.7,141,74,2025-09-23 09:00:00+00:00
28.6,83,25.4,998.9,999.6,100,22,38,100,8.2,190,28.1,1.0,690.0,-3.3,0.0,19.8,-1.9,21.4,156,29.8,140,78,2025-09-23 10:00:00+00:00
27.9,85,25.1,999.4,1000.1,100,25,41,100,9.5,158,20.2,0.1,550.0,-3.6,-1.0,19.8,-1.9,20.2,157,28.9,138,78,2025-09-23 11:00:00+00:00
27.1,88,25.0,999.9,1000.6,100,0,19,100,5.4,180,21.6,0.1,920.0,-3.2,-7.0,19.8,-2.1,19.4,156,28.1,130,78,2025-09-23 12:00:00+00:00
26.9,93,25.6,1001.0,1001.7,100,3,23,99,0.4,27,3.6,0.0,730.0,-3.0,-10.0,19.7,-2.1,19.0,159,27.2,131,70,2025-09-23 13:00:00+00:00
26.8,92,25.4,1001.7,1002.4,100,6,14,100,0.4,270,1.4,0.0,740.0,-3.0,-14.0,19.9,-2.3,17.4,160,26.6,126,69,2025-09-23 14:00:00+00:00
26.6,93,25.3,1002.2,1002.9,100,4,15,100,1.1,99,2.2,0.0,740.0,-2.9,-14.0,20.2,-2.6,17.4,160,26.0,124,66,2025-09-23 15:00:00+00:00
26.4,93,25.2,1002.4,1003.1,84,0,21,80,2.2,81,4.7,0.0,780.0,-2.7,-14.0,20.4,-2.6,18.2,162,24.3,123,68,2025-09-23 16:00:00+00:00
26.2,95,25.2,1002.4,1003.1,48,0,1,47,3.7,61,7.2,0.0,810.0,-2.5,-16.0,20.3,-2.6,17.7,162,24.7,119,69,2025-09-23 17:00:00+00:00
25.9,96,25.2,1001.9,1002.6,29,1,0,28,4.3,66,8.3,0.0,1140.0,-2.1,-29.0,20.0,-2.6,17.3,153,29.5,117,71,2025-09-23 18:00:00+00:00
25.7,96,25.1,1001.2,1001.9,4,0,0,3,4.1,77,8.3,0.0,1110.0,-1.9,-31.0,19.9,-2.6,14.5,152,28.4,118,73,2025-09-23 19:00:00+00:00
25.5,97,25.1,1000.4,1001.1,0,0,0,0,5.2,68,10.1,0.0,1170.0,-1.7,-34.0,19.8,-2.6,12.0,143,28.4,118,73,2025-09-23 20:00:00+00:00
25.4,97,25.0,999.9,1000.6,0,0,0,0,6.1,66,11.9,0.0,1240.0,-1.8,-29.0,19.7,-2.3,10.7,130,27.4,119,76,2025-09-23 21:00:00+00:00
25.3,97,24.9,999.8,1000.5,0,0,0,0,5.4,75,11.9,0.0,1220.0,-1.4,-24.0,19.8,-2.3,10.8,118,27.4,119,76,2025-09-23 22:00:00+00:00
25.3,97,24.8,1000.2,1000.9,0,0,0,0,5.8,85,11.2,0.0,1160.0,-1.6,-25.0,19.6,-2.1,11.4,106,26.3,114,77,2025-09-23 23:00:00+00:00
25.3,97,24.8,1000.8,1001.5,59,0,0,59,6.4,82,12.2,0.0,910.0,-2.1,-21.0,19.7,-2.1,15.1,106,27.4,119,79,2025-09-24 00:00:00+00:00
27.2,93,26.1,1001.5,1002.2,99,14,23,99,5.4,82,13.0,0.0,830.0,-3.1,-10.0,19.4,-2.1,17.6,100,26.8,117,79,2025-09-24 01:00:00+00:00
28.4,90,26.5,1002.3,1003.0,94,2,7,93,6.3,97,18.0,0.1,820.0,-3.7,-1.0,19.6,-2.1,19.3,105,26.3,114,76,2025-09-24 02:00:00+00:00
29.5,81,25.9,1002.4,1003.1,89,2,13,87,8.4,105,23.0,0.1,860.0,-3.5,0.0,19.7,-2.3,19.9,106,26.3,114,73,2025-09-24 03:00:00+00:00
30.3,77,25.8,1002.6,1003.3,96,11,13,95,11.2,102,28.4,0.2,980.0,-3.5,0.0,19.8,-2.3,21.2,105,25.2,115,76,2025-09-24 04:00:00+00:00
30.6,77,26.2,1002.2,1002.9,97,10,7,97,11.0,120,30.6,0.2,790.0,-3.8,0.0,19.8,-2.3,20.7,104,23.2,111,80,2025-09-24 05:00:00+00:00
30.6,80,26.7,1001.2,1001.9,99,8,4,99,6.8,119,30.6,0.3,1570.0,-3.7,0.0,19.7,-2.1,18.6,107,24.7,104,80,2025-09-24 06:00:00+00:00
31.2,77,26.8,1000.0,1000.7,99,13,5,99,7.3,113,24.8,0.2,1710.0,-3.6,0.0,19.9,-2.1,18.3,104,23.6,105,78,2025-09-24 07:00:00+00:00
31.5,76,26.8,998.3,999.0,100,2,7,100,6.8,112,26.6,0.2,1710.0,-3.6,0.0,19.9,-2.1,17.9,96,23.3,102,76,2025-09-24 08:00:00+00:00
29.4,80,25.6,997.7,998.4,100,31,16,100,8.0,142,25.6,6.1,1740.0,-3.4,0.0,19.9,-2.1,16.0,95,21.9,99,73,2025-09-24 09:00:00+00:00
29.1,82,25.8,997.2,997.9,100,17,7,99,8.9,138,20.9,0.4,1510.0,-3.4,0.0,19.7,-1.9,19.0,100,23.1,99,72,2025-09-24 10:00:00+00:00
28.7,84,25.8,997.5,998.2,100,7,5,100,2.6,115,22.0,0.2,1390.0,-3.9,-3.0,19.4,-2.1,20.7,104,22.9,96,73,2025-09-24 11:00:00+00:00
28.3,89,26.3,998.6,999.3,100,11,11,100,2.7,113,8.3,0.0,2400.0,-3.8,-10.0,19.7,-1.9,17.3,92,22.8,90,70,2025-09-24 12:00:00+00:00
27.9,92,26.4,999.7,1000.4,100,9,10,100,1.3,270,7.9,0.0,1800.0,-3.3,-14.0,20.5,-2.1,21.7,100,24.0,87,73,2025-09-24 13:00:00+00:00
27.2,94,26.2,1000.8,1001.5,100,18,34,100,0.5,315,4.0,2.6,1900.0,-3.1,-14.0,20.6,-2.3,21.5,107,25.2,87,74,2025-09-24 14:00:00+00:00
26.9,98,26.5,1001.4,1002.1,97,3,23,96,1.2,321,3.6,0.0,1930.0,-2.9,-12.0,20.6,-2.3,19.9,110,26.4,87,76,2025-09-24 15:00:00+00:00
26.7,99,26.5,1001.8,1002.5,43,5,10,33,2.2,55,4.7,0.0,1850.0,-2.9,-16.0,20.6,-2.3,19.2,112,26.4,87,74,2025-09-24 16:00:00+00:00
26.6,98,26.3,1001.7,1002.4,82,13,7,77,2.7,8,5.4,0.0,1660.0,-2.9,-19.0,20.5,-2.3,18.2,112,27.6,88,72,2025-09-24 17:00:00+00:00
26.5,97,25.9,1001.2,1001.9,62,7,3,58,3.6,9,12.2,0.3,1800.0,-2.9,-23.0,20.4,-2.3,15.6,105,26.4,87,69,2025-09-24 18:00:00+00:00
26.3,97,25.8,1000.4,1001.1,18,1,0,18,4.0,27,7.6,0.0,1840.0,-2.7,-25.0,20.3,-2.3,15.3,100,26.5,85,66,2025-09-24 19:00:00+00:00
26.2,98,25.8,999.9,1000.6,55,0,0,55,4.8,27,10.1,0.0,1770.0,-2.5,-23.0,20.2,-2.3,16.9,93,25.3,85,71,2025-09-24 20:00:00+00:00
26.1,98,25.8,999.6,1000.3,71,1,0,70,4.9,36,9.4,0.0,1730.0,-2.3,-25.0,20.2,-2.3,19.2,87,24.1,84,70,2025-09-24 21:00:00+00:00
25.9,99,25.7,999.6,1000.3,58,26,0,43,4.8,45,10.4,0.0,1550.0,-2.1,-30.0,20.2,-2.6,22.4,84,24.1,84,71,2025-09-24 22:00:00+00:00
25.8,99,25.7,999.8,1000.5,100,100,1,75,5.0,55,10.4,0.0,1500.0,-1.7,-37.0,20.2,-2.6,25.6,85,24.3,81,70,2025-09-24 23:00:00+00:00
25.7,100,25.6,999.9,1000.6,100,100,1,39,2.8,63,9.7,0.0,1720.0,-1.9,-45.0,20.2,-2.6,25.1,87,23.6,75,70,2025-09-25 00:00:00+00:00
27.2,99,27.0,1001.1,1001.8,100,100,0,16,4.8,59,12.6,0.0,1660.0,-2.5,-33.0,19.9,-2.6,25.6,86,23.6,75,68,2025-09-25 01:00:00+00:00
28.5,92,27.1,1001.6,1002.3,32,29,0,3,4.7,83,14.0,0.0,1580.0,-3.8,-13.0,20.2,-2.3,23.4,84,24.7,76,67,2025-09-25 02:00:00+00:00
30.2,80,26.4,1002.0,1002.7,8,7,0,1,4.4,78,14.4,0.0,1540.0,-4.5,0.0,20.4,-2.3,22.9,84,25.7,79,64,2025-09-25 03:00:00+00:00
31.4,70,25.3,1002.1,1002.8,9,7,4,0,7.2,93,20.5,0.0,1280.0,-4.1,0.0,20.2,-2.3,20.6,86,26.8,80,64,2025-09-25 04:00:00+00:00
32.3,64,24.7,1001.9,1002.6,9,8,4,0,6.7,95,20.5,0.0,1430.0,-4.1,0.0,20.2,-2.3,19.6,90,26.6,82,70,2025-09-25 05:00:00+00:00
32.8,63,24.8,1000.9,1001.6,6,4,4,1,5.9,90,22.3,0.0,1590.0,-4.5,0.0,19.9,-2.6,13.7,69,28.5,75,70,2025-09-25 06:00:00+00:00
33.2,63,25.2,999.3,1000.0,39,10,9,28,4.9,84,20.9,0.0,1690.0,-4.1,0.0,20.0,-2.6,12.3,68,26.8,80,74,2025-09-25 07:00:00+00:00
33.2,62,25.0,998.6,999.3,29,8,16,7,6.1,62,18.7,0.0,1650.0,-3.9,0.0,20.3,-2.3,11.6,59,28.0,80,76,2025-09-25 08:00:00+00:00
32.2,65,24.8,997.7,998.4,33,14,16,11,5.8,97,19.8,0.1,1730.0,-4.5,0.0,20.3,-2.1,10.8,54,27.8,83,73,2025-09-25 09:00:00+00:00
32.0,65,24.6,997.8,998.5,55,7,29,34,3.3,84,16.2,0.0,1990.0,-4.6,0.0,19.9,-1.9,10.1,54,27.6,88,72,2025-09-25 10:00:00+00:00
29.6,78,25.4,997.9,998.6,78,1,8,77,4.4,32,18.0,0.1,2160.0,-4.8,-4.0,20.0,-1.6,9.8,68,25.2,87,71,2025-09-25 11:00:00+00:00
28.8,85,26.1,998.8,999.5,91,4,8,90,1.7,347,10.4,0.0,2690.0,-4.5,-10.0,20.2,-1.4,11.0,73,30.4,81,70,2025-09-25 12:00:00+00:00
26.1,95,25.2,1000.4,1001.1,100,52,34,100,1.8,37,15.1,12.5,2210.0,-4.4,-19.0,20.3,-1.6,12.4,82,30.2,83,78,2025-09-25 13:00:00+00:00
26.3,95,25.5,1001.5,1002.2,100,6,28,100,2.8,140,13.7,2.3,1830.0,-4.1,-25.0,19.9,-1.6,12.5,71,31.2,88,74,2025-09-25 14:00:00+00:00
26.5,95,25.6,1002.3,1003.0,100,10,14,100,1.3,124,9.7,0.1,1360.0,-4.0,-28.0,20.3,-1.9,15.0,70,30.0,92,72,2025-09-25 15:00:00+00:00
26.4,95,25.6,1002.1,1002.8,100,0,2,100,1.7,311,5.0,0.1,1120.0,-3.7,-25.0,20.6,-2.1,18.3,87,30.2,97,74,2025-09-25 16:00:00+00:00
26.2,97,25.7,1002.1,1002.8,100,6,8,100,1.8,315,6.8,0.0,990.0,-3.6,-39.0,20.4,-2.1,20.6,95,30.6,101,77,2025-09-25 17:00:00+00:00
26.2,97,25.6,1002.0,1002.7,100,9,85,100,2.0,45,5.4,0.0,1580.0,-3.8,-41.0,20.4,-2.3,19.6,90,31.8,101,74,2025-09-25 18:00:00+00:00
26.2,96,25.6,1001.1,1001.8,100,1,11,100,3.8,17,7.9,0.0,580.0,-2.6,-45.0,20.3,-2.3,21.4,88,30.4,99,72,2025-09-25 19:00:00+00:00
26.0,98,25.7,1000.6,1001.3,100,5,3,100,4.6,18,9.0,0.0,190.0,-2.6,-56.0,20.2,-2.3,24.6,88,32.8,98,77,2025-09-25 20:00:00+00:00
25.9,98,25.5,1000.3,1001.0,100,5,3,100,6.3,31,12.2,0.0,230.0,-2.9,-54.0,20.3,-2.1,27.8,89,35.3,100,78,2025-09-25 21:00:00+00:00
25.9,98,25.5,1000.8,1001.5,99,8,15,99,6.5,58,13.0,0.0,290.0,-3.1,-58.0,20.5,-2.1,31.0,92,36.7,101,84,2025-09-25 22:00:00+00:00
25.8,98,25.4,1000.9,1001.6,100,3,6,100,7.3,67,14.4,0.0,290.0,-3.8,-65.0,20.3,-2.6,32.9,93,38.4,104,79,2025-09-25 23:00:00+00:00
25.7,97,25.2,1001.4,1002.1,100,1,0,100,9.1,65,17.6,0.0,1030.0,-3.3,-66.0,20.4,-2.6,33.8,85,36.4,107,77,2025-09-26 00:00:00+00:00
27.8,93,26.6,1002.1,1002.8,100,35,20,100,8.6,54,18.4,0.0,1140.0,-3.8,-43.0,20.2,-2.1,37.0,86,38.7,106,76,2025-09-26 01:00:00+00:00
28.9,87,26.5,1002.7,1003.4,100,16,31,100,9.9,92,23.4,0.3,1280.0,-4.0,-26.0,19.9,-2.1,38.7,89,41.9,103,77,2025-09-26 02:00:00+00:00
29.5,88,27.3,1003.1,1003.8,100,9,31,100,9.9,99,27.4,0.4,1150.0,-3.7,-14.0,19.9,-2.1,43.1,97,44.3,103,82,2025-09-26 03:00:00+00:00
29.5,80,25.6,1003.2,1003.9,100,37,29,100,14.9,107,36.7,0.3,1710.0,-4.3,-4.0,19.9,-2.1,45.7,102,47.2,105,78,2025-09-26 04:00:00+00:00
30.8,77,26.3,1002.5,1003.2,100,13,5,100,14.5,101,38.2,0.0,1390.0,-4.7,0.0,20.3,-2.1,46.3,105,50.5,108,80,2025-09-26 05:00:00+00:00
31.6,74,26.4,1001.1,1001.8,100,2,9,100,15.7,105,43.9,0.1,1650.0,-4.5,0.0,20.2,-1.9,43.8,102,52.0,109,79,2025-09-26 06:00:00+00:00
30.6,72,24.9,1000.3,1001.0,100,24,64,100,22.4,110,52.9,1.5,1230.0,-4.4,0.0,20.3,-1.9,49.5,103,52.2,113,83,2025-09-26 07:00:00+00:00
30.4,77,25.9,999.6,1000.3,99,2,22,98,13.0,116,48.6,0.5,1660.0,-4.2,0.0,20.2,-1.6,53.8,105,53.3,113,81,2025-09-26 08:00:00+00:00
29.5,77,25.0,999.7,1000.4,100,31,57,100,16.4,105,41.8,1.1,1460.0,-4.1,0.0,19.7,-1.4,53.3,110,53.9,111,82,2025-09-26 09:00:00+00:00
29.7,79,25.7,999.9,1000.6,100,8,17,100,10.1,90,35.3,0.1,1210.0,-4.9,0.0,19.2,-1.6,49.9,108,52.2,113,81,2025-09-26 10:00:00+00:00
28.2,85,25.5,1000.6,1001.3,100,20,30,100,11.4,117,27.0,3.2,940.0,-4.7,0.0,20.0,-1.6,51.6,115,51.5,115,80,2025-09-26 11:00:00+00:00
28.0,86,25.4,1001.1,1001.8,100,13,9,100,9.9,115,22.3,0.0,1170.0,-4.1,-5.0,20.3,-1.6,46.3,116,53.3,113,79,2025-09-26 12:00:00+00:00
27.8,89,25.7,1001.6,1002.3,100,3,3,100,12.5,105,25.9,0.0,930.0,-3.4,-9.0,20.3,-1.6,40.6,120,51.0,117,78,2025-09-26 13:00:00+00:00
27.6,89,25.6,1003.3,1004.0,100,9,100,100,12.8,110,26.6,0.0,870.0,-3.2,-5.0,20.3,-1.6,41.5,126,49.9,117,76,2025-09-26 14:00:00+00:00
27.5,89,25.5,1004.5,1005.2,100,45,99,100,12.7,117,26.6,0.0,880.0,-3.1,-14.0,20.2,-1.6,41.4,131,49.4,119,77,2025-09-26 15:00:00+00:00
27.1,90,25.3,1005.0,1005.7,100,9,95,100,13.4,116,29.5,0.6,960.0,-3.2,-20.0,20.3,-2.1,42.5,135,49.4,119,76,2025-09-26 16:00:00+00:00
26.8,91,25.2,1005.4,1006.1,100,15,28,100,12.1,120,27.4,0.0,1030.0,-3.1,-13.0,20.2,-2.3,42.7,140,48.8,118,77,2025-09-26 17:00:00+00:00
26.6,92,25.2,1005.3,1006.0,100,100,36,100,12.7,111,27.0,0.0,1230.0,-3.4,-5.0,19.9,-2.6,42.5,142,46.6,125,79,2025-09-26 18:00:00+00:00
26.5,93,25.3,1005.0,1005.7,100,90,22,100,11.5,104,26.6,0.0,1070.0,-3.3,-11.0,19.9,-2.6,43.2,142,44.9,124,77,2025-09-26 19:00:00+00:00
26.4,93,25.2,1004.3,1005.0,100,88,12,100,11.3,104,24.1,0.0,920.0,-3.1,-10.0,19.8,-2.3,44.1,141,43.9,125,78,2025-09-26 20:00:00+00:00
26.3,94,25.3,1004.4,1005.1,100,95,42,100,12.7,106,27.4,0.1,830.0,-3.0,-9.0,19.7,-2.3,44.0,144,43.7,127,78,2025-09-26 21:00:00+00:00
26.3,93,25.1,1004.4,1005.1,100,100,25,100,12.0,108,27.4,0.1,790.0,-2.9,-15.0,19.8,-2.6,42.2,145,41.8,129,79,2025-09-26 22:00:00+00:00
26.1,94,25.0,1004.9,1005.6,100,9,10,100,11.9,101,27.7,0.1,760.0,-2.5,-26.0,19.6,-2.6,39.7,146,40.1,129,78,2025-09-26 23:00:00+00:00
26.0,94,25.0,1005.8,1006.5,100,36,20,100,12.8,101,25.9,0.0,1030.0,-2.7,-9.0,19.8,-2.3,38.0,150,42.4,135,76,2025-09-27 00:00:00+00:00
27.1,92,25.7,1006.2,1006.9,100,14,23,100,14.2,105,28.4,0.0,930.0,-3.0,-3.0,19.7,-2.6,37.3,147,40.8,133,77,2025-09-27 01:00:00+00:00
28.0,88,25.9,1007.0,1007.7,92,15,20,89,13.2,114,31.3,0.1,930.0,-3.5,0.0,19.9,-2.6,37.8,146,40.0,131,74,2025-09-27 02:00:00+00:00
29.3,85,26.5,1007.4,1008.1,91,17,10,88,14.3,118,36.0,0.1,1050.0,-3.9,0.0,19.9,-2.8,36.7,145,40.0,131,73,2025-09-27 03:00:00+00:00
30.4,78,26.2,1007.8,1008.5,99,89,15,95,17.2,133,42.1,0.1,1360.0,-4.3,0.0,19.7,-3.0,36.8,146,39.2,130,74,2025-09-27 04:00:00+00:00
28.4,87,26.0,1007.9,1008.6,100,99,3,100,9.6,152,44.3,3.2,1600.0,-4.6,0.0,19.7,-3.0,35.4,145,36.6,131,74,2025-09-27 05:00:00+00:00
28.4,83,25.1,1007.7,1008.4,98,15,27,97,14.6,140,37.4,0.6,2180.0,-4.4,0.0,19.1,-2.8,30.5,148,33.2,131,74,2025-09-27 06:00:00+00:00
28.7,81,25.1,1005.8,1006.5,100,54,9,99,16.3,136,37.1,0.3,2200.0,-4.4,0.0,19.1,-2.6,27.5,141,30.6,132,72,2025-09-27 07:00:00+00:00
29.4,80,25.5,1004.8,1005.5,98,21,7,97,13.6,145,38.2,0.1,1810.0,-4.8,0.0,19.7,-2.6,26.8,137,27.4,128,70,2025-09-27 08:00:00+00:00
30.0,76,25.2,1004.0,1004.7,100,21,17,99,12.8,142,31.7,0.1,1680.0,-4.1,0.0,19.2,-2.3,28.7,137,26.0,124,68,2025-09-27 09:00:00+00:00
29.6,76,25.0,1003.9,1004.6,100,27,7,100,12.6,144,30.2,0.1,1300.0,-4.1,0.0,19.9,-2.3,29.3,143,24.7,119,73,2025-09-27 10:00:00+00:00
29.0,81,25.5,1004.0,1004.7,100,10,3,100,10.9,140,27.7,0.0,1030.0,-4.6,-1.0,20.0,-2.3,28.6,143,23.6,114,76,2025-09-27 11:00:00+00:00
28.3,85,25.5,1004.7,1005.4,100,14,3,100,7.9,137,23.4,0.0,1270.0,-4.1,-9.0,20.0,-1.9,25.3,146,22.8,108,74,2025-09-27 12:00:00+00:00
28.5,85,25.7,1005.5,1006.2,100,0,4,100,8.9,137,18.7,0.0,1310.0,-3.6,-9.0,20.3,-2.3,25.3,146,23.9,108,76,2025-09-27 13:00:00+00:00
28.1,86,25.6,1006.5,1007.2,100,1,1,100,8.3,141,17.6,0.0,1340.0,-3.4,-14.0,20.2,-2.1,25.4,147,25.9,103,72,2025-09-27 14:00:00+00:00
27.8,88,25.6,1007.1,1007.8,100,0,5,100,7.5,140,16.6,0.0,1340.0,-3.2,-11.0,20.3,-2.1,25.3,146,25.7,101,71,2025-09-27 15:00:00+00:00
27.6,89,25.6,1007.4,1008.1,100,0,3,100,7.0,136,14.8,0.0,1260.0,-3.3,-12.0,20.3,-2.1,25.9,146,25.5,98,72,2025-09-27 16:00:00+00:00
27.3,90,25.6,1007.5,1008.2,100,2,1,100,5.9,128,13.7,0.0,1310.0,-3.5,-11.0,20.2,-2.6,26.5,145,25.5,98,73,2025-09-27 17:00:00+00:00
27.0,92,25.6,1007.4,1008.1,100,2,0,100,5.6,105,11.5,0.0,1790.0,-3.3,-11.0,20.0,-2.8,24.6,140,22.9,96,74,2025-09-27 18:00:00+00:00
26.8,93,25.6,1007.0,1007.7,43,7,0,38,5.5,101,11.2,0.0,1720.0,-3.4,-11.0,19.8,-2.6,22.9,139,21.6,93,76,2025-09-27 19:00:00+00:00
26.7,93,25.5,1006.5,1007.2,81,10,0,78,6.3,88,12.6,0.0,1520.0,-3.6,-12.0,19.6,-2.8,21.3,135,20.4,93,76,2025-09-27 20:00:00+00:00
26.4,95,25.5,1006.0,1006.7,84,47,5,68,3.5,118,13.0,0.0,1520.0,-3.5,-13.0,19.6,-2.8,19.3,133,20.4,93,77,2025-09-27 21:00:00+00:00
26.0,95,25.2,1006.3,1007.0,99,37,30,98,4.8,195,10.1,0.5,1440.0,-3.4,-15.0,19.4,-2.8,18.8,129,20.4,90,78,2025-09-27 22:00:00+00:00
25.9,96,25.2,1006.3,1007.0,51,11,23,32,4.1,105,8.6,0.1,1320.0,-3.4,-17.0,19.4,-2.8,18.3,125,19.2,90,78,2025-09-27 23:00:00+00:00
25.9,96,25.2,1007.0,1007.7,53,3,16,44,5.1,108,9.4,0.0,1430.0,-3.2,-22.0,19.6,-3.0,18.1,133,19.2,86,74,2025-09-28 00:00:00+00:00
27.2,93,25.9,1007.5,1008.2,92,0,61,80,6.5,104,13.0,0.0,1390.0,-3.6,-19.0,19.4,-3.0,17.9,128,19.2,86,74,2025-09-28 01:00:00+00:00
28.4,87,26.1,1008.2,1008.9,24,8,17,5,6.1,156,15.5,0.0,1380.0,-4.0,-5.0,19.6,-3.0,18.0,126,19.2,86,74,2025-09-28 02:00:00+00:00
28.5,84,25.6,1008.4,1009.1,75,20,6,68,7.5,110,23.0,1.6,1380.0,-4.0,0.0,19.8,-3.0,17.2,127,19.2,86,76,2025-09-28 03:00:00+00:00
29.8,80,26.1,1008.6,1009.3,87,1,2,87,8.2,116,22.3,0.1,1670.0,-3.7,0.0,19.8,-3.3,17.5,129,18.0,90,74,2025-09-28 04:00:00+00:00
31.0,77,26.4,1007.8,1008.5,85,2,1,85,8.4,124,24.1,0.1,1800.0,-3.1,0.0,19.9,-3.0,17.6,127,16.8,90,72,2025-09-28 05:00:00+00:00
31.7,74,26.4,1006.6,1007.3,97,7,1,97,5.6,132,23.8,0.1,1610.0,-3.0,0.0,19.4,-3.0,14.5,122,16.8,86,74,2025-09-28 06:00:00+00:00
31.9,74,26.6,1005.1,1005.8,100,89,3,97,6.1,102,21.2,0.2,1480.0,-3.1,0.0,19.7,-3.0,13.5,114,15.6,86,76,2025-09-28 07:00:00+00:00
29.2,82,25.7,1004.3,1005.0,100,1,39,100,7.6,142,23.4,3.4,1530.0,-2.8,-2.0,19.3,-2.8,10.8,112,14.4,85,73,2025-09-28 08:00:00+00:00
29.6,80,25.8,1003.1,1003.8,100,3,4,100,4.4,145,21.2,0.2,1480.0,-2.3,0.0,19.7,-2.6,11.6,101,13.4,80,74,2025-09-28 09:00:00+00:00
29.4,80,25.5,1003.1,1003.8,100,18,8,100,6.7,156,16.6,0.1,1290.0,-2.4,-2.0,20.0,-2.3,11.8,106,13.7,75,70,2025-09-28 10:00:00+00:00
28.2,85,25.5,1002.9,1003.6,100,22,0,100,8.5,173,20.9,0.0,1210.0,-3.5,-1.0,20.2,-2.3,12.4,107,12.9,68,69,2025-09-28 11:00:00+00:00
27.4,89,25.5,1003.5,1004.2,100,1,2,100,3.8,180,19.4,0.0,2010.0,-3.4,-6.0,20.2,-2.3,12.1,79,14.8,76,66,2025-09-28 12:00:00+00:00
28.5,90,26.7,1004.6,1005.3,73,4,3,72,2.5,150,10.8,0.0,2150.0,-3.0,-16.0,20.5,-2.6,12.9,82,15.2,72,62,2025-09-28 13:00:00+00:00
28.3,90,26.5,1005.6,1006.3,87,4,2,87,3.1,152,6.1,0.0,2230.0,-3.1,-27.0,20.6,-2.8,13.7,84,16.0,77,63,2025-09-28 14:00:00+00:00
28.0,92,26.5,1006.1,1006.8,47,0,1,47,3.3,174,6.5,0.0,2310.0,-2.9,-30.0,21.0,-2.8,15.0,92,16.0,77,67,2025-09-28 15:00:00+00:00
27.7,92,26.3,1006.2,1006.9,100,0,0,100,3.4,180,6.5,0.0,2340.0,-2.7,-39.0,20.9,-2.6,16.3,101,16.0,77,66,2025-09-28 16:00:00+00:00
27.4,93,26.1,1005.9,1006.6,100,0,1,100,3.1,180,6.8,0.0,2220.0,-2.4,-50.0,20.8,-2.8,15.6,111,15.8,81,66,2025-09-28 17:00:00+00:00
27.2,92,25.9,1005.6,1006.3,100,0,1,100,3.1,170,6.1,0.0,2250.0,-2.5,-62.0,20.5,-3.3,16.0,110,17.2,78,68,2025-09-28 18:00:00+00:00
27.1,92,25.7,1005.3,1006.0,96,0,0,96,3.6,171,7.6,0.0,2140.0,-2.7,-73.0,20.4,-3.3,15.5,114,17.0,82,69,2025-09-28 19:00:00+00:00
26.8,93,25.6,1005.0,1005.7,87,2,4,86,3.1,187,7.2,0.0,2070.0,-2.9,-65.0,20.3,-3.3,14.9,113,17.0,82,71,2025-09-28 20:00:00+00:00
26.7,93,25.4,1004.7,1005.4,17,2,6,11,0.9,191,6.1,0.0,2070.0,-3.1,-58.0,20.0,-3.3,13.5,114,16.0,77,73,2025-09-28 21:00:00+00:00
26.6,93,25.4,1004.6,1005.3,3,1,3,0,0.6,304,1.4,0.0,1980.0,-3.1,-58.0,19.9,-3.5,13.5,110,16.0,77,72,2025-09-28 22:00:00+00:00
26.4,94,25.3,1004.8,1005.5,3,1,2,0,1.1,360,2.5,0.0,1810.0,-3.0,-52.0,19.8,-3.5,13.0,108,15.8,81,72,2025-09-28 23:00:00+00:00
26.1,96,25.4,1005.3,1006.0,5,1,2,2,2.2,360,4.3,0.0,2070.0,-3.0,-62.0,19.7,-3.7,13.9,113,14.4,95,72,2025-09-29 00:00:00+00:00
27.8,92,26.3,1005.8,1006.5,29,0,12,20,3.4,313,10.1,0.0,2040.0,-3.3,-75.0,19.6,-3.7,13.5,110,15.6,94,72,2025-09-29 01:00:00+00:00
28.9,86,26.4,1006.5,1007.2,81,0,2,81,1.4,310,9.7,0.0,1950.0,-2.9,-43.0,19.6,-3.5,12.7,105,15.8,99,71,2025-09-29 02:00:00+00:00
30.1,79,26.0,1006.5,1007.2,76,14,2,72,3.5,351,13.7,0.1,1840.0,-3.6,-7.0,19.7,-3.3,13.0,102,16.0,103,69,2025-09-29 03:00:00+00:00
31.2,72,25.6,1006.3,1007.0,46,18,5,33,3.9,37,14.8,0.1,1550.0,-4.0,0.0,19.7,-3.3,12.6,103,15.2,108,67,2025-09-29 04:00:00+00:00
31.8,68,25.2,1005.4,1006.1,81,10,19,75,5.4,56,17.6,0.1,1560.0,-4.8,0.0,19.8,-3.3,11.5,99,15.6,113,68,2025-09-29 05:00:00+00:00
32.1,69,25.8,1004.2,1004.9,64,17,11,55,5.1,54,19.8,0.1,1620.0,-4.6,0.0,19.9,-3.3,9.4,104,14.6,125,68,2025-09-29 06:00:00+00:00
32.3,70,26.1,1003.0,1003.7,57,9,8,50,3.3,68,19.4,0.1,1520.0,-4.6,0.0,20.0,-3.3,7.9,100,14.6,125,68,2025-09-29 07:00:00+00:00
32.3,70,26.2,1001.7,1002.4,96,6,10,95,1.8,79,16.6,0.1,1560.0,-4.9,0.0,20.0,-3.0,4.6,84,13.7,128,66,2025-09-29 08:00:00+00:00
32.1,72,26.3,1000.5,1001.2,99,9,10,99,2.3,122,13.7,0.1,1650.0,-4.7,0.0,19.9,-3.0,2.3,79,13.7,128,67,2025-09-29 09:00:00+00:00
31.9,70,25.8,1000.2,1000.9,100,11,6,100,1.8,204,13.3,0.0,1680.0,-4.4,0.0,19.8,-2.8,1.3,135,12.0,127,66,2025-09-29 10:00:00+00:00
31.8,70,25.7,1000.7,1001.4,100,9,5,100,1.5,256,9.7,0.0,1700.0,-4.5,0.0,20.0,-2.6,2.9,198,12.0,127,67,2025-09-29 11:00:00+00:00
30.1,81,26.5,1001.5,1002.2,99,9,11,99,1.9,331,5.8,0.5,2530.0,-5.1,-1.0,20.2,-3.0,1.9,166,12.9,112,62,2025-09-29 12:00:00+00:00
30.3,81,26.8,1001.9,1002.6,51,6,6,45,3.7,231,7.2,0.0,2050.0,-4.8,-4.0,20.0,-2.8,2.7,121,12.4,119,61,2025-09-29 13:00:00+00:00
29.7,85,26.8,1002.7,1003.4,61,4,3,58,5.2,226,10.4,0.0,1560.0,-4.7,-9.0,20.6,-3.3,3.6,90,12.0,127,62,2025-09-29 14:00:00+00:00
29.1,88,26.9,1003.5,1004.2,79,0,11,76,4.6,225,10.1,0.0,1570.0,-4.7,-11.0,20.9,-3.5,4.2,77,14.4,132,62,2025-09-29 15:00:00+00:00
28.7,89,26.8,1003.9,1004.6,73,0,22,67,3.6,261,9.7,0.0,1510.0,-4.6,-16.0,20.9,-3.5,5.9,67,13.7,142,63,2025-09-29 16:00:00+00:00
28.3,90,26.6,1003.6,1004.3,25,1,14,13,2.9,313,7.6,0.0,1480.0,-5.1,-20.0,20.6,-3.5,6.3,69,13.0,146,63,2025-09-29 17:00:00+00:00
27.8,92,26.5,1003.3,1004.0,30,0,7,24,2.4,318,6.1,0.0,1730.0,-5.3,-26.0,20.5,-3.5,3.3,56,8.7,146,67,2025-09-29 18:00:00+00:00
27.6,92,26.2,1002.8,1003.5,11,0,6,9,4.1,311,8.3,0.0,1590.0,-5.4,-29.0,20.5,-3.5,2.3,37,9.4,140,68,2025-09-29 19:00:00+00:00
27.3,93,26.0,1002.2,1002.9,19,0,2,18,4.1,308,8.3,0.0,1690.0,-5.1,-37.0,20.9,-3.5,2.3,90,6.0,127,67,2025-09-29 20:00:00+00:00
27.1,94,26.1,1001.5,1002.2,0,0,0,0,4.1,315,8.6,0.0,1800.0,-4.6,-47.0,21.0,-3.5,3.5,67,6.0,127,68,2025-09-29 21:00:00+00:00
27.0,95,26.1,1001.2,1001.9,3,0,3,0,4.3,318,9.0,0.0,1770.0,-4.4,-47.0,20.9,-3.5,7.4,43,6.8,135,68,2025-09-29 22:00:00+00:00
26.8,95,26.0,1001.5,1002.2,0,0,0,0,3.5,309,8.6,0.0,1700.0,-4.1,-53.0,20.8,-3.5,9.0,45,6.0,127,66,2025-09-29 23:00:00+00:00
26.7,95,25.8,1001.7,1002.4,0,0,0,0,3.0,303,7.6,0.0,4530.0,-4.3,20.0,20.6,-3.7,10.0,47,4.8,180,63,2025-09-30 00:00:00+00:00
28.6,90,26.8,1002.4,1003.1,54,1,4,52,4.7,317,14.0,0.0,4110.0,-4.8,24.0,20.4,-3.7,9.8,53,2.7,153,64,2025-09-30 01:00:00+00:00
30.0,84,27.0,1003.2,1003.9,65,0,2,64,3.1,336,11.5,0.0,4460.0,-5.4,14.0,20.3,-3.7,9.6,59,2.7,117,64,2025-09-30 02:00:00+00:00
31.1,76,26.3,1003.2,1003.9,74,23,1,66,5.4,352,16.6,0.1,3750.0,-5.8,5.0,20.3,-3.3,8.3,81,1.7,45,64,2025-09-30 03:00:00+00:00
31.9,73,26.4,1003.2,1003.9,60,10,6,55,5.6,345,18.4,0.2,3940.0,-5.8,1.0,20.8,-3.5,6.8,90,4.3,56,63,2025-09-30 04:00:00+00:00
32.2,72,26.6,1002.9,1003.6,66,17,14,54,6.1,358,19.4,0.2,4220.0,-6.0,0.0,20.8,-3.5,6.4,98,2.4,90,61,2025-09-30 05:00:00+00:00
32.1,73,26.7,1002.0,1002.7,80,34,8,69,4.1,345,19.4,1.7,4290.0,-5.8,0.0,20.6,-3.7,4.9,56,2.7,207,62,2025-09-30 06:00:00+00:00
32.5,73,27.1,1000.8,1001.5,77,24,5,69,2.1,345,16.2,0.2,4690.0,-5.5,0.0,20.3,-3.5,2.3,11,1.2,180,59,2025-09-30 07:00:00+00:00
32.1,70,26.0,999.5,1000.2,87,43,29,74,2.7,307,13.0,1.9,3130.0,-5.2,9.0,20.8,-3.3,2.3,307,2.7,243,58,2025-09-30 08:00:00+00:00
30.5,76,25.8,998.9,999.6,95,9,7,95,6.3,307,19.8,0.9,3110.0,-5.8,10.0,20.4,-2.8,3.5,293,3.6,270,56,2025-09-30 09:00:00+00:00
30.6,78,26.3,998.5,999.2,98,2,5,98,8.1,269,20.5,0.0,3600.0,-4.9,10.0,21.0,-2.3,2.3,259,4.8,270,59,2025-09-30 10:00:00+00:00
29.5,83,26.2,998.9,999.6,100,0,2,100,7.4,267,19.8,0.0,3370.0,-5.5,32.0,20.6,-2.6,2.9,342,3.6,270,54,2025-09-30 11:00:00+00:00
28.8,87,26.4,1000.1,1000.8,100,0,3,100,3.1,270,16.6,0.0,3380.0,-5.2,37.0,20.9,-3.0,4.1,297,8.0,243,58,2025-09-30 12:00:00+00:00
28.5,89,26.6,1001.1,1001.8,100,0,3,100,2.3,231,7.2,0.0,3470.0,-4.8,35.0,21.2,-3.0,2.7,270,4.3,236,58,2025-09-30 13:00:00+00:00
28.4,90,26.6,1002.1,1002.8,100,0,2,100,2.9,223,6.1,0.0,3610.0,-4.7,32.0,21.2,-3.0,1.9,315,6.0,233,64,2025-09-30 14:00:00+00:00
28.3,91,26.7,1003.1,1003.8,99,0,2,99,3.0,213,6.5,0.0,3820.0,-4.6,35.0,21.0,-3.0,1.8,360,6.8,225,64,2025-09-30 15:00:00+00:00
28.3,91,26.7,1003.1,1003.8,99,0,1,99,3.7,231,7.2,0.0,3880.0,-4.9,38.0,20.8,-3.0,0.6,315,7.7,231,61,2025-09-30 16:00:00+00:00
28.0,92,26.7,1003.2,1003.9,100,1,2,100,4.6,216,9.4,0.0,3970.0,-4.9,33.0,20.8,-3.0,2.0,243,6.5,248,62,2025-09-30 17:00:00+00:00
27.7,94,26.7,1002.4,1003.1,95,0,0,95,5.1,222,10.1,0.0,3900.0,-5.1,27.0,20.5,-3.0,2.7,239,7.7,231,64,2025-09-30 18:00:00+00:00
27.3,96,26.6,1001.7,1002.4,76,0,0,76,2.4,197,10.1,0.0,3910.0,-5.4,18.0,20.5,-3.0,2.9,252,8.0,243,66,2025-09-30 19:00:00+00:00
27.4,95,26.6,1001.3,1002.0,100,1,0,100,3.1,306,6.1,0.0,4030.0,-5.7,16.0,20.2,-3.0,3.2,270,7.0,239,64,2025-09-30 20:00:00+00:00
27.1,97,26.5,1001.3,1002.0,100,98,0,99,4.7,67,7.9,0.0,3870.0,-5.6,2.0,19.9,-3.0,3.5,293,7.0,239,62,2025-09-30 21:00:00+00:00
25.1,99,25.0,1001.3,1002.0,100,100,19,99,8.0,56,23.4,2.1,2840.0,-5.5,0.0,19.9,-3.0,2.3,307,7.6,252,67,2025-09-30 22:00:00+00:00
24.7,97,24.2,1001.6,1002.3,100,100,12,99,8.3,94,18.4,1.7,2690.0,-5.2,0.0,19.9,-3.3,1.3,135,6.1,259,69,2025-09-30 23:00:00+00:00
27.7,92,26.2,1001.6,1002.3,99,0,5,99,1.7,302,18.0,0.2,3230.0,-4.8,44.0,20.2,-3.5,1.6,304,9.9,256,70,2025-10-01 00:00:00+00:00
28.5,89,26.5,1002.5,1003.2,98,2,4,98,1.0,68,5.4,0.0,3660.0,-5.3,33.0,19.8,-3.5,2.3,127,6.1,259,64,2025-10-01 01:00:00+00:00
29.7,84,26.7,1003.5,1004.2,100,12,16,100,5.6,90,14.0,0.0,4190.0,-5.5,11.0,19.7,-3.5,4.1,117,5.4,243,66,2025-10-01 02:00:00+00:00
28.6,87,26.1,1004.1,1004.8,100,0,35,99,8.5,72,25.2,1.9,3060.0,-5.6,15.0,20.0,-3.3,3.9,111,5.1,225,66,2025-10-01 03:00:00+00:00
29.2,84,26.2,1003.7,1004.4,100,0,4,100,7.5,75,20.9,0.1,3100.0,-5.3,11.0,20.4,-3.0,4.5,114,4.3,214,64,2025-10-01 04:00:00+00:00
30.3,78,26.1,1003.2,1003.9,100,0,3,100,6.2,111,22.0,0.0,3150.0,-4.9,13.0,20.2,-3.0,5.3,110,4.9,194,62,2025-10-01 05:00:00+00:00
31.6,72,26.0,1003.0,1003.7,100,9,9,100,9.6,94,24.5,0.1,3520.0,-5.2,0.0,20.4,-2.8,3.6,90,12.8,221,63,2025-10-01 06:00:00+00:00
31.9,72,26.3,1002.1,1002.8,100,5,4,100,9.5,99,25.9,0.0,3990.0,-5.4,0.0,20.0,-2.8,6.2,107,11.1,221,66,2025-10-01 07:00:00+00:00
31.7,72,26.1,1001.3,1002.0,100,18,17,100,11.0,93,29.9,0.0,3650.0,-5.0,0.0,19.6,-2.6,7.7,118,10.3,216,68,2025-10-01 08:00:00+00:00
30.2,75,25.3,1001.0,1001.7,100,56,46,100,11.4,125,28.4,0.8,2410.0,-4.5,11.0,19.4,-2.3,11.5,124,8.5,225,70,2025-10-01 09:00:00+00:00
29.7,80,25.8,1000.6,1001.3,100,15,5,100,8.9,108,27.4,0.0,3090.0,-4.5,3.0,19.3,-2.3,18.5,128,7.0,211,70,2025-10-01 10:00:00+00:00
28.7,83,25.6,1001.0,1001.7,100,2,16,100,7.9,120,26.6,0.4,2570.0,-4.7,7.0,19.3,-2.3,20.0,120,6.1,191,66,2025-10-01 11:00:00+00:00
28.5,87,26.2,1001.5,1002.2,99,9,14,99,7.4,112,16.9,0.0,3210.0,-4.4,11.0,19.8,-2.6,17.8,113,3.6,180,68,2025-10-01 12:00:00+00:00
28.4,86,25.7,1002.7,1003.4,100,5,12,100,9.5,111,19.1,0.0,2800.0,-4.5,10.0,20.2,-2.8,19.8,116,5.1,135,70,2025-10-01 13:00:00+00:00
27.7,88,25.5,1004.0,1004.7,100,5,6,100,7.5,98,19.4,0.0,2360.0,-4.5,17.0,20.0,-2.8,21.2,118,5.4,117,64,2025-10-01 14:00:00+00:00
27.4,90,25.5,1004.9,1005.6,100,23,18,100,7.1,63,15.5,0.0,2380.0,-4.5,12.0,20.0,-3.0,23.9,121,8.0,117,64,2025-10-01 15:00:00+00:00
27.0,92,25.5,1004.7,1005.4,100,43,23,100,7.3,73,14.8,0.0,2160.0,-4.4,10.0,20.0,-3.0,25.0,123,10.7,117,66,2025-10-01 16:00:00+00:00
25.8,95,24.8,1005.1,1005.8,100,85,13,100,10.0,105,20.9,2.5,1710.0,-4.0,0.0,19.8,-3.0,24.2,126,12.4,119,66,2025-10-01 17:00:00+00:00
25.5,97,25.0,1005.5,1006.2,100,23,47,100,9.5,37,22.3,1.3,1510.0,-3.7,1.0,19.7,-2.6,22.7,142,23.8,139,74,2025-10-01 18:00:00+00:00
25.7,96,24.9,1003.9,1004.6,100,100,23,100,9.8,58,20.2,0.1,1650.0,-3.1,0.0,19.7,-2.8,21.4,140,23.8,139,76,2025-10-01 19:00:00+00:00
25.2,96,24.6,1003.7,1004.4,100,100,34,100,10.5,70,23.8,1.4,1390.0,-3.7,0.0,19.7,-2.8,20.9,136,24.7,141,78,2025-10-01 20:00:00+00:00
24.6,96,23.9,1004.2,1004.9,100,100,66,100,8.0,52,23.0,7.7,1270.0,-3.1,0.0,19.3,-2.8,22.2,136,23.8,139,81,2025-10-01 21:00:00+00:00
24.5,97,24.0,1003.9,1004.6,100,100,49,100,9.6,69,20.5,0.7,1170.0,-3.2,2.0,19.1,-3.0,23.9,137,24.7,141,81,2025-10-01 22:00:00+00:00
24.3,98,24.0,1004.6,1005.3,100,100,82,100,9.4,79,21.2,3.4,1260.0,-3.1,1.0,19.3,-3.0,24.8,134,25.0,145,79,2025-10-01 23:00:00+00:00
25.5,96,24.8,1005.1,1005.8,100,100,99,100,11.0,105,21.2,0.6,1550.0,-2.6,0.0,19.6,-2.8,27.8,145,32.3,158,77,2025-10-02 00:00:00+00:00
25.5,96,24.9,1005.6,1006.3,100,4,9,100,12.3,102,25.9,1.1,1430.0,-3.6,9.0,19.4,-3.0,30.7,148,30.4,162,76,2025-10-02 01:00:00+00:00
26.0,95,25.0,1006.9,1007.6,100,100,44,100,10.9,99,24.1,0.7,1340.0,-3.0,2.0,19.4,-3.0,35.1,152,32.0,167,74,2025-10-02 02:00:00+00:00
27.0,92,25.5,1007.7,1008.4,100,100,100,100,10.1,101,27.7,0.6,2070.0,-3.6,0.0,19.6,-3.0,39.5,153,32.8,172,74,2025-10-02 03:00:00+00:00
27.0,88,24.8,1007.7,1008.4,100,35,95,100,13.3,126,29.5,1.1,1160.0,-3.7,8.0,19.2,-3.5,40.4,150,35.0,174,70,2025-10-02 04:00:00+00:00
27.4,89,25.5,1007.3,1008.0,100,26,99,100,14.7,117,34.2,0.6,1920.0,-3.3,0.0,19.2,-3.3,45.8,145,37.4,174,77,2025-10-02 05:00:00+00:00
27.3,89,25.3,1006.8,1007.5,100,22,100,100,12.8,109,36.4,0.5,1810.0,-3.7,0.0,18.3,-2.8,37.3,141,42.0,178,72,2025-10-02 06:00:00+00:00
27.8,86,25.3,1005.8,1006.5,100,17,7,100,15.2,111,33.8,1.0,1820.0,-3.3,6.0,18.7,-2.8,40.4,140,42.0,182,71,2025-10-02 07:00:00+00:00
27.6,87,25.2,1005.2,1005.9,100,23,8,100,15.1,107,32.4,1.2,1690.0,-3.2,9.0,18.6,-2.8,39.7,146,42.0,182,81,2025-10-02 08:00:00+00:00
27.2,90,25.4,1004.8,1005.5,100,16,23,100,14.3,114,32.0,0.2,2020.0,-3.1,3.0,18.6,-2.6,42.0,153,43.3,183,77,2025-10-02 09:00:00+00:00
26.3,89,24.4,1005.5,1006.2,100,97,53,100,13.9,151,31.3,4.6,1260.0,-4.0,0.0,18.5,-2.6,42.7,150,40.9,183,79,2025-10-02 10:00:00+00:00
26.6,91,25.1,1005.4,1006.1,100,29,9,100,12.7,133,26.3,0.2,1620.0,-3.8,9.0,19.1,-2.6,44.2,155,42.2,185,78,2025-10-02 11:00:00+00:00
27.2,90,25.5,1004.6,1005.3,100,12,36,100,14.5,126,25.9,0.0,2230.0,-3.5,8.0,19.3,-2.3,42.5,157,38.4,194,77,2025-10-02 12:00:00+00:00
27.2,90,25.5,1005.5,1006.2,100,11,43,100,13.8,125,30.6,0.0,2220.0,-3.1,3.0,19.4,-2.3,45.9,156,36.7,191,78,2025-10-02 13:00:00+00:00
27.2,91,25.5,1006.7,1007.4,100,9,29,100,13.4,116,29.9,0.0,2260.0,-3.1,2.0,19.4,-2.3,45.5,156,36.5,189,78,2025-10-02 14:00:00+00:00
27.1,91,25.4,1007.5,1008.2,100,19,19,100,13.2,116,27.7,0.0,2100.0,-3.0,3.0,19.4,-2.3,47.1,154,36.1,184,81,2025-10-02 15:00:00+00:00
27.0,91,25.3,1007.4,1008.1,100,22,4,100,12.4,112,27.7,0.0,1990.0,-2.9,2.0,19.4,-2.1,48.4,157,36.1,184,81,2025-10-02 16:00:00+00:00
26.6,92,25.2,1007.4,1008.1,100,55,60,100,12.2,124,27.7,0.0,1800.0,-2.8,0.0,19.3,-2.1,47.4,160,34.9,184,82,2025-10-02 17:00:00+00:00
26.0,93,24.8,1007.0,1007.7,100,55,34,100,10.1,119,27.7,0.8,1820.0,-2.3,3.0,19.6,-2.3,46.6,165,37.2,182,80,2025-10-02 18:00:00+00:00
25.8,95,25.0,1006.3,1007.0,100,11,11,100,13.0,92,26.3,0.2,1500.0,-2.2,4.0,19.3,-2.3,44.5,166,37.4,186,81,2025-10-02 19:00:00+00:00
25.5,95,24.7,1006.3,1007.0,100,24,13,100,10.0,84,25.6,0.4,1570.0,-2.3,2.0,19.4,-2.6,43.2,169,36.3,188,80,2025-10-02 20:00:00+00:00
25.7,95,24.9,1006.3,1007.0,100,93,34,100,9.7,106,19.4,0.2,1400.0,-1.4,0.0,19.1,-2.6,41.9,172,37.3,184,82,2025-10-02 21:00:00+00:00
25.6,96,24.9,1006.2,1006.9,100,68,59,100,12.5,101,25.6,0.3,1300.0,-1.2,6.0,18.9,-2.6,41.5,171,36.0,182,86,2025-10-02 22:00:00+00:00
25.3,94,24.3,1006.8,1007.5,100,100,36,100,13.4,114,28.1,0.3,1610.0,-1.0,0.0,18.7,-2.8,42.2,173,37.2,180,83,2025-10-02 23:00:00+00:00
25.5,95,24.6,1007.4,1008.1,100,70,28,100,8.9,99,30.6,0.4,1660.0,-1.2,6.0,18.8,-2.6,47.0,178,37.2,182,80,2025-10-03 00:00:00+00:00
25.6,95,24.8,1008.2,1008.9,100,77,16,100,13.0,114,25.2,0.5,1880.0,-2.3,2.0,18.8,-2.8,44.7,172,38.4,182,79,2025-10-03 01:00:00+00:00
26.3,93,25.0,1009.2,1009.9,100,95,16,100,16.2,126,34.2,0.1,1750.0,-3.0,1.0,18.6,-2.8,45.9,173,38.5,184,77,2025-10-03 02:00:00+00:00
27.0,88,24.9,1009.8,1010.5,100,47,15,100,15.5,133,35.6,0.0,1470.0,-3.7,7.0,18.9,-2.8,46.0,173,39.6,182,79,2025-10-03 03:00:00+00:00
28.3,80,24.6,1010.0,1010.7,100,31,5,100,16.4,140,41.0,0.4,1690.0,-4.3,3.0,18.7,-2.6,43.9,175,39.6,178,79,2025-10-03 04:00:00+00:00
29.2,79,25.3,1009.4,1010.1,100,12,6,100,13.8,141,39.2,0.3,2330.0,-5.0,0.0,18.8,-2.6,44.2,181,39.6,180,78,2025-10-03 05:00:00+00:00
28.5,86,25.9,1009.1,1009.8,98,9,16,98,12.3,153,46.4,0.1,2750.0,-5.1,1.0,19.2,-2.3,41.1,176,38.4,182,78,2025-10-03 06:00:00+00:00
30.4,79,26.4,1008.1,1008.8,98,19,9,98,10.8,143,35.3,0.2,3790.0,-5.3,0.0,19.3,-2.6,41.9,181,36.3,188,77,2025-10-03 07:00:00+00:00
29.2,83,25.9,1007.3,1008.0,100,80,9,100,8.6,158,36.0,1.0,2800.0,-5.1,0.0,19.2,-2.3,40.6,181,35.1,188,72,2025-10-03 08:00:00+00:00
29.3,81,25.6,1006.2,1006.9,100,4,15,100,13.0,162,31.3,0.1,2770.0,-4.2,3.0,19.7,-2.6,43.8,182,33.5,195,72,2025-10-03 09:00:00+00:00
29.7,79,25.6,1006.0,1006.7,100,12,12,100,9.6,150,30.6,0.0,2920.0,-4.0,1.0,20.0,-2.3,40.2,175,35.0,211,59,2025-10-03 10:00:00+00:00
29.4,79,25.3,1006.3,1007.0,100,8,2,100,10.2,154,25.6,0.1,2580.0,-3.7,5.0,19.8,-1.4,43.4,176,30.6,222,63,2025-10-03 11:00:00+00:00
28.7,82,25.4,1006.7,1007.4,100,6,2,100,13.0,152,22.3,0.1,2670.0,-3.3,12.0,20.2,-1.6,45.3,175,23.1,208,68,2025-10-03 12:00:00+00:00
28.1,85,25.4,1007.3,1008.0,100,23,10,100,12.2,153,26.6,0.0,2520.0,-3.1,12.0,19.9,-1.6,43.4,176,20.7,190,71,2025-10-03 13:00:00+00:00
27.8,87,25.3,1008.0,1008.7,100,24,9,100,11.5,150,25.2,0.0,2210.0,-3.0,3.0,20.0,-2.3,43.7,181,21.9,171,76,2025-10-03 14:00:00+00:00
26.9,90,25.2,1008.8,1009.5,100,26,3,100,9.6,143,26.6,0.2,2080.0,-2.9,2.0,19.9,-2.3,42.0,184,22.9,174,71,2025-10-03 15:00:00+00:00
26.8,91,25.2,1009.1,1009.8,100,16,18,100,9.9,128,20.5,0.0,2220.0,-2.4,5.0,20.0,-2.3,40.9,187,24.0,177,69,2025-10-03 16:00:00+00:00
26.4,91,24.8,1009.3,1010.0,100,100,27,100,8.8,168,20.2,0.8,2060.0,-2.5,0.0,19.9,-2.6,41.5,189,24.1,174,71,2025-10-03 17:00:00+00:00
26.1,93,24.9,1008.8,1009.5,100,21,17,100,10.9,129,22.7,2.7,2200.0,-3.0,4.0,20.0,-2.8,40.0,188,27.1,167,77,2025-10-03 18:00:00+00:00
26.4,93,25.2,1007.8,1008.5,100,66,36,100,10.4,146,21.6,0.0,2500.0,-2.8,1.0,19.8,-3.0,38.9,185,28.8,180,74,2025-10-03 19:00:00+00:00
26.5,94,25.4,1007.4,1008.1,100,23,15,100,8.5,151,21.6,0.1,2240.0,-2.6,6.0,19.8,-2.8,39.3,184,28.8,180,76,2025-10-03 20:00:00+00:00
26.3,95,25.4,1007.3,1008.0,100,27,16,100,7.3,136,16.9,0.0,2370.0,-2.3,2.0,19.4,-3.0,38.5,187,27.7,185,78,2025-10-03 21:00:00+00:00
26.2,94,25.1,1007.8,1008.5,100,100,24,100,4.6,144,14.0,0.9,2560.0,-3.1,0.0,19.6,-3.3,39.0,186,27.1,193,74,2025-10-03 22:00:00+00:00
25.6,96,24.9,1008.1,1008.8,100,27,14,100,9.8,150,16.9,2.1,2090.0,-3.5,6.0,19.7,-3.0,41.7,186,24.7,194,70,2025-10-03 23:00:00+00:00
26.4,95,25.5,1008.0,1008.7,100,25,9,100,11.2,148,25.2,0.0,2500.0,-3.6,4.0,19.7,-3.5,42.7,187,29.0,187,70,2025-10-04 00:00:00+00:00
27.0,93,25.7,1008.4,1009.1,94,2,6,93,13.3,147,26.3,0.0,2600.0,-4.5,16.0,19.6,-3.5,41.2,186,30.4,189,69,2025-10-04 01:00:00+00:00
28.4,86,25.9,1009.0,1009.7,97,6,1,96,14.2,160,34.2,0.0,2960.0,-5.3,2.0,19.3,-3.5,44.1,188,27.7,185,70,2025-10-04 02:00:00+00:00
29.4,81,25.8,1009.3,1010.0,100,14,2,100,15.0,167,33.5,0.0,3140.0,-5.5,3.0,19.8,-3.7,43.2,187,31.8,191,67,2025-10-04 03:00:00+00:00
30.7,75,25.6,1009.4,1010.1,100,12,28,100,15.2,176,42.5,0.0,3150.0,-5.4,0.0,19.7,-3.7,42.6,186,33.0,190,71,2025-10-04 04:00:00+00:00
31.0,74,25.8,1008.8,1009.5,100,16,16,100,14.9,179,43.9,0.0,3400.0,-5.4,0.0,19.4,-3.7,42.8,188,32.0,193,74,2025-10-04 05:00:00+00:00
32.0,68,25.5,1008.0,1008.7,84,4,5,83,18.1,175,44.3,0.6,3270.0,-5.1,0.0,18.9,-3.5,42.9,189,28.5,195,76,2025-10-04 06:00:00+00:00
30.9,74,25.8,1007.0,1007.7,100,20,12,100,14.1,199,50.4,1.5,3200.0,-5.2,3.0,19.1,-3.0,42.2,187,27.1,193,74,2025-10-04 07:00:00+00:00
29.4,79,25.4,1006.7,1007.4,100,27,19,100,11.7,195,36.0,3.1,2450.0,-5.8,13.0,18.9,-3.0,40.8,186,27.4,195,64,2025-10-04 08:00:00+00:00
30.0,74,24.8,1005.9,1006.6,100,26,24,100,16.3,185,36.7,0.3,2110.0,-5.9,11.0,18.9,-3.0,43.9,193,28.2,192,73,2025-10-04 09:00:00+00:00
29.1,78,24.8,1006.0,1006.7,100,44,12,100,16.0,188,37.8,1.4,2110.0,-6.3,3.0,19.4,-3.0,43.6,191,28.5,195,71,2025-10-04 10:00:00+00:00
27.6,85,24.8,1006.4,1007.1,100,6,15,100,12.1,192,32.4,0.0,2240.0,-5.9,9.0,19.8,-3.3,42.4,192,30.4,198,72,2025-10-04 11:00:00+00:00
28.0,86,25.5,1005.7,1006.4,99,1,2,99,12.6,170,25.6,0.0,2720.0,-4.9,19.0,20.3,-3.3,45.2,195,29.5,207,70,2025-10-04 12:00:00+00:00
27.7,88,25.5,1006.3,1007.0,100,12,1,100,12.1,170,26.3,0.0,2760.0,-5.0,7.0,20.0,-3.3,44.0,196,27.0,212,69,2025-10-04 13:00:00+00:00
27.7,88,25.6,1007.1,1007.8,100,8,2,100,12.6,169,26.3,0.0,2770.0,-5.0,16.0,20.4,-3.0,43.3,197,25.7,217,66,2025-10-04 14:00:00+00:00
27.6,87,25.3,1007.5,1008.2,95,11,2,95,13.2,174,28.1,0.0,2400.0,-5.0,15.0,20.4,-3.0,43.4,199,24.0,217,69,2025-10-04 15:00:00+00:00
27.5,88,25.4,1007.4,1008.1,52,5,12,42,12.8,175,28.1,0.0,2670.0,-4.8,6.0,20.4,-3.0,44.2,202,21.0,211,74,2025-10-04 16:00:00+00:00
27.4,89,25.5,1007.3,1008.0,97,5,3,96,11.9,178,27.4,0.0,2750.0,-4.6,7.0,20.4,-3.0,44.3,204,21.0,211,73,2025-10-04 17:00:00+00:00
27.3,89,25.4,1007.4,1008.1,95,18,3,94,10.7,187,24.5,0.0,2690.0,-4.4,4.0,20.4,-3.5,40.6,205,23.3,215,70,2025-10-04 18:00:00+00:00
27.2,89,25.2,1007.0,1007.7,100,11,7,99,10.4,181,23.0,0.0,2560.0,-4.5,1.0,20.2,-3.5,42.0,204,25.0,215,72,2025-10-04 19:00:00+00:00
27.1,89,25.1,1006.6,1007.3,100,52,19,100,11.3,193,22.0,0.1,2480.0,-4.7,0.0,19.9,-3.5,41.0,203,25.3,211,73,2025-10-04 20:00:00+00:00
25.1,94,24.1,1006.7,1007.4,100,63,7,100,10.8,177,26.3,2.3,2580.0,-4.7,2.0,19.6,-3.5,39.1,208,26.3,210,78,2025-10-04 21:00:00+00:00
25.0,95,24.2,1006.8,1007.5,100,16,16,100,9.0,180,20.2,0.0,2400.0,-4.7,3.0,19.6,-3.7,38.6,209,25.0,215,87,2025-10-04 22:00:00+00:00
25.0,95,24.2,1007.2,1007.9,100,70,30,100,6.4,170,17.3,0.0,2140.0,-4.4,5.0,19.6,-3.7,36.7,210,23.1,219,86,2025-10-04 23:00:00+00:00
25.3,95,24.5,1007.4,1008.1,100,2,1,100,10.6,179,11.9,7.1,2030.0,-4.9,21.0,19.8,-4.0,34.9,222,24.6,223,77,2025-10-05 00:00:00+00:00
26.1,93,24.8,1007.8,1008.5,100,12,2,100,11.0,174,29.5,0.0,2020.0,-5.5,20.0,19.7,-4.2,30.6,224,24.0,217,74,2025-10-05 01:00:00+00:00
27.6,87,25.2,1009.1,1009.8,100,61,8,100,12.0,189,27.4,0.0,2260.0,-6.4,3.0,19.7,-4.2,28.7,223,23.1,219,70,2025-10-05 02:00:00+00:00
28.8,82,25.4,1009.4,1010.1,100,33,14,99,12.5,208,27.4,0.1,2520.0,-6.0,5.0,19.9,-4.2,23.3,219,23.8,225,66,2025-10-05 03:00:00+00:00
29.6,80,25.8,1009.5,1010.2,100,100,5,100,12.2,204,31.0,0.3,3340.0,-5.8,0.0,19.4,-3.7,21.1,213,19.5,223,69,2025-10-05 04:00:00+00:00
28.1,84,25.2,1009.1,1009.8,100,48,25,100,8.2,230,32.4,3.7,2240.0,-5.9,6.0,19.2,-4.0,20.6,211,20.6,216,70,2025-10-05 05:00:00+00:00
30.2,77,25.8,1007.8,1008.5,100,5,24,100,12.2,223,20.2,0.2,3250.0,-5.4,1.0,18.8,-4.0,20.6,205,17.1,219,67,2025-10-05 06:00:00+00:00
29.6,78,25.5,1007.4,1008.1,100,26,62,100,13.3,216,32.4,0.7,2840.0,-5.1,5.0,18.7,-3.5,20.0,207,17.0,225,68,2025-10-05 07:00:00+00:00
28.3,82,24.9,1007.0,1007.7,100,17,69,100,13.3,212,31.7,0.7,1980.0,-5.3,5.0,18.5,-3.5,19.4,204,17.1,231,70,2025-10-05 08:00:00+00:00
28.1,84,25.1,1006.0,1006.7,100,23,7,100,12.0,223,30.6,0.1,2260.0,-5.3,2.0,19.1,-3.3,20.6,208,16.3,234,66,2025-10-05 09:00:00+00:00
28.0,85,25.2,1005.5,1006.2,100,20,26,100,8.8,189,25.6,0.0,2460.0,-5.2,6.0,18.8,-3.5,18.6,216,14.6,235,68,2025-10-05 10:00:00+00:00
27.2,88,25.0,1006.3,1007.0,100,28,12,100,5.9,203,20.2,1.2,2050.0,-5.3,0.0,19.2,-3.5,20.0,223,16.7,240,60,2025-10-05 11:00:00+00:00
25.9,94,24.9,1005.9,1006.6,100,0,20,100,3.1,173,12.2,0.9,1500.0,-4.8,66.0,19.9,-4.0,14.7,244,13.0,214,62,2025-10-05 12:00:00+00:00
25.8,95,25.0,1007.0,1007.7,100,0,0,100,2.7,132,7.2,0.3,1590.0,-4.3,18.0,19.9,-4.2,11.8,247,13.6,225,62,2025-10-05 13:00:00+00:00
25.5,96,24.9,1007.8,1008.5,100,0,1,100,7.0,138,13.7,0.0,1500.0,-4.5,51.0,20.0,-4.0,7.9,260,13.6,225,62,2025-10-05 14:00:00+00:00
25.2,97,24.8,1008.3,1009.0,100,0,0,100,4.2,133,13.7,0.0,1440.0,-4.6,51.0,20.2,-3.5,6.4,262,12.0,233,60,2025-10-05 15:00:00+00:00
25.2,98,24.8,1008.1,1008.8,100,2,0,100,4.7,162,9.4,0.0,1570.0,-4.4,57.0,19.9,-3.5,5.9,247,12.4,241,60,2025-10-05 16:00:00+00:00
25.1,98,24.8,1008.6,1009.3,100,5,0,100,3.6,186,9.4,0.0,1650.0,-4.2,18.0,19.8,-3.3,6.2,234,10.3,249,62,2025-10-05 17:00:00+00:00
25.7,98,25.4,1008.3,1009.0,100,1,6,100,2.4,171,8.6,0.0,2480.0,-4.0,9.0,19.4,-3.7,4.2,257,15.2,252,67,2025-10-05 18:00:00+00:00
25.6,99,25.4,1008.3,1009.0,100,0,18,100,3.5,145,7.6,0.0,2460.0,-4.2,9.0,19.2,-3.7,4.9,236,13.4,260,69,2025-10-05 19:00:00+00:00
25.2,99,25.0,1007.9,1008.6,100,10,9,100,2.4,171,7.6,0.0,2330.0,-4.1,8.0,19.1,-4.0,2.3,259,14.0,250,69,2025-10-05 20:00:00+00:00
25.2,99,25.0,1007.7,1008.4,100,100,48,98,0.5,135,7.9,0.0,2240.0,-4.0,1.0,19.1,-4.0,1.6,236,11.4,252,69,2025-10-05 21:00:00+00:00
25.2,98,24.9,1007.1,1007.8,100,100,7,100,3.1,159,5.4,0.0,2040.0,-3.9,0.0,18.9,-4.2,2.5,248,8.7,254,71,2025-10-05 22:00:00+00:00
25.3,98,24.9,1007.6,1008.3,100,94,38,100,5.8,194,12.6,0.0,1890.0,-4.0,3.0,18.9,-4.2,3.3,254,8.7,236,74,2025-10-05 23:00:00+00:00
25.6,97,25.1,1008.1,1008.8,100,100,54,100,5.7,148,17.3,0.1,3110.0,-3.7,0.0,18.9,-4.7,7.4,259,7.6,252,77,2025-10-06 00:00:00+00:00
24.5,98,24.2,1009.3,1010.0,100,100,73,100,7.3,163,23.0,1.9,2000.0,-4.0,2.0,19.1,-4.7,6.9,266,7.0,239,78,2025-10-06 01:00:00+00:00
24.8,95,24.0,1009.9,1010.6,100,99,65,100,9.4,160,21.2,0.1,1880.0,-4.2,5.0,19.1,-4.7,5.9,270,7.0,239,78,2025-10-06 02:00:00+00:00
26.0,90,24.1,1010.6,1011.3,100,59,98,97,6.1,185,20.2,0.2,1680.0,-4.4,3.0,19.1,-4.7,6.2,253,6.0,233,77,2025-10-06 03:00:00+00:00
26.9,88,24.6,1010.7,1011.4,100,95,100,100,6.8,202,16.9,0.1,1560.0,-5.1,10.0,19.1,-4.4,3.9,249,6.0,233,73,2025-10-06 04:00:00+00:00
28.2,81,24.7,1009.7,1010.4,100,42,100,100,1.7,283,18.4,0.1,1740.0,-4.9,14.0,18.9,-4.4,1.6,326,8.5,225,69,2025-10-06 05:00:00+00:00
28.1,85,25.4,1009.3,1010.0,100,18,95,100,3.5,294,10.4,0.1,2750.0,-4.8,0.0,18.9,-4.4,1.6,236,4.3,214,66,2025-10-06 06:00:00+00:00
28.8,81,25.3,1008.4,1009.1,100,13,75,100,3.0,295,13.0,0.4,2610.0,-4.9,1.0,18.8,-4.2,2.0,207,4.3,236,66,2025-10-06 07:00:00+00:00
29.0,79,25.0,1007.3,1008.0,100,3,3,100,1.8,323,11.9,0.0,2460.0,-4.9,2.0,18.7,-4.0,2.5,202,2.7,243,68,2025-10-06 08:00:00+00:00
29.4,77,24.9,1006.2,1006.9,100,8,8,100,2.0,260,9.4,0.0,2460.0,-4.9,1.0,18.8,-3.7,2.0,207,2.7,243,67,2025-10-06 09:00:00+00:00
29.4,76,24.8,1005.9,1006.6,100,14,10,100,1.7,238,10.1,0.0,2360.0,-5.1,1.0,18.8,-3.7,1.6,214,3.8,252,67,2025-10-06 10:00:00+00:00
29.0,79,25.0,1005.9,1006.6,100,13,12,100,1.5,60,6.5,0.1,2370.0,-5.6,1.0,18.8,-3.7,1.4,270,2.7,243,64,2025-10-06 11:00:00+00:00
27.6,86,25.0,1006.6,1007.3,96,22,23,95,4.4,97,10.1,2.4,2000.0,-4.9,3.0,19.1,-3.7,5.9,337,2.7,207,64,2025-10-06 12:00:00+00:00
27.3,88,25.1,1006.9,1007.6,96,1,13,95,5.2,160,9.4,0.0,2360.0,-4.6,16.0,19.1,-3.7,4.6,360,3.4,225,64,2025-10-06 13:00:00+00:00
27.0,90,25.3,1007.9,1008.6,99,0,9,99,4.7,162,9.7,0.0,2500.0,-4.4,16.0,19.6,-3.7,5.6,14,2.7,243,64,2025-10-06 14:00:00+00:00
26.8,92,25.3,1009.4,1010.1,72,9,27,63,7.5,195,13.7,0.0,2620.0,-4.6,16.0,19.3,-3.7,4.8,41,2.4,270,64,2025-10-06 15:00:00+00:00
26.5,93,25.3,1009.4,1010.1,100,0,1,100,4.7,189,14.8,0.0,2630.0,-4.8,16.0,19.3,-3.7,4.6,53,1.2,270,66,2025-10-06 16:00:00+00:00
26.3,94,25.3,1009.0,1009.7,100,0,100,100,4.3,180,8.6,0.0,2630.0,-4.9,14.0,19.3,-4.0,4.5,66,1.2,270,66,2025-10-06 17:00:00+00:00
26.4,95,25.6,1008.6,1009.3,74,2,9,71,1.5,173,10.1,0.0,2770.0,-4.5,10.0,18.7,-4.0,4.6,84,4.3,56,66,2025-10-06 18:00:00+00:00
26.3,95,25.5,1008.1,1008.8,65,6,0,63,0.8,225,3.6,0.0,2960.0,-4.4,6.0,18.6,-4.2,4.1,96,3.4,45,67,2025-10-06 19:00:00+00:00
25.9,97,25.4,1007.6,1008.3,91,12,1,90,2.2,95,5.0,0.0,2960.0,-4.2,3.0,18.6,-4.4,3.8,76,1.7,45,63,2025-10-06 20:00:00+00:00
25.7,98,25.4,1007.4,1008.1,98,2,2,98,2.9,97,6.8,0.0,2770.0,-4.4,6.0,18.6,-4.7,3.1,63,0.0,270,62,2025-10-06 21:00:00+00:00
25.3,98,25.0,1007.0,1007.7,95,5,2,95,1.6,117,6.5,0.0,2670.0,-4.5,8.0,18.6,-4.7,2.7,59,1.2,270,62,2025-10-06 22:00:00+00:00
25.3,98,25.0,1006.9,1007.6,100,5,3,100,0.5,135,3.2,0.0,2660.0,-4.1,8.0,18.6,-4.7,2.9,51,2.7,297,63,2025-10-06 23:00:00+00:00
25.2,98,24.9,1007.6,1008.3,95,13,4,95,0.8,135,1.8,0.0,2660.0,-3.3,9.0,18.7,-4.4,2.0,207,2.7,243,64,2025-10-07 00:00:00+00:00
26.1,96,25.4,1008.6,1009.3,76,37,7,61,4.0,117,10.4,0.0,2640.0,-3.5,4.0,18.7,-4.4,0.6,135,2.7,243,64,2025-10-07 01:00:00+00:00
27.1,93,25.9,1009.3,1010.0,42,32,2,14,2.4,107,13.0,0.1,2970.0,-3.7,0.0,18.7,-4.4,1.4,90,3.8,252,64,2025-10-07 02:00:00+00:00
28.2,88,26.1,1009.9,1010.6,41,28,2,16,2.5,82,14.0,0.2,3250.0,-4.1,0.0,18.6,-4.4,2.7,121,3.8,288,67,2025-10-07 03:00:00+00:00
29.4,81,25.9,1009.9,1010.6,93,91,2,23,1.7,41,14.0,0.2,3130.0,-4.3,0.0,18.6,-4.4,3.9,135,3.8,288,68,2025-10-07 04:00:00+00:00
30.3,78,26.0,1009.4,1010.1,34,9,2,27,1.0,31,13.0,0.2,3250.0,-4.7,0.0,18.5,-4.2,3.5,157,4.3,304,69,2025-10-07 05:00:00+00:00
30.3,72,24.8,1008.7,1009.4,100,1,2,100,2.2,55,11.9,0.2,2540.0,-4.7,1.0,18.0,-4.2,2.3,217,2.7,333,72,2025-10-07 06:00:00+00:00
30.9,72,25.2,1007.8,1008.5,100,12,20,100,1.5,97,14.0,0.1,2670.0,-4.8,0.0,18.1,-4.2,3.7,240,3.4,315,73,2025-10-07 07:00:00+00:00
31.0,71,25.1,1006.8,1007.5,100,5,5,100,0.6,162,13.0,0.1,2800.0,-4.9,0.0,18.6,-4.2,5.0,270,3.8,288,69,2025-10-07 08:00:00+00:00
31.1,69,24.8,1006.0,1006.7,100,6,6,100,1.0,158,11.2,0.0,2710.0,-4.8,0.0,18.6,-4.2,3.3,286,4.9,284,64,2025-10-07 09:00:00+00:00
31.1,68,24.4,1005.9,1006.6,100,7,9,100,2.4,126,11.2,0.0,2350.0,-4.5,0.0,18.6,-4.2,3.2,262,4.8,270,60,2025-10-07 10:00:00+00:00
28.1,81,24.6,1006.7,1007.4,100,20,52,100,9.3,68,20.9,0.1,2040.0,-4.6,16.0,18.6,-4.0,1.8,270,3.6,270,59,2025-10-07 11:00:00+00:00
26.7,90,25.0,1006.6,1007.3,100,0,11,100,5.6,75,20.5,0.0,2120.0,-4.1,33.0,18.7,-4.2,1.9,45,2.4,270,64,2025-10-07 12:00:00+00:00
26.2,94,25.1,1007.8,1008.5,100,6,27,100,4.7,90,12.6,0.0,2090.0,-4.1,10.0,18.8,-4.4,1.9,45,2.7,243,66,2025-10-07 13:00:00+00:00
26.1,95,25.3,1009.1,1009.8,100,9,3,100,6.1,120,11.5,0.0,2460.0,-4.0,4.0,19.2,-4.4,1.9,76,2.7,243,66,2025-10-07 14:00:00+00:00
26.3,95,25.4,1009.7,1010.4,100,5,0,100,6.6,147,13.0,0.0,2620.0,-4.1,11.0,19.1,-4.2,1.9,104,4.3,236,66,2025-10-07 15:00:00+00:00
26.3,95,25.4,1009.9,1010.6,100,0,10,100,5.9,166,13.0,0.0,2640.0,-3.6,11.0,19.1,-4.2,2.3,127,6.0,233,64,2025-10-07 16:00:00+00:00
26.1,95,25.3,1009.9,1010.6,100,1,10,100,5.8,185,11.9,0.0,2550.0,-3.8,11.0,19.1,-4.2,3.3,124,8.0,243,63,2025-10-07 17:00:00+00:00
26.1,96,25.4,1009.3,1010.0,100,1,48,100,4.0,153,11.5,0.0,2790.0,-4.0,10.0,18.5,-4.4,8.4,135,8.0,207,64,2025-10-07 18:00:00+00:00
25.8,97,25.3,1008.8,1009.5,100,0,47,100,1.5,159,7.6,0.0,2840.0,-3.8,9.0,18.3,-4.4,7.5,142,8.5,225,63,2025-10-07 19:00:00+00:00
25.7,97,25.3,1008.0,1008.7,100,0,5,100,1.2,141,2.9,0.0,2860.0,-2.9,8.0,18.2,-4.4,7.1,140,9.4,230,63,2025-10-07 20:00:00+00:00
25.6,97,25.2,1007.8,1008.5,59,0,3,57,0.2,90,2.5,0.0,2910.0,-2.5,7.0,18.2,-4.4,5.8,141,9.4,230,63,2025-10-07 21:00:00+00:00
25.4,98,25.1,1007.6,1008.3,100,0,7,100,0.7,76,2.2,0.0,2960.0,-2.9,4.0,18.3,-4.2,5.2,135,9.4,230,63,2025-10-07 22:00:00+00:00
25.2,99,25.1,1007.9,1008.6,100,16,2,100,2.5,90,5.4,0.0,2840.0,-2.7,3.0,18.3,-4.4,4.6,127,9.4,230,63,2025-10-07 23:00:00+00:00
25.4,100,25.4,1008.9,1009.6,100,31,38,100,5.7,118,5.8,0.0,2890.0,-2.5,2.0,18.8,-4.4,2.6,225,10.3,234,66,2025-10-08 00:00:00+00:00
25.2,97,24.7,1009.5,1010.2,100,37,5,99,7.0,132,16.6,0.0,2320.0,-2.7,2.0,18.7,-4.7,2.5,202,11.1,229,66,2025-10-08 01:00:00+00:00
25.7,94,24.6,1010.0,1010.7,99,55,3,98,5.1,126,15.1,0.0,1940.0,-3.3,5.0,18.8,-4.7,2.5,202,10.2,225,69,2025-10-08 02:00:00+00:00
27.0,89,24.9,1010.8,1011.5,77,49,16,46,4.6,141,15.5,0.0,1820.0,-3.5,10.0,18.8,-4.4,1.9,194,10.2,225,67,2025-10-08 03:00:00+00:00
28.4,82,25.0,1010.7,1011.4,70,26,23,55,4.1,135,15.1,0.1,2180.0,-3.8,3.0,18.7,-4.4,2.0,153,11.9,225,64,2025-10-08 04:00:00+00:00
29.0,78,24.8,1010.3,1011.0,94,17,89,55,4.7,140,16.2,0.0,2140.0,-4.2,2.0,18.7,-4.4,1.6,146,12.8,229,64,2025-10-08 05:00:00+00:00
29.9,74,24.8,1009.1,1009.8,46,7,20,29,2.7,138,16.2,0.1,2210.0,-4.1,2.0,18.3,-4.7,2.9,108,11.1,229,68,2025-10-08 06:00:00+00:00
30.8,70,24.8,1007.9,1008.6,28,13,9,14,0.6,56,13.3,0.0,2240.0,-3.5,0.0,18.0,-4.4,2.0,117,12.0,233,66,2025-10-08 07:00:00+00:00
31.0,70,24.8,1006.5,1007.2,40,7,5,33,0.2,360,11.2,0.0,2230.0,-3.3,0.0,18.2,-4.4,1.0,63,12.4,241,64,2025-10-08 08:00:00+00:00
30.5,70,24.3,1005.3,1006.0,24,20,13,2,1.7,257,10.8,0.0,2060.0,-3.2,0.0,18.3,-4.4,2.0,297,13.0,236,62,2025-10-08 09:00:00+00:00
28.0,84,25.0,1005.8,1006.5,88,28,49,75,7.3,295,19.8,1.6,2050.0,-3.3,10.0,18.5,-4.2,1.0,333,13.4,243,63,2025-10-08 10:00:00+00:00
27.4,87,24.9,1006.7,1007.4,93,5,27,91,1.1,99,18.4,0.3,2270.0,-4.2,11.0,18.8,-4.2,2.5,68,12.9,248,62,2025-10-08 11:00:00+00:00
26.0,93,24.9,1007.3,1008.0,100,0,95,100,2.7,228,9.0,0.1,2080.0,-3.5,30.0,18.9,-4.2,7.1,45,9.1,247,66,2025-10-08 12:00:00+00:00
26.1,95,25.3,1008.4,1009.1,100,0,99,100,0.4,63,4.7,0.0,2310.0,-3.1,28.0,19.1,-4.2,7.1,63,10.3,249,63,2025-10-08 13:00:00+00:00
26.3,95,25.3,1009.2,1009.9,100,0,79,100,2.3,129,5.8,0.0,2530.0,-3.1,22.0,19.2,-4.4,6.5,65,8.7,254,63,2025-10-08 14:00:00+00:00
26.2,95,25.4,1009.5,1010.2,95,0,34,94,2.2,114,5.8,0.0,2590.0,-3.2,21.0,19.6,-4.4,5.9,90,9.9,256,62,2025-10-08 15:00:00+00:00
26.1,96,25.4,1010.0,1010.7,98,0,1,98,0.9,90,5.0,0.0,2570.0,-3.6,18.0,19.7,-4.4,5.6,104,9.7,263,63,2025-10-08 16:00:00+00:00
25.9,96,25.2,1009.9,1010.6,48,0,7,45,0.9,90,2.9,0.0,2440.0,-3.8,21.0,19.7,-4.4,4.5,114,9.6,270,63,2025-10-08 17:00:00+00:00
26.8,95,25.9,1009.9,1010.6,63,0,1,63,4.9,156,3.2,0.0,3530.0,-3.4,10.0,19.3,-4.7,6.2,126,6.1,259,66,2025-10-08 18:00:00+00:00
26.6,96,25.9,1009.5,1010.2,34,0,9,27,3.0,163,10.1,0.0,3430.0,-3.2,10.0,19.1,-4.7,4.3,122,7.2,270,66,2025-10-08 19:00:00+00:00
26.3,97,25.8,1008.7,1009.4,13,1,2,12,3.1,187,6.8,0.0,3320.0,-2.8,8.0,18.9,-4.7,2.3,101,6.1,281,66,2025-10-08 20:00:00+00:00
26.1,97,25.5,1008.6,1009.3,23,0,2,22,0.9,191,5.8,0.0,3300.0,-2.4,8.0,18.7,-4.4,2.7,59,4.9,284,66,2025-10-08 21:00:00+00:00
26.0,97,25.4,1008.8,1009.5,24,0,6,19,0.0,270,1.4,0.0,3380.0,-2.3,5.0,18.6,-4.4,4.2,41,4.9,284,67,2025-10-08 22:00:00+00:00
25.6,99,25.3,1008.8,1009.5,30,0,13,21,2.0,355,4.0,0.0,3280.0,-2.2,3.0,18.5,-4.7,5.8,39,3.8,288,67,2025-10-08 23:00:00+00:00
25.7,97,25.2,1009.4,1010.1,30,1,11,21,3.6,327,6.5,0.2,2700.0,-1.8,18.0,18.2,-4.7,6.4,8,1.7,315,69,2025-10-09 00:00:00+00:00
26.4,96,25.6,1009.8,1010.5,55,0,23,42,2.8,325,9.4,0.0,2880.0,-2.6,16.0,18.1,-4.7,7.4,22,1.2,270,69,2025-10-09 01:00:00+00:00
27.6,92,26.1,1010.5,1011.2,35,0,16,23,1.8,349,9.7,0.0,3500.0,-3.2,5.0,18.1,-4.7,9.0,30,1.7,225,68,2025-10-09 02:00:00+00:00
29.1,85,26.3,1010.8,1011.5,49,0,9,44,2.5,360,12.2,0.1,3860.0,-3.2,0.0,18.2,-4.7,10.4,38,3.4,225,66,2025-10-09 03:00:00+00:00
30.2,78,25.9,1011.0,1011.7,87,2,19,83,4.0,8,15.5,0.1,3520.0,-3.2,0.0,18.3,-4.7,8.4,41,4.3,214,64,2025-10-09 04:00:00+00:00
30.7,75,25.7,1010.4,1011.1,94,5,9,93,4.2,25,17.3,0.1,3550.0,-2.9,0.0,18.5,-4.4,7.8,40,4.3,214,64,2025-10-09 05:00:00+00:00
31.2,72,25.5,1009.4,1010.1,71,13,13,62,5.4,60,18.4,0.2,3670.0,-2.4,0.0,17.6,-4.7,4.5,45,4.3,214,66,2025-10-09 06:00:00+00:00
31.7,71,25.7,1008.3,1009.0,94,22,16,90,4.1,61,19.1,0.0,3890.0,-2.4,0.0,18.0,-4.7,4.6,37,5.1,225,66,2025-10-09 07:00:00+00:00
30.9,72,25.3,1007.2,1007.9,100,100,11,67,5.9,14,19.1,2.2,3230.0,-2.5,0.0,18.1,-4.4,3.5,23,5.4,243,64,2025-10-09 08:00:00+00:00
28.2,82,24.9,1007.0,1007.7,95,20,32,92,5.6,69,19.8,4.2,2260.0,-3.7,14.0,18.1,-4.2,3.9,339,6.1,259,62,2025-10-09 09:00:00+00:00
27.9,84,25.0,1007.1,1007.8,99,24,30,99,2.8,252,15.1,0.1,2500.0,-3.9,6.0,18.3,-4.0,5.2,322,6.0,270,60,2025-10-09 10:00:00+00:00
27.8,84,24.9,1007.1,1007.8,99,12,13,98,1.7,13,9.0,0.0,2500.0,-3.6,9.0,18.1,-4.0,5.2,315,6.1,281,58,2025-10-09 11:00:00+00:00
27.2,88,25.1,1007.5,1008.2,100,0,72,100,2.3,288,6.5,0.0,2430.0,-3.4,24.0,18.9,-4.2,10.9,358,4.3,326,64,2025-10-09 12:00:00+00:00
27.1,90,25.3,1008.2,1008.9,100,0,7,100,1.4,220,5.0,0.0,2450.0,-3.4,37.0,19.2,-4.4,11.5,7,4.3,326,62,2025-10-09 13:00:00+00:00
26.9,91,25.3,1008.9,1009.6,100,0,14,100,4.5,265,9.4,0.0,2650.0,-3.5,29.0,19.2,-4.4,13.3,16,5.4,333,62,2025-10-09 14:00:00+00:00
26.6,93,25.3,1009.4,1010.1,100,0,25,100,4.0,260,9.7,0.0,2720.0,-3.5,25.0,19.3,-4.4,12.5,19,4.3,326,61,2025-10-09 15:00:00+00:00
26.4,94,25.4,1009.6,1010.3,100,0,13,100,1.5,263,7.9,0.0,2710.0,-3.3,24.0,19.3,-4.4,10.7,20,3.8,342,63,2025-10-09 16:00:00+00:00
26.1,95,25.2,1009.4,1010.1,97,0,13,97,1.3,262,3.2,0.0,2730.0,-3.1,20.0,19.2,-4.4,10.7,20,3.6,360,66,2025-10-09 17:00:00+00:00
26.7,95,25.9,1009.4,1010.1,100,2,10,100,3.3,234,5.0,0.0,3670.0,-3.0,11.0,18.9,-4.7,15.9,24,4.9,76,69,2025-10-09 18:00:00+00:00
26.6,96,25.8,1009.1,1009.8,100,3,6,100,3.5,258,7.6,0.0,3380.0,-2.7,13.0,18.8,-4.4,16.2,22,4.9,104,70,2025-10-09 19:00:00+00:00
26.4,95,25.6,1008.6,1009.3,97,38,25,95,7.0,318,13.7,0.0,3160.0,-2.8,8.0,18.6,-4.4,16.9,24,5.4,117,71,2025-10-09 20:00:00+00:00
25.8,96,25.0,1008.5,1009.2,73,20,23,58,6.8,335,15.5,0.1,2430.0,-2.7,11.0,18.5,-4.4,18.1,28,5.1,135,72,2025-10-09 21:00:00+00:00
25.2,95,24.4,1008.1,1008.8,96,4,19,95,6.1,341,14.4,0.0,1610.0,-2.2,33.0,18.3,-4.2,20.0,30,4.9,166,71,2025-10-09 22:00:00+00:00
24.9,95,24.1,1008.1,1008.8,85,5,8,84,4.8,335,12.2,0.0,1310.0,-1.6,43.0,18.2,-4.2,21.5,32,6.1,169,70,2025-10-09 23:00:00+00:00
25.8,95,25.0,1008.3,1009.0,27,2,23,6,5.7,316,9.4,0.0,2600.0,-1.5,21.0,18.1,-4.4,19.5,33,4.8,180,67,2025-10-10 00:00:00+00:00
26.6,94,25.6,1008.9,1009.6,24,2,15,10,6.1,337,13.0,0.0,2950.0,-2.3,13.0,17.9,-4.4,21.1,37,6.1,169,67,2025-10-10 01:00:00+00:00
27.8,90,26.0,1009.5,1010.2,57,2,7,53,7.8,341,19.8,0.0,3540.0,-3.1,2.0,18.0,-4.4,21.7,39,6.1,169,72,2025-10-10 02:00:00+00:00
29.1,82,25.7,1010.1,1010.8,81,1,3,80,8.0,354,22.3,0.1,3370.0,-3.3,0.0,18.0,-4.4,21.6,44,6.1,169,72,2025-10-10 03:00:00+00:00
30.1,76,25.4,1010.1,1010.8,84,2,3,83,7.3,23,23.0,0.1,3180.0,-3.3,0.0,18.0,-4.4,18.0,45,8.4,180,72,2025-10-10 04:00:00+00:00
30.8,72,25.1,1009.6,1010.3,74,5,4,72,7.4,41,23.8,0.1,3040.0,-3.1,0.0,18.5,-4.4,16.1,47,9.6,180,72,2025-10-10 05:00:00+00:00
31.4,68,24.7,1009.0,1009.7,95,2,6,95,7.7,41,24.5,0.1,2850.0,-3.2,0.0,18.1,-4.7,13.5,48,10.8,180,68,2025-10-10 06:00:00+00:00
31.5,66,24.5,1007.6,1008.3,98,3,5,98,7.2,28,24.8,0.0,2700.0,-3.3,0.0,17.7,-4.7,12.2,45,12.1,186,69,2025-10-10 07:00:00+00:00
31.4,67,24.7,1006.2,1006.9,98,19,7,98,6.6,29,24.8,0.0,2810.0,-3.1,0.0,17.9,-4.7,11.3,40,12.2,191,69,2025-10-10 08:00:00+00:00
29.6,77,25.1,1006.2,1006.9,100,98,29,99,1.5,36,23.4,0.1,2790.0,-3.2,3.0,18.5,-4.4,11.9,32,11.4,198,68,2025-10-10 09:00:00+00:00
27.1,84,24.2,1006.9,1007.6,100,95,100,100,4.2,126,17.6,1.6,2090.0,-4.1,1.0,18.6,-4.2,11.3,21,10.3,201,67,2025-10-10 10:00:00+00:00
26.6,87,24.3,1006.6,1007.3,100,8,24,100,2.2,99,13.3,0.2,1700.0,-4.3,11.0,18.5,-4.2,11.8,23,9.7,210,68,2025-10-10 11:00:00+00:00
26.0,93,24.9,1007.2,1007.9,100,0,100,100,4.9,6,8.3,0.0,1810.0,-3.7,25.0,18.7,-4.4,15.6,21,7.7,219,68,2025-10-10 12:00:00+00:00
26.0,93,24.8,1008.0,1008.7,100,0,15,100,4.8,25,9.0,0.0,1810.0,-2.9,33.0,18.8,-4.7,16.6,21,7.7,219,67,2025-10-10 13:00:00+00:00
25.9,92,24.6,1008.4,1009.1,100,0,50,100,5.2,59,9.4,0.0,1630.0,-2.0,40.0,18.8,-4.7,18.6,22,8.0,207,67,2025-10-10 14:00:00+00:00
25.7,92,24.4,1008.7,1009.4,100,0,100,100,4.2,70,10.8,0.0,1390.0,-1.8,48.0,18.8,-4.7,19.5,21,8.7,214,66,2025-10-10 15:00:00+00:00
25.6,93,24.3,1008.7,1009.4,100,0,100,100,5.2,88,10.8,0.2,1350.0,-2.0,42.0,18.7,-4.9,20.3,20,8.7,214,66,2025-10-10 16:00:00+00:00
25.3,94,24.3,1008.7,1009.4,100,0,95,100,4.7,81,9.7,0.6,1360.0,-1.7,42.0,18.6,-4.9,21.5,21,9.4,220,67,2025-10-10 17:00:00+00:00
26.0,95,25.1,1008.7,1009.4,100,0,100,100,7.0,103,9.7,0.3,2380.0,-1.0,14.0,18.3,-4.9,23.0,27,14.0,211,69,2025-10-10 18:00:00+00:00
25.8,94,24.8,1008.3,1009.0,100,2,100,100,5.1,86,12.2,0.5,1770.0,-1.0,28.0,18.3,-4.9,23.7,30,14.4,222,70,2025-10-10 19:00:00+00:00
25.6,91,24.0,1007.9,1008.6,97,7,95,73,3.8,73,9.0,0.7,930.0,-0.9,2.0,18.1,-4.7,25.2,32,16.1,222,71,2025-10-10 20:00:00+00:00
25.4,90,23.6,1007.7,1008.4,41,12,35,4,2.2,5,6.1,0.2,750.0,-0.7,4.0,17.9,-4.7,25.4,33,17.0,225,72,2025-10-10 21:00:00+00:00
25.1,87,22.8,1007.9,1008.6,52,21,22,28,5.8,2,7.6,0.1,550.0,-0.8,2.0,17.7,-4.4,26.2,35,16.1,222,72,2025-10-10 22:00:00+00:00
24.1,93,22.8,1008.1,1008.8,47,19,27,23,6.7,351,23.4,0.0,400.0,-0.9,31.0,17.6,-4.7,25.9,39,14.4,222,71,2025-10-10 23:00:00+00:00
25.1,95,24.2,1008.3,1009.0,20,5,17,0,8.8,337,12.2,0.0,1530.0,-1.0,19.0,17.6,-4.4,23.9,40,16.1,222,71,2025-10-11 00:00:00+00:00
25.8,95,24.9,1009.1,1009.8,22,9,15,0,7.0,337,16.6,0.0,2060.0,-1.3,8.0,17.6,-4.4,23.5,44,15.3,225,71,2025-10-11 01:00:00+00:00
26.9,91,25.3,1009.9,1010.6,15,9,5,1,4.2,12,15.1,0.0,2550.0,-1.1,1.0,17.6,-4.4,22.6,47,14.4,228,70,2025-10-11 02:00:00+00:00
28.1,85,25.3,1010.0,1010.7,20,4,12,6,5.1,39,17.3,0.1,2510.0,-1.4,0.0,18.0,-4.4,21.3,48,13.6,225,71,2025-10-11 03:00:00+00:00
29.1,78,25.0,1010.0,1010.7,25,10,13,5,6.0,25,20.9,0.1,2330.0,-1.4,0.0,18.2,-4.4,18.4,48,14.4,222,70,2025-10-11 04:00:00+00:00
30.0,74,24.9,1009.7,1010.4,29,13,16,5,6.0,27,21.2,0.1,2390.0,-1.8,0.0,18.3,-4.4,17.2,50,15.3,225,70,2025-10-11 05:00:00+00:00
30.3,72,24.6,1009.1,1009.8,40,16,15,16,7.9,27,21.6,0.0,2310.0,-1.9,0.0,18.2,-4.4,11.6,42,17.0,225,71,2025-10-11 06:00:00+00:00
30.6,71,24.7,1008.3,1009.0,36,1,23,16,6.0,21,25.6,0.1,2600.0,-1.9,0.0,17.7,-4.4,11.5,34,17.8,228,71,2025-10-11 07:00:00+00:00
30.6,73,25.1,1007.1,1007.8,41,9,18,22,6.1,358,23.4,0.1,3070.0,-1.7,0.0,17.5,-4.4,11.3,21,18.0,233,71,2025-10-11 08:00:00+00:00
30.3,73,25.0,1006.4,1007.1,54,23,31,16,8.4,340,27.4,0.2,3020.0,-1.5,0.0,17.5,-4.4,12.8,6,18.3,238,70,2025-10-11 09:00:00+00:00
29.3,74,24.2,1006.5,1007.2,42,20,18,16,4.9,39,27.7,0.3,1950.0,-1.8,9.0,17.6,-4.4,14.0,13,17.7,242,69,2025-10-11 10:00:00+00:00
28.6,78,24.4,1006.5,1007.2,54,27,14,30,6.0,27,13.3,0.3,1990.0,-2.7,14.0,17.9,-4.2,16.9,19,16.7,249,68,2025-10-11 11:00:00+00:00
28.4,83,25.1,1007.0,1007.7,27,24,5,0,2.9,79,13.0,0.0,2360.0,-1.5,13.0,18.7,-4.4,19.7,19,14.0,239,67,2025-10-11 12:00:00+00:00
27.3,88,25.2,1007.8,1008.5,18,18,0,0,4.0,122,9.7,0.0,2690.0,-1.0,22.0,18.8,-4.7,19.0,11,14.0,239,64,2025-10-11 13:00:00+00:00
26.7,92,25.2,1008.6,1009.3,6,5,0,1,4.2,155,8.3,0.0,2610.0,-0.7,25.0,19.2,-4.7,20.3,9,12.4,241,58,2025-10-11 14:00:00+00:00
26.1,94,25.1,1008.9,1009.6,0,0,0,0,3.5,152,9.7,0.0,2230.0,-0.2,33.0,19.3,-4.7,21.7,8,13.4,243,57,2025-10-11 15:00:00+00:00
25.6,96,24.9,1008.9,1009.6,0,0,0,0,2.2,171,6.8,0.0,2000.0,-0.2,37.0,19.3,-4.9,20.8,15,14.0,239,54,2025-10-11 16:00:00+00:00
25.3,96,24.7,1009.1,1009.8,0,0,0,0,1.9,151,4.3,0.0,2010.0,0.1,38.0,19.2,-5.1,20.0,24,15.0,241,50,2025-10-11 17:00:00+00:00
25.5,99,25.4,1009.1,1009.8,5,5,0,0,2.2,171,4.7,0.0,3100.0,-0.4,19.0,18.9,-5.1,18.3,27,16.1,243,44,2025-10-11 18:00:00+00:00
25.6,99,25.5,1008.7,1009.4,100,100,0,0,2.7,132,7.2,0.0,2760.0,0.0,17.0,18.8,-5.1,18.4,30,17.2,245,39,2025-10-11 19:00:00+00:00
25.4,99,25.2,1008.4,1009.1,98,98,0,0,2.5,120,6.8,0.0,2500.0,0.4,17.0,18.6,-5.1,17.8,32,18.3,247,38,2025-10-11 20:00:00+00:00
25.4,98,25.0,1008.2,1008.9,100,100,0,0,0.6,124,6.5,0.0,2200.0,0.7,23.0,18.5,-5.1,17.7,35,17.8,250,40,2025-10-11 21:00:00+00:00
25.3,97,24.8,1008.2,1008.9,100,100,0,0,0.9,90,3.6,0.0,2060.0,0.6,24.0,18.1,-5.1,17.0,36,17.5,254,44,2025-10-11 22:00:00+00:00
25.1,98,24.7,1008.4,1009.1,100,100,0,0,4.2,324,9.7,0.0,1920.0,0.6,16.0,18.0,-5.1,16.5,39,17.5,254,49,2025-10-11 23:00:00+00:00
24.9,100,24.9,1009.0,1009.7,100,100,0,0,5.5,341,10.8,0.0,2120.0,1.1,22.0,18.3,-4.9,14.9,31,19.3,263,54,2025-10-12 00:00:00+00:00
25.5,98,25.1,1009.8,1010.5,100,100,0,0,5.4,339,13.0,0.0,2020.0,0.7,21.0,18.1,-5.1,14.9,40,18.4,259,54,2025-10-12 01:00:00+00:00
26.8,92,25.5,1010.4,1011.1,16,16,0,0,4.7,360,13.7,0.0,2530.0,0.0,8.0,18.2,-4.9,13.5,42,18.4,259,53,2025-10-12 02:00:00+00:00
28.7,78,24.5,1010.7,1011.4,0,0,0,0,6.9,14,19.1,0.0,1930.0,-0.5,4.0,18.2,-4.9,12.6,44,18.4,259,53,2025-10-12 03:00:00+00:00
30.0,66,23.0,1010.9,1011.6,0,0,0,0,7.4,22,21.2,0.0,890.0,-0.6,5.0,18.2,-4.9,11.4,37,18.6,255,53,2025-10-12 04:00:00+00:00
30.8,61,22.5,1010.3,1011.0,0,0,0,0,6.9,20,21.2,0.0,690.0,-0.6,11.0,18.1,-4.7,10.2,27,20.1,253,53,2025-10-12 05:00:00+00:00
31.2,59,22.2,1009.8,1010.5,0,0,0,0,6.7,2,20.5,0.0,620.0,-0.4,6.0,18.0,-4.4,5.8,18,20.5,249,52,2025-10-12 06:00:00+00:00
31.5,57,22.0,1009.0,1009.7,13,3,10,0,7.0,3,24.1,0.0,580.0,-0.5,11.0,17.9,-4.2,7.0,11,20.5,249,52,2025-10-12 07:00:00+00:00
31.2,58,22.0,1008.1,1008.8,14,6,10,0,7.2,6,20.9,0.0,620.0,-0.4,12.0,18.0,-4.2,7.8,3,20.5,249,53,2025-10-12 08:00:00+00:00
31.1,59,22.1,1007.6,1008.3,18,8,14,0,6.1,2,20.2,0.0,640.0,-0.3,11.0,18.1,-4.0,10.5,360,20.5,249,53,2025-10-12 09:00:00+00:00
30.7,60,22.1,1007.2,1007.9,11,10,3,0,5.7,351,17.3,0.0,650.0,-0.7,14.0,18.5,-4.0,13.7,358,20.5,249,53,2025-10-12 10:00:00+00:00
29.8,68,23.3,1007.0,1007.7,3,0,3,0,4.7,332,14.4,0.0,1050.0,-2.1,13.0,18.5,-4.0,15.5,360,20.5,249,53,2025-10-12 11:00:00+00:00
28.5,76,23.8,1007.7,1008.4,4,0,4,0,4.1,308,10.1,0.0,1000.0,-0.9,25.0,18.3,-4.2,16.4,2,19.4,248,52,2025-10-12 12:00:00+00:00
27.7,78,23.6,1008.2,1008.9,3,0,3,0,4.4,330,8.6,0.0,820.0,-0.3,49.0,18.1,-4.2,16.4,3,20.5,249,52,2025-10-12 13:00:00+00:00
27.0,81,23.4,1008.9,1009.6,2,0,2,0,3.6,354,8.6,0.0,440.0,0.2,86.0,17.7,-4.2,17.4,5,21.6,251,51,2025-10-12 14:00:00+00:00
26.8,80,23.0,1009.4,1010.1,2,0,2,0,3.1,360,6.8,0.0,160.0,0.5,120.0,17.7,-4.2,16.5,5,23.2,249,52,2025-10-12 15:00:00+00:00
26.7,79,22.7,1009.6,1010.3,2,0,2,0,1.8,6,5.0,0.0,80.0,0.8,163.0,18.1,-4.4,15.1,5,23.2,249,52,2025-10-12 16:00:00+00:00
26.4,80,22.7,1009.5,1010.2,1,0,1,0,1.1,9,3.2,0.0,100.0,1.0,150.0,18.2,-4.4,15.1,3,24.7,247,53,2025-10-12 17:00:00+00:00
25.9,84,23.1,1009.6,1010.3,2,0,2,0,1.6,297,2.2,0.0,160.0,0.9,119.0,18.7,-4.7,11.0,355,29.0,246,54,2025-10-12 18:00:00+00:00
25.6,87,23.4,1009.3,1010.0,2,0,2,0,2.1,301,4.0,0.0,190.0,1.0,115.0,18.6,-4.7,11.9,356,30.6,244,56,2025-10-12 19:00:00+00:00
25.2,89,23.3,1009.1,1009.8,2,0,2,0,2.9,313,5.4,0.0,170.0,1.2,119.0,18.6,-4.7,11.9,353,30.6,244,57,2025-10-12 20:00:00+00:00
25.0,89,23.0,1009.0,1009.7,2,0,2,0,3.5,321,6.5,0.0,140.0,1.5,127.0,18.6,-4.7,12.8,356,29.5,243,57,2025-10-12 21:00:00+00:00
24.7,88,22.6,1009.1,1009.8,2,0,2,0,3.5,321,7.2,0.0,140.0,1.7,130.0,18.6,-4.7,13.7,354,28.4,242,56,2025-10-12 22:00:00+00:00
24.5,88,22.4,1009.5,1010.2,1,0,1,0,3.9,326,7.9,0.0,160.0,2.0,127.0,18.6,-4.9,15.1,353,26.8,243,53,2025-10-12 23:00:00+00:00
24.9,87,22.5,1009.8,1010.5,0,0,0,0,7.3,353,9.4,0.0,300.0,1.7,89.0,18.7,-5.6,20.1,356,20.4,242,54,2025-10-13 00:00:00+00:00
25.5,85,22.8,1010.6,1011.3,0,0,0,0,7.2,356,15.5,0.0,340.0,0.7,76.0,18.6,-5.8,20.6,356,20.0,237,52,2025-10-13 01:00:00+00:00
26.9,80,23.3,1011.4,1012.1,0,0,0,0,5.8,356,15.5,0.0,740.0,-0.4,37.0,18.5,-6.1,21.9,358,19.7,232,51,2025-10-13 02:00:00+00:00
28.4,75,23.6,1011.8,1012.5,0,0,0,0,7.0,12,19.4,0.0,1150.0,-1.0,11.0,18.7,-5.8,22.8,359,19.5,227,50,2025-10-13 03:00:00+00:00
29.8,66,22.7,1011.9,1012.6,1,1,0,0,8.8,28,23.8,0.0,810.0,-0.9,1.0,18.8,-5.8,23.7,359,20.4,225,50,2025-10-13 04:00:00+00:00
30.7,61,22.3,1011.4,1012.1,25,25,2,0,9.2,23,24.8,0.0,660.0,-1.1,9.0,18.2,-5.6,23.3,358,21.2,223,51,2025-10-13 05:00:00+00:00
30.9,59,21.9,1010.8,1011.5,24,13,13,0,9.4,358,24.8,0.0,600.0,-1.3,10.0,18.3,-6.3,22.4,356,21.4,218,53,2025-10-13 06:00:00+00:00
31.1,58,22.0,1010.1,1010.8,23,15,14,0,8.7,353,24.5,0.0,660.0,-1.3,13.0,18.5,-6.1,22.4,355,23.1,219,54,2025-10-13 07:00:00+00:00
30.9,59,22.1,1009.3,1010.0,24,12,15,0,8.7,352,23.8,0.1,770.0,-1.1,11.0,18.6,-6.1,21.0,355,24.0,217,57,2025-10-13 08:00:00+00:00
30.8,61,22.3,1008.8,1009.5,17,10,9,0,8.5,353,23.0,0.0,950.0,-0.8,9.0,18.7,-5.6,21.5,356,25.7,217,57,2025-10-13 09:00:00+00:00
30.2,63,22.4,1008.1,1008.8,10,2,9,0,9.5,345,22.7,0.0,970.0,-1.3,11.0,18.5,-5.4,23.7,359,25.5,221,56,2025-10-13 10:00:00+00:00
29.3,70,23.1,1008.1,1008.8,4,0,4,0,6.9,321,22.7,0.0,1190.0,-1.9,20.0,18.6,-5.1,27.0,6,27.2,225,54,2025-10-13 11:00:00+00:00
28.3,72,22.7,1008.3,1009.0,3,0,3,0,8.3,314,14.8,0.0,820.0,-0.1,51.0,19.3,-5.1,26.3,14,25.0,235,54,2025-10-13 12:00:00+00:00
27.7,74,22.6,1008.8,1009.5,1,0,1,0,7.4,328,15.8,0.0,640.0,0.9,73.0,19.7,-4.9,26.5,16,26.0,236,52,2025-10-13 13:00:00+00:00
27.2,75,22.5,1009.5,1010.2,1,0,1,0,6.9,330,14.4,0.0,530.0,1.5,105.0,20.4,-4.7,27.4,18,26.0,236,51,2025-10-13 14:00:00+00:00
26.7,78,22.5,1009.7,1010.4,0,0,0,0,7.2,323,14.0,0.0,490.0,1.8,132.0,21.0,-4.4,27.8,18,27.4,241,50,2025-10-13 15:00:00+00:00
26.3,79,22.3,1009.9,1010.6,0,0,0,0,6.9,332,14.0,0.0,390.0,2.1,161.0,21.1,-4.4,27.0,16,28.4,242,50,2025-10-13 16:00:00+00:00
25.8,79,22.0,1009.8,1010.5,0,0,0,0,7.2,338,14.0,0.0,200.0,2.6,184.0,21.1,-4.2,25.1,12,30.1,247,49,2025-10-13 17:00:00+00:00
25.8,81,22.3,1009.4,1010.1,0,0,0,0,7.7,336,14.0,0.0,330.0,3.1,142.0,20.6,-4.4,19.9,20,29.5,243,49,2025-10-13 18:00:00+00:00
25.6,82,22.2,1009.0,1009.7,0,0,0,0,6.4,352,14.4,0.0,280.0,3.5,145.0,20.5,-4.4,20.4,24,30.1,247,50,2025-10-13 19:00:00+00:00
25.3,83,22.2,1008.5,1009.2,0,0,0,0,6.0,357,12.6,0.0,270.0,3.7,148.0,20.3,-4.4,19.4,27,30.1,247,51,2025-10-13 20:00:00+00:00
25.0,84,22.1,1008.1,1008.8,0,0,0,0,5.4,8,11.5,0.0,240.0,3.5,154.0,20.0,-4.2,18.6,31,29.6,249,52,2025-10-13 21:00:00+00:00
24.7,85,22.1,1008.0,1008.7,0,0,0,0,5.8,7,11.2,0.0,220.0,3.4,156.0,19.7,-4.2,18.2,32,30.4,252,52,2025-10-13 22:00:00+00:00
24.3,87,22.1,1008.3,1009.0,0,0,0,0,5.4,360,11.2,0.0,210.0,3.6,152.0,19.4,-4.4,17.8,32,30.0,254,53,2025-10-13 23:00:00+00:00
24.7,85,22.1,1009.1,1009.8,0,0,0,0,7.1,9,11.5,0.0,260.0,3.6,126.0,18.8,-4.4,19.3,15,32.8,262,56,2025-10-14 00:00:00+00:00
25.3,84,22.4,1009.9,1010.6,0,0,0,0,7.2,18,14.0,0.0,250.0,2.8,118.0,18.9,-4.4,18.2,18,32.8,262,53,2025-10-14 01:00:00+00:00
26.7,78,22.6,1010.5,1011.2,0,0,0,0,5.7,18,15.1,0.0,480.0,2.0,74.0,18.9,-4.7,18.7,13,31.3,266,50,2025-10-14 02:00:00+00:00
28.2,73,22.8,1010.9,1011.6,0,0,0,0,7.1,19,19.8,0.0,660.0,1.3,37.0,19.1,-4.7,19.4,9,30.1,265,47,2025-10-14 03:00:00+00:00
29.5,66,22.5,1010.8,1011.5,0,0,0,0,8.9,19,24.5,0.0,680.0,1.7,20.0,19.3,-4.7,20.2,8,28.9,265,44,2025-10-14 04:00:00+00:00
30.5,60,21.7,1010.3,1011.0,0,0,0,0,9.8,17,26.6,0.0,450.0,2.4,29.0,19.3,-4.7,21.5,6,29.0,263,43,2025-10-14 05:00:00+00:00
31.2,54,20.7,1009.6,1010.3,0,0,0,0,9.9,4,27.0,0.0,200.0,2.7,49.0,19.4,-4.4,15.1,3,28.8,268,40,2025-10-14 06:00:00+00:00
31.7,52,20.8,1009.0,1009.7,1,1,0,0,9.7,356,27.0,0.0,280.0,2.6,24.0,19.3,-4.4,16.5,6,28.9,265,40,2025-10-14 07:00:00+00:00
31.8,52,20.7,1008.0,1008.7,3,3,0,0,10.8,349,28.1,0.0,330.0,2.4,19.0,19.2,-4.2,15.1,5,26.5,265,41,2025-10-14 08:00:00+00:00
31.5,52,20.5,1007.2,1007.9,2,1,0,0,10.7,346,28.4,0.0,270.0,2.2,36.0,19.3,-4.2,15.6,5,25.3,265,41,2025-10-14 09:00:00+00:00
31.0,54,20.7,1006.7,1007.4,8,2,5,0,9.9,338,27.0,0.0,280.0,1.0,42.0,19.4,-4.0,17.1,9,22.9,264,41,2025-10-14 10:00:00+00:00
29.8,63,22.0,1006.7,1007.4,1,0,1,0,9.4,322,23.8,0.0,710.0,0.5,31.0,19.4,-3.5,19.9,11,21.7,264,41,2025-10-14 11:00:00+00:00
28.6,69,22.4,1007.0,1007.7,3,0,3,0,10.2,309,19.8,0.0,800.0,1.6,57.0,19.4,-3.7,21.0,13,16.8,270,41,2025-10-14 12:00:00+00:00
27.8,74,22.6,1007.5,1008.2,0,0,0,0,9.4,308,20.2,0.0,780.0,2.1,76.0,19.4,-3.5,21.3,10,15.6,266,41,2025-10-14 13:00:00+00:00
27.2,76,22.6,1008.2,1008.9,0,0,0,0,7.9,317,18.4,0.0,660.0,2.7,95.0,19.6,-3.5,21.1,6,15.8,261,41,2025-10-14 14:00:00+00:00
26.8,78,22.6,1008.7,1009.4,0,0,0,0,8.0,322,15.5,0.0,590.0,3.2,105.0,19.8,-3.5,19.6,1,16.0,257,41,2025-10-14 15:00:00+00:00
26.2,81,22.6,1008.7,1009.4,0,0,0,0,6.9,332,15.5,0.0,520.0,3.7,114.0,20.0,-3.5,19.7,355,17.0,262,41,2025-10-14 16:00:00+00:00
25.8,82,22.4,1008.7,1009.4,0,0,0,0,6.3,342,13.3,0.0,360.0,4.3,138.0,19.9,-3.7,20.7,352,18.4,259,41,2025-10-14 17:00:00+00:00
25.7,85,23.0,1008.7,1009.4,0,0,0,0,5.2,348,11.9,0.0,690.0,4.6,89.0,19.7,-4.0,13.2,360,18.6,255,39,2025-10-14 18:00:00+00:00
25.5,85,22.8,1008.2,1008.9,0,0,0,0,6.1,358,11.9,0.0,600.0,4.9,94.0,19.7,-4.0,15.1,5,19.8,256,40,2025-10-14 19:00:00+00:00
25.1,86,22.6,1007.9,1008.6,0,0,0,0,7.1,354,14.0,0.0,500.0,5.1,102.0,19.4,-4.0,15.7,10,21.3,254,41,2025-10-14 20:00:00+00:00
24.7,86,22.2,1007.6,1008.3,0,0,0,0,8.3,358,16.6,0.0,290.0,5.2,138.0,19.2,-4.0,16.9,14,22.4,254,42,2025-10-14 21:00:00+00:00
24.4,85,21.8,1007.8,1008.5,0,0,0,0,7.8,5,16.6,0.0,170.0,5.5,169.0,18.9,-4.0,17.6,17,24.5,259,44,2025-10-14 22:00:00+00:00
24.0,87,21.7,1007.9,1008.6,0,0,0,0,7.1,9,15.1,0.0,170.0,5.6,114.0,19.1,-4.0,17.9,19,25.5,262,44,2025-10-14 23:00:00+00:00
24.4,86,21.9,1008.7,1009.4,1,0,1,0,8.3,354,14.0,0.0,240.0,5.3,131.0,18.8,-4.4,21.2,9,25.2,270,47,2025-10-15 00:00:00+00:00
25.1,83,22.1,1009.7,1010.4,1,0,1,0,8.0,352,16.9,0.0,260.0,4.2,116.0,19.1,-4.4,19.9,11,25.2,270,47,2025-10-15 01:00:00+00:00
26.5,78,22.3,1010.4,1011.1,0,0,0,0,7.1,350,18.4,0.0,410.0,2.9,71.0,19.2,-4.7,19.7,7,26.4,273,47,2025-10-15 02:00:00+00:00
28.1,71,22.4,1010.8,1011.5,0,0,0,0,7.6,353,21.6,0.0,590.0,1.9,36.0,19.3,-4.7,19.6,4,26.5,275,47,2025-10-15 03:00:00+00:00
29.8,61,21.4,1010.7,1011.4,0,0,0,0,9.5,2,26.3,0.0,390.0,1.2,49.0,19.3,-4.7,19.1,359,26.5,275,46,2025-10-15 04:00:00+00:00
30.9,53,20.2,1010.1,1010.8,0,0,0,0,10.1,4,28.1,0.0,180.0,0.9,117.0,19.6,-4.7,20.2,352,26.5,275,44,2025-10-15 05:00:00+00:00
31.7,47,19.2,1009.5,1010.2,0,0,0,0,10.1,358,29.5,0.0,100.0,1.1,129.0,19.4,-4.9,19.6,348,22.8,273,47,2025-10-15 06:00:00+00:00
32.4,42,17.9,1008.5,1009.2,0,0,0,0,10.8,345,29.5,0.0,10.0,1.2,142.0,19.6,-4.9,20.8,345,22.8,273,46,2025-10-15 07:00:00+00:00
32.4,42,17.7,1007.5,1008.2,0,0,0,0,11.3,340,30.2,0.0,0.0,1.5,168.0,19.4,-4.9,19.5,344,22.8,270,47,2025-10-15 08:00:00+00:00
32.0,42,17.5,1006.8,1007.5,0,0,0,0,11.4,335,30.2,0.0,0.0,1.7,120.0,19.7,-4.9,19.8,345,22.8,267,47,2025-10-15 09:00:00+00:00
31.3,44,17.5,1006.1,1006.8,0,0,0,0,10.8,334,29.5,0.0,0.0,0.7,135.0,19.8,-4.7,20.5,348,22.9,264,47,2025-10-15 10:00:00+00:00
30.1,49,18.1,1006.3,1007.0,0,0,0,0,9.4,343,26.6,0.0,0.0,0.3,159.0,19.9,-4.4,19.8,352,21.9,261,47,2025-10-15 11:00:00+00:00
28.8,62,20.8,1006.6,1007.3,0,0,0,0,6.4,324,18.4,0.0,180.0,1.9,159.0,20.4,-4.4,18.0,351,18.8,243,47,2025-10-15 12:00:00+00:00
28.1,67,21.3,1007.2,1007.9,0,0,0,0,5.6,329,12.2,0.0,230.0,2.9,165.0,20.4,-4.2,16.0,355,19.3,240,48,2025-10-15 13:00:00+00:00
27.2,73,21.8,1008.2,1008.9,0,0,0,0,3.9,332,10.8,0.0,190.0,3.5,204.0,20.5,-4.2,14.2,354,19.0,235,48,2025-10-15 14:00:00+00:00
26.8,76,22.1,1008.7,1009.4,0,0,0,0,1.8,315,7.2,0.0,140.0,3.9,233.0,20.6,-4.4,11.4,355,19.0,235,48,2025-10-15 15:00:00+00:00
26.4,77,22.0,1008.8,1009.5,0,0,0,0,1.5,306,3.2,0.0,70.0,4.4,271.0,20.8,-4.4,9.1,357,19.7,232,49,2025-10-15 16:00:00+00:00
25.9,79,22.0,1008.8,1009.5,0,0,0,0,1.5,315,3.2,0.0,50.0,4.6,279.0,20.9,-4.4,7.7,360,20.6,234,50,2025-10-15 17:00:00+00:00
25.6,84,22.6,1008.6,1009.3,1,1,0,0,2.7,318,2.9,0.0,160.0,4.5,171.0,21.0,-4.4,5.9,356,22.1,248,50,2025-10-15 18:00:00+00:00
25.4,82,22.2,1008.3,1009.0,0,0,0,0,3.3,324,6.1,0.0,110.0,4.4,183.0,20.8,-4.4,5.9,356,23.2,249,51,2025-10-15 19:00:00+00:00
25.1,81,21.7,1008.1,1008.8,0,0,0,0,4.3,318,8.6,0.0,90.0,4.4,213.0,20.3,-4.7,6.4,352,24.3,250,51,2025-10-15 20:00:00+00:00
24.8,81,21.3,1008.1,1008.8,0,0,0,0,6.8,310,13.0,0.0,60.0,4.6,257.0,19.9,-4.7,6.9,352,23.2,249,52,2025-10-15 21:00:00+00:00
24.3,81,20.9,1008.0,1008.7,0,0,0,0,6.8,307,14.4,0.0,20.0,4.6,308.0,19.7,-4.7,7.8,357,22.5,245,54,2025-10-15 22:00:00+00:00
23.6,84,20.7,1008.2,1008.9,0,0,0,0,5.7,305,13.3,0.0,0.0,4.7,173.0,19.7,-4.9,8.2,3,21.5,243,59,2025-10-15 23:00:00+00:00
23.7,83,20.6,1009.0,1009.7,0,0,0,0,7.3,312,11.5,0.0,0.0,4.4,273.0,19.8,-5.1,1.6,304,23.3,235,62,2025-10-16 00:00:00+00:00
24.1,80,20.4,1009.7,1010.4,0,0,0,0,6.9,311,15.1,0.0,0.0,3.4,179.0,19.6,-5.1,1.6,326,23.8,229,62,2025-10-16 01:00:00+00:00
25.4,73,20.3,1010.5,1011.2,0,0,0,0,5.5,328,16.6,0.0,0.0,2.2,181.0,19.6,-5.1,1.0,333,23.8,225,59,2025-10-16 02:00:00+00:00
27.4,66,20.6,1011.0,1011.7,0,0,0,0,4.9,336,18.0,0.0,40.0,1.5,253.0,19.6,-5.1,0.6,315,24.6,223,56,2025-10-16 03:00:00+00:00
29.5,58,20.5,1011.0,1011.7,0,0,0,0,5.5,347,20.2,0.0,150.0,1.3,154.0,19.4,-4.9,0.5,360,23.8,221,54,2025-10-16 04:00:00+00:00
31.2,50,19.6,1010.3,1011.0,0,0,0,0,5.3,352,20.9,0.0,80.0,1.1,155.0,19.3,-4.9,1.6,326,23.8,221,54,2025-10-16 05:00:00+00:00
31.7,46,18.7,1009.5,1010.2,0,0,0,0,6.6,339,20.9,0.0,30.0,1.2,169.0,19.2,-4.9,6.8,340,23.8,221,54,2025-10-16 06:00:00+00:00
32.5,43,18.4,1008.4,1009.1,0,0,0,0,6.7,341,24.1,0.0,20.0,1.3,179.0,18.9,-4.9,7.6,343,23.8,221,54,2025-10-16 07:00:00+00:00
32.5,43,18.5,1007.5,1008.2,2,2,0,0,6.4,342,24.1,0.0,30.0,1.4,157.0,18.7,-5.1,7.6,343,22.9,223,54,2025-10-16 08:00:00+00:00
32.3,44,18.5,1006.9,1007.6,0,0,0,0,6.9,335,23.0,0.0,20.0,1.5,157.0,18.7,-4.9,7.2,342,23.8,225,53,2025-10-16 09:00:00+00:00
31.7,46,18.5,1006.7,1007.4,0,0,0,0,7.2,338,22.7,0.0,0.0,1.2,108.0,18.9,-4.9,6.6,344,21.2,227,52,2025-10-16 10:00:00+00:00
30.8,48,18.6,1007.0,1007.7,0,0,0,0,6.9,337,21.2,0.0,0.0,0.1,138.0,19.6,-4.7,5.1,350,20.4,230,52,2025-10-16 11:00:00+00:00
29.6,58,20.4,1007.2,1007.9,0,0,0,0,8.3,321,17.6,0.0,180.0,1.7,136.0,20.6,-4.9,2.0,63,17.0,225,52,2025-10-16 12:00:00+00:00
28.8,64,21.3,1008.1,1008.8,0,0,0,0,6.9,319,16.2,0.0,370.0,2.5,127.0,21.4,-4.9,4.7,119,17.0,225,52,2025-10-16 13:00:00+00:00
28.1,67,21.4,1009.2,1009.9,0,0,0,0,6.2,306,13.7,0.0,310.0,2.9,156.0,21.6,-4.9,5.8,129,16.1,222,52,2025-10-16 14:00:00+00:00
27.3,72,21.7,1009.8,1010.5,0,0,0,0,4.8,299,12.2,0.0,290.0,3.2,181.0,21.2,-4.9,7.1,140,16.1,222,50,2025-10-16 15:00:00+00:00
26.6,76,22.0,1009.9,1010.6,0,0,0,0,3.0,295,9.4,0.0,230.0,3.3,209.0,20.6,-4.9,7.7,152,17.1,219,49,2025-10-16 16:00:00+00:00
25.9,82,22.6,1009.9,1010.6,0,0,0,0,2.1,322,6.1,0.0,180.0,3.6,227.0,20.2,-5.1,8.4,158,18.7,220,48,2025-10-16 17:00:00+00:00
25.9,85,23.1,1009.9,1010.6,0,0,0,0,0.6,252,4.0,0.0,440.0,3.4,153.0,19.4,-5.4,9.4,166,20.6,216,48,2025-10-16 18:00:00+00:00
25.7,86,23.1,1009.5,1010.2,0,0,0,0,0.7,256,1.8,0.0,480.0,3.6,141.0,19.1,-5.4,9.0,165,20.6,216,46,2025-10-16 19:00:00+00:00
25.1,88,23.0,1009.4,1010.1,0,0,0,0,1.9,311,3.6,0.0,470.0,3.7,133.0,18.8,-5.4,8.3,174,23.1,219,44,2025-10-16 20:00:00+00:00
24.6,90,22.9,1009.6,1010.3,0,0,0,0,3.1,332,6.5,0.0,390.0,3.7,128.0,18.7,-5.4,7.8,177,23.8,221,43,2025-10-16 21:00:00+00:00
24.1,91,22.6,1009.6,1010.3,0,0,0,0,4.0,330,7.9,0.0,230.0,3.8,157.0,18.5,-5.4,7.3,176,24.6,223,43,2025-10-16 22:00:00+00:00
23.6,92,22.3,1009.9,1010.6,0,0,0,0,3.1,324,7.9,0.0,170.0,3.8,183.0,18.2,-5.4,6.9,172,25.5,225,42,2025-10-16 23:00:00+00:00
23.9,91,22.3,1010.6,1011.3,0,0,0,0,3.7,346,6.1,0.0,250.0,3.2,162.0,18.0,-5.8,11.2,168,25.5,229,44,2025-10-17 00:00:00+00:00
25.0,85,22.3,1011.7,1012.4,0,0,0,0,4.6,334,10.4,0.0,250.0,2.0,169.0,17.9,-6.1,10.8,165,25.5,229,47,2025-10-17 01:00:00+00:00
27.0,74,22.0,1012.3,1013.0,0,0,0,0,3.5,332,13.0,0.0,420.0,0.4,114.0,17.7,-6.1,11.4,164,26.4,231,49,2025-10-17 02:00:00+00:00
29.3,62,21.2,1012.6,1013.3,0,0,0,0,4.7,351,17.6,0.0,380.0,-0.8,88.0,17.9,-6.1,11.7,159,25.5,229,50,2025-10-17 03:00:00+00:00
31.0,54,20.7,1012.6,1013.3,0,0,0,0,4.4,21,19.1,0.0,370.0,-1.2,74.0,18.0,-5.8,11.5,162,26.4,231,50,2025-10-17 04:00:00+00:00
32.1,50,20.5,1012.1,1012.8,0,0,0,0,4.2,43,19.8,0.0,420.0,-1.2,53.0,17.9,-5.8,8.0,167,27.4,232,50,2025-10-17 05:00:00+00:00
32.3,49,20.1,1011.0,1011.7,30,30,0,0,2.4,17,19.4,0.0,440.0,-0.8,41.0,18.2,-5.8,5.1,190,27.6,236,48,2025-10-17 06:00:00+00:00
34.1,42,19.3,1009.8,1010.5,48,46,2,0,2.5,360,17.6,0.0,210.0,-0.6,53.0,18.6,-5.6,4.1,180,27.6,236,48,2025-10-17 07:00:00+00:00
34.0,44,19.9,1008.7,1009.4,8,2,5,0,4.8,340,20.2,0.0,600.0,-0.5,25.0,18.5,-5.4,3.3,214,28.6,237,47,2025-10-17 08:00:00+00:00
33.6,45,20.2,1007.9,1008.6,22,12,12,0,5.4,320,20.5,0.0,690.0,-0.3,26.0,18.5,-5.1,3.2,262,28.0,239,46,2025-10-17 09:00:00+00:00
33.2,46,20.0,1007.3,1008.0,66,62,9,0,7.1,319,21.6,0.0,470.0,0.1,40.0,18.5,-4.7,2.3,281,27.0,238,46,2025-10-17 10:00:00+00:00
31.6,53,21.0,1007.7,1008.4,14,5,9,0,7.1,333,22.0,0.0,800.0,-0.7,36.0,18.5,-4.4,1.8,180,27.0,238,46,2025-10-17 11:00:00+00:00
30.4,60,21.9,1008.2,1008.9,21,21,1,0,5.7,336,18.7,0.0,940.0,1.2,16.0,18.6,-4.2,3.6,130,21.0,239,47,2025-10-17 12:00:00+00:00
30.2,63,22.2,1009.1,1009.8,5,4,2,0,5.6,329,13.3,0.0,980.0,2.4,20.0,18.6,-4.0,7.6,123,22.0,241,48,2025-10-17 13:00:00+00:00
29.3,68,22.8,1009.8,1010.5,2,0,2,0,6.1,315,13.7,0.0,1450.0,2.8,51.0,18.8,-4.0,9.6,121,22.0,241,48,2025-10-17 14:00:00+00:00
28.9,70,22.8,1010.5,1011.2,1,0,1,0,4.6,318,12.6,0.0,1370.0,2.9,68.0,19.1,-4.0,10.4,119,23.1,242,48,2025-10-17 15:00:00+00:00
28.4,74,23.4,1010.7,1011.4,0,0,0,0,1.7,328,9.0,0.0,1220.0,3.0,79.0,19.2,-4.0,10.0,120,23.6,246,47,2025-10-17 16:00:00+00:00
27.9,76,23.3,1010.8,1011.5,0,0,0,0,1.8,336,4.3,0.0,1150.0,3.0,98.0,19.3,-4.0,9.9,124,23.6,246,46,2025-10-17 17:00:00+00:00
27.2,79,23.1,1010.8,1011.5,1,0,1,0,5.4,323,5.4,0.0,1210.0,2.9,88.0,18.7,-4.2,12.3,132,19.0,252,43,2025-10-17 18:00:00+00:00
27.0,79,23.1,1010.4,1011.1,0,0,0,0,6.0,323,11.2,0.0,1020.0,3.0,30.0,18.7,-4.2,12.0,130,20.1,253,43,2025-10-17 19:00:00+00:00
26.6,81,23.0,1009.9,1010.6,2,2,0,0,6.8,342,12.6,0.0,1000.0,3.2,20.0,18.6,-4.2,12.0,127,20.1,253,44,2025-10-17 20:00:00+00:00
26.5,77,22.1,1009.9,1010.6,4,4,0,0,6.3,340,13.3,0.0,980.0,3.4,15.0,18.3,-4.4,11.0,120,20.1,253,47,2025-10-17 21:00:00+00:00
26.3,76,21.8,1010.2,1010.9,1,1,0,0,6.6,344,12.6,0.0,960.0,3.5,15.0,18.0,-4.4,10.2,111,20.1,253,49,2025-10-17 22:00:00+00:00
25.7,78,21.7,1010.1,1010.8,0,0,0,0,6.4,349,13.3,0.0,940.0,3.6,8.0,17.5,-4.4,11.1,99,19.0,252,50,2025-10-17 23:00:00+00:00
25.7,79,21.8,1010.7,1011.4,0,0,0,0,7.3,351,13.0,0.0,980.0,3.6,3.0,17.7,-4.4,11.7,111,13.7,255,48,2025-10-18 00:00:00+00:00
26.2,77,21.9,1011.4,1012.1,27,1,27,0,6.3,7,14.4,0.0,960.0,2.4,5.0,17.4,-4.7,13.0,102,13.4,243,48,2025-10-18 01:00:00+00:00
27.8,71,22.1,1011.6,1012.3,13,5,12,0,5.4,4,16.6,0.0,930.0,0.3,8.0,17.4,-4.7,13.7,94,13.4,243,46,2025-10-18 02:00:00+00:00
30.0,61,21.7,1011.9,1012.6,7,6,2,0,6.7,9,20.9,0.0,970.0,-2.2,9.0,17.4,-4.7,14.6,88,13.0,236,43,2025-10-18 03:00:00+00:00
31.6,55,21.6,1011.8,1012.5,1,1,0,0,7.6,31,24.5,0.0,1010.0,-3.3,7.0,17.5,-4.9,13.7,84,14.4,228,41,2025-10-18 04:00:00+00:00
32.7,52,21.4,1011.1,1011.8,20,13,13,0,7.1,56,25.2,0.1,940.0,-3.8,13.0,18.1,-4.9,8.6,65,17.0,225,41,2025-10-18 05:00:00+00:00
32.6,52,21.4,1010.3,1011.0,15,5,12,0,6.2,54,24.5,0.0,1240.0,-3.5,13.0,18.3,-5.1,4.3,72,17.1,231,42,2025-10-18 06:00:00+00:00
33.8,48,21.1,1009.2,1009.9,18,5,17,0,5.5,44,22.3,0.0,1220.0,-3.4,11.0,18.8,-5.4,5.3,59,18.7,230,41,2025-10-18 07:00:00+00:00
33.7,48,21.3,1008.2,1008.9,24,14,15,0,5.6,45,22.3,0.0,1370.0,-3.2,7.0,19.1,-5.4,5.6,55,19.7,232,39,2025-10-18 08:00:00+00:00
33.3,49,21.3,1007.4,1008.1,42,17,31,0,5.1,27,21.6,0.0,1160.0,-2.6,9.0,19.3,-5.4,5.8,51,21.4,232,39,2025-10-18 09:00:00+00:00
32.4,52,21.3,1007.0,1007.7,48,21,38,0,3.5,28,19.4,0.2,1220.0,-2.5,11.0,19.3,-5.1,5.8,51,22.3,234,42,2025-10-18 10:00:00+00:00
30.2,64,22.5,1007.6,1008.3,70,17,66,0,5.5,113,15.8,0.4,1510.0,-3.5,26.0,19.1,-5.1,5.2,38,23.3,235,49,2025-10-18 11:00:00+00:00
29.2,65,22.0,1007.7,1008.4,5,0,5,0,5.8,158,16.6,0.1,2220.0,-2.6,14.0,19.2,-5.1,8.5,36,22.0,241,44,2025-10-18 12:00:00+00:00
29.1,66,22.2,1008.4,1009.1,11,9,2,1,2.1,200,14.0,0.0,2250.0,-2.2,9.0,19.2,-5.1,8.7,43,22.0,241,41,2025-10-18 13:00:00+00:00
29.3,65,22.2,1009.2,1009.9,6,6,0,0,2.7,200,7.6,0.0,2200.0,-2.0,12.0,19.1,-5.4,9.7,49,21.5,243,37,2025-10-18 14:00:00+00:00
29.2,66,22.3,1009.6,1010.3,1,1,0,0,5.4,172,11.9,0.0,2120.0,-2.1,11.0,19.1,-5.4,10.1,54,22.1,248,36,2025-10-18 15:00:00+00:00
28.8,69,22.6,1009.7,1010.4,0,0,0,0,4.7,180,13.0,0.0,1960.0,-2.4,19.0,18.9,-5.4,10.8,62,21.3,254,36,2025-10-18 16:00:00+00:00
28.7,70,22.8,1009.5,1010.2,0,0,0,0,4.2,198,9.7,0.0,1760.0,-2.4,32.0,18.6,-5.4,11.0,66,22.4,254,37,2025-10-18 17:00:00+00:00
28.1,78,24.0,1009.5,1010.2,5,0,5,0,2.1,218,8.6,0.0,2360.0,-2.7,29.0,18.1,-6.1,10.9,88,23.1,242,37,2025-10-18 18:00:00+00:00
28.0,78,23.9,1009.1,1009.8,2,2,2,0,1.1,252,4.3,0.0,2340.0,-2.3,30.0,17.7,-6.1,12.4,84,23.7,240,38,2025-10-18 19:00:00+00:00
27.7,80,23.8,1008.8,1009.5,5,1,4,0,2.6,309,5.4,0.0,2340.0,-2.2,35.0,17.4,-6.1,12.4,84,23.7,240,37,2025-10-18 20:00:00+00:00
27.1,84,24.1,1008.7,1009.4,9,3,8,0,4.8,338,10.1,0.0,2390.0,-2.2,38.0,17.4,-6.1,11.5,81,23.1,242,37,2025-10-18 21:00:00+00:00
26.0,90,24.3,1008.6,1009.3,26,3,24,0,3.2,56,12.6,0.0,2230.0,-2.1,7.0,17.4,-6.1,11.4,74,21.5,243,38,2025-10-18 22:00:00+00:00
24.6,87,22.2,1009.2,1009.9,58,9,50,8,4.6,228,23.8,0.3,1620.0,-1.8,23.0,17.4,-6.3,12.4,66,19.9,245,38,2025-10-18 23:00:00+00:00
26.2,90,24.4,1009.6,1010.3,13,2,12,0,7.2,22,11.2,0.0,2490.0,-1.8,46.0,17.0,-6.8,13.0,72,15.6,247,37,2025-10-19 00:00:00+00:00
26.8,86,24.2,1010.4,1011.1,45,13,41,0,5.2,70,13.0,0.0,2250.0,-2.7,40.0,17.1,-6.8,16.8,68,16.1,243,36,2025-10-19 01:00:00+00:00
28.6,76,24.0,1011.0,1011.7,13,6,6,0,4.4,35,15.1,0.0,2430.0,-3.9,29.0,16.9,-6.8,21.1,68,15.0,241,36,2025-10-19 02:00:00+00:00
30.6,67,23.9,1011.3,1012.0,11,4,7,0,6.0,29,19.8,0.0,2770.0,-4.7,8.0,16.9,-6.5,21.9,69,16.3,234,34,2025-10-19 03:00:00+00:00
32.3,56,22.4,1011.3,1012.0,9,5,5,0,8.8,44,26.6,0.0,1930.0,-5.0,4.0,17.1,-6.3,19.4,66,17.1,231,33,2025-10-19 04:00:00+00:00
33.4,49,21.1,1010.7,1011.4,14,2,9,3,8.8,51,27.4,0.0,1370.0,-5.0,6.0,17.6,-6.3,17.9,63,19.5,227,33,2025-10-19 05:00:00+00:00
33.7,46,20.6,1009.7,1010.4,20,7,16,1,8.3,44,28.4,0.0,1230.0,-4.6,1.0,18.3,-6.3,11.0,66,21.4,232,33,2025-10-19 06:00:00+00:00
34.5,42,19.8,1008.8,1009.5,24,14,16,2,8.8,41,27.4,0.0,870.0,-4.2,2.0,18.7,-6.1,11.4,53,23.3,235,33,2025-10-19 07:00:00+00:00
34.7,38,18.5,1007.7,1008.4,24,0,23,1,8.8,43,27.7,0.0,380.0,-3.6,17.0,19.1,-5.8,12.3,48,26.3,240,33,2025-10-19 08:00:00+00:00
34.3,39,18.2,1006.7,1007.4,15,0,15,1,7.9,33,26.6,0.0,240.0,-3.2,31.0,19.2,-5.4,13.2,46,29.0,246,34,2025-10-19 09:00:00+00:00
33.8,40,18.4,1006.2,1006.9,9,0,9,0,7.9,33,24.1,0.0,230.0,-3.2,31.0,19.3,-5.4,14.2,50,31.2,254,33,2025-10-19 10:00:00+00:00
32.7,43,18.7,1006.2,1006.9,4,0,4,0,8.9,47,23.0,0.0,180.0,-4.1,57.0,19.4,-5.1,14.3,59,32.0,257,33,2025-10-19 11:00:00+00:00
32.0,53,21.4,1006.4,1007.1,7,0,7,0,6.3,72,22.0,0.0,1460.0,-2.9,24.0,19.2,-4.9,13.9,58,31.8,259,31,2025-10-19 12:00:00+00:00
31.8,56,21.9,1007.1,1007.8,3,0,0,3,4.6,99,12.2,0.0,1620.0,-2.3,20.0,18.7,-4.7,12.3,59,30.6,259,33,2025-10-19 13:00:00+00:00
31.3,59,22.3,1008.2,1008.9,4,0,0,4,1.8,96,8.6,0.0,1540.0,-2.1,22.0,18.5,-4.7,11.5,56,29.2,261,30,2025-10-19 14:00:00+00:00
30.7,66,23.6,1008.9,1009.6,0,0,0,0,0.2,270,3.6,0.0,1510.0,-1.8,39.0,18.3,-4.7,12.0,53,28.0,260,29,2025-10-19 15:00:00+00:00
29.5,64,21.9,1009.4,1010.1,9,4,0,5,2.5,240,5.4,0.0,1340.0,-1.5,42.0,18.1,-4.7,12.4,54,28.0,260,28,2025-10-19 16:00:00+00:00
29.1,67,22.4,1009.4,1010.1,0,0,0,0,5.1,247,9.7,0.0,1630.0,-1.0,43.0,18.1,-4.9,13.9,58,28.0,260,29,2025-10-19 17:00:00+00:00
28.6,74,23.6,1009.3,1010.0,42,0,0,42,2.7,266,10.8,0.0,2840.0,-0.8,35.0,17.7,-5.8,13.4,72,22.9,264,28,2025-10-19 18:00:00+00:00
28.3,77,23.8,1008.9,1009.6,81,0,0,81,3.7,305,7.6,0.0,2810.0,-0.9,37.0,17.5,-5.8,13.1,70,22.9,264,29,2025-10-19 19:00:00+00:00
27.4,83,24.2,1008.7,1009.4,52,0,0,52,3.6,327,8.3,0.0,2630.0,-0.8,31.0,17.3,-6.1,13.7,64,22.9,264,30,2025-10-19 20:00:00+00:00
26.7,87,24.4,1008.7,1009.4,1,0,0,1,1.5,315,7.2,0.0,2650.0,-0.6,46.0,17.5,-5.8,15.3,60,22.8,267,30,2025-10-19 21:00:00+00:00
26.3,90,24.6,1008.7,1009.4,11,0,1,10,4.1,345,7.9,0.0,2610.0,-0.4,48.0,18.3,-5.6,16.6,58,21.6,270,30,2025-10-19 22:00:00+00:00
25.9,92,24.4,1008.8,1009.5,7,0,2,5,4.7,358,9.4,0.0,2290.0,-0.2,62.0,18.3,-5.4,18.5,57,21.6,273,30,2025-10-19 23:00:00+00:00
25.7,87,23.5,1009.4,1010.1,89,0,0,89,8.0,9,11.5,0.0,1610.0,0.2,97.0,18.5,-5.6,20.2,65,18.2,278,26,2025-10-20 00:00:00+00:00
26.5,81,22.9,1010.0,1010.7,58,0,0,58,8.8,17,16.9,0.0,1140.0,-0.4,114.0,18.5,-5.4,21.6,65,17.2,282,26,2025-10-20 01:00:00+00:00
28.5,71,22.7,1010.9,1011.6,23,0,0,23,7.0,21,18.7,0.0,1430.0,-1.5,81.0,18.6,-5.4,21.2,65,14.8,284,23,2025-10-20 02:00:00+00:00
30.7,65,23.3,1011.3,1012.0,0,0,0,0,8.4,31,23.8,0.0,2270.0,-2.4,26.0,18.8,-4.9,21.6,60,14.0,290,22,2025-10-20 03:00:00+00:00
32.4,55,22.3,1011.2,1011.9,3,3,0,0,11.1,37,30.2,0.0,1900.0,-2.4,9.0,18.7,-4.9,19.2,54,12.4,299,20,2025-10-20 04:00:00+00:00
33.7,46,20.4,1010.7,1011.4,14,14,0,0,11.8,40,32.8,0.0,1030.0,-1.9,8.0,18.7,-4.7,16.2,52,11.1,319,18,2025-10-20 05:00:00+00:00
34.3,40,18.8,1010.0,1010.7,13,3,13,0,10.0,39,32.8,0.0,430.0,-1.3,2.0,18.8,-4.9,10.2,58,8.5,352,21,2025-10-20 06:00:00+00:00
34.9,38,18.3,1009.0,1009.7,28,9,23,0,9.9,38,29.5,0.0,330.0,-1.0,4.0,19.2,-4.9,9.9,56,9.7,7,19,2025-10-20 07:00:00+00:00
35.0,36,17.8,1008.0,1008.7,11,0,11,0,10.1,35,29.5,0.0,200.0,-0.5,10.0,19.3,-4.9,8.4,49,10.7,27,18,2025-10-20 08:00:00+00:00
34.7,37,17.9,1007.2,1007.9,9,0,9,0,10.2,32,29.5,0.0,170.0,-0.1,18.0,19.3,-4.7,8.1,38,11.1,41,17,2025-10-20 09:00:00+00:00
34.2,38,18.0,1006.5,1007.2,17,0,11,7,8.9,34,28.4,0.0,130.0,-0.9,28.0,19.3,-4.4,8.8,28,12.8,49,16,2025-10-20 10:00:00+00:00
33.1,42,18.6,1006.7,1007.4,0,0,0,0,8.7,42,24.5,0.0,190.0,-1.1,41.0,19.3,-4.2,10.6,25,13.0,56,13,2025-10-20 11:00:00+00:00
32.1,51,20.8,1007.2,1007.9,5,0,5,0,7.3,351,19.1,0.0,980.0,-0.2,32.0,19.1,-4.2,14.5,32,15.0,61,11,2025-10-20 12:00:00+00:00
30.8,58,21.7,1008.2,1008.9,2,0,2,0,6.7,355,14.0,0.0,1130.0,0.3,70.0,19.1,-4.2,15.9,37,16.1,63,11,2025-10-20 13:00:00+00:00
29.9,63,22.0,1009.5,1010.2,2,0,2,0,3.1,31,13.0,0.0,840.0,0.9,101.0,18.8,-4.0,16.5,39,15.6,67,10,2025-10-20 14:00:00+00:00
29.0,70,23.1,1010.4,1011.1,5,0,0,5,2.2,355,6.5,0.0,750.0,1.3,117.0,18.6,-4.0,15.8,41,14.5,66,9,2025-10-20 15:00:00+00:00
28.6,69,22.3,1010.4,1011.1,0,0,0,0,2.4,312,5.0,0.0,660.0,1.6,122.0,18.6,-4.0,15.1,46,12.9,68,9,2025-10-20 16:00:00+00:00
28.5,66,21.6,1010.2,1010.9,5,0,0,5,6.0,327,11.2,0.0,590.0,1.9,126.0,18.5,-4.0,15.2,49,12.9,68,9,2025-10-20 17:00:00+00:00
27.6,76,23.0,1010.3,1011.0,0,0,0,0,7.7,351,15.8,0.0,1440.0,2.0,94.0,18.3,-4.4,11.0,52,17.2,78,16,2025-10-20 18:00:00+00:00
27.0,77,22.7,1010.0,1010.7,0,0,0,0,7.9,4,16.2,0.0,1140.0,2.2,110.0,18.2,-4.4,12.3,51,17.0,82,14,2025-10-20 19:00:00+00:00
26.5,79,22.5,1009.6,1010.3,0,0,0,0,7.7,9,15.8,0.0,860.0,2.4,130.0,18.0,-4.4,13.6,50,16.8,86,16,2025-10-20 20:00:00+00:00
26.1,79,22.2,1009.9,1010.6,0,0,0,0,7.6,12,14.8,0.0,650.0,2.4,145.0,17.9,-4.4,15.8,49,15.6,86,16,2025-10-20 21:00:00+00:00
25.6,80,21.8,1009.7,1010.4,0,0,0,0,7.3,23,14.4,0.0,430.0,2.3,161.0,17.6,-4.4,17.7,48,15.6,86,16,2025-10-20 22:00:00+00:00
25.1,80,21.5,1010.1,1010.8,0,0,0,0,9.1,27,17.3,0.0,260.0,2.1,183.0,17.4,-4.4,18.7,56,14.4,90,16,2025-10-20 23:00:00+00:00
25.1,85,22.4,1010.6,1011.3,0,0,0,0,8.8,17,18.7,0.0,600.0,1.5,143.0,18.2,-4.4,18.8,51,19.3,97,10,2025-10-21 00:00:00+00:00
26.0,81,22.5,1011.5,1012.2,0,0,0,0,9.1,17,17.6,0.0,630.0,0.6,133.0,18.0,-4.4,18.6,68,19.5,101,11,2025-10-21 01:00:00+00:00
28.1,73,22.7,1012.1,1012.8,0,0,0,0,6.6,22,18.4,0.0,1120.0,-0.8,82.0,18.2,-4.4,17.9,83,18.6,105,9,2025-10-21 02:00:00+00:00
30.3,66,23.2,1012.3,1013.0,0,0,0,0,7.1,27,21.2,0.0,1830.0,-1.6,26.0,18.3,-4.4,16.9,92,19.0,108,9,2025-10-21 03:00:00+00:00
32.2,55,22.0,1012.4,1013.1,10,2,9,0,10.0,33,28.1,0.0,1390.0,-1.3,7.0,18.3,-4.4,13.2,92,18.3,113,9,2025-10-21 04:00:00+00:00
33.4,47,20.6,1011.8,1012.5,15,10,11,0,10.7,31,31.0,0.0,810.0,-0.7,9.0,18.5,-4.4,9.7,79,17.7,118,8,2025-10-21 05:00:00+00:00
33.7,43,19.4,1010.8,1011.5,14,7,13,0,9.0,26,30.6,0.0,420.0,0.2,14.0,18.3,-4.2,2.3,79,12.4,119,8,2025-10-21 06:00:00+00:00
34.5,40,18.9,1009.9,1010.6,11,3,11,0,8.7,21,27.4,0.0,310.0,0.7,20.0,18.5,-4.2,2.0,63,11.3,122,8,2025-10-21 07:00:00+00:00
34.6,39,18.6,1008.7,1009.4,5,2,3,0,8.1,12,26.6,0.0,230.0,1.3,25.0,18.3,-4.0,3.8,14,10.3,126,8,2025-10-21 08:00:00+00:00
34.4,39,18.3,1008.1,1008.8,2,2,1,0,7.9,3,25.2,0.0,140.0,1.6,56.0,18.3,-4.0,5.0,5,10.3,126,7,2025-10-21 09:00:00+00:00
33.8,41,18.7,1007.7,1008.4,4,4,0,0,7.7,360,24.1,0.0,210.0,0.9,41.0,18.3,-4.0,6.4,360,8.7,124,7,2025-10-21 10:00:00+00:00
32.5,46,19.5,1007.8,1008.5,5,3,2,0,7.9,333,22.0,0.0,330.0,0.5,34.0,18.3,-3.7,8.3,9,8.0,117,6,2025-10-21 11:00:00+00:00
30.7,60,22.1,1008.6,1009.3,3,0,3,0,9.3,317,19.4,0.0,1300.0,1.8,46.0,18.8,-4.0,6.1,13,9.1,113,9,2025-10-21 12:00:00+00:00
29.8,60,21.3,1009.0,1009.7,4,0,4,0,8.0,324,19.1,0.0,590.0,2.3,100.0,18.8,-3.7,8.2,19,9.1,113,9,2025-10-21 13:00:00+00:00
29.2,62,21.3,1009.9,1010.6,3,0,3,0,6.5,330,15.8,0.0,470.0,2.6,136.0,18.8,-3.7,9.6,25,9.1,113,8,2025-10-21 14:00:00+00:00
28.5,65,21.4,1010.3,1011.0,0,0,0,0,4.8,333,13.0,0.0,300.0,2.9,181.0,18.6,-3.7,10.5,34,9.1,113,7,2025-10-21 15:00:00+00:00
28.0,66,21.0,1010.5,1011.2,0,0,0,0,5.9,346,11.2,0.0,80.0,3.2,269.0,18.7,-3.7,9.7,49,8.7,124,7,2025-10-21 16:00:00+00:00
27.1,67,20.5,1010.6,1011.3,0,0,0,0,7.2,333,14.0,0.0,20.0,3.8,422.0,18.8,-3.7,8.8,69,7.7,129,8,2025-10-21 17:00:00+00:00
26.6,72,21.2,1010.6,1011.3,0,0,0,0,7.1,336,14.0,0.0,360.0,3.6,33.0,18.5,-4.0,6.7,62,6.0,127,8,2025-10-21 18:00:00+00:00
26.3,76,21.6,1010.2,1010.9,0,0,0,0,6.2,353,13.3,0.0,340.0,4.0,50.0,18.8,-4.0,6.9,98,5.1,135,9,2025-10-21 19:00:00+00:00
25.9,79,21.9,1010.1,1010.8,0,0,0,0,5.3,10,11.9,0.0,390.0,4.3,41.0,18.7,-4.0,7.5,104,3.4,135,10,2025-10-21 20:00:00+00:00
25.9,79,22.0,1010.3,1011.0,0,0,0,0,5.4,15,10.4,0.0,390.0,4.4,152.0,18.5,-3.7,8.6,115,4.3,146,12,2025-10-21 21:00:00+00:00
25.7,81,22.1,1010.4,1011.1,0,0,0,0,5.9,14,11.5,0.0,390.0,4.6,144.0,18.1,-4.0,9.6,121,4.3,146,19,2025-10-21 22:00:00+00:00
25.3,82,22.0,1010.7,1011.4,0,0,0,0,6.1,12,11.9,0.0,320.0,4.8,156.0,17.9,-4.0,10.9,123,4.3,146,28,2025-10-21 23:00:00+00:00
24.9,88,22.8,1011.4,1012.1,0,0,0,0,7.0,342,12.6,0.0,580.0,4.6,114.0,18.7,-4.2,4.3,122,4.9,194,17,2025-10-22 00:00:00+00:00
25.6,85,22.9,1012.2,1012.9,0,0,0,0,7.2,359,14.4,0.0,490.0,4.0,111.0,18.3,-4.4,5.5,114,6.1,191,29,2025-10-22 01:00:00+00:00
27.6,75,22.8,1012.6,1013.3,0,0,0,0,5.4,4,15.8,0.0,760.0,2.5,72.0,18.3,-4.4,3.7,97,7.3,189,21,2025-10-22 02:00:00+00:00
29.8,65,22.4,1012.9,1013.6,0,0,0,0,7.4,3,21.2,0.0,830.0,1.6,33.0,18.2,-4.4,4.1,90,8.5,188,18,2025-10-22 03:00:00+00:00
31.6,53,21.0,1012.7,1013.4,0,0,0,0,8.8,9,25.6,0.0,370.0,1.4,40.0,18.1,-4.2,4.1,96,11.4,198,14,2025-10-22 04:00:00+00:00
32.9,43,18.7,1012.1,1012.8,0,0,0,0,9.8,13,28.8,0.0,20.0,1.9,182.0,18.3,-4.0,2.0,117,13.0,214,12,2025-10-22 05:00:00+00:00
33.0,46,19.8,1011.0,1011.7,0,0,0,0,8.9,8,28.8,0.0,200.0,2.6,40.0,18.3,-4.2,0.6,315,16.1,228,8,2025-10-22 06:00:00+00:00
33.8,43,19.5,1009.9,1010.6,0,0,0,0,7.3,11,27.0,0.0,180.0,2.7,61.0,18.3,-4.0,1.6,304,19.0,235,7,2025-10-22 07:00:00+00:00
33.9,43,19.5,1008.9,1009.6,1,1,0,0,6.1,12,24.8,0.0,240.0,2.7,65.0,18.2,-4.0,3.9,339,19.3,240,4,2025-10-22 08:00:00+00:00
33.7,43,19.5,1008.4,1009.1,2,2,0,0,5.7,11,22.0,0.0,260.0,2.7,71.0,18.0,-3.7,4.6,349,19.9,245,3,2025-10-22 09:00:00+00:00
33.0,46,19.8,1007.9,1008.6,2,2,0,0,5.8,5,20.5,0.0,310.0,2.4,73.0,18.0,-3.7,3.8,346,19.4,248,3,2025-10-22 10:00:00+00:00
31.9,50,20.1,1007.8,1008.5,2,2,0,0,4.7,342,18.4,0.0,330.0,1.6,81.0,18.1,-3.5,0.5,360,18.3,247,3,2025-10-22 11:00:00+00:00
30.0,63,22.1,1008.3,1009.0,4,4,0,0,9.0,314,13.0,0.0,880.0,3.0,56.0,18.5,-3.5,0.6,225,16.8,266,7,2025-10-22 12:00:00+00:00
29.1,66,22.0,1008.9,1009.6,0,0,0,0,5.4,318,17.3,0.0,420.0,3.3,45.0,18.6,-3.7,4.1,180,15.6,266,7,2025-10-22 13:00:00+00:00
28.4,69,22.0,1009.8,1010.5,0,0,0,0,4.1,319,10.8,0.0,400.0,3.6,50.0,18.8,-3.5,7.8,177,14.4,270,8,2025-10-22 14:00:00+00:00
27.6,73,22.4,1010.3,1011.0,0,0,0,0,3.5,321,8.3,0.0,340.0,4.0,60.0,18.9,-3.5,10.5,180,12.0,270,10,2025-10-22 15:00:00+00:00
27.4,73,22.0,1010.2,1010.9,0,0,0,0,5.0,316,9.4,0.0,100.0,4.2,215.0,18.7,-4.0,11.0,187,12.0,270,11,2025-10-22 16:00:00+00:00
26.8,73,21.6,1010.5,1011.2,0,0,0,0,5.0,300,10.4,0.0,80.0,4.7,246.0,18.6,-4.2,10.2,190,12.0,270,11,2025-10-22 17:00:00+00:00
26.5,78,22.3,1010.5,1011.2,0,0,0,0,5.7,314,9.7,0.0,290.0,4.3,152.0,17.9,-4.4,7.5,205,11.1,283,10,2025-10-22 18:00:00+00:00
26.2,79,22.3,1010.3,1011.0,0,0,0,0,4.3,318,10.8,0.0,230.0,4.4,176.0,17.7,-4.4,7.3,210,12.0,270,16,2025-10-22 19:00:00+00:00
25.7,81,22.3,1009.7,1010.4,0,0,0,0,3.5,339,8.6,0.0,180.0,4.4,197.0,17.6,-4.7,6.1,222,12.0,270,20,2025-10-22 20:00:00+00:00
25.4,82,22.1,1009.5,1010.2,0,0,0,0,4.4,341,8.6,0.0,180.0,4.6,192.0,17.7,-4.4,5.9,238,13.3,265,23,2025-10-22 21:00:00+00:00
25.0,84,22.2,1009.2,1009.9,0,0,0,0,3.6,9,8.6,0.0,200.0,5.0,173.0,17.7,-4.4,5.9,247,13.7,255,24,2025-10-22 22:00:00+00:00
24.8,86,22.3,1009.5,1010.2,0,0,0,0,3.6,6,7.2,0.0,210.0,5.5,168.0,17.9,-4.2,5.5,246,14.0,250,23,2025-10-22 23:00:00+00:00
24.9,89,23.0,1010.2,1010.9,0,0,0,0,5.3,352,8.6,0.0,540.0,5.5,106.0,17.4,-4.2,6.9,266,14.0,250,38,2025-10-23 00:00:00+00:00
25.7,86,23.1,1010.9,1011.6,0,0,0,0,5.2,354,10.8,0.0,510.0,4.9,111.0,17.4,-4.2,4.6,259,15.0,241,38,2025-10-23 01:00:00+00:00
27.6,76,23.0,1011.6,1012.3,0,0,0,0,3.3,347,12.2,0.0,790.0,3.6,67.0,17.5,-4.0,3.9,249,17.3,236,41,2025-10-23 02:00:00+00:00
29.9,66,22.8,1011.9,1012.6,0,0,0,0,4.4,7,15.8,0.0,1070.0,2.2,17.0,17.7,-4.0,2.6,225,18.7,230,42,2025-10-23 03:00:00+00:00
31.6,54,21.2,1012.1,1012.8,0,0,0,0,6.0,29,20.2,0.0,520.0,1.0,13.0,17.6,-4.2,1.9,166,22.9,227,42,2025-10-23 04:00:00+00:00
32.6,49,20.3,1011.6,1012.3,0,0,0,0,5.4,30,20.2,0.0,300.0,0.5,28.0,17.9,-4.4,2.3,191,25.5,225,43,2025-10-23 05:00:00+00:00
32.9,46,19.6,1010.5,1011.2,0,0,0,0,6.0,21,20.9,0.0,140.0,0.5,26.0,18.3,-4.4,1.6,236,24.6,227,42,2025-10-23 06:00:00+00:00
33.5,44,19.5,1009.5,1010.2,0,0,0,0,6.3,15,22.3,0.0,170.0,0.6,30.0,18.5,-4.7,2.7,270,25.5,229,42,2025-10-23 07:00:00+00:00
33.6,43,19.3,1008.4,1009.1,0,0,0,0,6.7,5,22.7,0.0,160.0,0.7,35.0,18.2,-4.7,3.9,291,27.4,232,42,2025-10-23 08:00:00+00:00
33.4,43,19.1,1007.8,1008.5,0,0,0,0,6.7,355,22.3,0.0,110.0,1.1,44.0,18.2,-4.4,4.9,292,28.4,242,42,2025-10-23 09:00:00+00:00
32.8,45,19.1,1007.5,1008.2,2,2,0,0,7.1,344,21.6,0.0,90.0,1.3,45.0,18.1,-4.2,4.1,276,29.6,249,42,2025-10-23 10:00:00+00:00
31.7,48,19.2,1007.8,1008.5,0,0,0,0,8.1,336,20.2,0.0,70.0,0.3,78.0,18.1,-4.2,2.9,231,30.0,254,42,2025-10-23 11:00:00+00:00
30.1,59,21.1,1008.1,1008.8,0,0,0,0,10.3,331,18.0,0.0,310.0,1.7,73.0,18.3,-4.2,1.0,153,30.0,254,46,2025-10-23 12:00:00+00:00
29.1,60,20.7,1008.9,1009.6,0,0,0,0,7.5,340,19.8,0.0,50.0,2.9,144.0,18.2,-4.2,5.2,135,28.0,260,42,2025-10-23 13:00:00+00:00
28.5,63,20.8,1009.9,1010.6,1,0,1,0,5.0,330,14.4,0.0,0.0,3.5,104.0,18.2,-4.2,7.4,137,26.6,262,41,2025-10-23 14:00:00+00:00
27.9,67,21.2,1010.2,1010.9,2,0,2,0,3.9,336,9.7,0.0,0.0,3.7,155.0,18.1,-4.4,8.4,139,25.3,265,39,2025-10-23 15:00:00+00:00
27.7,69,21.4,1010.4,1011.1,1,0,1,0,2.8,333,7.2,0.0,0.0,3.6,146.0,18.0,-4.7,7.7,152,25.2,267,39,2025-10-23 16:00:00+00:00
27.7,68,21.1,1010.4,1011.1,0,0,0,0,2.5,315,5.0,0.0,0.0,3.6,127.0,18.0,-4.9,7.0,169,25.2,267,40,2025-10-23 17:00:00+00:00
26.9,72,21.4,1010.4,1011.1,0,0,0,0,3.6,319,4.3,0.0,0.0,3.3,134.0,17.5,-5.4,7.7,180,24.3,261,37,2025-10-23 18:00:00+00:00
26.7,73,21.5,1009.8,1010.5,0,0,0,0,0.6,18,6.1,0.0,0.0,3.5,291.0,17.6,-5.4,6.9,188,25.5,262,37,2025-10-23 19:00:00+00:00
25.6,79,21.7,1009.7,1010.4,0,0,0,0,2.0,63,4.0,0.0,50.0,3.7,248.0,17.9,-5.4,7.2,198,25.3,265,37,2025-10-23 20:00:00+00:00
25.0,81,21.5,1009.7,1010.4,0,0,0,0,3.4,58,7.2,0.0,40.0,4.1,246.0,18.0,-5.6,6.1,207,25.3,265,38,2025-10-23 21:00:00+00:00
24.6,82,21.4,1009.6,1010.3,0,0,0,0,2.8,50,7.2,0.0,0.0,4.1,63.0,18.0,-5.6,3.9,216,26.4,267,38,2025-10-23 22:00:00+00:00
24.3,82,21.0,1010.1,1010.8,0,0,0,0,3.7,47,7.2,0.0,0.0,4.6,203.0,17.9,-5.6,2.3,191,25.2,267,39,2025-10-23 23:00:00+00:00
25.1,82,21.8,1010.4,1011.1,0,0,0,0,4.8,22,7.2,0.0,120.0,4.4,167.0,18.0,-5.6,5.5,270,25.2,267,37,2025-10-24 00:00:00+00:00
25.6,81,22.0,1011.1,1011.8,0,0,0,0,6.9,14,13.0,0.0,160.0,3.3,153.0,17.9,-5.6,3.2,262,25.3,265,37,2025-10-24 01:00:00+00:00
27.4,75,22.6,1011.8,1012.5,0,0,0,0,4.7,7,14.0,0.0,570.0,1.4,77.0,17.9,-5.6,1.6,236,25.3,265,36,2025-10-24 02:00:00+00:00
29.6,65,22.4,1012.1,1012.8,0,0,0,0,5.4,15,17.6,0.0,790.0,0.4,30.0,17.9,-5.4,2.7,180,26.6,262,34,2025-10-24 03:00:00+00:00
31.5,53,20.9,1012.0,1012.7,0,0,0,0,6.2,33,20.2,0.0,380.0,0.0,26.0,17.7,-5.4,4.1,174,26.8,260,34,2025-10-24 04:00:00+00:00
32.6,46,19.6,1011.3,1012.0,0,0,0,0,6.4,29,22.0,0.0,130.0,0.0,68.0,17.6,-5.4,4.1,180,27.8,263,34,2025-10-24 05:00:00+00:00
32.6,45,19.2,1010.4,1011.1,1,1,0,0,6.4,25,22.3,0.0,110.0,-0.2,52.0,17.9,-5.4,4.7,209,30.2,263,33,2025-10-24 06:00:00+00:00
33.4,42,18.8,1009.2,1009.9,13,7,9,0,5.7,35,22.0,0.0,90.0,-0.2,56.0,17.9,-5.4,3.1,243,30.1,265,34,2025-10-24 07:00:00+00:00
33.6,41,18.6,1008.3,1009.0,22,5,0,17,6.0,27,21.2,0.0,100.0,-0.3,50.0,17.9,-5.4,3.6,270,31.2,268,34,2025-10-24 08:00:00+00:00
33.6,41,18.4,1007.9,1008.6,22,10,8,7,5.0,30,20.9,0.0,110.0,-0.5,45.0,18.0,-5.4,4.1,297,31.2,270,34,2025-10-24 09:00:00+00:00
33.1,42,18.5,1007.6,1008.3,14,9,2,3,4.6,31,18.4,0.0,90.0,-0.2,48.0,18.1,-5.1,2.3,281,31.2,272,34,2025-10-24 10:00:00+00:00
32.0,45,18.7,1007.5,1008.2,7,7,1,0,5.3,24,15.5,0.0,70.0,-0.9,74.0,18.1,-5.1,5.1,190,30.0,270,33,2025-10-24 11:00:00+00:00
30.4,59,21.6,1008.0,1008.7,12,9,3,0,2.9,11,13.0,0.0,560.0,0.2,24.0,18.1,-5.4,0.6,225,27.6,270,24,2025-10-24 12:00:00+00:00
29.7,69,23.5,1008.6,1009.3,14,13,2,0,1.7,319,5.8,0.0,1000.0,0.9,24.0,18.0,-5.4,6.3,159,27.6,270,23,2025-10-24 13:00:00+00:00
29.3,73,23.9,1009.3,1010.0,2,0,2,0,0.6,236,4.0,0.0,1030.0,1.1,28.0,18.0,-5.6,9.2,153,26.5,265,22,2025-10-24 14:00:00+00:00
28.6,74,23.6,1009.6,1010.3,2,0,2,0,0.5,180,2.2,0.0,810.0,1.5,52.0,17.7,-5.6,10.0,150,26.6,262,26,2025-10-24 15:00:00+00:00
28.1,75,23.2,1009.9,1010.6,0,0,0,0,1.0,202,2.2,0.0,670.0,1.7,66.0,17.7,-5.6,8.2,146,28.0,260,29,2025-10-24 16:00:00+00:00
27.6,76,23.0,1009.8,1010.5,0,0,0,0,1.5,234,3.2,0.0,480.0,1.9,94.0,17.5,-5.6,5.9,157,28.2,258,28,2025-10-24 17:00:00+00:00
27.2,77,22.9,1009.8,1010.5,0,0,0,0,1.3,225,3.2,0.0,430.0,2.0,112.0,17.4,-5.6,1.8,180,27.8,263,27,2025-10-24 18:00:00+00:00
26.7,80,22.9,1009.6,1010.3,0,0,0,0,1.8,186,3.6,0.0,540.0,2.1,93.0,17.5,-5.6,1.4,180,29.0,263,29,2025-10-24 19:00:00+00:00
26.3,83,23.2,1009.2,1009.9,0,0,0,0,1.6,186,4.0,0.0,830.0,2.4,69.0,17.3,-5.8,1.0,117,30.2,263,31,2025-10-24 20:00:00+00:00
25.9,86,23.4,1009.0,1009.7,0,0,0,0,0.9,191,3.2,0.0,1090.0,2.7,58.0,17.0,-5.8,2.3,101,31.3,266,33,2025-10-24 21:00:00+00:00
25.6,87,23.3,1009.2,1009.9,0,0,0,0,0.4,153,1.8,0.0,1260.0,3.0,48.0,17.0,-5.8,3.2,82,32.4,268,34,2025-10-24 22:00:00+00:00
25.4,88,23.3,1009.3,1010.0,0,0,0,0,0.4,270,1.4,0.0,1360.0,3.3,42.0,16.9,-5.8,5.2,75,32.4,270,34,2025-10-24 23:00:00+00:00
24.7,98,24.4,1010.0,1010.7,4,4,0,0,2.5,360,2.5,0.0,1660.0,3.5,41.0,16.5,-5.8,2.5,112,32.4,272,32,2025-10-25 00:00:00+00:00
25.3,96,24.6,1010.9,1011.6,5,5,0,0,4.8,349,10.4,0.0,1550.0,3.1,42.0,16.4,-5.8,4.1,84,32.4,272,32,2025-10-25 01:00:00+00:00
27.6,82,24.3,1011.5,1012.2,1,1,0,0,4.2,350,13.7,0.0,1910.0,1.7,23.0,16.4,-5.8,4.6,79,31.2,272,32,2025-10-25 02:00:00+00:00
29.8,66,22.8,1011.8,1012.5,0,0,0,0,5.1,8,17.6,0.0,1210.0,0.8,8.0,16.5,-5.6,5.1,80,31.2,270,32,2025-10-25 03:00:00+00:00
31.5,53,20.8,1011.9,1012.6,2,2,0,0,6.8,37,22.0,0.0,430.0,0.0,14.0,16.8,-5.8,5.5,90,30.2,263,32,2025-10-25 04:00:00+00:00
32.4,49,20.2,1011.2,1011.9,3,2,1,0,7.2,39,23.8,0.0,340.0,-0.1,28.0,17.9,-5.8,4.2,131,29.2,261,32,2025-10-25 05:00:00+00:00
32.5,49,20.4,1010.3,1011.0,5,2,2,0,7.0,35,24.1,0.0,440.0,-0.6,9.0,18.5,-6.1,1.6,124,31.3,266,36,2025-10-25 06:00:00+00:00
33.3,46,20.1,1009.3,1010.0,5,5,2,0,6.3,35,23.4,0.0,440.0,-1.1,12.0,18.5,-6.1,1.8,90,32.6,264,37,2025-10-25 07:00:00+00:00
33.6,45,20.1,1008.5,1009.2,8,5,2,0,6.2,30,22.7,0.0,500.0,-1.0,8.0,18.1,-6.1,3.9,45,31.4,263,61,2025-10-25 08:00:00+00:00
33.5,45,20.0,1007.9,1008.6,11,7,5,0,6.1,30,22.0,0.0,520.0,-0.9,10.0,18.0,-6.1,4.2,49,31.4,263,58,2025-10-25 09:00:00+00:00
33.0,46,19.7,1007.7,1008.4,15,5,13,0,5.9,38,20.5,0.0,260.0,-0.9,29.0,18.1,-5.8,6.2,54,31.3,266,61,2025-10-25 10:00:00+00:00
32.2,48,19.8,1007.8,1008.5,17,9,12,0,6.2,54,18.4,0.0,360.0,-1.7,13.0,18.2,-5.6,8.6,58,30.0,268,52,2025-10-25 11:00:00+00:00
31.2,55,21.1,1008.5,1009.2,54,18,45,0,4.1,124,15.1,0.0,470.0,-0.5,1.0,18.6,-5.6,5.8,51,34.9,274,56,2025-10-25 12:00:00+00:00
29.7,64,22.2,1009.1,1009.8,24,0,24,0,9.2,157,20.2,0.0,1130.0,0.3,35.0,18.5,-5.6,8.0,66,31.4,277,53,2025-10-25 13:00:00+00:00
29.0,68,22.6,1010.2,1010.9,5,2,4,1,7.6,173,20.2,0.0,1190.0,0.9,51.0,18.3,-5.4,9.3,79,31.4,277,51,2025-10-25 14:00:00+00:00
28.5,70,22.6,1010.5,1011.2,2,0,2,0,6.7,180,15.1,0.0,1070.0,0.9,63.0,18.3,-5.4,8.2,87,30.2,277,52,2025-10-25 15:00:00+00:00
28.2,72,22.7,1010.6,1011.3,10,0,9,4,3.1,159,13.0,0.0,1000.0,0.6,79.0,18.3,-5.4,6.4,94,31.4,277,56,2025-10-25 16:00:00+00:00
27.7,75,22.9,1010.6,1011.3,7,0,1,6,3.6,162,7.2,0.0,1010.0,0.7,79.0,18.3,-5.4,5.0,90,32.6,276,57,2025-10-25 17:00:00+00:00
27.6,80,23.9,1010.5,1011.2,12,0,7,5,2.5,201,7.6,0.0,1710.0,0.2,35.0,18.3,-5.4,1.4,108,31.3,266,57,2025-10-25 18:00:00+00:00
27.4,85,24.7,1010.5,1011.2,74,0,69,59,1.7,238,5.0,0.0,1940.0,0.6,29.0,18.5,-5.4,1.4,90,32.5,266,62,2025-10-25 19:00:00+00:00
27.2,86,24.7,1010.1,1010.8,8,0,7,1,0.9,259,3.2,0.0,2020.0,1.0,29.0,18.5,-5.4,1.4,90,33.7,266,64,2025-10-25 20:00:00+00:00
26.9,87,24.6,1009.9,1010.6,14,0,6,9,1.7,328,4.0,0.0,2110.0,1.3,30.0,18.5,-5.4,2.7,90,33.8,264,66,2025-10-25 21:00:00+00:00
26.5,89,24.5,1009.7,1010.4,1,0,1,0,2.4,351,5.0,0.0,2120.0,2.0,35.0,18.3,-5.1,3.8,76,32.5,266,67,2025-10-25 22:00:00+00:00
26.0,91,24.5,1009.9,1010.6,1,0,1,0,2.7,352,6.8,0.0,2100.0,2.8,38.0,18.2,-5.1,5.3,59,30.4,261,67,2025-10-25 23:00:00+00:00
25.6,94,24.6,1010.5,1011.2,4,0,1,3,2.7,328,5.8,0.0,2010.0,2.2,38.0,18.1,-5.4,3.2,45,30.1,265,66,2025-10-26 00:00:00+00:00
26.2,90,24.5,1011.4,1012.1,1,0,0,1,3.3,338,8.3,0.0,1930.0,1.7,38.0,18.0,-5.4,5.6,55,27.8,263,61,2025-10-26 01:00:00+00:00
28.0,80,24.3,1011.9,1012.6,4,0,0,4,3.2,344,12.2,0.0,2110.0,0.7,23.0,17.9,-5.4,7.1,50,26.6,262,59,2025-10-26 02:00:00+00:00
30.1,66,23.1,1012.1,1012.8,1,0,1,0,3.8,11,15.8,0.0,1600.0,-0.3,12.0,17.9,-5.1,8.7,47,26.6,262,61,2025-10-26 03:00:00+00:00
31.7,55,21.5,1012.0,1012.7,11,4,8,0,5.0,35,19.4,0.0,860.0,-0.7,7.0,18.2,-5.1,7.1,45,26.8,260,64,2025-10-26 04:00:00+00:00
32.6,49,20.6,1011.2,1011.9,22,5,19,0,6.4,43,22.7,0.0,500.0,-0.9,12.0,18.3,-4.9,6.1,48,25.9,257,64,2025-10-26 05:00:00+00:00
33.1,47,20.3,1010.1,1010.8,24,2,22,0,6.9,37,23.8,0.0,460.0,-0.3,12.0,18.5,-5.1,2.5,22,24.0,267,69,2025-10-26 06:00:00+00:00
33.6,45,20.2,1009.3,1010.0,11,7,5,0,6.5,30,24.1,0.0,480.0,-0.1,9.0,18.6,-5.1,3.9,45,24.0,267,71,2025-10-26 07:00:00+00:00
33.7,45,20.0,1008.5,1009.2,15,9,5,0,6.2,33,23.0,0.0,250.0,0.1,20.0,18.8,-5.4,4.9,34,24.0,267,71,2025-10-26 08:00:00+00:00
33.4,45,19.8,1008.0,1008.7,15,9,8,0,6.9,30,22.3,0.0,250.0,0.3,15.0,18.9,-5.1,7.0,32,24.0,270,72,2025-10-26 09:00:00+00:00
32.8,46,19.7,1007.8,1008.5,13,7,10,0,6.5,30,22.0,0.0,300.0,0.7,17.0,18.9,-5.1,8.0,31,25.2,270,72,2025-10-26 10:00:00+00:00
32.0,49,19.9,1007.8,1008.5,7,0,7,0,5.4,60,19.4,0.0,280.0,-0.3,32.0,18.8,-4.9,7.7,45,22.8,270,66,2025-10-26 11:00:00+00:00
29.2,73,24.0,1009.5,1010.2,63,0,15,57,3.6,81,14.4,0.0,2250.0,0.4,13.0,19.2,-4.9,4.1,84,16.8,270,68,2025-10-26 12:00:00+00:00
29.1,72,23.6,1009.8,1010.5,19,0,9,16,2.3,176,9.7,0.0,1830.0,0.7,21.0,19.3,-4.9,5.8,72,15.6,266,70,2025-10-26 13:00:00+00:00
28.9,73,23.6,1010.7,1011.4,48,0,43,40,3.7,227,7.9,0.0,1740.0,0.9,38.0,19.3,-4.9,7.3,83,12.5,253,69,2025-10-26 14:00:00+00:00
28.8,75,24.0,1010.9,1011.6,27,0,11,18,1.7,229,7.9,0.0,1840.0,1.2,46.0,19.3,-5.4,7.3,94,10.7,243,68,2025-10-26 15:00:00+00:00
28.7,77,24.2,1010.9,1011.6,30,0,1,30,1.5,330,4.0,0.0,1980.0,1.5,48.0,19.1,-5.6,7.1,105,11.3,238,67,2025-10-26 16:00:00+00:00
28.4,82,25.0,1010.8,1011.5,2,0,2,2,0.2,90,4.0,0.0,2110.0,1.6,50.0,18.8,-5.8,5.0,95,11.3,238,63,2025-10-26 17:00:00+00:00
27.8,84,24.8,1010.5,1011.2,0,0,0,0,0.9,127,3.2,0.0,1980.0,1.1,60.0,18.8,-5.8,9.0,41,13.7,232,62,2025-10-26 18:00:00+00:00
27.3,85,24.7,1010.4,1011.1,0,0,0,0,1.5,7,3.6,0.0,2040.0,1.0,53.0,19.1,-5.8,10.5,56,13.7,232,60,2025-10-26 19:00:00+00:00
26.8,89,24.8,1010.0,1010.7,0,0,0,0,4.7,358,9.7,0.0,2240.0,0.9,44.0,18.9,-5.8,12.6,64,13.6,225,59,2025-10-26 20:00:00+00:00
26.1,93,24.8,1010.0,1010.7,0,0,0,0,4.6,351,9.7,0.0,2070.0,1.2,46.0,18.7,-5.8,13.7,75,13.6,225,59,2025-10-26 21:00:00+00:00
25.7,94,24.7,1009.8,1010.5,9,0,0,9,4.2,5,9.0,0.0,1810.0,2.4,49.0,18.6,-5.8,14.4,79,13.6,225,60,2025-10-26 22:00:00+00:00
25.4,95,24.6,1010.0,1010.7,53,0,0,53,4.6,26,9.4,0.0,1640.0,3.6,52.0,18.3,-5.6,15.6,83,12.0,233,61,2025-10-26 23:00:00+00:00
25.3,95,24.5,1010.6,1011.3,87,1,0,87,4.9,28,9.4,0.0,1490.0,4.0,56.0,18.2,-4.9,14.6,90,13.0,236,60,2025-10-27 00:00:00+00:00
25.8,93,24.5,1011.4,1012.1,82,0,1,82,6.0,27,12.6,0.0,1420.0,3.5,54.0,18.1,-4.7,17.0,98,11.8,246,62,2025-10-27 01:00:00+00:00
27.7,81,24.1,1012.1,1012.8,71,0,0,71,5.2,29,15.8,0.0,1600.0,2.6,37.0,17.9,-4.4,17.4,104,11.8,246,66,2025-10-27 02:00:00+00:00
29.8,69,23.4,1012.6,1013.3,63,0,0,63,6.2,38,19.8,0.0,1480.0,1.5,23.0,18.0,-4.2,16.7,107,12.0,233,63,2025-10-27 03:00:00+00:00
31.5,60,22.9,1012.7,1013.4,74,0,2,74,6.9,53,22.7,0.0,1430.0,0.9,6.0,18.2,-4.2,16.3,113,13.6,225,61,2025-10-27 04:00:00+00:00
32.6,54,22.1,1011.9,1012.6,100,9,6,100,8.4,71,25.9,0.1,1070.0,0.7,5.0,18.7,-4.4,16.2,122,17.2,205,64,2025-10-27 05:00:00+00:00
33.0,52,21.7,1011.2,1011.9,100,13,8,100,7.7,60,26.6,0.0,1040.0,0.4,2.0,19.1,-4.2,11.9,137,18.3,212,63,2025-10-27 06:00:00+00:00
33.5,50,21.5,1010.2,1010.9,100,17,14,100,6.8,73,24.8,0.0,980.0,0.3,4.0,19.2,-4.2,11.6,135,18.3,212,67,2025-10-27 07:00:00+00:00
33.7,49,21.4,1009.3,1010.0,83,12,13,79,6.7,63,23.4,0.0,950.0,0.1,3.0,19.3,-4.0,8.8,129,18.3,212,68,2025-10-27 08:00:00+00:00
33.3,49,21.3,1008.8,1009.5,90,13,9,88,6.1,50,22.7,0.0,880.0,0.3,3.0,19.3,-4.0,7.2,125,17.7,208,64,2025-10-27 09:00:00+00:00
32.7,52,21.4,1008.9,1009.6,98,10,16,98,5.8,36,20.2,0.0,660.0,0.2,12.0,19.3,-4.0,6.4,98,17.2,205,63,2025-10-27 10:00:00+00:00
31.7,56,21.8,1008.8,1009.5,93,7,17,91,7.3,38,18.4,0.0,730.0,-0.7,15.0,19.2,-4.0,8.7,87,17.8,200,62,2025-10-27 11:00:00+00:00
31.5,57,22.0,1009.2,1009.9,100,3,13,100,7.6,86,18.4,0.0,1070.0,0.4,21.0,19.4,-4.0,8.2,90,18.4,191,59,2025-10-27 12:00:00+00:00
30.6,65,23.1,1009.6,1010.3,100,2,8,100,6.7,92,14.8,0.0,1650.0,1.2,32.0,19.3,-3.7,10.0,87,19.5,191,62,2025-10-27 13:00:00+00:00
29.9,68,23.5,1010.6,1011.3,100,0,2,100,6.4,112,13.3,0.0,1670.0,1.5,41.0,19.1,-4.0,10.9,90,19.3,187,66,2025-10-27 14:00:00+00:00
29.6,69,23.3,1010.8,1011.5,100,0,1,100,5.5,107,12.2,0.0,1330.0,1.9,54.0,18.8,-3.7,10.6,97,19.5,191,67,2025-10-27 15:00:00+00:00
28.8,74,23.7,1011.3,1012.0,100,0,1,100,2.4,99,10.8,0.0,1300.0,2.1,66.0,18.8,-4.0,11.0,107,19.5,191,61,2025-10-27 16:00:00+00:00
28.3,75,23.5,1011.2,1011.9,100,0,1,100,4.3,138,8.3,0.0,1350.0,1.9,63.0,18.8,-4.2,12.3,112,17.8,200,56,2025-10-27 17:00:00+00:00
27.8,80,24.0,1010.9,1011.6,100,0,0,100,2.4,77,9.0,0.0,1450.0,1.9,61.0,18.8,-3.7,11.0,97,15.6,203,50,2025-10-27 18:00:00+00:00
27.5,81,24.0,1010.5,1011.2,98,0,0,98,3.0,65,6.8,0.0,1530.0,1.9,58.0,18.7,-4.0,12.2,103,16.7,210,52,2025-10-27 19:00:00+00:00
27.2,83,24.0,1009.9,1010.6,99,0,0,99,3.2,52,6.8,0.0,1530.0,2.7,34.0,18.8,-4.0,11.5,99,16.7,210,51,2025-10-27 20:00:00+00:00
26.7,85,24.0,1009.7,1010.4,100,0,0,100,3.4,43,7.2,0.0,1450.0,4.4,31.0,18.9,-4.2,12.4,96,19.9,205,52,2025-10-27 21:00:00+00:00
26.3,86,23.8,1009.8,1010.5,98,0,0,98,5.8,36,11.2,0.0,1320.0,5.6,29.0,18.9,-4.4,14.2,97,19.9,205,56,2025-10-27 22:00:00+00:00
26.0,86,23.5,1009.8,1010.5,41,0,0,41,5.6,50,11.5,0.0,1130.0,6.0,31.0,18.9,-4.4,16.8,103,18.3,203,58,2025-10-27 23:00:00+00:00
26.1,94,25.1,1010.6,1011.3,64,0,2,63,5.6,57,14.4,0.0,2360.0,5.0,39.0,19.1,-4.2,17.3,108,27.4,209,61,2025-10-28 00:00:00+00:00
26.8,89,24.8,1011.3,1012.0,97,0,9,96,5.7,62,13.7,0.0,1990.0,3.5,43.0,19.2,-4.0,19.6,112,25.8,208,60,2025-10-28 01:00:00+00:00
28.6,78,24.3,1011.6,1012.3,98,0,2,98,4.7,62,15.1,0.0,2020.0,1.4,31.0,19.2,-4.0,20.0,114,25.8,202,61,2025-10-28 02:00:00+00:00
30.7,67,23.9,1012.3,1013.0,27,1,1,27,6.4,82,20.2,0.0,2140.0,-0.1,7.0,19.2,-4.2,20.0,114,26.2,196,63,2025-10-28 03:00:00+00:00
32.4,56,22.6,1012.3,1013.0,100,4,5,100,9.3,105,27.0,0.0,1450.0,-0.8,6.0,19.2,-4.0,20.6,121,26.2,196,67,2025-10-28 04:00:00+00:00
33.3,50,21.4,1011.4,1012.1,98,3,5,98,10.4,116,31.3,0.0,900.0,-1.2,9.0,19.2,-4.2,20.3,124,24.7,194,70,2025-10-28 05:00:00+00:00
33.7,47,20.9,1010.5,1011.2,95,5,16,93,8.4,115,31.7,0.0,780.0,-1.5,11.0,19.2,-3.7,15.1,136,25.8,202,69,2025-10-28 06:00:00+00:00
34.0,45,20.4,1009.6,1010.3,100,11,34,100,8.8,121,28.1,0.0,500.0,-1.7,18.0,19.2,-4.0,15.8,136,26.3,204,73,2025-10-28 07:00:00+00:00
33.3,48,20.9,1008.8,1009.5,100,7,21,100,7.6,112,27.4,0.3,680.0,-1.8,16.0,19.1,-4.0,14.6,141,27.4,203,77,2025-10-28 08:00:00+00:00
33.2,50,21.5,1008.0,1008.7,98,2,8,98,7.6,83,27.0,0.2,740.0,-1.9,18.0,18.7,-4.2,12.3,141,27.4,203,76,2025-10-28 09:00:00+00:00
30.3,62,22.2,1008.5,1009.2,95,26,93,10,10.8,147,29.2,1.4,670.0,-2.3,42.0,18.7,-4.0,10.8,126,24.7,194,76,2025-10-28 10:00:00+00:00
29.3,67,22.5,1009.0,1009.7,89,10,70,59,2.3,315,24.1,0.3,750.0,-2.7,69.0,18.8,-4.0,14.1,119,24.3,189,76,2025-10-28 11:00:00+00:00
29.0,72,23.4,1009.1,1009.8,99,0,28,98,5.8,92,10.1,0.0,1220.0,-2.6,38.0,18.7,-4.0,17.9,117,23.1,189,76,2025-10-28 12:00:00+00:00
28.5,76,23.9,1009.6,1010.3,100,0,4,100,4.7,90,11.2,0.0,1360.0,-2.2,38.0,18.7,-4.2,19.6,118,26.6,188,71,2025-10-28 13:00:00+00:00
28.0,80,24.3,1010.3,1011.0,100,2,0,100,5.7,101,11.2,0.0,1550.0,-2.2,31.0,18.7,-4.2,22.1,122,28.0,190,71,2025-10-28 14:00:00+00:00
27.6,83,24.5,1011.0,1011.7,88,0,8,87,6.5,103,12.6,0.0,1760.0,-2.1,32.0,18.9,-4.2,25.2,122,30.2,187,69,2025-10-28 15:00:00+00:00
27.2,86,24.7,1010.9,1011.6,100,0,4,100,4.5,106,12.6,0.0,1810.0,-1.2,14.0,18.9,-4.2,26.5,125,31.3,184,68,2025-10-28 16:00:00+00:00
27.0,89,25.0,1010.9,1011.6,70,0,2,69,4.9,98,9.4,0.0,1960.0,-1.1,12.0,18.9,-4.2,26.1,126,32.5,184,72,2025-10-28 17:00:00+00:00
27.5,89,25.4,1010.3,1011.0,98,1,8,98,5.6,92,12.2,0.0,2830.0,-1.1,17.0,18.9,-4.4,27.5,130,34.9,184,72,2025-10-28 18:00:00+00:00
27.2,90,25.4,1009.5,1010.2,93,1,4,92,5.0,77,10.4,0.0,2710.0,-1.7,19.0,18.9,-4.4,26.2,130,35.1,188,73,2025-10-28 19:00:00+00:00
26.9,90,25.2,1008.9,1009.6,75,2,2,74,5.8,88,11.5,0.0,2510.0,-1.8,21.0,18.8,-4.2,26.3,127,35.5,192,73,2025-10-28 20:00:00+00:00
26.7,91,25.2,1009.2,1009.9,79,3,10,77,6.7,74,13.0,0.0,2550.0,-2.1,13.0,18.8,-4.2,26.3,127,34.6,194,73,2025-10-28 21:00:00+00:00
25.6,94,24.7,1009.7,1010.4,100,45,65,100,7.8,189,16.2,1.8,1510.0,-1.5,6.0,18.6,-4.4,26.3,127,33.5,195,73,2025-10-28 22:00:00+00:00
25.2,94,24.2,1009.9,1010.6,96,8,59,91,4.3,147,15.5,0.6,1050.0,-1.7,31.0,18.6,-4.7,26.6,128,32.3,195,73,2025-10-28 23:00:00+00:00
25.2,96,24.5,1009.9,1010.6,100,1,40,100,5.0,92,8.3,0.2,2080.0,-2.0,9.0,18.7,-4.7,30.0,134,27.4,209,72,2025-10-29 00:00:00+00:00
25.8,93,24.6,1010.6,1011.3,100,0,11,100,7.2,84,14.4,0.0,2040.0,-2.3,8.0,18.7,-4.7,31.9,137,27.4,209,70,2025-10-29 01:00:00+00:00
26.7,88,24.5,1010.9,1011.6,100,16,47,100,12.3,112,27.0,0.0,1510.0,-2.7,11.0,18.8,-4.4,33.6,139,25.8,208,68,2025-10-29 02:00:00+00:00
26.9,86,24.4,1011.5,1012.2,100,35,23,100,11.4,121,28.4,0.0,1460.0,-3.1,15.0,18.9,-4.4,34.2,143,26.3,204,67,2025-10-29 03:00:00+00:00
28.4,78,24.2,1011.6,1012.3,100,12,65,100,9.8,128,27.7,0.0,1520.0,-3.0,10.0,18.9,-4.4,33.4,145,27.0,201,66,2025-10-29 04:00:00+00:00
28.8,77,24.4,1011.0,1011.7,100,10,52,100,6.9,137,24.8,0.6,1880.0,-3.0,3.0,18.8,-4.4,33.9,147,27.7,198,66,2025-10-29 05:00:00+00:00
28.2,81,24.6,1010.3,1011.0,97,25,39,95,7.9,141,27.4,0.1,1630.0,-3.1,1.0,18.8,-4.0,30.5,145,28.5,202,70,2025-10-29 06:00:00+00:00
27.4,84,24.5,1009.6,1010.3,100,100,87,100,6.8,127,23.4,3.6,1460.0,-2.9,0.0,18.0,-3.7,28.2,146,29.2,199,71,2025-10-29 07:00:00+00:00
26.2,90,24.5,1008.8,1009.5,100,9,4,100,7.2,96,23.4,2.2,1090.0,-3.2,3.0,18.5,-3.5,27.2,145,28.8,197,70,2025-10-29 08:00:00+00:00
26.6,91,25.0,1008.2,1008.9,100,1,8,100,3.3,99,16.2,0.9,1660.0,-3.3,6.0,18.5,-3.3,25.5,137,28.8,197,74,2025-10-29 09:00:00+00:00
27.0,90,25.2,1008.4,1009.1,100,9,26,100,4.1,77,16.6,0.2,2090.0,-3.7,2.0,18.3,-3.3,30.0,138,27.7,198,71,2025-10-29 10:00:00+00:00
26.4,90,24.7,1008.7,1009.4,100,38,37,100,6.2,120,17.3,0.4,1380.0,-2.7,3.0,18.6,-3.5,31.4,140,27.1,193,72,2025-10-29 11:00:00+00:00
25.4,94,24.4,1008.8,1009.5,100,9,13,100,7.8,71,12.2,0.1,1450.0,-1.9,4.0,18.6,-3.5,31.0,156,26.8,190,74,2025-10-29 12:00:00+00:00
25.4,96,24.8,1009.3,1010.0,100,31,25,100,9.3,77,18.4,0.0,1580.0,-1.4,2.0,18.5,-3.5,30.8,156,26.6,188,72,2025-10-29 13:00:00+00:00
25.5,97,24.9,1010.1,1010.8,100,9,69,100,6.5,98,18.4,0.1,1540.0,-1.5,7.0,18.6,-3.5,28.2,157,28.0,190,76,2025-10-29 14:00:00+00:00
25.5,97,25.0,1010.4,1011.1,100,16,100,100,7.5,69,14.8,0.0,1630.0,-1.5,4.0,18.7,-3.7,27.3,156,28.0,190,77,2025-10-29 15:00:00+00:00
25.4,98,25.0,1010.5,1011.2,100,24,95,100,7.0,86,14.4,0.0,1550.0,-1.6,3.0,18.8,-3.7,26.9,156,28.2,192,79,2025-10-29 16:00:00+00:00
25.1,95,24.3,1010.8,1011.5,100,97,44,98,7.5,120,16.6,2.4,1220.0,-1.5,0.0,18.8,-4.0,26.1,157,28.2,192,80,2025-10-29 17:00:00+00:00
25.0,94,24.0,1010.4,1011.1,95,13,20,94,9.7,65,16.6,0.9,890.0,-1.5,11.0,18.7,-3.7,23.0,166,30.0,196,79,2025-10-29 18:00:00+00:00
24.9,96,24.2,1010.3,1011.0,92,15,20,90,7.5,63,19.4,0.0,1030.0,-1.8,4.0,18.7,-4.0,21.5,168,29.2,199,79,2025-10-29 19:00:00+00:00
24.4,96,23.7,1009.9,1010.6,100,51,16,100,7.3,107,14.8,3.5,730.0,-1.9,4.0,18.6,-4.2,19.9,169,28.5,202,79,2025-10-29 20:00:00+00:00
24.3,97,23.7,1009.7,1010.4,100,21,18,100,7.4,61,15.1,0.1,910.0,-2.0,3.0,18.3,-4.4,20.0,168,29.0,204,78,2025-10-29 21:00:00+00:00
24.1,98,23.7,1009.7,1010.4,34,23,9,9,10.6,79,20.9,0.0,970.0,-1.9,2.0,18.5,-4.4,19.9,171,29.0,204,77,2025-10-29 22:00:00+00:00
24.2,98,23.8,1010.0,1010.7,62,39,24,23,10.4,88,21.6,0.1,900.0,-1.4,3.0,18.2,-4.4,20.2,166,29.0,204,74,2025-10-29 23:00:00+00:00
25.3,97,24.8,1010.3,1011.0,61,17,20,47,1.1,72,20.5,0.0,1670.0,-1.7,2.0,18.5,-4.2,23.7,181,27.9,205,78,2025-10-30 00:00:00+00:00
25.8,96,25.1,1011.1,1011.8,58,16,6,46,6.0,83,11.9,0.1,1790.0,-2.1,4.0,18.2,-4.2,22.3,178,29.0,204,78,2025-10-30 01:00:00+00:00
26.6,91,25.0,1011.6,1012.3,50,20,5,34,7.0,91,19.4,0.0,1740.0,-2.8,4.0,18.2,-4.0,21.9,180,28.5,202,77,2025-10-30 02:00:00+00:00
27.8,86,25.3,1012.1,1012.8,11,5,5,3,6.1,85,21.2,0.0,2090.0,-2.6,0.0,18.3,-4.0,21.4,181,28.5,202,76,2025-10-30 03:00:00+00:00
29.0,82,25.6,1012.4,1013.1,23,16,5,4,6.4,112,22.3,0.0,2500.0,-2.2,0.0,18.2,-4.0,20.5,181,30.4,198,74,2025-10-30 04:00:00+00:00
29.8,75,24.9,1011.4,1012.1,100,100,10,98,6.7,142,23.0,0.0,2060.0,-2.2,0.0,18.3,-4.0,20.1,177,32.3,202,73,2025-10-30 05:00:00+00:00
27.6,81,24.1,1011.2,1011.9,99,73,20,96,10.6,184,25.2,0.1,1800.0,-2.3,1.0,17.7,-3.7,14.6,180,33.0,199,76,2025-10-30 06:00:00+00:00
28.1,82,24.8,1009.9,1010.6,94,8,16,92,5.3,123,28.8,0.1,1740.0,-2.7,18.0,17.9,-3.7,16.5,174,33.4,201,77,2025-10-30 07:00:00+00:00
29.3,79,25.3,1009.3,1010.0,100,1,12,100,1.9,139,16.2,0.1,2440.0,-3.2,4.0,18.3,-3.3,17.1,171,32.3,202,72,2025-10-30 08:00:00+00:00
29.2,76,24.6,1008.5,1009.2,100,48,34,100,8.0,189,22.3,1.0,2000.0,-2.9,0.0,18.3,-3.3,15.0,160,31.7,205,78,2025-10-30 09:00:00+00:00
25.9,92,24.5,1008.7,1009.4,100,46,7,100,4.4,122,27.4,1.3,1480.0,-2.5,2.0,18.9,-3.3,18.0,156,31.7,205,81,2025-10-30 10:00:00+00:00
25.9,93,24.6,1008.6,1009.3,100,0,2,100,4.2,102,13.3,0.0,1210.0,-2.9,37.0,18.8,-3.0,19.2,162,32.2,207,81,2025-10-30 11:00:00+00:00
27.3,90,25.5,1008.6,1009.3,100,11,31,100,4.9,94,12.2,0.0,2370.0,-2.5,26.0,18.9,-3.0,20.6,185,31.3,212,78,2025-10-30 12:00:00+00:00
27.2,90,25.4,1009.3,1010.0,100,2,15,100,5.0,111,10.1,0.0,2250.0,-2.1,22.0,18.9,-3.3,21.0,185,32.3,211,80,2025-10-30 13:00:00+00:00
26.9,91,25.3,1010.5,1011.2,97,2,17,97,5.4,111,10.8,0.0,2170.0,-2.2,20.0,18.9,-3.5,21.0,193,32.3,211,80,2025-10-30 14:00:00+00:00
26.7,92,25.3,1010.6,1011.3,38,4,2,34,4.9,107,10.4,0.0,2110.0,-2.3,19.0,19.1,-3.5,20.3,196,31.7,209,78,2025-10-30 15:00:00+00:00
26.3,94,25.3,1010.8,1011.5,16,3,9,6,4.8,117,9.7,0.0,2040.0,-2.5,18.0,19.1,-3.7,20.5,201,32.8,208,79,2025-10-30 16:00:00+00:00
26.2,94,25.2,1010.7,1011.4,20,1,12,9,4.7,137,9.4,0.0,1950.0,-2.3,20.0,18.8,-4.0,20.6,202,33.3,210,78,2025-10-30 17:00:00+00:00
25.8,92,24.4,1010.6,1011.3,23,2,9,17,6.0,173,10.1,0.0,1160.0,-2.1,28.0,18.8,-4.0,17.5,205,36.0,206,74,2025-10-30 18:00:00+00:00
25.6,93,24.4,1010.1,1010.8,14,7,5,5,4.8,149,11.2,0.0,1470.0,-2.3,5.0,18.8,-4.2,18.0,196,36.0,210,76,2025-10-30 19:00:00+00:00
25.4,95,24.5,1009.5,1010.2,42,5,0,40,3.9,143,9.4,0.0,1550.0,-2.3,6.0,19.2,-4.4,20.7,194,34.4,209,76,2025-10-30 20:00:00+00:00
25.3,96,24.6,1009.0,1009.7,15,5,1,9,6.5,138,12.2,0.0,1540.0,-2.0,8.0,19.4,-4.7,23.1,195,33.3,210,74,2025-10-30 21:00:00+00:00
25.3,95,24.4,1009.0,1009.7,66,4,1,64,6.7,146,14.0,0.0,1610.0,-1.9,6.0,19.4,-4.9,24.9,198,31.3,212,73,2025-10-30 22:00:00+00:00
25.2,95,24.3,1009.3,1010.0,100,9,1,100,6.5,157,13.3,0.0,1560.0,-1.7,0.0,19.4,-4.9,25.5,199,31.3,212,71,2025-10-30 23:00:00+00:00
25.7,94,24.7,1009.5,1010.2,89,13,9,87,6.7,174,12.6,0.0,1680.0,-2.0,3.0,18.9,-4.0,28.1,205,33.1,224,60,2025-10-31 00:00:00+00:00
26.3,92,24.9,1010.4,1011.1,45,7,7,39,6.4,169,13.0,0.0,1740.0,-2.7,18.0,18.8,-3.7,28.1,200,32.2,225,61,2025-10-31 01:00:00+00:00
27.5,89,25.5,1011.0,1011.7,90,0,2,89,5.1,170,13.7,0.0,2340.0,-2.9,7.0,18.8,-3.5,30.0,197,34.0,228,64,2025-10-31 02:00:00+00:00
28.7,83,25.6,1011.1,1011.8,97,15,42,95,7.1,186,18.7,0.0,2570.0,-2.3,0.0,18.8,-3.3,31.6,195,34.8,226,61,2025-10-31 03:00:00+00:00
29.3,77,24.7,1011.2,1011.9,98,1,0,98,7.5,172,24.1,0.1,1790.0,-2.6,8.0,18.7,-3.3,30.0,193,34.8,224,68,2025-10-31 04:00:00+00:00
30.3,72,24.7,1010.0,1010.7,27,13,13,4,10.9,196,26.6,0.1,2020.0,-2.9,3.0,18.5,-3.3,29.7,195,37.5,220,68,2025-10-31 05:00:00+00:00
31.3,64,23.8,1009.2,1009.9,20,13,9,0,11.0,199,32.8,0.4,1530.0,-3.0,4.0,18.9,-2.8,25.7,200,40.1,231,69,2025-10-31 06:00:00+00:00
31.5,64,23.8,1007.9,1008.6,74,8,7,71,10.4,201,27.4,0.0,1570.0,-3.1,6.0,19.2,-2.6,26.4,201,41.3,234,71,2025-10-31 07:00:00+00:00
31.7,62,23.4,1007.0,1007.7,53,7,9,45,11.0,201,26.3,0.0,1360.0,-2.5,8.0,19.3,-2.6,26.4,201,42.0,239,73,2025-10-31 08:00:00+00:00
31.4,62,23.3,1006.6,1007.3,61,11,14,49,11.3,202,27.0,0.0,1280.0,-2.2,9.0,19.8,-2.6,28.3,201,41.9,243,73,2025-10-31 09:00:00+00:00
30.7,67,23.8,1006.2,1006.9,89,11,7,87,10.0,200,25.9,0.0,1580.0,-3.1,8.0,19.7,-2.6,29.2,203,41.3,244,62,2025-10-31 10:00:00+00:00
29.5,75,24.5,1006.6,1007.3,93,6,4,92,9.0,192,22.0,0.0,2040.0,-2.4,14.0,19.8,-2.8,28.4,202,40.8,246,61,2025-10-31 11:00:00+00:00
28.6,81,25.0,1007.4,1008.1,46,2,5,42,9.0,179,18.4,0.0,2450.0,-1.9,19.0,19.7,-2.8,27.5,204,46.2,245,53,2025-10-31 12:00:00+00:00
28.0,84,25.0,1007.7,1008.4,88,0,11,86,8.9,166,17.6,0.0,2310.0,-1.8,32.0,19.8,-2.8,27.9,204,44.1,248,48,2025-10-31 13:00:00+00:00
27.4,87,25.0,1008.6,1009.3,64,0,5,63,8.1,183,18.0,0.0,2100.0,-1.8,32.0,20.0,-2.8,28.7,207,44.1,248,49,2025-10-31 14:00:00+00:00
27.0,87,24.7,1008.8,1009.5,30,0,9,23,8.1,183,16.9,0.0,1770.0,-1.7,31.0,20.2,-2.8,29.8,209,42.6,248,52,2025-10-31 15:00:00+00:00
26.8,87,24.5,1009.0,1009.7,93,0,15,91,8.8,178,17.6,0.0,1620.0,-1.6,14.0,20.2,-2.8,31.1,212,41.0,249,56,2025-10-31 16:00:00+00:00
26.4,88,24.3,1008.9,1009.6,79,0,13,77,9.0,181,18.4,0.0,1540.0,-1.2,14.0,19.9,-2.6,31.5,214,39.9,249,58,2025-10-31 17:00:00+00:00
26.7,87,24.4,1008.3,1009.0,9,1,3,6,10.8,175,18.0,0.0,1650.0,-0.5,14.0,19.7,-3.0,27.3,213,38.3,250,64,2025-10-31 18:00:00+00:00
26.7,88,24.6,1007.9,1008.6,39,0,19,25,9.9,184,21.6,0.0,1760.0,-0.3,17.0,19.6,-2.8,27.7,216,37.9,252,59,2025-10-31 19:00:00+00:00
26.7,89,24.7,1007.3,1008.0,77,0,20,72,10.2,189,21.6,0.0,1740.0,-0.6,18.0,19.4,-2.8,28.5,219,36.1,255,48,2025-10-31 20:00:00+00:00
26.6,89,24.6,1006.9,1007.6,89,1,0,88,8.9,193,20.9,0.0,1710.0,-0.8,13.0,19.3,-2.6,28.4,224,35.5,258,51,2025-10-31 21:00:00+00:00
26.5,89,24.6,1007.0,1007.7,98,1,17,98,8.0,196,18.4,0.0,1700.0,-1.0,28.0,19.1,-2.8,27.1,228,35.1,262,74,2025-10-31 22:00:00+00:00
26.5,89,24.5,1007.1,1007.8,100,15,6,100,8.1,197,16.6,0.0,1680.0,-1.1,10.0,19.1,-2.8,25.5,229,33.8,264,91,2025-10-31 23:00:00+00:00
